<?xml version="1.0" encoding="UTF-8"?>
<kml xmlns="http://www.opengis.net/kml/2.2">
<Document>
<name>Addo Elephant National Park</name>
<description>Restructured from source 'My Places.kmz' (folder: Addo Elephant National Park). Boundary from WDPA (World Database on Protected Areas).</description>
<Style id="style_GATES">
  <IconStyle><scale>0.9</scale><Icon><href>../../icons/gate.png</href></Icon></IconStyle>
  <LabelStyle><scale>0.8</scale></LabelStyle>
</Style>
<Style id="style_CAMPS">
  <IconStyle><scale>0.9</scale><Icon><href>../../icons/camp.png</href></Icon></IconStyle>
  <LabelStyle><scale>0.8</scale></LabelStyle>
</Style>
<Style id="style_PICNIC">
  <IconStyle><scale>0.9</scale><Icon><href>../../icons/picnic.png</href></Icon></IconStyle>
  <LabelStyle><scale>0.8</scale></LabelStyle>
</Style>
<Style id="style_POI">
  <IconStyle><scale>0.9</scale><Icon><href>../../icons/poi.png</href></Icon></IconStyle>
  <LabelStyle><scale>0.8</scale></LabelStyle>
</Style>
<Style id="style_WATER_HOLES">
  <IconStyle><scale>0.9</scale><Icon><href>../../icons/waterhole.png</href></Icon></IconStyle>
  <LabelStyle><scale>0.8</scale></LabelStyle>
</Style>
<Style id="style_BIRD_HIDES">
  <IconStyle><scale>0.9</scale><Icon><href>../../icons/birdhide.png</href></Icon></IconStyle>
  <LabelStyle><scale>0.8</scale></LabelStyle>
</Style>
<Style id="style_OTHER">
  <IconStyle><scale>0.9</scale><Icon><href>../../icons/lookout.png</href></Icon></IconStyle>
  <LabelStyle><scale>0.8</scale></LabelStyle>
</Style>
<Style id="style_DAMS">
  <IconStyle><scale>0.9</scale><Icon><href>http://maps.google.com/mapfiles/kml/paddle/blu-circle.png</href></Icon></IconStyle>
  <LabelStyle><scale>0.8</scale></LabelStyle>
</Style>
<Style id="style_WAYPOINTS">
  <IconStyle><scale>0.9</scale><Icon><href>http://maps.google.com/mapfiles/kml/paddle/wht-blank.png</href></Icon></IconStyle>
  <LabelStyle><scale>0.8</scale></LabelStyle>
</Style>
<Style id="style_MAIN_ROADS">
  <LineStyle><color>ff0055ff</color><width>4</width></LineStyle>
</Style>
<Style id="style_BOUNDARY">
  <LineStyle><color>ff29610d</color><width>3</width></LineStyle>
  <PolyStyle><color>4029610d</color></PolyStyle>
</Style><Folder><name>Boundary</name><Placemark><name>Addo Elephant National Park Boundary</name><description>Source: WDPA (World Database on Protected Areas), record name "Addo-Elephant National Park". 42 section(s), 5 excluded enclave(s)/hole(s).</description><styleUrl>#style_BOUNDARY</styleUrl><MultiGeometry><Polygon><outerBoundaryIs><LinearRing><coordinates>26.285506093031813,-33.83828098897641,0 26.285924332641912,-33.838319011413205,0 26.2863805722057,-33.838319011413205,0 26.28687484859546,-33.83839505538748,0 26.287064950886815,-33.838509119999856,0 26.287559220082017,-33.83862317831699,0 26.287749336762545,-33.83892734522078,0 26.287939430060703,-33.83892734522078,0 26.287939430960023,-33.83911745470675,0 26.28797745339682,-33.83938360007306,0 26.288205576326334,-33.839649745439374,0 26.288395677718427,-33.83987786926821,0 26.288737867058956,-33.8401440137352,0 26.289004012425266,-33.84033411602661,0 26.28938422330333,-33.840562239855444,0 26.289536303157888,-33.84082839331563,0 26.289498288815025,-33.841094537782624,0 26.289346201765852,-33.84136068314899,0 26.289308180228375,-33.84162682941462,0 26.289460267277548,-33.84162682941462,0 26.28965036866964,-33.84143671992865,0 26.289688391106438,-33.841018493808406,0 26.289802455718814,-33.84060026229224,0 26.290182660301582,-33.840562239855444,0 26.290410782331776,-33.840562239855444,0 26.290638913355224,-33.840752349341415,0 26.290410783231096,-33.84082839331563,0 26.290600891817746,-33.84113256021942,0 26.290448804768573,-33.84136068314899,0 26.29022068093974,-33.84147474056675,0 26.28991651493527,-33.8417028715902,0 26.289840470061677,-33.84223516322214,0 26.28999255801017,-33.84288151227196,0 26.289308180228375,-33.84307162085855,0 26.289232136254157,-33.842957556246176,0 26.288661823084738,-33.84291953380938,0 26.288661823084738,-33.84314766483283,0 26.288433700155167,-33.84318567917569,0 26.288395677718427,-33.842995577783654,0 26.287901409422545,-33.842957556246176,0 26.287825365448327,-33.843261723149965,0 26.287673284694392,-33.843261723149965,0 26.28748318420162,-33.84307162085855,0 26.287064949987496,-33.84307162085855,0 26.286760783983027,-33.84314766483283,0 26.28657068169167,-33.84337578866166,0 26.28645661617992,-33.84303360022045,0 26.28630453722468,-33.843261723149965,0 26.285772247391378,-33.84337578866166,0 26.285163910885842,-33.84288151227196,0 26.285087867810887,-33.84265338934239,0 26.284897758324917,-33.84231119910254,0 26.28474567667172,-33.84234922063996,0 26.284593598615743,-33.84223516322214,0 26.28463162015322,-33.84204505373617,0 26.28436547478691,-33.84166485095204,0 26.28406130788312,-33.84124661763724,0 26.283643067373703,-33.840524224613205,0 26.28330089332161,-33.840258080146214,0 26.28295870398108,-33.84010599309704,0 26.282920682443603,-33.83980182529393,0 26.282730565763075,-33.83983984683141,0 26.282692552319475,-33.8394976583902,0 26.28280661693185,-33.83926953366199,0 26.28280661693185,-33.83885130214583,0 26.283262863690254,-33.83869922229121,0 26.28333890766453,-33.838509119999856,0 26.283719119441855,-33.83847109756306,0 26.2840613069838,-33.83854714243665,0 26.284403489129772,-33.838509119999856,0 26.284479533104047,-33.838319011413205,0 26.28470765603356,-33.83843307602558,0 26.285011831031227,-33.83843307602558,0 26.28527796920298,-33.83843307602558,0 26.285506093031813,-33.83828098897641,0</coordinates></LinearRing></outerBoundaryIs></Polygon><Polygon><outerBoundaryIs><LinearRing><coordinates>26.265387873051964,-33.83821000009141,0 26.265274114209035,-33.838304803923506,0 26.265027619928787,-33.838285841718175,0 26.26497074770191,-33.83821000009141,0 26.264705307404085,-33.838266880412164,0 26.26447778162435,-33.83838064555033,0 26.264212341326527,-33.838418562766435,0 26.264212341326527,-33.8381720828753,0 26.264439858113008,-33.8380014383157,0 26.264724254320925,-33.837925596688876,0 26.265255152003704,-33.83803936272636,0 26.265387873051964,-33.83821000009141,0</coordinates></LinearRing></outerBoundaryIs></Polygon><Polygon><outerBoundaryIs><LinearRing><coordinates>26.26087533762677,-33.838266880412164,0 26.260685738056395,-33.838304803923506,0 26.260590935123616,-33.838134159363904,0 26.26034444803787,-33.8380962421478,0 26.26034444803787,-33.837811837846004,0 26.260704701161103,-33.837754967417766,0 26.260856384414637,-33.83783079285678,0 26.26087533672745,-33.8380014383157,0 26.26087533762677,-33.838266880412164,0</coordinates></LinearRing></outerBoundaryIs></Polygon><Polygon><outerBoundaryIs><LinearRing><coordinates>26.263321204909744,-33.838191045979954,0 26.26324536418224,-33.838266880412164,0 26.263112644033356,-33.83821000009141,0 26.263112643134036,-33.83838064555033,0 26.262828240630824,-33.83839959966173,0 26.262828239731505,-33.8381720828753,0 26.262866164142224,-33.837925596688876,0 26.263264326387628,-33.837811837846004,0 26.263548729790102,-33.837754967417766,0 26.263643533622258,-33.83788768037209,0 26.263586647006207,-33.83794455889421,0 26.263548729790102,-33.838191045979954,0 26.263321204909744,-33.838191045979954,0</coordinates></LinearRing></outerBoundaryIs></Polygon><Polygon><outerBoundaryIs><LinearRing><coordinates>26.261899195091814,-33.83807727994247,0 26.261538941968638,-33.83807727994247,0 26.261519986957865,-33.837925596688876,0 26.261444146230417,-33.837811837846004,0 26.261349342398262,-33.83769807180852,0 26.26182334627049,-33.837584313864966,0 26.26195607361393,-33.837679117697064,0 26.261993990830035,-33.83784975506211,0 26.262107748773644,-33.837906635382865,0 26.26208879466219,-33.83807727994247,0 26.261899195091814,-33.83807727994247,0</coordinates></LinearRing></outerBoundaryIs></Polygon><Polygon><outerBoundaryIs><LinearRing><coordinates>26.272306042789694,-33.836550556662814,0 26.27210694008329,-33.836550556662814,0 26.27178837143623,-33.836431091621535,0 26.27174854406013,-33.83615234315607,0 26.271868001906796,-33.83599305793325,0 26.27222640422525,-33.836072697397015,0 26.272306042789694,-33.836192162438294,0 26.27234587016585,-33.836431091621535,0 26.272306042789694,-33.836550556662814,0</coordinates></LinearRing></outerBoundaryIs></Polygon><Polygon><outerBoundaryIs><LinearRing><coordinates>26.285009037736927,-33.833524132033006,0 26.284770107654367,-33.83368342355112,0 26.284531184766422,-33.833603770597506,0 26.28437190134224,-33.83344449436788,0 26.284531184766422,-33.83320556428532,0 26.284809934131204,-33.83316574410378,0 26.285009037736927,-33.83320556428532,0 26.285009037736927,-33.833524132033006,0</coordinates></LinearRing></outerBoundaryIs></Polygon><Polygon><outerBoundaryIs><LinearRing><coordinates>26.279872090424703,-33.832886994739,0 26.28034994339521,-33.8329268221151,0 26.280947267702288,-33.8329268221151,0 26.28098708788383,-33.833484312750784,0 26.280230484649223,-33.833484312750784,0 26.279672986818923,-33.833364847709504,0 26.27911548808936,-33.83356395940916,0 26.278557989359797,-33.83340467508566,0 26.278358884854697,-33.83344449436788,0 26.278239419813417,-33.83320556428532,0 26.278438524318517,-33.8330462790625,0 26.27871727278398,-33.832886994739,0 26.279155307371582,-33.83272771131476,0 26.279593341059865,-33.83276752969772,0 26.279872090424703,-33.832886994739,0</coordinates></LinearRing></outerBoundaryIs></Polygon><Polygon><outerBoundaryIs><LinearRing><coordinates>26.276128889936388,-33.83280734897994,0 26.27632799174347,-33.832886994739,0 26.276726207948172,-33.83276752969772,0 26.276845672989452,-33.83284717635604,0 26.277204068113292,-33.83300645978028,0 26.277283706677792,-33.83320556428532,0 26.277681921083854,-33.83316574410378,0 26.277881024689577,-33.833524132033006,0 26.277960671347955,-33.833643597074285,0 26.277721733171518,-33.834121458138725,0 26.277124422354234,-33.83424091598545,0 26.27676602723045,-33.83459931110929,0 26.276128889936388,-33.83459931110929,0 26.275491751743004,-33.83483824119185,0 26.275133356619165,-33.83503734479757,0 26.274735142213103,-33.834957706233126,0 26.2745758578896,-33.83479841471501,0 26.274297106726124,-33.83483824119185,0 26.27433692780704,-33.834559491827065,0 26.27437675428382,-33.83447984606801,0 26.27469532293088,-33.83436038102673,0 26.274735142213103,-33.834121458138725,0 26.275013898772443,-33.834081630762626,0 26.275013898772443,-33.833763063014885,0 26.275133356619165,-33.8333250293266,0 26.275412105983946,-33.83316574410378,0 26.275571391206768,-33.83268789113322,0 26.275929786330607,-33.83260824627348,0 26.276128889936388,-33.83280734897994,0</coordinates></LinearRing></outerBoundaryIs></Polygon><Polygon><outerBoundaryIs><LinearRing><coordinates>26.28361529091302,-33.832886994739,0 26.2837347559543,-33.833364847709504,0 26.28369493667202,-33.833882528056165,0 26.283137437942457,-33.83404181237967,0 26.282739222637076,-33.833882528056165,0 26.282380834707794,-33.833524132033006,0 26.28170387093695,-33.83356395940916,0 26.28166405165473,-33.8333250293266,0 26.28178351669601,-33.83308609924404,0 26.282301188948736,-33.8330462790625,0 26.282739222637076,-33.8331259248215,0 26.282938333437414,-33.8329268221151,0 26.283097617760916,-33.83264806465644,0 26.283336548742795,-33.83260824627348,0 26.2836551173898,-33.83260824627348,0 26.28361529091302,-33.832886994739,0</coordinates></LinearRing></outerBoundaryIs></Polygon><Polygon><outerBoundaryIs><LinearRing><coordinates>25.765595806301462,-33.82140268368687,0 25.76541949871097,-33.821408562555064,0 25.76524318482518,-33.82140268368687,0 25.76506746179399,-33.821385377133424,0 25.76489320016111,-33.82135664109609,0 25.764721281262155,-33.82131643960196,0 25.764552298649733,-33.82126538688806,0 25.76438713455866,-33.821203205963116,0 25.764292369397367,-33.82116125169034,0 25.7642466037978,-33.82114659633828,0 25.76408143341149,-33.82108437674253,0 25.76392066610589,-33.82101164407209,0 25.763764900829585,-33.82092832098516,0 25.763614978448572,-33.8208350154236,0 25.76347151140118,-33.820732339825554,0 25.76344248308419,-33.82070916879309,0 25.76331808975806,-33.82063141790559,0 25.76317462271072,-33.82052845092721,0 25.763038217140036,-33.82041668498198,0 25.762909436021687,-33.82029579721325,0 25.76278854015908,-33.82016701519558,0 25.762676781408402,-33.820030609624894,0 25.76262280769646,-33.81995697043777,0 25.762542121421802,-33.81986982793018,0 25.762430354577248,-33.819733407071055,0 25.762327373209757,-33.81958996970127,0 25.762234074842752,-33.81944003922638,0 25.76215105932397,-33.81928426675546,0 25.762087110331947,-33.81914375038372,0 25.76199646226695,-33.81899852336312,0 25.761913153569253,-33.8188427508922,0 25.761840391221142,-33.81868198358666,0 25.76177818691383,-33.81851681320035,0 25.761726856309394,-33.81834783058787,0 25.761686947994292,-33.818175919782846,0 25.761658797415635,-33.81800693717037,0 25.76165409396134,-33.81797143913059,0 25.7616191867761,-33.8178194707919,0 25.761590437248913,-33.81764520196447,0 25.76157312170227,-33.817469486127834,0 25.76157077806903,-33.81742812360898,0 25.761562263287885,-33.81725825066769,0 25.761558743341368,-33.81712329840144,0 25.761560511408504,-33.8170332348958,0 25.761558743341368,-33.81694493855804,0 25.761562855041802,-33.81679473199125,0 25.761579870214916,-33.81648932941897,0 25.761581337908467,-33.81646322209997,0 25.761598637267355,-33.816287483780286,0 25.7616274029823,-33.816113222147465,0 25.76166758109406,-33.815941311342385,0 25.761718934181545,-33.81577232783064,0 25.761781123200308,-33.81560716463889,0 25.761853871159303,-33.81544639013873,0 25.761937187051615,-33.81529062576175,0 25.762030478224062,-33.815140703380735,0 25.762133167311845,-33.81499724982319,0 25.762245232731345,-33.81486052319457,0 25.7623487923629,-33.814749048629665,0 25.762381061836606,-33.814716201791214,0 25.76239807700972,-33.81469888714389,0 25.762528341110112,-33.814577137824585,0 25.762611065248507,-33.81450467405142,0 25.76274630979441,-33.81439407632553,0 25.76288976155331,-33.81429109405872,0 25.763039684833643,-33.81419781008083,0 25.76319546539844,-33.81411478017293,0 25.76335621561691,-33.814041730941085,0 25.76352138780186,-33.8139795500162,0 25.763690370414338,-33.81392849730224,0 25.763862295608533,-33.81388831109666,0 25.764036558140674,-33.81385956067015,0 25.764212281171865,-33.81384224602277,0 25.764266853832282,-33.813839309736295,0 25.764328151622976,-33.81382612207784,0 25.764502422249052,-33.81379735726216,0 25.76467815337412,-33.813780049809395,0 25.76485446636059,-33.81377448480458,0 25.765030796434132,-33.813780049809395,0 25.765206509572806,-33.81379735726216,0 25.7653807810982,-33.81382612207784,0 25.765434746716267,-33.81383756505153,0 25.76553801316885,-33.81384900083066,0 25.76571227570099,-33.813877752156486,0 25.76588419370063,-33.813917938362124,0 25.765978075727674,-33.81394493600993,0 25.76611272941898,-33.813986304824084,0 25.766187821910478,-33.814010636881335,0 25.766353000390723,-33.81407284118865,0 25.766513774890825,-33.81414559724146,0 25.766669561750916,-33.8142289050399,0 25.76681946164888,-33.8143222034069,0 25.76696291520642,-33.81442487810557,0 25.767011323913493,-33.8144630120583,0 25.767098743412305,-33.81451904521771,0 25.767242217654257,-33.81462173520487,0 25.76736658939666,-33.81472324078487,0 25.76744580797771,-33.81476723202212,0 25.76759573125804,-33.81486052319457,0 25.767739183016943,-33.814963220376285,0 25.767773026304155,-33.81499103370919,0 25.767875603876064,-33.81507527860117,0 25.767975245161495,-33.81516834494312,0 25.768004685368,-33.815195859701134,0 25.768125265568585,-33.81532496277674,0 25.768237323793528,-33.81546136115287,0 25.76825463934017,-33.8154842471003,0 25.768379009283876,-33.81564998675742,0 25.768464399012828,-33.81577056066283,0 25.768557682990718,-33.81592048394316,0 25.76864099798371,-33.816076262709316,0 25.76871376213046,-33.816237014726426,0 25.76877595114928,-33.816402186012056,0 25.76882729614283,-33.81657116862448,0 25.76884605600071,-33.81664598412482,0 25.768897707663143,-33.81686339073286,0 25.768918827342077,-33.81696047074911,0 25.768947561580774,-33.81713473418057,0 25.76896486903354,-33.817310486889426,0 25.768970747901733,-33.81748679268128,0 25.76896486903354,-33.81766310836571,0 25.768949921401827,-33.81782123076516,0 25.768908558882913,-33.81815243398762,0 25.768906500334765,-33.81817004810921,0 25.76887776339811,-33.81834431064141,0 25.76883755560874,-33.81851622234575,0 25.768786217809748,-33.81868520405885,0 25.768724028790928,-33.81885037534448,0 25.768651266442816,-33.819011141750764,0 25.768594933809197,-33.81911909726847,0 25.768558258556823,-33.81921267982125,0 25.768485525886376,-33.81937345432141,0 25.76840220279945,-33.81952923398694,0 25.768332374939177,-33.81964306027896,0 25.768309196712096,-33.81968472137277,0 25.76821592082814,-33.81983462217005,0 25.768112931366716,-33.81997809731132,0 25.768001171716776,-33.82011449388875,0 25.767880291142546,-33.82024329119491,0 25.767751494735762,-33.820364170869766,0 25.76772685690895,-33.820384982980556,0 25.767660263910102,-33.820464201561606,0 25.76753968281014,-33.820593299241295,0 25.76741060941214,-33.82071385695889,0 25.76727418225778,-33.820825916083095,0 25.767130728700238,-33.820928605170934,0 25.766980828802275,-33.821021904437316,0 25.766825041942184,-33.82110521943031,0 25.766664259348147,-33.82117798267774,0 25.76649910425033,-33.8212401716965,0 25.76633012073853,-33.82129151579079,0 25.766158202738893,-33.821331687607255,0 25.765983933012137,-33.8213604533222,0 25.765950217428667,-33.821364565022634,0 25.76573780565525,-33.821389794603306,0 25.765595806301462,-33.82140268368687,0</coordinates></LinearRing></outerBoundaryIs></Polygon><Polygon><outerBoundaryIs><LinearRing><coordinates>25.70477574720303,-33.808711783721776,0 25.704599446807094,-33.8087173559212,0 25.704423117632814,-33.808711783721776,0 25.704247388306385,-33.80869446907445,0 25.704073124874867,-33.80866573393644,0 25.703903274416632,-33.80862612419622,0 25.703560621025872,-33.808534592997034,0 25.703389570872048,-33.80848297101227,0 25.70322441487491,-33.808420766704955,0 25.70306364127407,-33.80834799626297,0 25.70290785441398,-33.80826468756521,0 25.70275796800587,-33.80817168867247,0 25.702614492864598,-33.80806871539886,0 25.702477779725825,-33.80795665717392,0 25.702348998607476,-33.80783606798013,0 25.702228418406833,-33.80770727876785,0 25.702116336799577,-33.80757058181683,0 25.702013386009014,-33.807427121964054,0 25.701920371827725,-33.80727720587828,0 25.701837055935414,-33.807121419018245,0 25.701764307976475,-33.80696067509501,0 25.70173144584959,-33.80687676744884,0 25.70166866507691,-33.80677437693589,0 25.701585648658806,-33.8066185900758,0 25.701512609319536,-33.8064578155757,0 25.701469187353155,-33.80634576544469,0 25.701377933145125,-33.80609434287959,0 25.701359464667632,-33.80604123791278,0 25.701308119674025,-33.80587226339418,0 25.70126791907927,-33.80570034359596,0 25.701239168652762,-33.805526074768466,0 25.701221869293875,-33.805350351737275,0 25.701216274611454,-33.8051740450461,0 25.701221869293875,-33.8049977149725,0 25.701239168652762,-33.80482198474675,0 25.70126791907927,-33.804647715019996,0 25.701286993699853,-33.804561193943925,0 25.701290214172104,-33.80449489412405,0 25.701307528819427,-33.804319155804365,0 25.701336279245936,-33.804144894171486,0 25.701376464552254,-33.803972983366464,0 25.70142752625941,-33.803803999854665,0 25.70148971527817,-33.803638830367674,0 25.701562762711376,-33.803477762688544,0 25.70164577823016,-33.80332229778577,0 25.70164900499765,-33.80331728766265,0 25.701650781158662,-33.80330995638934,0 25.701702110863778,-33.80314098097148,0 25.701764308875795,-33.80297580968585,0 25.701837055935414,-33.8028150513735,0 25.701920371827725,-33.80265926361409,0 25.702013386009014,-33.802509341233076,0 25.702116336799577,-33.802365887675535,0 25.702183829120486,-33.80228140356388,0 25.702297953987454,-33.802144384655605,0 25.70234254507244,-33.80209247129045,0 25.702463125273084,-33.80196338979857,0 25.702592197771764,-33.80184280869861,0 25.702728618630886,-33.8017307495744,0 25.702872071289107,-33.80162807577506,0 25.703021979280948,-33.80153478460261,0 25.70317775894648,-33.8014514687103,0 25.703338526252026,-33.801378706362186,0 25.703503695739016,-33.801316502054874,0 25.703672687344692,-33.80126517234976,0 25.70384460534433,-33.801225263135336,0 25.704018859782593,-33.80119651180951,0 25.7041945900084,-33.80117921335,0 25.70437090389413,-33.801173340776984,0 25.704547218679238,-33.80117921335,0 25.704665448052026,-33.80118948810434,0 25.70487110501756,-33.80121206018839,0 25.70492858338747,-33.80121910727593,0 25.70497677355928,-33.80122705998082,0 25.705102853114226,-33.801247856803116,0 25.705340593393714,-33.80130774715474,0 25.70544376182022,-33.801339111011146,0 25.705608925011916,-33.80140129283535,0 25.705769684223583,-33.801474048888224,0 25.705925463889116,-33.8015573566866,0 25.70607538716945,-33.80165065505366,0 25.706163405616735,-33.80171198342123,0 25.706415105172994,-33.80189502963185,0 25.70647056096766,-33.8019364074392,0 25.706607266012554,-33.802048464764766,0 25.706736062419395,-33.80216904586473,0 25.706856636324744,-33.80229784317089,0 25.706968687355072,-33.802434548215786,0 25.707029137984364,-33.80251638832061,0 25.70711038723465,-33.80257623280687,0 25.70724681528833,-33.80268830632025,0 25.707375602701973,-33.80280917160593,0 25.707496468886973,-33.80293796801277,0 25.70760854329967,-33.80307438797257,0 25.707711217099018,-33.80321784782535,0 25.7078045163654,-33.803367748622634,0 25.707887824163777,-33.80352352828817,0 25.70790718297019,-33.803564013968014,0 25.707985525611548,-33.803675204347144,0 25.708078808690118,-33.80382511863428,0 25.70816212458243,-33.8039808911052,0 25.70823488782986,-33.804141673699235,0 25.70829707684868,-33.80430682879705,0 25.708348414647674,-33.80447581230885,0 25.708388301379046,-33.804647715019996,0 25.708417373762813,-33.80482198474675,0 25.708434665927143,-33.8049977149725,0 25.708440230032636,-33.8051740450461,0 25.708434665927143,-33.805350351737275,0 25.708417373762813,-33.805526074768466,0 25.708399467361573,-33.80564166822836,0 25.708331121584024,-33.80603007912481,0 25.70831996369543,-33.806088762586285,0 25.708280061675566,-33.8062606886798,0 25.70822873197045,-33.8064296721916,0 25.708166526763875,-33.806594828188736,0 25.708093765315084,-33.80675559459496,0 25.708010449422773,-33.806911374260494,0 25.70791715105571,-33.807061304735385,0 25.7078144835516,-33.807204734910556,0 25.707702418132158,-33.80734115487036,0 25.707581837032194,-33.80747023636229,0 25.707452762734874,-33.80759081026764,0 25.707316342775073,-33.80770289097558,0 25.70717289011685,-33.807805564774924,0 25.707062868856383,-33.8078753926352,0 25.706719915991357,-33.80808132659189,0 25.706680013971493,-33.80810479709868,0 25.70652424959451,-33.808188128279426,0 25.70636346789979,-33.80826087623842,0 25.706198312801973,-33.80832307964636,0 25.70602932119624,-33.808374403056234,0 25.705857417585776,-33.808414610845546,0 25.705831887631575,-33.808419299011405,0 25.705792571070333,-33.808439235182504,0 25.705631810959346,-33.8085122979042,0 25.705466640573036,-33.80857420273725,0 25.70529764986668,-33.808625532442306,0 25.705125739960977,-33.80866573393644,0 25.7049514783281,-33.80869446907445,0 25.70477574720303,-33.808711783721776,0</coordinates></LinearRing></outerBoundaryIs></Polygon><Polygon><outerBoundaryIs><LinearRing><coordinates>25.77260383719738,-33.804720186887096,0 25.77242752960683,-33.80472607294985,0 25.7722512157211,-33.804720186887096,0 25.772075492689908,-33.80470317171398,0 25.77190123105703,-33.80467412181321,0 25.771729320252007,-33.804634235081835,0 25.771560322351036,-33.80458288289367,0 25.77155093073094,-33.8045793782357,0 25.771485529333745,-33.80457173219963,0 25.77131125870767,-33.8045429961623,0 25.771139340708032,-33.804503109430925,0 25.77097035899493,-33.80445176533664,0 25.77080518680998,-33.80438956102938,0 25.77064443569219,-33.804316820265,0 25.770488656026714,-33.80423349717813,0 25.77041676062504,-33.80419007521175,0 25.770402113366913,-33.804186548070675,0 25.770233122660557,-33.804135218365616,0 25.770067952274246,-33.804073014058304,0 25.769907184968645,-33.804000266099365,0 25.76975141969234,-33.80391693491856,0 25.769601496412008,-33.803823636551556,0 25.769570102877992,-33.80380195569563,0 25.76956131110569,-33.80379929729969,0 25.76939613982006,-33.80373710828087,0 25.769247977412306,-33.8036699388166,0 25.769086640835837,-33.803621237829816,0 25.76892146325497,-33.80355903442188,0 25.768760703143982,-33.803486263080515,0 25.76862604315744,-33.80341439106127,0 25.768486702199596,-33.803361592763224,0 25.76840835865886,-33.80332727823128,0 25.768366121099632,-33.80331670400267,0 25.76819713758789,-33.80326567287244,0 25.7680319681009,-33.80320346856519,0 25.768019041245793,-33.80319760588475,0 25.767852416655728,-33.803158872084225,0 25.767683434942626,-33.803107549573724,0 25.767518257361758,-33.80304534616573,0 25.76751534355833,-33.80304416985251,0 25.767421169251634,-33.80302656292548,0 25.767391827071208,-33.8030207002451,0 25.767219916266185,-33.80298081261435,0 25.767050932754387,-33.80292945323163,0 25.766885763267396,-33.80286726421281,0 25.76673938871187,-33.80280154805297,0 25.766709156202637,-33.80279392360063,0 25.766666310701737,-33.80278307957542,0 25.76649734427707,-33.80273173458187,0 25.766332181085318,-33.80266954556305,0 25.766171405685895,-33.80259678321494,0 25.766015618825804,-33.802513467322626,0 25.765865733317014,-33.80242015366713,0 25.765722272564858,-33.80231748616302,0 25.765585838215884,-33.8022054198442,0 25.765456764817884,-33.80208486212666,0 25.765336183717977,-33.801955766245555,0 25.765224103009984,-33.801819360674926,0 25.765121434606556,-33.80167589272821,0 25.76502813713887,-33.8015259703472,0 25.76494482124656,-33.80137019068172,0 25.76487207328762,-33.801209437765294,0 25.7648098842688,-33.801044268278304,0 25.764758547369127,-33.80087527757195,0 25.764718638154704,-33.80070337396148,0 25.764689886828876,-33.800529112328604,0 25.764672572181496,-33.80035337400898,0 25.76466670140718,-33.80017706012319,0 25.76466670140718,-33.799959675098876,0 25.764672572181496,-33.79978336121309,0 25.764689886828876,-33.79960762289346,0 25.764718638154704,-33.79943336126058,0 25.76474739487645,-33.79930545608187,0 25.764789357243103,-33.799137941162996,0 25.764785223059675,-33.79899125274409,0 25.764785223059675,-33.798694671621774,0 25.764791093833992,-33.798518343346814,0 25.764808401286757,-33.798342612221745,0 25.764834808079968,-33.798180670401564,0 25.764808401286757,-33.79801873397736,0 25.764791093833992,-33.797842995657675,0 25.7647852221603,-33.7976666889665,0 25.764791093833992,-33.79749037508071,0 25.764808401286757,-33.79731463676103,0 25.7648371670017,-33.797140390416644,0 25.764877060927688,-33.79696847061837,0 25.764928413115797,-33.79679949609982,0 25.76499058684618,-33.79663432571351,0 25.76503373092197,-33.796535732138295,0 25.765152245379852,-33.79627904584123,0 25.76518187174605,-33.79621685682247,0 25.765265186739043,-33.796061077156935,0 25.76535847701217,-33.7959111538766,0 25.765461152610158,-33.79576771740619,0 25.765573234217413,-33.79563128125858,0 25.765694092308536,-33.79550250014023,0 25.765822888715377,-33.79538164204911,0 25.76595930867518,-33.795269561341115,0 25.766102746944284,-33.79516689383706,0 25.766252662130682,-33.79507359457068,0 25.766408448990774,-33.79499026518852,0 25.766504391364606,-33.79494538991776,0 25.76686024770231,-33.79478696714477,0 25.766925072634024,-33.794759092657955,0 25.767090243020334,-33.794696903639135,0 25.76725923372669,-33.794645558645584,0 25.767431129243278,-33.7946056647196,0 25.76760540706391,-33.79457692238702,0 25.767781122001225,-33.79455959335053,0 25.767957435887013,-33.7945537513545,0 25.768133765960556,-33.79455959335053,0 25.76830949618636,-33.79457692238702,0 25.768384303592768,-33.794587766412235,0 25.768878624948627,-33.79466697060417,0 25.768978087268977,-33.79468487700541,0 25.769149998074,-33.79472476283752,0 25.769318980686478,-33.79477610783107,0 25.769484159166666,-33.79483829684989,0 25.76964490398916,-33.79491106099664,0 25.769693949416308,-33.79493645605254,0 25.769736733763295,-33.79495859376402,0 25.769848357615672,-33.795019059681806,0 25.77011676567622,-33.79516446656686,0 25.77022407638009,-33.79522282897034,0 25.77027507603401,-33.795251377948716,0 25.770363372371776,-33.795304466727714,0 25.770799023756013,-33.79557876804569,0 25.771462036343962,-33.79591880081199,0 25.771579697345203,-33.79598243504131,0 25.771729590048608,-33.796075733408316,0 25.77178828070464,-33.796115934003126,0 25.771827590970588,-33.79612151429643,0 25.77198247940794,-33.79614760632694,0 25.772154404602134,-33.79618751464204,0 25.77232337282544,-33.79623884524648,0 25.77248854411107,-33.796301063043586,0 25.772649325805787,-33.796373811901844,0 25.772766679238885,-33.79643540916675,0 25.77330030996137,-33.79673201277211,0 25.773338728999192,-33.796753716111084,0 25.773488652279525,-33.7968469991896,0 25.773548773756943,-33.79688837609763,0 25.77402316703558,-33.79722429716355,0 25.774106498216383,-33.79728559495419,0 25.774242902887693,-33.79739766756825,0 25.77437168490536,-33.797518533753305,0 25.77449257267415,-33.79764733016009,0 25.774604623704477,-33.79778375101927,0 25.774641888912072,-33.79783362831927,0 25.774711417298136,-33.79792867137104,0 25.774751027038292,-33.79796270081795,0 25.774879823445133,-33.79808358229144,0 25.775000680636936,-33.79821235621523,0 25.775112762244248,-33.798348768081155,0 25.775215436942915,-33.79849223602781,0 25.77530871282687,-33.798642159308145,0 25.77539174363409,-33.798797922785866,0 25.775464791067293,-33.79895869099073,0 25.775526980985433,-33.79912386137704,0 25.775578040893947,-33.79929284398952,0 25.775618210911773,-33.799464746700664,0 25.77563348229944,-33.79954807788147,0 25.775672493091122,-33.799782485273454,0 25.775685996411653,-33.799873423819406,0 25.775702719305116,-33.800037127411485,0 25.775722370391122,-33.80012864332218,0 25.77575111991831,-33.80030290495506,0 25.77576842017652,-33.800478643274744,0 25.77577428375622,-33.80065496525441,0 25.77577428375622,-33.80090228331369,0 25.77576842017652,-33.80107859000486,0 25.77576051063909,-33.801174216716674,0 25.775755539186832,-33.80128687478941,0 25.775738217344895,-33.80146261310904,0 25.77572207901079,-33.80156850828001,0 25.775716497818166,-33.801703168266556,0 25.7756991993586,-33.80187889129775,0 25.77568541904691,-33.80197189019054,0 25.775659290144176,-33.802127969330286,0 25.775644618604304,-33.80220923207037,0 25.77560444678784,-33.80238115816388,0 25.775553088304434,-33.802550140776304,0 25.775490905580853,-33.8027152967735,0 25.775418148628717,-33.802876064079044,0 25.775334841729602,-33.8030318428452,0 25.775241544261917,-33.80318176612559,0 25.775138854274758,-33.80332520439464,0 25.775026796049872,-33.80346162435444,0 25.774906214949908,-33.803590704947055,0 25.774775665764423,-33.803712468655476,0 25.774751027038292,-33.80374121998125,0 25.774630153658734,-33.803870001099654,0 25.774501357251893,-33.803990867284654,0 25.774364951681207,-33.80410293989871,0 25.77422148373455,-33.80420562179199,0 25.774071575742653,-33.804298905769826,0 25.77391581226499,-33.80438222076282,0 25.77375502967095,-33.80445498490957,0 25.773589873673757,-33.80451718921688,0 25.773420868578285,-33.80456851892194,0 25.77330910173373,-33.804595793560964,0 25.77301398200973,-33.804661517814736,0 25.77295382276077,-33.80467412181321,0 25.772779574617743,-33.80470317171398,0 25.77260383719738,-33.804720186887096,0</coordinates></LinearRing></outerBoundaryIs></Polygon><Polygon><outerBoundaryIs><LinearRing><coordinates>26.65953901081673,-33.68934610134147,0 26.65971832034427,-33.689433834703664,0 26.659766012291698,-33.68946054097114,0 26.6597602818116,-33.68956734985329,0 26.659733583638,-33.69006323602946,0 26.65971259166281,-33.69044468977057,0 26.659695419108346,-33.69071551610813,0 26.659659180027177,-33.69134492462854,0 26.660021588825316,-33.69161575905997,0 26.660067369713374,-33.691650087981145,0 26.661507481984756,-33.69059728673534,0 26.662258998653897,-33.689986960030126,0 26.662390618931965,-33.68988015924191,0 26.66242113742561,-33.68991066964162,0 26.66256038125664,-33.69002892059814,0 26.662707247741366,-33.69013573037961,0 26.662857927351524,-33.690231102583255,0 26.662896083787302,-33.690253989430005,0 26.66296856284896,-33.69037224128584,0 26.663077289085663,-33.69060492557679,0 26.66309253709096,-33.69063163184427,0 26.663191728715333,-33.6908109116942,0 26.663273748684617,-33.69101689781155,0 26.66335385939317,-33.69125340062391,0 26.663384376987437,-33.69146701928747,0 26.663407262934868,-33.69170351490527,0 26.66342062416254,-33.6919095091165,0 26.6634358703692,-33.692149816960466,0 26.663443502016037,-33.69253509012225,0 26.663407262934868,-33.69284026066947,0 26.663378648306036,-33.69310345625945,0 26.663340499064816,-33.69328275139782,0 26.663298530402926,-33.693385739959865,0 26.66313830988514,-33.69366801736504,0 26.663092528997083,-33.69374430775355,0 26.662861732383078,-33.69412195016781,0 26.66230805217492,-33.69466090577612,0 26.662285691431578,-33.69468267656424,0 26.662146438607294,-33.69486959525557,0 26.66211592101297,-33.69488485135474,0 26.662020547910004,-33.6949382548965,0 26.661888942920427,-33.695060318978506,0 26.661722985627364,-33.69521289975546,0 26.661408266978015,-33.69540743570457,0 26.661150764096533,-33.69554094995482,0 26.661082097261044,-33.69558291142221,0 26.66094476269069,-33.695655389584545,0 26.660719680369027,-33.69576601069281,0 26.660528948552212,-33.69585755718049,0 26.660212313447573,-33.69600631943604,0 26.659983418000365,-33.69612075906571,0 26.659952900406097,-33.69612075906571,0 26.6596362626035,-33.69621229656019,0 26.65954470982058,-33.69622375572169,0 26.65938639226823,-33.69627334074204,0 26.659207089035988,-33.69632292576239,0 26.65909264940632,-33.6963534361621,0 26.65893433185397,-33.69640684779773,0 26.658661572873314,-33.69647550743866,0 26.658526141268453,-33.69651364858595,0 26.658411700739464,-33.696544167079594,0 26.658262924094743,-33.69657849600077,0 26.65818470825775,-33.69659757062135,0 26.658138928268954,-33.696612825821205,0 26.658003510153947,-33.6966471556417,0 26.657822291365733,-33.69667766604141,0 26.657686866955373,-33.69665096786781,0 26.65750566975089,-33.6966090072998,0 26.6573473521986,-33.696589939873775,0 26.657271060910773,-33.69657467658004,0 26.65721191969436,-33.69657848880615,0 26.656872388749775,-33.69654797930576,0 26.656736979627965,-33.69654797930576,0 26.656406991389588,-33.696555594764845,0 26.65612469060204,-33.69659755623218,0 26.65594348710232,-33.69663570457408,0 26.655796618818954,-33.69667384662068,0 26.655754651056327,-33.69670054479428,0 26.655491432983297,-33.69676540030292,0 26.655071793128798,-33.69687982464416,0 26.654902023609566,-33.69692941775838,0 26.654833363968635,-33.696952303705814,0 26.654448061129187,-33.69709344960296,0 26.654402280241072,-33.69711632925515,0 26.65430119284582,-33.697154477596996,0 26.654190558247706,-33.69718880831681,0 26.6541333406812,-33.69720407071122,0 26.653952121892985,-33.69726891093143,0 26.653532502722896,-33.69744056722834,0 26.653250189344817,-33.69755499876413,0 26.653204423745194,-33.69757025486331,0 26.653023211252275,-33.697635110372005,0 26.652864900894485,-33.697703769113616,0 26.652729469289625,-33.697772435949105,0 26.652618840986747,-33.697822020969454,0 26.65241283958096,-33.69790593581024,0 26.652208742039875,-33.69797079131894,0 26.652120999684428,-33.69800130081933,0 26.652031348068306,-33.69803181931297,0 26.651985568079567,-33.69805088583968,0 26.651941697351504,-33.69806614913341,0 26.65157737929269,-33.6981805806692,0 26.651478201158113,-33.69821872991042,0 26.651195901269887,-33.698310276398104,0 26.650946021941422,-33.69838656678661,0 26.65086782229224,-33.698409446438745,0 26.650793433070533,-33.69843233958079,0 26.650696149807516,-33.69845903865365,0 26.650457722445992,-33.69853151681599,0 26.650265074173888,-33.69861543975071,0 26.650244090292574,-33.698623071397606,0 26.650209752378203,-33.69863832569814,0 26.649994218158668,-33.69872224143825,0 26.649687122163016,-33.69885193626783,0 26.64941435688712,-33.69897018812367,0 26.64925031784793,-33.6990312161177,0 26.64888217767043,-33.699237194141176,0 26.64838433726743,-33.69950803576717,0 26.64824891285707,-33.69956524434053,0 26.648214582137314,-33.69958432615567,0 26.64794181686142,-33.699744532284285,0 26.647669051585524,-33.69990092528741,0 26.647590851037023,-33.699946706175524,0 26.647512643293908,-33.70000010971722,0 26.647445877625216,-33.700045876216166,0 26.647216991171263,-33.70019464476701,0 26.647043410325182,-33.70032052916906,0 26.647012891831537,-33.70037392461688,0 26.646990013078664,-33.700415886983535,0 26.646961390355955,-33.70037774493693,0 26.646919428888566,-33.70038918791067,0 26.64684886088628,-33.70044640367854,0 26.646690540635973,-33.70056846776055,0 26.64651314936242,-33.70070197481624,0 26.646394889412647,-33.70078971717169,0 26.6462804416891,-33.700869819786305,0 26.64619079007298,-33.700938479427236,0 26.646057267728793,-33.70104147608322,0 26.645898950176445,-33.70115972793906,0 26.64571775297196,-33.70129323499475,0 26.645526999571416,-33.701441997250356,0 26.64542782233616,-33.7015259192857,0 26.645187476720707,-33.701716650203196,0 26.644939506652975,-33.70190738112069,0 26.64476974612694,-33.70204851892396,0 26.644613336936004,-33.702182018785095,0 26.64450079937245,-33.70226976024122,0 26.64431960216797,-33.70240707862371,0 26.644205146350487,-33.70252151195814,0 26.644136481313637,-33.70257873581994,0 26.64397053840969,-33.70271606229642,0 26.643840828291616,-33.70283049383215,0 26.64363863911194,-33.70295255791416,0 26.643419292666294,-33.70307080977,0 26.643295312129,-33.70312802643724,0 26.643136992778068,-33.70319668607817,0 26.64290046658334,-33.703276795887405,0 26.642715449958075,-33.70335689940134,0 26.642696368142936,-33.70338741699567,0 26.642593372386273,-33.703494217783884,0 26.64248845837568,-33.70360484608676,0 26.64242552022165,-33.70368113737453,0 26.64235494322611,-33.70377649518906,0 26.64228628358518,-33.703887115398004,0 26.642217608655756,-33.70400155502767,0 26.642124137618907,-33.70415032537716,0 26.641975360974186,-33.70432198077475,0 26.641738841974018,-33.70450888507696,0 26.64148134718647,-33.70472632226193,0 26.641309668406507,-33.704947569874435,0 26.641208581011256,-33.70508107693013,0 26.64115898070247,-33.70513828640276,0 26.6410330909045,-33.70531757434651,0 26.640849984439285,-33.705592227299405,0 26.640750791016217,-33.705752439723256,0 26.640733633750244,-33.70579820532288,0 26.640724093741994,-33.70585542918468,0 26.640685943601454,-33.70601946102926,0 26.640624901218246,-33.70624451367331,0 26.640510461588576,-33.706423794422506,0 26.640222439314186,-33.7066869972071,0 26.63996302717203,-33.70691968869261,0 26.63983140689396,-33.707148560757446,0 26.63952049957146,-33.707468987403786,0 26.63874417870096,-33.70790764971821,0 26.637988841711717,-33.708273849158786,0 26.637098073117613,-33.70867437662116,0 26.636619299241318,-33.708826959196756,0 26.63595743328898,-33.70888417496468,0 26.635141053017207,-33.70893758030502,0 26.63448299119716,-33.709109227608735,0 26.634414317167057,-33.709109227608735,0 26.634322756290203,-33.70911686015495,0 26.633790592362004,-33.70927326125195,0 26.633315637906435,-33.70942583483435,0 26.63329466121968,-33.709433465581924,0 26.63316876962307,-33.70946779630174,0 26.633033353306644,-33.70950593834834,0 26.632987573317905,-33.709517387617325,0 26.632772031004492,-33.70958223593141,0 26.632377193552713,-33.70972336743944,0 26.632094887369192,-33.70983780706911,0 26.63199379997394,-33.70987595631027,0 26.63193657611214,-33.70989883506314,0 26.63182212928791,-33.7099446159512,0 26.631675261004546,-33.71003998096029,0 26.631562724340313,-33.7101086397019,0 26.631450193072,-33.71016967578987,0 26.631234650758586,-33.710345144312896,0 26.631022920671285,-33.710509168962915,0 26.6308684216404,-33.710638871886374,0 26.630683397820576,-33.71088299915107,0 26.630647158739407,-33.71093258417136,0 26.63038966305254,-33.71126064156533,0 26.630254232347,-33.71143229786219,0 26.63020845055962,-33.71149714527701,0 26.63017984312529,-33.71153528732361,0 26.630118807037377,-33.71161920935896,0 26.63005586168873,-33.71171456717349,0 26.629846041761482,-33.71197777715264,0 26.629796450445895,-33.71203500101444,0 26.62968773140375,-33.71216468775009,0 26.6295942603669,-33.71229055596433,0 26.62952941295208,-33.712382116841184,0 26.62945121240358,-33.71249655737017,0 26.62940352225479,-33.71257284775868,0 26.629350109719837,-33.712649139046505,0 26.629249023223906,-33.71279027684977,0 26.629178439033808,-33.71296574627212,0 26.62916319102851,-33.713110696301555,0 26.62914792863404,-33.713251834104824,0 26.629102147745982,-33.71340443106959,0 26.62901249702918,-33.7135455616783,0 26.62894764871504,-33.713648559233604,0 26.628909500373197,-33.71370577500147,0 26.628875163358146,-33.713747728374926,0 26.628875163358146,-33.713793509262985,0 26.628871351131977,-33.71386979965149,0 26.62887326129203,-33.71391557964023,0 26.628878981879552,-33.713980419860434,0 26.628875163358146,-33.71403382520083,0 26.628980069274803,-33.71415970780424,0 26.62913838682715,-33.71438857986902,0 26.629210873982686,-33.714491577424326,0 26.629290991885796,-33.71468230834182,0 26.62934820765372,-33.71485777596553,0 26.629331043193133,-33.7148806547184,0 26.62931196767323,-33.71496839707385,0 26.629292884958716,-33.715109534877115,0 26.629231857864,-33.715269748200285,0 26.629167003254622,-33.71537273676233,0 26.629130764173453,-33.71544902805016,0 26.62898579795626,-33.71574274842908,0 26.628917131120772,-33.71588388623235,0 26.628865628745814,-33.71596780916701,0 26.62871112971493,-33.71617760571189,0 26.628564263230203,-33.71634927010268,0 26.628415477592284,-33.71647895773765,0 26.628211379151878,-33.716623915860964,0 26.628133178603377,-33.71665062212844,0 26.628020641939145,-33.716692574602575,0 26.62782608260767,-33.716753610690546,0 26.627679216123,-33.716795564064,0 26.627589557312263,-33.71681845810531,0 26.627520889577454,-33.71683752463201,0 26.62746366661497,-33.71684515717823,0 26.627364482185158,-33.716856600151914,0 26.627194719860483,-33.71687567477255,0 26.62697728357483,-33.71690618517226,0 26.62686282865667,-33.71692144037212,0 26.626511862832274,-33.71700155827523,0 26.62637452826192,-33.71705495462243,0 26.62613801016107,-33.71716557483137,0 26.625842357139106,-33.71730290220711,0 26.625613469785833,-33.71747836983087,0 26.625460880915,-33.71760424613899,0 26.62545515313286,-33.717646206707,0 26.625432258192234,-33.71771104692721,0 26.625420822413048,-33.71775683500988,0 26.625409371345484,-33.717833126297705,0 26.625405559119315,-33.7179323098282,0 26.62541128060616,-33.71798189484855,0 26.625405559119315,-33.718031487962776,0 26.625718383796425,-33.71866852003615,0 26.625508562969856,-33.71875243487693,0 26.62470361937659,-33.71898893858861,0 26.62452622630434,-33.719038530803516,0 26.624291616564904,-33.71913006919732,0 26.624095149771392,-33.719179668606785,0 26.623381782343415,-33.719351317709084,0 26.623122375597234,-33.719046155255796,0 26.623070858833103,-33.718561711153995,0 26.623047972885672,-33.718020036895155,0 26.62285722667974,-33.71771487444187,0 26.622477653421015,-33.717611876886565,0 26.621747111639934,-33.71747073818398,0 26.62069801829898,-33.71750124858369,0 26.620041857645674,-33.71758517061909,0 26.61900041843461,-33.717516496588985,0 26.618587757319176,-33.71754264797477,0 26.617916995273163,-33.717585156229916,0 26.616995707286094,-33.7176156810188,0 26.613278097006628,-33.71244311605693,0 26.612595238179722,-33.711497108404785,0 26.625193799354406,-33.70559979779239,0 26.636039429875837,-33.700522634711774,0 26.639869572322937,-33.69872982721972,0 26.646440691884493,-33.69477035057116,0 26.646484569807114,-33.694743645203005,0 26.654427121314654,-33.68996021689043,0 26.65523395977948,-33.689471962361154,0 26.65543423879916,-33.68935370241138,0 26.656098030199985,-33.68895318933818,0 26.656458529737392,-33.68940330991478,0 26.65818094099768,-33.68864802508625,0 26.659062168684216,-33.6891019659829,0 26.65930059694506,-33.689224030064906,0 26.65953901081673,-33.68934610134147,0</coordinates></LinearRing></outerBoundaryIs></Polygon><Polygon><outerBoundaryIs><LinearRing><coordinates>25.98592216407667,-33.68979077382511,0 25.990839593172723,-33.69034770867978,0 26.001851222356095,-33.68932923905311,0 26.00754683481864,-33.68935215018155,0 26.01521286638075,-33.6893903192078,0 26.019603818861185,-33.68940940372096,0 26.028628225112527,-33.68945513334768,0 26.022182469245593,-33.7047592734217,0 26.021984074305635,-33.705178880900576,0 26.021776171732995,-33.70517506687577,0 26.021560627620943,-33.70517889259179,0 26.021345096099367,-33.70517889259179,0 26.02112956367847,-33.70518271920707,0 26.020915934223012,-33.70520560695314,0 26.020711833984024,-33.70522087744149,0 26.020507736442937,-33.70521706161804,0 26.02032654643301,-33.70521706161804,0 26.020145333940036,-33.705217074208576,0 26.019952690164587,-33.705201815411385,0 26.01976004638908,-33.705186568305464,0 26.019668482814268,-33.70517132119949,0 26.019489195769836,-33.70517132119949,0 26.019296540303117,-33.70517132119949,0 26.019149660328594,-33.70517132119949,0 26.019069553217378,-33.705167494584146,0 26.018945571780762,-33.70515986563527,0 26.01874148413225,-33.70515223668633,0 26.01864420536583,-33.7051369778892,0 26.018459178848104,-33.70515223668633,0 26.018243634735995,-33.70515986563527,0 26.018153985817833,-33.705148434352736,0 26.01789266711296,-33.70517131040759,0 26.01755315415477,-33.70519419725434,0 26.01732998109378,-33.705186568305464,0 26.01722888830261,-33.705182754280656,0 26.017047675809636,-33.70520944436032,0 26.016820700415053,-33.70520944436032,0 26.01661661276654,-33.705217074208576,0 26.016458288019635,-33.705224703157455,0 26.016072987878147,-33.705224703157455,0 26.01590514470672,-33.705217074208576,0 26.01574491879302,-33.70522851808158,0 26.015710576382048,-33.70522851808158,0 26.015666712848542,-33.70523233210639,0 26.01538250729692,-33.705243775979454,0 26.014964776703152,-33.70525903477659,0 26.014749244282257,-33.705285737446786,0 26.0146710392371,-33.70527810759853,0 26.014579476561664,-33.70528192162334,0 26.01448982674418,-33.70529336639572,0 26.01419609017745,-33.70532388309067,0 26.01385656462878,-33.705354399785676,0 26.01338161556913,-33.705392534637724,0 26.013244278300874,-33.705403990201944,0 26.012942910986624,-33.7054268662568,0 26.01259384363101,-33.705453568927,0 26.012353523196566,-33.70546882682487,0 26.012082661785485,-33.705484085622004,0 26.01183278785294,-33.705503159343266,0 26.01160772441699,-33.70551841724114,0 26.011426511924014,-33.705526047089336,0 26.010758919088914,-33.705522232165265,0 26.010123754907397,-33.705541294195314,0 26.010022651324334,-33.70556799596619,0 26.009683125775666,-33.70559469773707,0 26.00934551488365,-33.70563284517959,0 26.009063209599503,-33.70566717589941,0 26.008836221614388,-33.70570150841786,0 26.008805704919382,-33.70572059203164,0 26.00851958561043,-33.70574728301068,0 26.00809994215865,-33.70577398568088,0 26.007953073875285,-33.70578161462976,0 26.00767076859114,-33.70580832899117,0 26.007274012885432,-33.70582358688898,0 26.00706038343003,-33.70583503076199,0 26.00667507159733,-33.70586173343219,0 26.006324103074974,-33.705888436102384,0 26.006018910044702,-33.705903694000256,0 26.005374179774606,-33.70593422328574,0 26.004931650375397,-33.70595329610768,0 26.004750449573635,-33.705960925056615,0 26.00438802638638,-33.70597236892962,0 26.004128608848248,-33.70597618385375,0 26.00403704707213,-33.70597999787856,0 26.0039359650728,-33.70598762682749,0 26.003855846270312,-33.70599908329103,0 26.00374330870676,-33.70600671223991,0 26.003495335941068,-33.70600289821516,0 26.003314136038625,-33.705995268366905,0 26.00313292264633,-33.706018156112975,0 26.00293072537272,-33.70604103216783,0 26.0027953000631,-33.70604485788385,0 26.002636976215513,-33.70606774562992,0 26.002568312977303,-33.7060753745788,0 26.002364212738257,-33.706086819351185,0 26.002173471028925,-33.70610207814832,0 26.00197891259677,-33.70611733604619,0 26.001877809013706,-33.706121161762155,0 26.001742383704084,-33.706121161762155,0 26.00166416696777,-33.70612879161041,0 26.00157261508417,-33.70613642055929,0 26.00139141518173,-33.70614785274114,0 26.00110909910569,-33.706159309204736,0 26.000859235065718,-33.70613260563522,0 26.000723798964202,-33.70611353281322,0 26.000643680161772,-33.70610590386434,0 26.000597904669632,-33.70610208894021,0 26.000418594242774,-33.70609445999128,0 26.000237406031488,-33.7060868310424,0 25.9996346381281,-33.7062241566195,0 25.99931229592579,-33.706288994141744,0 25.999243632687524,-33.70629662309062,0 25.999043370755032,-33.70631951083669,0 25.998825926375446,-33.70635000504865,0 25.998772532726264,-33.70635000504865,0 25.9986237632761,-33.706353819972776,0 25.99846163529628,-33.70635380828156,0 25.998368183145203,-33.70636142643866,0 25.99822132565373,-33.70637287031167,0 25.997923785854084,-33.70639573467537,0 25.997801705584322,-33.706403363624304,0 25.997721610164206,-33.70641862242144,0 25.997588097712594,-33.706433868628096,0 25.997385922922035,-33.70644531340042,0 25.99723715257261,-33.7064529306582,0 25.99711698695944,-33.706479621637186,0 25.996872862392763,-33.70647960994597,0 25.99659057869229,-33.70647577163953,0 25.996375048070036,-33.70647577163953,0 25.996228190578563,-33.70649101874545,0 25.996066075189276,-33.70651009336609,0 25.995930649879654,-33.70651008077556,0 25.995863900398717,-33.70650245182662,0 25.995757090617303,-33.70648718223765,0 25.995635022938018,-33.70648718223765,0 25.995512955258732,-33.706471911749304,0 25.995312693326184,-33.70645282723615,0 25.9951639229767,-33.706441383363085,0 25.994908342845804,-33.70642611287474,0 25.99462606094403,-33.706429905315815,0 25.994557397705762,-33.70642609039169,0 25.994330433103073,-33.7064222637764,0 25.994122531429753,-33.70642606700932,0 25.99406149714042,-33.70644894306423,0 25.994000475441624,-33.70646801588617,0 25.99373916662927,-33.706464201861365,0 25.993443538788313,-33.70646799340312,0 25.99326806666801,-33.70648325220026,0 25.99309260623886,-33.70650231333104,0 25.992943834990058,-33.70651756043702,0 25.99275500613868,-33.70650991979693,0 25.992661553088283,-33.70650991979693,0 25.992390715059514,-33.70652897013582,0 25.992121789888756,-33.70654803126661,0 25.991879555696983,-33.70655182280831,0 25.991448515136938,-33.70655181111715,0 25.991179578274966,-33.70657468807133,0 25.991099483754226,-33.70657467638017,0 25.990506314314985,-33.706570838073674,0 25.989913134983226,-33.70656317495053,0 25.98973767365476,-33.70655553431044,0 25.98956218984324,-33.70654789277097,0 25.989388618889677,-33.70654026382209,0 25.98922648011802,-33.70653646058912,0 25.98918451865069,-33.70653646058912,0 25.9889689754379,-33.706532634873156,0 25.988888868326683,-33.706536448897964,0 25.9887801456872,-33.7065440778469,0 25.98855317029262,-33.706555521719906,0 25.988350982911584,-33.70655932495282,0 25.988270865008474,-33.70657458375001,0 25.988162154060205,-33.706589841647826,0 25.988055332587578,-33.7065974723954,0 25.987933264908293,-33.706612730293216,0 25.987839801066002,-33.706627977399194,0 25.987797828806777,-33.70663942127226,0 25.98777303899459,-33.70664323619633,0 25.987732979593375,-33.70663942127226,0 25.9876795751523,-33.70666230901833,0 25.987544149842677,-33.70669281402212,0 25.987328618321158,-33.706750033387266,0 25.987210364666623,-33.706784354214506,0 25.987145504661385,-33.70680725275247,0 25.9870634846921,-33.70683394373145,0 25.9869013576116,-33.706856830578204,0 25.986794547830186,-33.70687590429952,0 25.986523699009524,-33.70691785407564,0 25.986445493065105,-33.70692548302458,0 25.986296711024465,-33.70692166810045,0 25.98612122721289,-33.70694837077065,0 25.98595910013239,-33.70696362866846,0 25.985810328883645,-33.70696743190143,0 25.985690163270476,-33.70699413457163,0 25.985528036189976,-33.70700557934396,0 25.985365897418262,-33.7070170223177,0 25.985192325565436,-33.707032281114834,0 25.98497488118585,-33.707043713296684,0 25.98478605143515,-33.70705134314494,0 25.98454380555222,-33.70707040427567,0 25.984261511959232,-33.70710093266189,0 25.98407268220859,-33.70712762274155,0 25.983950602838092,-33.707139066614616,0 25.983817079594587,-33.707142882438006,0 25.9836950119153,-33.70716957341705,0 25.983559574914523,-33.707184843006075,0 25.98307509483982,-33.70722297785812,0 25.982939670429516,-33.707238224064724,0 25.982819514708865,-33.70726492673492,0 25.982644030897347,-33.70726875335026,0 25.982544840172295,-33.70726492673492,0 25.98250859479589,-33.707283999556864,0 25.98247427486797,-33.70730307327818,0 25.982140466309545,-33.707283999556864,0 25.98210613469041,-33.70730307327818,0 25.98206990190448,-33.70732213530823,0 25.981888690310882,-33.70731450456071,0 25.981675059056784,-33.70731450456071,0 25.98129738876355,-33.70731450456071,0 25.980866313129923,-33.70731449376882,0 25.980488642836633,-33.70731449376882,0 25.980057556411168,-33.70731448207766,0 25.97967988521856,-33.70731448207766,0 25.979304127783337,-33.70731448207766,0 25.978960799001698,-33.707306842336834,0 25.978871150083535,-33.707322100234705,0 25.978783414023383,-33.70734117305665,0 25.97858884479939,-33.70732971839175,0 25.97835996823801,-33.70732971839175,0 25.978144435817114,-33.70734114967428,0 25.977928891705062,-33.70735258185613,0 25.977740062853684,-33.70735258185613,0 25.977585564722062,-33.70734495290719,0 25.97753787637197,-33.7073640149373,0 25.977490188021818,-33.707383098551134,0 25.97710680073834,-33.70737163309434,0 25.97650025298435,-33.70737163309434,0 25.976319041390695,-33.70736399155493,0 25.97625800710142,-33.70737925035206,0 25.97619505995408,-33.707398323174004,0 25.975565623554758,-33.7074097436647,0 25.975502677306736,-33.70742881738596,0 25.975409212565182,-33.70744406359262,0 25.975233728753608,-33.70746696392922,0 25.9750849593035,-33.70751272773015,0 25.97504489900291,-33.707527973936806,0 25.97488277192241,-33.707550861682876,0 25.97482936658207,-33.707554676607,0 25.97473590273978,-33.70756230555594,0 25.974613835060495,-33.707573750328265,0 25.974533717157385,-33.70758136758599,0 25.974468867943926,-33.70758899743424,0 25.97440592079664,-33.707585181610796,0 25.97433915962455,-33.70757373773779,0 25.97427049638634,-33.70757373773779,0 25.97417703164473,-33.707585181610796,0 25.974081654944484,-33.70760042871677,0 25.973932884595,-33.70760805856503,0 25.973786016311635,-33.707619502438035,0 25.973650591002013,-33.70763856356882,0 25.973536153170983,-33.70766145221421,0 25.973354940678007,-33.70765762559893,0 25.97301732888667,-33.70766906857261,0 25.97287808955224,-33.707688143193195,0 25.972843757933106,-33.70767287270485,0 25.972721678562664,-33.70764998495878,0 25.97259961088338,-33.70764997326762,0 25.972426028238658,-33.70764997326762,0 25.972284876945594,-33.707642344318685,0 25.972223853448156,-33.70766141714063,0 25.972101774077657,-33.707665232064755,0 25.971726004951222,-33.70764233172821,0 25.97138840485104,-33.70764613586044,0 25.971252967850262,-33.707642320936316,0 25.971117555131116,-33.707642320936316,0 25.970957318425576,-33.707653753118166,0 25.970781845405895,-33.7076690119153,0 25.970686467806274,-33.70768044409715,0 25.97057965892418,-33.70769570289434,0 25.970512896852767,-33.70770333184322,0 25.970474751208826,-33.70770333184322,0 25.97036602767008,-33.70770713507619,0 25.97020390058958,-33.7077185789492,0 25.96998835827617,-33.7077376517712,0 25.969786170895134,-33.70776052782605,0 25.969639301712448,-33.70777577493203,0 25.969479076698065,-33.707791033729166,0 25.969316948718244,-33.7077986626781,0 25.96910140730415,-33.70781393316645,0 25.968859172213058,-33.70782156211533,0 25.968759979689366,-33.70781773639936,0 25.96872373431296,-33.70783682091252,0 25.96868941528436,-33.707855882043305,0 25.96846241560803,-33.707844449861454,0 25.968428084888274,-33.707859696967375,0 25.968393764960354,-33.70787878058121,0 25.96829265957865,-33.70787495486525,0 25.96817250475732,-33.707882584713445,0 25.968077128057075,-33.70789021366238,0 25.96794360391425,-33.707905471560196,0 25.967754775062872,-33.707924545281514,0 25.967565945312174,-33.707947433027584,0 25.967390449809443,-33.70796270261661,0 25.967174918287924,-33.70797413569778,0 25.96699943357703,-33.707985591262,0 25.966770545324437,-33.70800465239273,0 25.966513039745053,-33.70802372611405,0 25.96635281473067,-33.708038984011864,0 25.96619068675085,-33.70805042788487,0 25.96602855877103,-33.70806188344909,0 25.965868333756646,-33.70807331563094,0 25.965746255285524,-33.708080944579876,0 25.965624175915025,-33.70808857442813,0 25.965301833712715,-33.70811147296604,0 25.965139694941,-33.70812290604721,0 25.965078660651727,-33.708141989661044,0 25.964802084048983,-33.70814579379328,0 25.96449307699396,-33.708161064281626,0 25.964264187842048,-33.70816486661528,0 25.964069630309268,-33.70814962040862,0 25.964035298690135,-33.708172495564156,0 25.964000967071,-33.70818775436135,0 25.963899874279832,-33.708183951128376,0 25.96375110393035,-33.70819158097663,0 25.963630925726704,-33.70819920992557,0 25.96352220308728,-33.70820301315848,0 25.963470699813,-33.70820301315848,0 25.96336389093085,-33.708210653798574,0 25.963175048589676,-33.708222085980424,0 25.963026268347676,-33.70822971492936,0 25.96290419976907,-33.708237343878295,0 25.962637164973216,-33.708256429290714,0 25.962530355191802,-33.70826405823965,0 25.96234151374989,-33.70826405823965,0 25.962152683999193,-33.70826405823965,0 25.961910427324426,-33.708248800341835,0 25.961668193132653,-33.70821446782338,0 25.961612874934303,-33.708210653798574,0 25.961519411092013,-33.70821446782338,0 25.961357284011513,-33.708183951128376,0 25.96123710580781,-33.708164878306434,0 25.9611283948596,-33.708157249357555,0 25.960846089575398,-33.70814580458517,0 25.960535181353578,-33.708138175636236,0 25.96036161040007,-33.708126742555066,0 25.96019948242025,-33.7081229168391,0 25.96005260244567,-33.70813437330264,0 25.959901919238234,-33.70814580458517,0 25.95957956624403,-33.708164878306434,0 25.95932397532124,-33.708187766052504,0 25.959161835650264,-33.708210653798574,0 25.958866197916734,-33.708233540645324,0 25.958799434946002,-33.70824498541771,0 25.958610606094624,-33.708256429290714,0 25.95840841871359,-33.708271688087905,0 25.95825963667295,-33.70828313106159,0 25.957870534197866,-33.7083021930917,0 25.95747950627424,-33.708325091629604,0 25.957317390884953,-33.708340351326115,0 25.957222024976545,-33.70834796858384,0 25.957168608844256,-33.70835559843209,0 25.95696642236254,-33.70838230020297,0 25.956764235880826,-33.70840518794904,0 25.956644070267657,-33.70841281689792,0 25.95649529901891,-33.70842426077098,0 25.956415191907638,-33.70843570464399,0 25.956346516978215,-33.70845477836531,0 25.956279755806122,-33.70847003626312,0 25.956199648694906,-33.70848148013613,0 25.956037520715086,-33.70850818280633,0 25.955944056872795,-33.70851581175526,0 25.95588873957371,-33.7085234407042,0 25.955848691863707,-33.70853487378537,0 25.955526338869504,-33.708561575556246,0 25.955472935327748,-33.708569205404444,0 25.955339411184923,-33.708569205404444,0 25.955236404636423,-33.708557773222594,0 25.955163927373405,-33.708573031120466,0 25.95507047522233,-33.70858827822644,0 25.954935038221493,-33.70859590807464,0 25.954732863430934,-33.70860353702358,0 25.9545306760499,-33.70861116597251,0 25.954397165396927,-33.70864168266746,0 25.95419496632468,-33.70864549759159,0 25.954027123153253,-33.70863404202737,0 25.95400613657398,-33.7086493116164,0 25.95396608886398,-33.7086683736465,0 25.953763903281583,-33.70866457131285,0 25.953597961276955,-33.708656940565334,0 25.95353501412967,-33.70867600259538,0 25.95335762825198,-33.708687447367765,0 25.95318404470794,-33.708698902032666,0 25.95304863198885,-33.70871414913864,0 25.952846444607758,-33.70872559301165,0 25.952644259025362,-33.70873703688471,0 25.952375322163448,-33.70876373865559,0 25.952239886061932,-33.708778998352045,0 25.952066315108425,-33.70880187440696,0 25.951808822119517,-33.708840031742,0 25.951633338307943,-33.70886290779691,0 25.95156657623653,-33.70887053674585,0 25.951324342044813,-33.708904869264245,0 25.95121561940539,-33.708927757010315,0 25.951148858233296,-33.70893920088338,0 25.950986730253476,-33.70896208773013,0 25.950839872761946,-33.70899259363324,0 25.95073305218864,-33.709015493070524,0 25.950624330448534,-33.70903075096834,0 25.95050417472794,-33.70904218404951,0 25.950435500697836,-33.709049812998444,0 25.950342035956226,-33.70906125687145,0 25.950206610646603,-33.709068885820386,0 25.950086445033435,-33.709072700744514,0 25.95000633792222,-33.70908032969339,0 25.949951019723812,-33.709095589389904,0 25.949844210841718,-33.70910703236359,0 25.949735488202293,-33.70912229116078,0 25.949600063791934,-33.70913372334263,0 25.94946653964911,-33.70916805496171,0 25.949386433437212,-33.70918712778365,0 25.94930632632594,-33.70917950962661,0 25.94925100812759,-33.70918712778365,0 25.94917088932516,-33.709206213196126,0 25.94908888104709,-33.70920238568152,0 25.949024021041794,-33.70921384214506,0 25.948919124118333,-33.709221471094,0 25.94879704474789,-33.70923290327585,0 25.94870166804759,-33.709244347148854,0 25.948472777996358,-33.70925960594599,0 25.948203842033706,-33.70927486384386,0 25.94801500059185,-33.709286307716866,0 25.94774606372988,-33.70930156741338,0 25.94759155480648,-33.709297764180405,0 25.947490462015253,-33.70931682531119,0 25.94733023610155,-33.70933589813313,0 25.947154763081926,-33.70934735369735,0 25.946965921640015,-33.7093587858792,0 25.946830497229712,-33.70936641482814,0 25.94665691458499,-33.70936641482814,0 25.946542475854642,-33.7093587858792,0 25.94650814423551,-33.709374043777075,0 25.946473812616432,-33.70939311839766,0 25.94634600636317,-33.70938930257421,0 25.946157175713154,-33.70940074734659,0 25.946050366831003,-33.70940837629547,0 25.945970248028573,-33.70941600524441,0 25.945874882120165,-33.709442707914604,0 25.945768073238014,-33.70944652193941,0 25.94567460939578,-33.70945796581242,0 25.945552529125962,-33.709465594761355,0 25.945352243811044,-33.70947703863436,0 25.945108096761317,-33.70948085355849,0 25.944947883438147,-33.709488483406744,0 25.944839159000026,-33.70949611235568,0 25.944690378758025,-33.70950755622869,0 25.94448819227631,-33.70952281502582,0 25.944299363424932,-33.70954188784782,0 25.944152494242246,-33.70955333172083,0 25.94396366359223,-33.70957621856758,0 25.943843486287903,-33.70958384931515,0 25.943750035036146,-33.70959529318816,0 25.943627952967688,-33.709602922137094,0 25.943479172725688,-33.70961055108603,0 25.943385707984078,-33.70962198326788,0 25.943276985344653,-33.70963725285691,0 25.942981335020647,-33.70966394383589,0 25.94272575578907,-33.709679202633026,0 25.942376689332775,-33.70970210207031,0 25.942147800180862,-33.70971353425216,0 25.942039078440757,-33.70972498981638,0 25.94200474502304,-33.70974023692236,0 25.941878851627735,-33.70973643368944,0 25.941690021877037,-33.70974786587129,0 25.941583212994942,-33.70975549482017,0 25.94139437155303,-33.70977075361736,0 25.941098721229025,-33.70977838256624,0 25.94082978436711,-33.709789827338625,0 25.9406409429252,-33.709801282003525,0 25.94049407464189,-33.709812715084695,0 25.94041395583946,-33.70982415805838,0 25.940291888160175,-33.70982415805838,0 25.940022939607047,-33.709824169749595,0 25.939868442374745,-33.70981654080066,0 25.93983410985635,-33.70983178790664,0 25.939754002745076,-33.70984324257154,0 25.939485055091268,-33.70985467475339,0 25.93921610743746,-33.70986611862645,0 25.93910739738851,-33.70987373678349,0 25.93887850733728,-33.70990043855437,0 25.93867824540473,-33.70992331640787,0 25.938558067201086,-33.70992331640787,0 25.938460788434668,-33.70991568566035,0 25.938331090907184,-33.709938562614525,0 25.93794007467477,-33.709976709157786,0 25.937617745062937,-33.71000340013677,0 25.937495665692495,-33.71001484311046,0 25.937226728830524,-33.71002627619163,0 25.936957792867872,-33.71003770837348,0 25.93686241526831,-33.710041523297605,0 25.936715546984942,-33.71004533732241,0 25.936526717234244,-33.710056781195476,0 25.93640464865564,-33.7100720283014,0 25.93606896231279,-33.71010634822932,0 25.93569130281145,-33.71014829800549,0 25.935584493929298,-33.710163555903364,0 25.93550247396007,-33.71017499977637,0 25.935368949817246,-33.71017499977637,0 25.93524879499597,-33.710178803009285,0 25.935004647946187,-33.710205493988326,0 25.934937885874774,-33.710216948653226,0 25.934817720261606,-33.71022839342555,0 25.93466894991218,-33.710236010683275,0 25.93457548606989,-33.710239813916246,0 25.93450682283168,-33.710251268581146,0 25.934398100192197,-33.710266515687124,0 25.934251242700725,-33.71028177538358,0 25.934075758889207,-33.710300835615044,0 25.933940333579585,-33.710323724260434,0 25.933833523798114,-33.710342797082376,0 25.933713358185003,-33.71036186990432,0 25.93364659611359,-33.71036948806136,0 25.933564576144306,-33.71036185911248,0 25.93340245895638,-33.71039237580743,0 25.933324254810543,-33.71038473516734,0 25.933272763227478,-33.71038856088336,0 25.93312398118684,-33.71040380798928,0 25.932975210837355,-33.71042288081128,0 25.932813083756855,-33.710426684044194,0 25.932624253106837,-33.71043431389245,0 25.932382007223907,-33.710449571790264,0 25.93216647660165,-33.71046481889624,0 25.93199100268265,-33.71047244784512,0 25.93170870998904,-33.71049913882416,0 25.93151988113766,-33.71052201487902,0 25.931277646046567,-33.71054490262509,0 25.93102015395698,-33.710567791270535,0 25.930913344175565,-33.71057159360413,0 25.930684455023652,-33.71061736909627,0 25.93045556587174,-33.710636431126375,0 25.93025339108118,-33.710636431126375,0 25.92997109838751,-33.71063642033448,0 25.929877645337115,-33.710647863308225,0 25.929816600255947,-33.71066693702949,0 25.92971550566608,-33.71065549315642,0 25.92955529234291,-33.71065166564182,0 25.929459914743347,-33.71065166564182,0 25.929366462592213,-33.710663110414146,0 25.929284442622986,-33.710670727671925,0 25.929219594308904,-33.710678356620804,0 25.929154745095445,-33.710693616317315,0 25.92903456779112,-33.71070123357504,0 25.928912500111835,-33.71071267744804,0 25.928561543280637,-33.71075845294018,0 25.92824681923537,-33.71080801997408,0 25.928157170317206,-33.7108003910252,0 25.928050359636416,-33.71081182320705,0 25.927928281165293,-33.71081945215593,0 25.927808113753485,-33.710830896028995,0 25.927714649911195,-33.71085758700798,0 25.927552535421228,-33.71088047475405,0 25.92743045515141,-33.71088809201177,0 25.92737705071039,-33.71089573265192,0 25.92721492273057,-33.71092623855503,0 25.92716150569896,-33.71093386840329,0 25.926919273305884,-33.710956743558825,0 25.926865857173595,-33.71096437340708,0 25.926650324752757,-33.71099487931019,0 25.926406176803653,-33.71101775536505,0 25.926352772362577,-33.711025384313984,0 25.926137240841058,-33.71104444634409,0 25.92570616520743,-33.711086395220946,0 25.925410514883424,-33.711120715148866,0 25.92528844720414,-33.71113978797081,0 25.92515493475247,-33.711151231843814,0 25.925059558052226,-33.711162664924984,0 25.924979450940953,-33.71116647894979,0 25.924884085931865,-33.71116647894979,0 25.924790621190255,-33.711174097106834,0 25.924729576109087,-33.71119316992883,0 25.924615137378737,-33.71118172605577,0 25.92439960495784,-33.711181715263876,0 25.92421267727326,-33.71119315913694,0 25.924023835831406,-33.71120077639466,0 25.92390176815212,-33.711212220267726,0 25.923712939300742,-33.711223652449576,0 25.923457346579312,-33.71126178730162,0 25.92307967628608,-33.71128466335648,0 25.922805023333183,-33.711288465690075,0 25.92274206539406,-33.71130754031071,0 25.922608564633606,-33.711326613132655,0 25.9225017440603,-33.71133424208159,0 25.9223129143096,-33.71134948918751,0 25.922042063690355,-33.71137999419136,0 25.92187992581796,-33.711395252988495,0 25.92179218885849,-33.71141431411928,0 25.92147746571254,-33.711418118251515,0 25.9211608396011,-33.71142193227632,0 25.92109790504435,-33.71144099430637,0 25.921036870755017,-33.71146006712837,0 25.920737406406204,-33.711463870361285,0 25.920436027400797,-33.71146385777075,0 25.92034639017379,-33.71148293239139,0 25.92019760813315,-33.7115019926228,0 25.920102242224743,-33.711509621571736,0 25.919926758413226,-33.71152488126819,0 25.919751285393545,-33.711543942398976,0 25.919644463920918,-33.71155538627204,0 25.919373615100312,-33.711578263226215,0 25.919131391700432,-33.71162785274316,0 25.918902515138996,-33.7116621843623,0 25.918736572235048,-33.7116736282353,0 25.91870032775796,-33.71169650429022,0 25.918665996138884,-33.71171940372744,0 25.91837798735429,-33.711768981553234,0 25.91794883626983,-33.71183001584251,0 25.917637937940526,-33.71187579223397,0 25.917409061379146,-33.71191012295378,0 25.917342299307734,-33.71192918498383,0 25.917246935197966,-33.711940628856894,0 25.917113421846977,-33.7119520727299,0 25.917018046046053,-33.711963515703644,0 25.91692459209628,-33.711963515703644,0 25.916749108284762,-33.71195588675471,0 25.916331401073364,-33.7119444428817,0 25.91604339138945,-33.7119520727299,0 25.916009058870998,-33.71193299900864,0 25.91597281529323,-33.711917741110824,0 25.915846932689817,-33.71192154434374,0 25.915684804709997,-33.711917741110824,0 25.91560469759878,-33.71192537005976,0 25.915471175254595,-33.7119329882168,0 25.91535102043332,-33.71193680314093,0 25.915230853920832,-33.71195968998768,0 25.91508208267203,-33.711994021606756,0 25.91498861972906,-33.712016910252146,0 25.914813146709378,-33.71207412871803,0 25.914584269248678,-33.71214279195624,0 25.91442405502619,-33.71218092680829,0 25.914128404702183,-33.7122381353816,0 25.913884269343612,-33.712276291817375,0 25.913762200765007,-33.712287724898545,0 25.913642035151838,-33.71229535384748,0 25.9132376729803,-33.71229535384748,0 25.912867655018317,-33.71228390997442,0 25.912833323399184,-33.71230298279636,0 25.912798980088894,-33.71232587144175,0 25.912657838688347,-33.712322044826465,0 25.91248235487683,-33.71232587144175,0 25.912388901826432,-33.712333500390685,0 25.911809068433797,-33.71242122475968,0 25.911162472070487,-33.7125127640528,0 25.911000344989986,-33.712531837774065,0 25.910893535208515,-33.712539466722944,0 25.910731408128015,-33.71254709567188,0 25.91062268638791,-33.712577613266205,0 25.910569292738728,-33.71258142819033,0 25.910462482957257,-33.712585242215084,0 25.9101382171051,-33.712585242215084,0 25.910084824355238,-33.712589045448055,0 25.909951300212413,-33.712585242215084,0 25.90978918482307,-33.712573786650864,0 25.909682375041598,-33.7125814155998,0 25.90946492976275,-33.71260430424519,0 25.909384822651475,-33.71261574811825,0 25.909318062378702,-33.71262720278315,0 25.90918454992709,-33.7126462648132,0 25.908995720176392,-33.71268441135646,0 25.90882024805603,-33.71271492805147,0 25.90861807326553,-33.71275688861948,0 25.90848456081386,-33.71276833339181,0 25.908417798742448,-33.71278359128968,0 25.908310989860354,-33.71280647903575,0 25.90820226812025,-33.71282173693356,0 25.9081393317648,-33.712833180806626,0 25.908101185221597,-33.71284843960376,0 25.90791235637022,-33.71287514227396,0 25.907792200649567,-33.712894204304064,0 25.90764343119946,-33.71291328791784,0 25.907521362620855,-33.712924731790906,0 25.907401184417154,-33.712932360739785,0 25.90730583109928,-33.71294379382101,0 25.90719902131781,-33.71293617566391,0 25.907076953638523,-33.712959051718826,0 25.906672592366306,-33.71298576608018,0 25.906552425853818,-33.712993395029116,0 25.906430358174532,-33.71302391172412,0 25.906323548393118,-33.71302772664825,0 25.906188134774652,-33.71303535559713,0 25.905972603253076,-33.71303535559713,0 25.905839090801464,-33.71303535559713,0 25.90575707083218,-33.71304680036951,0 25.905650261050766,-33.713062059166646,0 25.905570153939493,-33.71307350214039,0 25.905326018580922,-33.71310020481059,0 25.90508379697968,-33.71314598030273,0 25.90503037994813,-33.713153610150925,0 25.904841550197432,-33.7131803119218,0 25.904761453878052,-33.71319175579487,0 25.90469660556397,-33.713199384743746,0 25.904631745558675,-33.71320319966787,0 25.904576439051482,-33.71321464444026,0 25.90425409864781,-33.71326041903308,0 25.903956546257632,-33.71328330677915,0 25.90390315260845,-33.71329093572808,0 25.903458742726855,-33.7133710428393,0 25.902947584263643,-33.713447335925764,0 25.9028255048932,-33.713454953183486,0 25.902772099552806,-33.71346258213242,0 25.902394451742623,-33.71354270093485,0 25.902341047301547,-33.71355032988379,0 25.90207020927278,-33.71360372443229,0 25.901950053552184,-33.713611353381225,0 25.901827974181685,-33.71363806684326,0 25.901585751681125,-33.71367621338652,0 25.90150564456991,-33.71368765725953,0 25.901450327270823,-33.71369910113259,0 25.901396922829804,-33.71370673008147,0 25.90131681571853,-33.71372198797934,0 25.901127985967833,-33.71374869064954,0 25.90098112937568,-33.71376012283133,0 25.900914367304267,-33.71376775178027,0 25.900696933716574,-33.71378683719274,0 25.90048331595233,-33.713805910014685,0 25.900427997753923,-33.71381353896362,0 25.900361247373723,-33.71383261178556,0 25.90029448530231,-33.71383261178556,0 25.900172416723706,-33.7138478705827,0 25.899983587872327,-33.71386312937989,0 25.899863433051053,-33.713866944304016,0 25.899768067142645,-33.71388220310115,0 25.89964599856404,-33.713897460998965,0 25.899405666438383,-33.7139317926181,0 25.899296954590852,-33.71393943325819,0 25.899108125739474,-33.71396233269547,0 25.898785784436427,-33.71400811987877,0 25.898650360026124,-33.71403100672552,0 25.89861029972559,-33.71404626642203,0 25.898530192614373,-33.71406535093513,0 25.898383325230327,-33.714095866730815,0 25.898234553981524,-33.71412638432514,0 25.89813917728128,-33.71414927207121,0 25.898059080961843,-33.714175986432565,0 25.897818748836244,-33.71424084643786,0 25.897536455243255,-33.714309521367284,0 25.897387684893772,-33.71435149272719,0 25.897305664924545,-33.714378183706174,0 25.89725225958415,-33.71439726911865,0 25.897156893675742,-33.71442015686472,0 25.897078688630643,-33.714435414762534,0 25.89701192655923,-33.71444304371147,0 25.89674108942978,-33.71446976976404,0 25.896620922917293,-33.714496472434234,0 25.89647215166849,-33.71449648412539,0 25.89633862932436,-33.714511742023205,0 25.89618985807556,-33.714519382663354,0 25.89610212201535,-33.71451556773923,0 25.89606969156307,-33.71453082743568,0 25.895960969822966,-33.71454608533355,0 25.895665331190116,-33.71458042774452,0 25.89531438605013,-33.71462621492782,0 25.89515416013643,-33.71464911526442,0 25.895045436597684,-33.71467200211117,0 25.894885223274457,-33.71470634542146,0 25.894681134726625,-33.71474450275656,0 25.894412187072817,-33.714797908096955,0 25.894156596150026,-33.71483989204734,0 25.894021181632297,-33.71486658302632,0 25.893954421359524,-33.71487803769122,0 25.893889572146065,-33.71488949325544,0 25.89385524142631,-33.71490855528555,0 25.89359964870488,-33.71489330817957,0 25.893565317985065,-33.714912392692725,0 25.893443237715303,-33.71493145382351,0 25.893338341691162,-33.71492003333282,0 25.89312279757911,-33.71493529213001,0 25.89284050488544,-33.71495056171898,0 25.892705091266976,-33.71495057341019,0 25.89258302268837,-33.71498489423743,0 25.892462846283365,-33.715007792775396,0 25.892138602914258,-33.715053590750585,0 25.892045139071968,-33.715061220598784,0 25.891896357031328,-33.7150802943201,0 25.891627420169357,-33.71511845075588,0 25.89136038537356,-33.71516041222321,0 25.89122496006388,-33.71518332335165,0 25.891142951785866,-33.71520238538176,0 25.891024687339495,-33.71521765497073,0 25.89090261876089,-33.71522910963563,0 25.890769094618065,-33.715251998281076,0 25.890633681898976,-33.71527871174311,0 25.890524960158814,-33.71529014392496,0 25.89039143601599,-33.715313043362244,0 25.8902960710069,-33.71533594279947,0 25.890189261225487,-33.71537026272739,0 25.890069094713,-33.71538553321574,0 25.890015690271923,-33.7153969770888,0 25.889937485226824,-33.71540460603768,0 25.889859279282348,-33.7154084317537,0 25.889805873941953,-33.71541987562671,0 25.889752470400254,-33.71543132039909,0 25.889697152201848,-33.7154427642721,0 25.889590342420433,-33.715454218937,0 25.889481619780952,-33.71546566281006,0 25.889428215339933,-33.71547329175894,0 25.88915927937728,-33.71553051112414,0 25.88902385406766,-33.71555339887021,0 25.888890341616047,-33.71557628661628,0 25.88883502431696,-33.715587731388666,0 25.888781618976566,-33.715595360337545,0 25.88867289723646,-33.715618248083615,0 25.888499326282954,-33.71564494985449,0 25.888323853263273,-33.71567165162537,0 25.888094975802517,-33.71570979906795,0 25.887517042677416,-33.715808989793004,0 25.886939109552316,-33.71590817062554,0 25.88658816531165,-33.715965389990686,0 25.885699334756566,-33.71608745766997,0 25.88548188857834,-33.7161179752643,0 25.88483529401367,-33.71623241309533,0 25.884268804761575,-33.71633159392786,0 25.88421540121982,-33.71634304859276,0 25.88406853113787,-33.71636593723815,0 25.8836622686988,-33.71641934167923,0 25.883326570664735,-33.71648800491744,0 25.883069077675827,-33.71652996638477,0 25.8827333787425,-33.71658718485065,0 25.882317585288376,-33.716644404215856,0 25.882020032898254,-33.71667493260202,0 25.881926568156643,-33.71668636478387,0 25.881764441975463,-33.71670925342926,0 25.881548911353207,-33.71674358414907,0 25.881213223211716,-33.71679700118062,0 25.88098242120185,-33.71685802287942,0 25.880795506107745,-33.71689618111384,0 25.880484596087285,-33.716953399579666,0 25.88032247889936,-33.71698391717399,0 25.880269075357603,-33.716995361047054,0 25.880213758058517,-33.71700298999593,0 25.879918119425724,-33.71705639533633,0 25.87951375725413,-33.71712124365041,0 25.879387874650718,-33.717132688422794,0 25.8793668880715,-33.717155575269544,0 25.879313483630426,-33.717167030833764,0 25.879244820392216,-33.7171746597827,0 25.87919141595114,-33.71718609196455,0 25.879082693311716,-33.71719754842809,0 25.878962515108014,-33.717208991401776,0 25.878909122358152,-33.71722043527484,0 25.878869062956937,-33.717235694071974,0 25.878706935876437,-33.717254766893916,0 25.878436086156512,-33.717289110204206,0 25.878275872833342,-33.717311997950276,0 25.878140446624343,-33.71732344182334,0 25.87800693597137,-33.71732725584815,0 25.87795351893982,-33.71733108156411,0 25.877844796300337,-33.71734251464528,0 25.877739900276254,-33.71735777344247,0 25.877688397001975,-33.71736922900669,0 25.877581574630028,-33.7173806728797,0 25.877419460140004,-33.717388301828635,0 25.8773107383999,-33.71739974570164,0 25.877257333059504,-33.717411189574705,0 25.877202014861155,-33.71742263344771,0 25.877095205979003,-33.71743408901193,0 25.876826257425876,-33.717456976758,0 25.87650201405677,-33.71746460570694,0 25.876254052082913,-33.71746461739815,0 25.875910725099914,-33.7175218367633,0 25.875534966765372,-33.717575252895585,0 25.875430059050018,-33.71759432571753,0 25.87526794366073,-33.717628658235924,0 25.875092458949894,-33.71766298895574,0 25.874970393069248,-33.71768587670181,0 25.87470144271748,-33.717746921782975,0 25.874464924616632,-33.7178041420475,0 25.874392445554975,-33.71780032712337,0 25.87418835880578,-33.71782321486944,0 25.87405866217756,-33.7178537432556,0 25.873972827284206,-33.717842300281916,0 25.87375729486331,-33.717849929230795,0 25.87359516778281,-33.71785755817973,0 25.873450200666298,-33.7178804459258,0 25.873276630612054,-33.717907160287155,0 25.873087799962036,-33.717930047133905,0 25.87281886489876,-33.717964391343514,0 25.872630034248743,-33.71798346416551,0 25.872565185035285,-33.71801016593639,0 25.87252512563407,-33.71801398086046,0 25.872389701223767,-33.71804449755547,0 25.87194719430761,-33.71817039185004,0 25.871584792704084,-33.71827720073219,0 25.871422665623584,-33.71832297712365,0 25.871277697607695,-33.71838019558953,0 25.87099730608088,-33.71850226416814,0 25.870755071889107,-33.71861670289849,0 25.870619646579485,-33.71865867515771,0 25.87055288630671,-33.71868537692853,0 25.870432718894904,-33.71872733839592,0 25.870177127972113,-33.71882270430433,0 25.86997495318161,-33.71889136664322,0 25.86987957558199,-33.718910452055695,0 25.86981282610111,-33.718929513186424,0 25.86974416196358,-33.71895241172439,0 25.869650687329397,-33.71898292931871,0 25.869488560248897,-33.71904396270867,0 25.869328346026407,-33.71908974989202,0 25.86919290902557,-33.71912408241042,0 25.869086087552944,-33.71915841402955,0 25.86897736581284,-33.71917368361858,0 25.868868643173414,-33.71921564418659,0 25.868788525270304,-33.71923471790785,0 25.868626397290427,-33.719284319116014,0 25.86846425941809,-33.71933772355703,0 25.868368892610363,-33.71937968502442,0 25.868222024326997,-33.71943690438957,0 25.86808850108349,-33.7194826906736,0 25.867710819099045,-33.7195856972221,0 25.867590651687294,-33.71960858496817,0 25.8673617634347,-33.71965818707565,0 25.867148133079922,-33.71967345666462,0 25.86701459814526,-33.719688714562494,0 25.86690778926311,-33.719700171026034,0 25.866825769293882,-33.71971161489904,0 25.866772363953487,-33.71971542892385,0 25.866583523410952,-33.71972687279691,0 25.866341276628646,-33.71974214328526,0 25.865950249604396,-33.71976123859025,0 25.865612626121845,-33.71978032400273,0 25.86535893726517,-33.71978414971869,0 25.865137677062194,-33.71979942020704,0 25.865101445175583,-33.71982230795311,0 25.865067100965973,-33.71984138077505,0 25.864832495723135,-33.719852824648115,0 25.864595954239974,-33.71986809513646,0 25.86437660779427,-33.71991388231976,0 25.864040886377836,-33.71997111337612,0 25.863892106135836,-33.719986382965146,0 25.86368991785548,-33.72001689966015,0 25.86346102870357,-33.72005505699525,0 25.863256930263162,-33.720093204437774,0 25.862921219638622,-33.7201466313619,0 25.862740008044966,-33.72018859192991,0 25.862650359126803,-33.7202305533973,0 25.86256262216733,-33.72027251396531,0 25.862314649401583,-33.72032211607274,0 25.862003740280443,-33.72039079010284,0 25.861923620578693,-33.72041367784891,0 25.86186831497082,-33.720432763261385,0 25.86183397166053,-33.720455650108136,0 25.86159935472648,-33.720478537854206,0 25.861277001732276,-33.72052813996163,0 25.861126306833626,-33.72055103939891,0 25.861032842991335,-33.720570112220855,0 25.860870705118998,-33.72059301075882,0 25.860744821616265,-33.72060064060702,0 25.860708577139178,-33.72062352835309,0 25.860674246419364,-33.720642601175086,0 25.860548353024114,-33.72065024181518,0 25.860386224144975,-33.72066931463712,0 25.860237443003655,-33.72068838835838,0 25.86010391886083,-33.72070747287154,0 25.860039058855534,-33.720711287795666,0 25.853838291803754,-33.716286464148936,0 25.856930384030022,-33.71263204293439,0 25.868231751394262,-33.69927320029791,0 25.88321775629447,-33.695656672917096,0 25.888018474972682,-33.694496865837664,0 25.907284534253904,-33.68984692119841,0 25.921116435575073,-33.686505496431494,0 25.928589443847784,-33.68724591276862,0 25.933312072594106,-33.687711492691164,0 25.93609491584772,-33.68798623827422,0 25.941950614829068,-33.68858141230231,0 25.956752515016603,-33.688829038829056,0 25.970010484296438,-33.689050425836456,0 25.981010451071484,-33.68923384976233,0 25.98592216407667,-33.68979077382511,0</coordinates></LinearRing></outerBoundaryIs></Polygon><Polygon><outerBoundaryIs><LinearRing><coordinates>26.085995932566277,-33.687330030856174,0 26.093278475221496,-33.68868801434036,0 26.097474814411214,-33.686956208761956,0 26.10593803291391,-33.6876390154282,0 26.10931225775454,-33.688710912878264,0 26.118273312163694,-33.68861558204344,0 26.120403899620328,-33.689409023307746,0 26.12236469687332,-33.688337136649466,0 26.123465279099378,-33.689397580334,0 26.124680300055843,-33.68862322268353,0 26.136845765719556,-33.690938709853526,0 26.137454226331556,-33.69133543138503,0 26.13785478437086,-33.691125626746214,0 26.16516326487283,-33.69632864455127,0 26.16717178644882,-33.697541671710724,0 26.17274911018336,-33.69836180485339,0 26.17603751092247,-33.69378437255068,0 26.18444732498409,-33.69643165199909,0 26.188735180084564,-33.697781993943806,0 26.202268275360666,-33.70204283520866,0 26.210740978113677,-33.70470919917017,0 26.218816915268462,-33.70724971380321,0 26.23073243685252,-33.71099559337188,0 26.24166952482875,-33.71443258009947,0 26.26100871697878,-33.72049781931884,0 26.265041016229986,-33.72174904877954,0 26.26952347382928,-33.72314144392243,0 26.27474606088208,-33.72430122761949,0 26.276371205966427,-33.72466366339728,0 26.279661543845236,-33.72539611713705,0 26.281286617883154,-33.72575848276773,0 26.282823969350773,-33.72610175309336,0 26.28882268841636,-33.727432941277186,0 26.293749530716298,-33.72860404204289,0 26.299933369829205,-33.73007269519866,0 26.308337480390435,-33.73206780968161,0 26.321206947043038,-33.714036566334414,0 26.32262999198059,-33.70324512536223,0 26.324281954848402,-33.690714257956586,0 26.345099746656047,-33.68858968606514,0 26.347974241618033,-33.68981419576846,0 26.357276833359208,-33.69378144615678,0 26.388801192620974,-33.70735395512088,0 26.40878175697253,-33.704527420104284,0 26.43155853299993,-33.701307920923796,0 26.43981017879679,-33.7001367104408,0 26.44015734858283,-33.69912585537389,0 26.46155682278919,-33.70524460065775,0 26.45932687913222,-33.71548302781946,0 26.464018992982176,-33.731542557043326,0 26.463515401414668,-33.7438827375982,0 26.446438014103137,-33.74018257686441,0 26.43090569174433,-33.736810361109235,0 26.42594065433775,-33.73573460556753,0 26.413486962253558,-33.74018236012779,0 26.40690054792202,-33.742535886821656,0 26.402048318774916,-33.74246915172995,0 26.380547300317687,-33.74217342496354,0 26.377489669212935,-33.74213145720097,0 26.373869347592347,-33.74208184879825,0 26.367345917280318,-33.74199025104923,0 26.362050890736043,-33.74191771982686,0 26.360517301132575,-33.74324518122012,0 26.359371089104513,-33.71985034971385,0 26.352864837642187,-33.71008879436232,0 26.341614896210558,-33.717796639003666,0 26.339631058326745,-33.71915586175356,0 26.341801658419854,-33.698568618347,0 26.338478921565013,-33.697725555190175,0 26.334692621967008,-33.701555358592884,0 26.329099179683453,-33.713001333344835,0 26.32091130301427,-33.729756317300144,0 26.322601309003232,-33.73065277680416,0 26.309685977825666,-33.739479475197584,0 26.354527974586404,-33.74846724396809,0 26.366199394986154,-33.75086289580594,0 26.372228769242383,-33.75210265980985,0 26.376448042043535,-33.75298004559261,0 26.379910059601627,-33.753697207260245,0 26.384787451779516,-33.75470809290414,0 26.384762652074812,-33.75499036401402,0 26.38902391871892,-33.75586772731373,0 26.389012474845913,-33.75606227315535,0 26.391501684055527,-33.75685571441966,0 26.394259851710842,-33.756947277095094,0 26.394420077624545,-33.75670695576133,0 26.40105414523265,-33.75808405703356,0 26.404207144044506,-33.75788952288315,0 26.42833818216144,-33.75642499581687,0 26.435048530265533,-33.75601691225063,0 26.439324987358304,-33.75575374903627,0 26.44240170477491,-33.75556684383474,0 26.447841738005877,-33.755235006590226,0 26.45156318389388,-33.75500612912953,0 26.454060057126014,-33.75485353306408,0 26.463025145893823,-33.754308042082414,0 26.462870613587995,-33.756585382709204,0 26.47067021515835,-33.755830122162365,0 26.47729282720229,-33.75519688432871,0 26.490852865267584,-33.754033365747205,0 26.504449161299817,-33.752450469913185,0 26.509183475836778,-33.75189746509591,0 26.526218948445774,-33.75048248168116,0 26.528080644905913,-33.75032610576511,0 26.529034334566916,-33.75230580317026,0 26.529806825224853,-33.753907863557004,0 26.529885018578796,-33.754071881012464,0 26.529787738913058,-33.7540795099614,0 26.52967329029019,-33.754094768758534,0 26.52951497813376,-33.75411384158048,0 26.52935666507807,-33.75412528635286,0 26.52924411582336,-33.75413290271126,0 26.529175452585093,-33.7541443591748,0 26.529106777655727,-33.75415580304781,0 26.52898279711843,-33.75415961707262,0 26.52883401597711,-33.75419012297573,0 26.528767265596855,-33.75420156684879,0 26.528586054003256,-33.75422065136195,0 26.528359055226247,-33.754266415162874,0 26.528267504241967,-33.754281673960065,0 26.528132067241188,-33.754296944448356,0 26.52799474076471,-33.754327448552885,0 26.52795086733869,-33.754335078401084,0 26.527813529171112,-33.75436559509609,0 26.527655205323526,-33.754396111791095,0 26.527565556405364,-33.75442280277008,0 26.527338568420248,-33.754487662775375,0 26.52705627482726,-33.75455631522175,0 26.52693229429002,-33.75460208981457,0 26.52688460504055,-33.7546173486117,0 26.526815930111127,-33.754636422332965,0 26.52665760626354,-33.75468601184991,0 26.52643062996964,-33.754724158393174,0 26.526339068193465,-33.754739404599775,0 26.526045319036314,-33.754781366067164,0 26.525780185407257,-33.75483095558411,0 26.525614244302005,-33.75490343374645,0 26.525261362022263,-33.755025502325054,0 26.52506297877352,-33.75507889507492,0 26.524807376159515,-33.755181901623416,0 26.524454505571043,-33.75531540238387,0 26.524250406231317,-33.755380249798634,0 26.5241264247947,-33.75544509901209,0 26.52396811263833,-33.7555137622503,0 26.523798344917736,-33.75558622872143,0 26.523729669988313,-33.75560911556818,0 26.52367816671409,-33.75561674631575,0 26.52347026414145,-33.755719740273776,0 26.523176514984243,-33.75584943780126,0 26.523075422193017,-33.75589901562705,0 26.52300674726365,-33.755925729988405,0 26.522892310331883,-33.75596769055642,0 26.52275688412294,-33.75601345525672,0 26.52268249310265,-33.75602489912973,0 26.522404001843256,-33.75614696680901,0 26.52207592196629,-33.756272849412426,0 26.521961470645408,-33.75629955208262,0 26.521803146797822,-33.75633006787831,0 26.521688708966792,-33.75634914159957,0 26.52162194689538,-33.75635295562438,0 26.52155328365717,-33.75635677144783,0 26.521225202880885,-33.756387288142776,0 26.520925725941538,-33.75640636096472,0 26.520849433754393,-33.75643687765972,0 26.520734995024043,-33.756501726873125,0 26.520670135018747,-33.756539873416386,0 26.520488935116305,-33.756703901663684,0 26.520334425293527,-33.75685647524608,0 26.52030772262333,-33.75686410419502,0 26.520261935440033,-33.756890806865215,0 26.520193273101142,-33.75693659404851,0 26.520101722116806,-33.75700143067144,0 26.51986900724893,-33.757157829969856,0 26.519657278061004,-33.75729514475506,0 26.519588614822794,-33.7573256740406,0 26.519306310437912,-33.75747824672368,0 26.51902210308765,-33.75763083199723,0 26.518840903185207,-33.75771856805744,0 26.51870546618437,-33.75777577573143,0 26.51855669583489,-33.757829191863664,0 26.518432702707116,-33.75786732671571,0 26.518341140930943,-33.757894041077066,0 26.518068378353007,-33.75799702424325,0 26.5179653825964,-33.75802372601407,0 26.517786083860756,-33.75806568658214,0 26.51762584715516,-33.75809620417641,0 26.517272965774794,-33.75814960861749,0 26.51693345281666,-33.75819538410963,0 26.516593917375417,-33.75821064290682,0 26.516208604643452,-33.75822971572876,0 26.51608463579737,-33.758237344677696,0 26.51602740474101,-33.758241159601766,0 26.515937755822847,-33.7582487885507,0 26.515722211710738,-33.758267862271964,0 26.515451361990813,-33.758313637764104,0 26.515315925889297,-33.75834796938324,0 26.51528159427022,-33.75835559923149,0 26.515054607184425,-33.75841281769732,0 26.514919181874802,-33.75844715021577,0 26.514758945169262,-33.75848529585966,0 26.514682652982117,-33.758500542965635,0 26.514638777757455,-33.75852344240292,0 26.51458155929157,-33.75853870030073,0 26.514444221123938,-33.75857684684394,0 26.514331683560385,-33.75861117756375,0 26.514217245729355,-33.758641695158076,0 26.51410469737391,-33.758664582904146,0 26.51402457767216,-33.75868365572609,0 26.513957817399387,-33.75870272944735,0 26.513925397738944,-33.758706531781,0 26.513879623146124,-33.758710359295605,0 26.51378997422796,-33.75872561719342,0 26.513675522907135,-33.75874849324833,0 26.51349431131348,-33.75877520671037,0 26.513335988365213,-33.75879428043163,0 26.512836236902842,-33.75883242607557,0 26.512666479974143,-33.75885149979683,0 26.512485269279807,-33.75887438664358,0 26.512336487239168,-33.7589010902131,0 26.51217817418342,-33.75893160690811,0 26.512086612407302,-33.75895067973005,0 26.51197407394443,-33.758981197324374,0 26.511848179649803,-33.759007899095195,0 26.511737544152368,-33.75903078684132,0 26.51159067586906,-33.75906511756108,0 26.51149912488478,-33.75908419218166,0 26.511363688783263,-33.7591223378256,0 26.511127170682414,-33.759187186139684,0 26.51093451521575,-33.759240603171236,0 26.510821965960986,-33.759274923099156,0 26.510661751738496,-33.759320697691976,0 26.510379434763138,-33.75945422093548,0 26.510142916662346,-33.75956865966589,0 26.510051354886173,-33.75961062113322,0 26.509982691647963,-33.7596373229041,0 26.50984726723766,-33.759694543168564,0 26.509732816816097,-33.75974413268551,0 26.509687041323957,-33.7597670213309,0 26.509618366394534,-33.759801352050715,0 26.509526815410254,-33.759835671978635,0 26.50942572171971,-33.75986618867364,0 26.509336072801545,-33.75989670626791,0 26.50921016681582,-33.75995773965792,0 26.509097630151587,-33.75998824556103,0 26.508960291983954,-33.760026392104294,0 26.508767635617914,-33.760079784854156,0 26.508664640760628,-33.760102672600226,0 26.508573078984455,-33.76012174632149,0 26.508460542320222,-33.760148448092366,0 26.50817633496996,-33.76022853182127,0 26.50792836220421,-33.76027812223748,0 26.50777956757304,-33.76031626878074,0 26.507621256315986,-33.76038110630299,0 26.507552581386562,-33.76040399314974,0 26.50733703727451,-33.76048027364567,0 26.507142479741674,-33.76057562786292,0 26.50702994307744,-33.760636662152194,0 26.506915492655935,-33.76069768475031,0 26.506802955991702,-33.76077016291265,0 26.506610299625663,-33.76085407325684,0 26.506282208057485,-33.76099139883394,0 26.506032333225676,-33.76109438289939,0 26.5059541272812,-33.76111726974614,0 26.505853033590654,-33.761143973315654,0 26.505761471814537,-33.76116302275523,0 26.50551349814947,-33.761231685993494,0 26.5053036818195,-33.761277460586314,0 26.504992761906465,-33.76138425867657,0 26.504651324399163,-33.761491045974935,0 26.504517801155657,-33.76153300564363,0 26.504382375846035,-33.76159403993296,0 26.50431370091661,-33.76162074260316,0 26.504178264815096,-33.76166269237933,0 26.50397226430863,-33.76173516964235,0 26.503825395125943,-33.76176567464614,0 26.503768164069584,-33.761780934342596,0 26.50370140199817,-33.76180000716454,0 26.503552620856794,-33.761841956041394,0 26.5033962089679,-33.761887732432854,0 26.503228355004637,-33.761952579847616,0 26.502944135963162,-33.762074636735065,0 26.502593155749594,-33.76216999095226,0 26.502389057309188,-33.76221956877805,0 26.502343280917728,-33.76223101265106,0 26.502196412634362,-33.76226153024538,0 26.502024742847652,-33.76232636686831,0 26.501912193592887,-33.762375957284576,0 26.501797755761856,-33.7624484237557,0 26.50175196857856,-33.76247132319298,0 26.501721451883554,-33.76248657029896,0 26.501677577558212,-33.76251327206978,0 26.501631802066072,-33.76255141861304,0 26.501574571909032,-33.762593379181055,0 26.501347584823236,-33.762715436068504,0 26.501170187254388,-33.76281843092579,0 26.501097698300214,-33.76282986310764,0 26.500960370924417,-33.762883268448036,0 26.500870710315098,-33.762921402400764,0 26.50073338383862,-33.76297480684184,0 26.500630365598965,-33.76300532443611,0 26.5001554048481,-33.76323419020565,0 26.499737675153654,-33.763455427026315,0 26.499508775209847,-33.763566039141324,0 26.499466813742515,-33.763649961176725,0 26.49928178722473,-33.763787286753825,0 26.499070058036807,-33.76397038872244,0 26.499003296864714,-33.76404668180885,0 26.49892700377825,-33.7641420360261,0 26.498827823845033,-33.76425647385713,0 26.498741978159842,-33.76434802484141,0 26.49868094387051,-33.764424317927876,0 26.498640885368616,-33.764470093420016,0 26.498347136211407,-33.76452349786109,0 26.49766427198864,-33.76513765208091,0 26.496844071396822,-33.76540847931784,0 26.495291403575493,-33.76556487771688,0 26.492941434599572,-33.765217748400346,0 26.492601909950224,-33.76518341588189,0 26.492546592651195,-33.76517961264898,0 26.49247791772177,-33.76516815798408,0 26.49238635504628,-33.76516052813582,0 26.49223948676297,-33.76514908426276,0 26.492104060554027,-33.76514145531388,0 26.49196862535183,-33.765122394183095,0 26.491562352120923,-33.76508423594868,0 26.49147078764679,-33.76507660699974,0 26.491142707769825,-33.76504609030479,0 26.49084705744582,-33.76503464643173,0 26.49072306521731,-33.765030843198815,0 26.490587639907687,-33.76502321335056,0 26.490496088923408,-33.765019386735275,0 26.490280544811355,-33.7649926849644,0 26.490112689049397,-33.7649926849644,0 26.489963908807397,-33.764981241091334,0 26.489828484397094,-33.76496979721833,0 26.489809410675832,-33.76494309544745,0 26.48961102742703,-33.764924033417344,0 26.488607723967334,-33.76487061728511,0 26.48781422514645,-33.76483628476666,0 26.48721528295897,-33.764908762929,0 26.486614427913594,-33.764992673273184,0 26.485181939195172,-33.76558393974699,0 26.483751351643605,-33.76617518283837,0 26.483495749029657,-33.766304892057065,0 26.48320199987245,-33.76644603255829,0 26.48315622258167,-33.76647272443665,0 26.48272323588867,-33.76661005001375,0 26.482295964387276,-33.76673211769304,0 26.481939268082783,-33.76690759071272,0 26.481573040763294,-33.767086866965315,0 26.481466220189986,-33.76714790125459,0 26.481330794880307,-33.767220379416926,0 26.481172481824615,-33.76729667070475,0 26.48091306518586,-33.76741873928336,0 26.48081005863736,-33.767468328800305,0 26.480674635126377,-33.76752554816545,0 26.480352267743,-33.76770102118513,0 26.48004327327851,-33.76789174131079,0 26.479850617811792,-33.76800617914182,0 26.47971519340149,-33.76808628625304,0 26.47963507369974,-33.76812824682111,0 26.479545424781577,-33.768177837237374,0 26.479398543008415,-33.76826175927272,0 26.47912769508713,-33.76841052872288,0 26.47875002389452,-33.76860508715498,0 26.478507767219753,-33.7687042670882,0 26.478463903686247,-33.7687347837832,0 26.47841811740227,-33.76876530137753,0 26.478372341910074,-33.76878055927534,0 26.478303666980707,-33.76884159266535,0 26.478214018062545,-33.76891788575176,0 26.478168241671085,-33.76894840334609,0 26.478124368245062,-33.76904378004639,0 26.478051889183405,-33.76916583603446,0 26.478015645605637,-33.76920017934475,0 26.477992746168354,-33.76935275292715,0 26.47791263905708,-33.769627405880044,0 26.47785732175805,-33.76978000194549,0 26.477845878784308,-33.76981813679754,0 26.47781344833203,-33.76984102364429,0 26.4777447841945,-33.769886810827586,0 26.47767993588036,-33.76994403109211,0 26.47749681142875,-33.77000506538144,0 26.47730988284485,-33.77006228384727,0 26.477191618398535,-33.7700699127962,0 26.477056193088913,-33.77008136925974,0 26.47667088215553,-33.77008899820868,0 26.476253153360403,-33.77007376189454,0 26.47602616357665,-33.77006613294566,0 26.475833509009306,-33.77008139174279,0 26.475766746937893,-33.7700852057676,0 26.47562940877026,-33.77009666223114,0 26.475425309430534,-33.770115723361926,0 26.475087685947983,-33.77014243682396,0 26.474866426644326,-33.770172954418285,0 26.474681411817755,-33.77023780273237,0 26.474458227964874,-33.770310304277075,0 26.474277016371275,-33.77037132597587,0 26.47411871500674,-33.770424742108105,0 26.474027151431926,-33.770459062036025,0 26.473914614767693,-33.770501022604094,0 26.47381351028531,-33.77053535512249,0 26.473666642002,-33.77057351335691,0 26.47342248326106,-33.77031412999304,0 26.472930361646945,-33.770195888029775,0 26.472337136449767,-33.77053920422088,0 26.471242258623363,-33.77088634612795,0 26.470422057132282,-33.77134791597348,0 26.469327179305935,-33.772038350689286,0 26.4684611906315,-33.77238164439734,0 26.467776415349363,-33.772538042796384,0 26.46681698531569,-33.772499886360606,0 26.46572019463133,-33.77230915364447,0 26.464213314892618,-33.77204594456464,0 26.46220285887489,-33.77151572407138,0 26.460877190729832,-33.77105799343161,0 26.459780400944794,-33.770829115071535,0 26.458092308713105,-33.770794771761246,0 26.45548864998125,-33.770836733228634,0 26.454027545734675,-33.77068795118794,0 26.453068104909164,-33.77038278064077,0 26.452291766052213,-33.77026834280974,0 26.451469663394278,-33.77038276984888,0 26.449962782756245,-33.77019585295619,0 26.448227002174463,-33.76985251428209,0 26.44672012333507,-33.7695893052022,0 26.444343451689008,-33.7690171115504,0 26.4428365611584,-33.76863945294838,0 26.441327767662415,-33.76814355238298,0 26.439866675106998,-33.767685796562205,0 26.438540996170104,-33.76738444183849,0 26.437465202856856,-33.76695719282014,0 26.43717146629018,-33.76691523225213,0 26.43694446661391,-33.76686945586067,0 26.43685291562963,-33.76684274239858,0 26.43670603565505,-33.76680079262246,0 26.436604953655717,-33.76677026513556,0 26.436366522696915,-33.76669398374031,0 26.43608421741277,-33.7665986178319,0 26.435992654737277,-33.76656047218802,0 26.435958334809357,-33.76654139936602,0 26.435891572737944,-33.76651851072063,0 26.43558637970773,-33.76640407199028,0 26.435212524338567,-33.76626293058973,0 26.434987438419626,-33.76617518283837,0 26.43483865727825,-33.76611796437254,0 26.434771895206836,-33.76607981782928,0 26.434728032572707,-33.76607981782928,0 26.434573536239782,-33.766018784439325,0 26.43441330942676,-33.765953935225866,0 26.434346547355347,-33.765931048379116,0 26.434211122045724,-33.76589290093659,0 26.434008935563952,-33.765839497394836,0 26.433873498563173,-33.76580134995231,0 26.43373807505219,-33.765763192617214,0 26.43364652406791,-33.76574413058711,0 26.43355687425037,-33.76572505776517,0 26.433488199321005,-33.76570597325201,0 26.433421438148912,-33.76568691212128,0 26.43328601193997,-33.765660208551765,0 26.433015163119308,-33.76559153542098,0 26.432809150921628,-33.765561017826656,0 26.432719501104145,-33.76554577072068,0 26.432605063273115,-33.76552288297461,0 26.432515412556313,-33.76550379756219,0 26.43246962627228,-33.765492353689126,0 26.432107224668755,-33.765416074092514,0 26.431891680556646,-33.765355028112026,0 26.431655164254494,-33.76529017889857,0 26.431494926649577,-33.76525203325468,0 26.431212633056646,-33.76517574106754,0 26.430907440026374,-33.76511852080307,0 26.430634677448438,-33.76506510467078,0 26.4304191450276,-33.765030773951025,0 26.43022648956088,-33.76500025725602,0 26.42998997056077,-33.76495448086456,0 26.42960467221792,-33.76486674480441,0 26.42925370279619,-33.76478282276901,0 26.428990471233305,-33.764729406636775,0 26.42870816594916,-33.764660744297885,0 26.428526966046718,-33.76461115388162,0 26.428391541636415,-33.764576822262484,0 26.428301890919556,-33.76455774944054,0 26.42818744139737,-33.764527231846216,0 26.428074903833817,-33.76451578797321,0 26.42770103587418,-33.76445474199272,0 26.427355796033225,-33.76439370860271,0 26.427056329885772,-33.76436700593251,0 26.426737791815697,-33.76432886028863,0 26.42668247541593,-33.76432123133969,0 26.42657946796811,-33.76430977487615,0 26.426421155811738,-33.76429451697834,0 26.426251388091146,-33.7642754441564,0 26.426150306091813,-33.764260185359205,0 26.42610451890846,-33.76425255641033,0 26.425991982244227,-33.76423348268901,0 26.425879444680675,-33.764214409867066,0 26.42578788200518,-33.764202954302846,0 26.4255952256392,-33.7641571896026,0 26.42538350904175,-33.76409996034482,0 26.42531674786966,-33.76408088572424,0 26.425202297448095,-33.7640618129023,0 26.425032541418716,-33.764023667258414,0 26.424931436037014,-33.76401603830948,0 26.424612897966938,-33.76398169499919,0 26.424137948007967,-33.76390921683685,0 26.423924305961975,-33.76386344134471,0 26.423800325424736,-33.76384818344684,0 26.423687787861184,-33.76383291295855,0 26.423642013268363,-33.7638214807767,0 26.423415025283248,-33.76377952020863,0 26.42310984394419,-33.763714660203334,0 26.422962963969667,-33.76370321633033,0 26.422894300731457,-33.763691771557944,0 26.422804650913974,-33.76366887302004,0 26.422724533010864,-33.763645996065804,0 26.42262343932032,-33.76362692324386,0 26.422442227726663,-33.7635963948577,0 26.422034039839104,-33.76353536056837,0 26.42199016641308,-33.76352773161949,0 26.421944390021622,-33.76351628774643,0 26.42174030237311,-33.76348195612735,0 26.421536203033384,-33.76344761281706,0 26.421377879185854,-33.763424725070934,0 26.421219566130105,-33.76337896127001,0 26.421162335073745,-33.76336750570579,0 26.421095584693546,-33.763352246908596,0 26.420925816972954,-33.76333698901078,0 26.420574849349862,-33.76329502844277,0 26.420302085872606,-33.76325688189951,0 26.41962303657391,-33.763157690275136,0 26.419361717869037,-33.76311953204072,0 26.41930639967063,-33.76311190309178,0 26.419203404813345,-33.76308901534571,0 26.41910231202212,-33.76306612759964,0 26.41892110042852,-33.763047043086544,0 26.418615907398248,-33.76301271056809,0 26.418274480682783,-33.76297075000008,0 26.41817337709972,-33.76295548041105,0 26.418095182846457,-33.76294022161392,0 26.41786819486134,-33.76289826104585,0 26.417641207775546,-33.76286010281143,0 26.417494327801023,-33.762844844913616,0 26.41726735240644,-33.762821957167546,0 26.41714335927867,-33.7628066866792,0 26.417007945660202,-33.76277998490832,0 26.416872508659424,-33.76275709716225,0 26.416645521573628,-33.762726579567925,0 26.41641853538715,-33.76269986610589,0 26.41632888467035,-33.762684608208076,0 26.416191547402036,-33.762661719562686,0 26.416101897584554,-33.762650264897786,0 26.415909253809048,-33.762627377151716,0 26.415672735708256,-33.76257778673545,0 26.415558286186013,-33.76256252793826,0 26.415399961439107,-33.76254727004044,0 26.41527979492662,-33.76252055567903,0 26.41503754994301,-33.76251674075496,0 26.414797205226876,-33.76251291503894,0 26.414711382024734,-33.76249385390821,0 26.41453208328909,-33.76248239834399,0 26.41423642127387,-33.762463312931516,0 26.414066664345114,-33.76245568398258,0 26.413805344740922,-33.76244424010957,0 26.413454365426674,-33.76243278544467,0 26.41328843511326,-33.762413711723354,0 26.41269520901676,-33.76242132988045,0 26.41210390836875,-33.762428947138176,0 26.412050503927674,-33.762413689240304,0 26.411915066926838,-33.762402232776765,0 26.411756754770465,-33.762394603827886,0 26.411348556091014,-33.76238315995482,0 26.411043373852692,-33.76236026141686,0 26.41071529307635,-33.76233737277147,0 26.410646619046304,-33.76232592889846,0 26.410307106088112,-33.76228395663924,0 26.409956125874544,-33.76222292324928,0 26.40980924590002,-33.762207652760935,0 26.409650945434862,-33.76218475422297,0 26.409513594676696,-33.762161878168115,0 26.4093114090943,-33.762119916700726,0 26.409052003247382,-33.76208177105684,0 26.40888223462747,-33.76205888331077,0 26.40873536634416,-33.76203980958951,0 26.40842827214709,-33.7619978490215,0 26.408008628695313,-33.761929174092074,0 26.40769200258393,-33.76187958367581,0 26.40744402981818,-33.76185289269682,0 26.407228485706128,-33.76183381987482,0 26.40705872967669,-33.76181474705288,0 26.406911861393326,-33.76179185930681,0 26.40670776115428,-33.76176515663661,0 26.4064349985764,-33.76173081422564,0 26.406276673829495,-33.76170793727147,0 26.40608403005399,-33.76168885275831,0 26.405857042968194,-33.761669790728206,0 26.4056872752476,-33.761646903881456,0 26.405393536882286,-33.761616374595974,0 26.405042569259194,-33.76161257226238,0 26.404872813229815,-33.76160874564704,0 26.404819396198207,-33.761589672825096,0 26.404430282031967,-33.76161257226238,0 26.403989663692073,-33.761627830160194,0 26.403863770296823,-33.76162020121126,0 26.403762676606277,-33.76161257226238,0 26.403692099610737,-33.76160111669816,0 26.403453668651935,-33.76157441402796,0 26.403241952054486,-33.76154772304892,0 26.403129415390254,-33.76152865022698,0 26.402992064632144,-33.76150576158159,0 26.40286999695286,-33.76148667796775,0 26.402541917075837,-33.761463801912896,0 26.40211084144221,-33.761433272627414,0 26.401792303372133,-33.76139895269944,0 26.40155577268081,-33.76136461028847,0 26.401445138082693,-33.761345536567205,0 26.401365030971476,-33.76133027777007,0 26.40118381937782,-33.76128831720206,0 26.400968275265768,-33.76124635663399,0 26.400674537799716,-33.761162434598646,0 26.400392244206728,-33.76107469943781,0 26.40021676039521,-33.7610289230463,0 26.400153813247925,-33.76103655199523,0 26.400018377146466,-33.761032737970424,0 26.399917295147077,-33.761002221275476,0 26.399837176344647,-33.76097551770596,0 26.399699838177014,-33.76096025980809,0 26.399463319176903,-33.76092974311314,0 26.399295465213584,-33.76090685536701,0 26.398975014285554,-33.760918299240075,0 26.398545839818723,-33.76094500101095,0 26.398295964986858,-33.76095263085921,0 26.398126197266265,-33.760952619167995,0 26.397866791419347,-33.76093354634605,0 26.397605471815098,-33.76091447262479,0 26.397492935150865,-33.76091065770066,0 26.397243047728523,-33.76090302875173,0 26.39706184782608,-33.76089158487872,0 26.396995085754668,-33.76089539980279,0 26.396905436836505,-33.76089157408683,0 26.396735669115913,-33.76088394423857,0 26.396565913086476,-33.76087251205672,0 26.396350368974424,-33.7608458102859,0 26.39615772519892,-33.760822921640454,0 26.396022289097402,-33.76079239325429,0 26.395884961721663,-33.76078096107244,0 26.395841076604427,-33.76077332043235,0 26.395671319675728,-33.760742802838024,0 26.39538711322473,-33.76072754494021,0 26.395183024676896,-33.760742802838024,0 26.39501324616441,-33.76074661776215,0 26.39488926472785,-33.76074661776215,0 26.39481107137391,-33.760738988813216,0 26.394685165388125,-33.76072373001608,0 26.39446963296723,-33.760697028245204,0 26.394299865246637,-33.76065505598598,0 26.394109134329142,-33.760624550082866,0 26.39388213465287,-33.76057876289957,0 26.39381728723805,-33.76055207192053,0 26.39365516105687,-33.76054061725563,0 26.393462503791568,-33.7605100996613,0 26.393281302989806,-33.76048339699116,0 26.39310009229547,-33.76046051014441,0 26.393031417366046,-33.76044143732241,0 26.392884548183417,-33.76044143732241,0 26.39271479215398,-33.760433806574895,0 26.392329480321337,-33.76041472296106,0 26.392091049362477,-33.76040328987989,0 26.391854531261686,-33.76039566093095,0 26.391616100302826,-33.76039183521499,0 26.391356693556588,-33.76038420626605,0 26.391164038089926,-33.76037277318488,0 26.391017158115403,-33.760361317620664,0 26.390856943892913,-33.76034224479872,0 26.390675732299258,-33.76031554302784,0 26.390540295298422,-33.760288840357646,0 26.390448755106036,-33.76027359325167,0 26.390166439029997,-33.7602316209925,0 26.389668602224276,-33.760220177119436,0 26.389407282620027,-33.760220177119436,0 26.389216540910695,-33.7602316209925,0 26.389023883645336,-33.760243064865506,0 26.388829327911196,-33.76023924994138,0 26.388636672444534,-33.76023543501725,0 26.38836582182529,-33.760220177119436,0 26.388106405186477,-33.76020873324637,0 26.387879417201418,-33.76018584460098,0 26.387494106268036,-33.76014007000816,0 26.387234701320438,-33.76012099718622,0 26.38712024999961,-33.760109553313214,0 26.386904705887503,-33.760075233385294,0 26.386702520305107,-33.760059962896946,0 26.38664530004064,-33.76005233394801,0 26.386397327274892,-33.76001037338,0 26.38617035098099,-33.75997605255276,0 26.386124576388113,-33.75996459698854,0 26.386012027133404,-33.75994552416654,0 26.38589948956985,-33.759930266268725,0 26.38580792689436,-33.759918833187555,0 26.385603839245846,-33.75989976036561,0 26.38544551539826,-33.75987687172022,0 26.38537876501806,-33.75986924277129,0 26.385264314596498,-33.759861602131195,0 26.385142236125375,-33.75985397318226,0 26.38507737522076,-33.759861602131195,0 26.384903804267196,-33.759827282203275,0 26.384713060759225,-33.75979295058414,0 26.384348736405116,-33.759766247913944,0 26.38381846914706,-33.75970902944812,0 26.383547607735977,-33.75968232677792,0 26.38318519623988,-33.75964418023466,0 26.382925777802427,-33.75961366264039,0 26.382664459097555,-33.759606033691455,0 26.38229060282913,-33.75956407312344,0 26.38201974321663,-33.75954118627669,0 26.381758422713062,-33.75952974240363,0 26.381600098865533,-33.75952211255543,0 26.381453229682847,-33.75950685375824,0 26.381329249145608,-33.75949540988523,0 26.38101261314165,-33.75948015198736,0 26.380854288394744,-33.75946107916542,0 26.38076272571925,-33.75944963529241,0 26.380684532365308,-33.75944200544416,0 26.38062921416696,-33.75943819141935,0 26.380571994801755,-33.759422931722895,0 26.38050331987239,-33.75941530277396,0 26.380333562943633,-33.75939241502789,0 26.380175239096047,-33.759377157130075,0 26.38008367731993,-33.75936952818114,0 26.37998259532054,-33.759361898332884,0 26.379677402290326,-33.759358084308076,0 26.379383653133118,-33.759358084308076,0 26.379124235595043,-33.7593504553592,0 26.37886291689017,-33.759339010586814,0 26.378637841763066,-33.75933138073856,0 26.378307849028033,-33.75933138073856,0 26.378160979845404,-33.75931992607366,0 26.37787867456126,-33.759327555022594,0 26.377470475881807,-33.759369515590606,0 26.37730071895305,-33.75938477528712,0 26.377245400754703,-33.759388589311925,0 26.37719009514683,-33.759392404235996,0 26.376488147310226,-33.75941529198212,0 26.376408040198953,-33.75941909521504,0 26.37627261488933,-33.75942672416397,0 26.3759101908027,-33.75943816803698,0 26.375648872097827,-33.759445796985915,0 26.37550200381446,-33.759445796985915,0 26.37528837256042,-33.75944198206179,0 26.37499271144452,-33.759430539088044,0 26.374777168231788,-33.759422909239845,0 26.37465318679517,-33.759411453675625,0 26.37451776328419,-33.759400022393095,0 26.374267874962527,-33.759400022393095,0 26.373997025242545,-33.759400022393095,0 26.373815825340102,-33.759396194878434,0 26.373657500593254,-33.75939239164552,0 26.373407625761388,-33.75940000980256,0 26.373157750929522,-33.75942289844795,0 26.373022313928686,-33.75942671157344,0 26.37277435285415,-33.759434342321015,0 26.37258169738749,-33.75943052739689,0 26.372469159823936,-33.75942671157344,0 26.372389051813343,-33.75942671157344,0 26.371971322118895,-33.75946867304077,0 26.371303716693205,-33.7595335096637,0 26.370987080689247,-33.75956784218215,0 26.370874544025014,-33.75957928605516,0 26.370647556039955,-33.7595983588771,0 26.37044345670023,-33.7596174316991,0 26.370218381573125,-33.75964032034449,0 26.369993296553446,-33.75966702211531,0 26.369834984397073,-33.759686084145414,0 26.369291360408,-33.7597433026113,0 26.36922269716979,-33.75975093156018,0 26.369121602579924,-33.75976619125669,0 26.369041484676814,-33.759777635129694,0 26.36894040267748,-33.75978907900276,0 26.36879353439417,-33.759800521976445,0 26.368635209647266,-33.75980433690057,0 26.3684883413639,-33.7598081518247,0 26.36831858533452,-33.759815780773636,0 26.367921829628813,-33.75985011239271,0 26.36759374885247,-33.75988443321995,0 26.367412536359495,-33.759895876193696,0 26.36726758093414,-33.75991113499083,0 26.366880367035378,-33.75989969111782,0 26.366462638240193,-33.75989969111782,0 26.366269993565425,-33.75991112329967,0 26.365861794885973,-33.75994928063477,0 26.365568058319298,-33.75998741638614,0 26.365510827262938,-33.7599797874372,0 26.365077849563136,-33.76003700590303,0 26.364187082767728,-33.760193394409555,0 26.363298207246544,-33.760326905961904,0 26.36232732164865,-33.76046040582304,0 26.361427013945615,-33.76058628932577,0 26.360831885782943,-33.7606320531267,0 26.36058010978428,-33.760628248994465,0 26.360511434854914,-33.76063587884266,0 26.360398898190624,-33.76065112594864,0 26.360337874693187,-33.76065112594864,0 26.360322605104216,-33.760685456668455,0 26.360179550845658,-33.76068164264365,0 26.359948748835734,-33.76069308561739,0 26.359847656044565,-33.760696913131994,0 26.359325017735443,-33.76072741813579,0 26.359281156899897,-33.760731233059914,0 26.357671258022208,-33.76078462580978,0 26.35609381387843,-33.76082657468663,0 26.355697058172723,-33.760883794951155,0 26.35452207413448,-33.7610287386853,0 26.35350540225255,-33.76115462128871,0 26.353062882745917,-33.76125760535416,0 26.352826352953855,-33.761311008895916,0 26.352780579260354,-33.761318638744115,0 26.352700458659285,-33.761333896641986,0 26.352599365868116,-33.76135297036325,0 26.35250781488378,-33.76136822916038,0 26.35234949103625,-33.76138730198238,0 26.352282728964838,-33.761402559880196,0 26.35212440511725,-33.761429262550394,0 26.351988992398105,-33.76145215029646,0 26.351817321712076,-33.76147885296666,0 26.351647553991484,-33.76150935797045,0 26.35160367966614,-33.76151698691939,0 26.351399580326415,-33.761551319437785,0 26.351172604931833,-33.761597094030606,0 26.35108295511435,-33.76160853790367,0 26.351014281084247,-33.76163524057387,0 26.350924631266764,-33.761661943244064,0 26.35080064983015,-33.761707718736204,0 26.35073578982491,-33.76174585268893,0 26.35034857682541,-33.76182214577534,0 26.349961376416445,-33.761902252886614,0 26.349749634637988,-33.761986174022695,0 26.349551274771557,-33.762062467109104,0 26.349465439878202,-33.76207391098217,0 26.349263254295806,-33.76213111865616,0 26.349114472255167,-33.76217307922417,0 26.348933270554028,-33.7621959561784,0 26.348843621635865,-33.76220358512728,0 26.34858231372283,-33.762283692238555,0 26.348345785729464,-33.76238287217177,0 26.348227532074986,-33.76235997273449,0 26.345894757237318,-33.76316480121454,0 26.343794698166846,-33.763778896978465,0 26.340462445585445,-33.76473627475923,0 26.33895559012842,-33.7651215290353,0 26.33731138301397,-33.76519781043055,0 26.336308067863115,-33.7653923328898,0 26.335669078864953,-33.765659356893764,0 26.33493853798319,-33.76588822176399,0 26.333660559087605,-33.76596832887526,0 26.33197056568912,-33.766273476040055,0 26.330374037032243,-33.766506156733726,0 26.328455155381164,-33.76700203481602,0 26.325122845243186,-33.767349141649504,0 26.32293120101417,-33.76742541225292,0 26.320831106870116,-33.76720032633398,0 26.31758849331436,-33.766704413178104,0 26.315808885171975,-33.76620848923034,0 26.314803668854267,-33.76601775831284,0 26.313661126060197,-33.765941442743326,0 26.313079367219075,-33.76584226281011,0 26.311150966244156,-33.76552182267392,0 26.30854735337772,-33.76490765676289,0 26.305989492621052,-33.764449891049594,0 26.30325042117005,-33.76410656316733,0 26.30087757613927,-33.763843343295605,0 26.298228164398324,-33.76361445414369,0 26.296675544240998,-33.76334743013973,0 26.295534902613724,-33.76300411394868,0 26.29533271613201,-33.76300792887275,0 26.295098099197958,-33.76300792887275,0 26.294428604296684,-33.762973597253676,0 26.293823946018335,-33.76291637788847,0 26.293160167207986,-33.76292782176154,0 26.292019525580713,-33.762622652113635,0 26.29087699537706,-33.76216108226811,0 26.289461689105735,-33.761817766077,0 26.288092170017705,-33.761627035159506,0 26.286722650929676,-33.761512597328476,0 26.286129437423654,-33.761245573324516,0 26.285444683725245,-33.76074968355101,0 26.28453103008303,-33.76036823340718,0 26.282978398234548,-33.759448908640195,0 26.282018979892086,-33.75879661956827,0 26.281919788267658,-33.758541040336695,0 26.281627962760297,-33.75846856217436,0 26.281400975674558,-33.758357938368135,0 26.28115111163453,-33.75822442591647,0 26.28107099373142,-33.75816720655132,0 26.280960369925197,-33.758090914364175,0 26.28067996580785,-33.757999364279215,0 26.279691943628336,-33.7576903913984,0 26.278959501579777,-33.75727077132899,0 26.278274737089475,-33.75677485817312,0 26.278091634221596,-33.75669475106184,0 26.277956209811293,-33.75662990184844,0 26.277696804863695,-33.756519267250326,0 26.277452656914647,-33.756431531190174,0 26.277164636438897,-33.75637431092565,0 26.276849924084786,-33.756328523742354,0 26.276746916636966,-33.756324709717546,0 26.276395960705088,-33.75625223155521,0 26.27613273993404,-33.75619118557472,0 26.276090767674816,-33.75615685485491,0 26.27586760720436,-33.75601571435368,0 26.275648259859338,-33.75586694310488,0 26.275575781697,-33.75582116761274,0 26.2754975766519,-33.75577157809579,0 26.275314474683285,-33.755641880568305,0 26.275123732973952,-33.755508369015956,0 26.274992121689138,-33.75542443618872,0 26.274877672166895,-33.75534814310225,0 26.274810910095482,-33.75530618163492,0 26.27464116485794,-33.755229890347096,0 26.27444850939122,-33.75514978323588,0 26.274252049792324,-33.755069676124606,0 26.274099465418033,-33.755004826911204,0 26.27403270424594,-33.754970483600914,0 26.273918253824434,-33.754917090850995,0 26.273815247275877,-33.75488275923192,0 26.273759940768684,-33.75486367381944,0 26.273658847977515,-33.75482552817556,0 26.273555853120172,-33.754791196556425,0 26.27351006593682,-33.75477593775929,0 26.273420417018656,-33.75474923598841,0 26.273216327571504,-33.75469201572389,0 26.273046570642748,-33.75464624113107,0 26.272842483893555,-33.75460045394777,0 26.272651741284903,-33.754558493379704,0 26.272447652737014,-33.75450127401456,0 26.2722321104236,-33.7544364248011,0 26.27209668511398,-33.75439446423309,0 26.271970800711927,-33.75435631768988,0 26.271926929084543,-33.75434105979201,0 26.27172475339472,-33.754268581629674,0 26.271408117390763,-33.75414650225923,0 26.27122691479036,-33.754074024996214,0 26.270990397588832,-33.75397484416368,0 26.270776768133373,-33.75385659140852,0 26.27067568613404,-33.75380700099225,0 26.270551704697482,-33.75374978162705,0 26.270347605357756,-33.75365823064277,0 26.270166404555994,-33.75358575337975,0 26.26998520465355,-33.75352471909048,0 26.2698154369329,-33.75346367310999,0 26.26978301817178,-33.75345224092814,0 26.26974867486149,-33.753444611979205,0 26.269691456395662,-33.75341790930901,0 26.269624706914726,-33.75339119584697,0 26.269340498665144,-33.75328821178152,0 26.268966643295983,-33.753158504361465,0 26.26880833024029,-33.75310509902107,0 26.268651919250715,-33.75304024980761,0 26.268289506855297,-33.75291435641236,0 26.268018646343478,-33.75282280542808,0 26.26788323092643,-33.75276558606288,0 26.26761428417194,-33.75262825868714,0 26.267166036883168,-33.75239938212576,0 26.266828425991093,-33.752235352979085,0 26.26673877617361,-33.752181949437386,0 26.26651179987971,-33.75205988085878,0 26.26621804982318,-33.7518729531742,0 26.266059738566128,-33.75177758726579,0 26.265991076227237,-33.75173182256549,0 26.265947201901895,-33.751705109103455,0 26.265844195353395,-33.75164026078937,0 26.26569732617071,-33.7515601536781,0 26.265516113677734,-33.751480045667506,0 26.26521283530417,-33.751354152272256,0 26.264997314574487,-33.75127024192807,0 26.26488476621904,-33.75122065241112,0 26.2647493400101,-33.75116723627889,0 26.264682579737325,-33.7511443476335,0 26.264545253260906,-33.75109094319242,0 26.264228616357627,-33.75096506058901,0 26.26396729675338,-33.75088494178658,0 26.263866215653366,-33.750854425091575,0 26.263730778652587,-33.750804834675364,0 26.263595354242227,-33.750755245158416,0 26.263425585622315,-33.75067895297127,0 26.263290172903226,-33.750614092965975,0 26.263103245218645,-33.750518737849404,0 26.262901047045716,-33.750446260586386,0 26.262765633427307,-33.7503852146059,0 26.262674071651134,-33.75035088388614,0 26.262527201569128,-33.750305108394,0 26.26235744643907,-33.750232630231665,0 26.262176233946093,-33.75016778191758,0 26.2620179208904,-33.750114364885974,0 26.261893940353104,-33.750064775369026,0 26.261747060378582,-33.75001137092801,0 26.261634533606866,-33.74996178141106,0 26.26144950798846,-33.74988930324872,0 26.261243506582616,-33.74977867944244,0 26.261146228715518,-33.74972145917798,0 26.260759014816756,-33.74959556488335,0 26.260341295914145,-33.74944679543324,0 26.260295521321325,-33.74943535066086,0 26.26011430882835,-33.74936668832197,0 26.25990067937289,-33.74929038444367,0 26.259778610794285,-33.749256051925215,0 26.25946198738086,-33.74917214158103,0 26.259145337887105,-33.74908439382966,0 26.259057600927576,-33.749053877134656,0 26.258943163096546,-33.74900811333373,0 26.258828711775664,-33.74895852291746,0 26.25878483834964,-33.748939439303626,0 26.2587390628575,-33.748920364683045,0 26.258649413939338,-33.74889366291217,0 26.258468213137576,-33.74884788831935,0 26.258298445416983,-33.748805926852015,0 26.258105800742157,-33.74876016305103,0 26.25797036464064,-33.74872581974074,0 26.25783494023034,-33.748699117070544,0 26.25772050060067,-33.74867623022379,0 26.257630851682507,-33.74864571262947,0 26.257518314118954,-33.748607566086264,0 26.25734854639836,-33.748538902848054,0 26.25705480893231,-33.748428279041775,0 26.256864054632445,-33.748351986854686,0 26.256726728156025,-33.74829858241361,0 26.256591303745722,-33.748268064819285,0 26.256478755390276,-33.74822610425127,0 26.25628802357346,-33.74814981206413,0 26.255902724331293,-33.74805063123159,0 26.255441120311502,-33.74792856355231,0 26.255238932930467,-33.74787515911129,0 26.255101594762834,-33.74783318595274,0 26.254945196363792,-33.74779122628405,0 26.254775416052667,-33.74773400601953,0 26.254502665165887,-33.74764628075121,0 26.25436532699831,-33.74761193834024,0 26.254344341318358,-33.74758906228533,0 26.254254690601556,-33.74754327510203,0 26.254119267090573,-33.747470796939695,0 26.254039148288086,-33.74742503313871,0 26.253779742441225,-33.74730676779308,0 26.253545126406493,-33.747177071164856,0 26.25330859571517,-33.747016856942366,0 26.253079706563256,-33.74685282779575,0 26.25302821587951,-33.74684519884681,0 26.252892778878675,-33.74678798038093,0 26.252812671767458,-33.74676509173554,0 26.252768798341435,-33.74673076011646,0 26.25249603396486,-33.74663538341616,0 26.25215651111415,-33.74651331483756,0 26.25200963024031,-33.746471355168865,0 26.25193715297729,-33.74646754024474,0 26.25171779484043,-33.7463950620824,0 26.251467919109245,-33.74631494417929,0 26.251208514161647,-33.74620813439782,0 26.25095099779037,-33.746078436870334,0 26.250861347972887,-33.7460441052512,0 26.250762157247834,-33.74599451483493,0 26.2506610752485,-33.74594874024211,0 26.250390213837363,-33.74584192956138,0 26.250163215060354,-33.74575037857704,0 26.250071674867968,-33.74570841800903,0 26.249858032822033,-33.74560922728398,0 26.249688265101383,-33.745529120172705,0 26.249596714117104,-33.74549097273018,0 26.249398341660196,-33.74552149032445,0 26.24904737403716,-33.74543374257314,0 26.24885662063656,-33.74538415305619,0 26.248749810855145,-33.745365079334874,0 26.24837022680458,-33.74522392714249,0 26.247990654445175,-33.745078970817815,0 26.247960126059013,-33.74505226904694,0 26.247756025819967,-33.74494926159912,0 26.24737072477916,-33.74480812109789,0 26.24714373859274,-33.74474707601672,0 26.247076978319967,-33.74472800319472,0 26.246485665081423,-33.74457160299704,0 26.246418914701223,-33.74455633340801,0 26.246191926716108,-33.744522012580774,0 26.246123264377218,-33.74451437194068,0 26.24597448233652,-33.74450292896694,0 26.24579328243408,-33.74446858475733,0 26.245600615276203,-33.74440756305853,0 26.24506654388597,-33.74420919060162,0 26.24465453118171,-33.744041335738984,0 26.244545807642965,-33.74402226291704,0 26.244376053412168,-33.74396885757665,0 26.244057512644133,-33.74386203700334,0 26.243695090356198,-33.743743772557025,0 26.243489088051035,-33.74367892424294,0 26.243330775894663,-33.74363316044196,0 26.24319535238368,-33.74359500220754,0 26.243037026737454,-33.743545411791274,0 26.2429244891739,-33.74350726614739,0 26.24283484025574,-33.74348437840132,0 26.242518215043617,-33.743419518396024,0 26.242405665788908,-33.743396629750634,0 26.242314115703948,-33.743373742903884,0 26.242224455094572,-33.74333941128475,0 26.24202036744606,-33.743259291583,0 26.241837264578123,-33.7431868152193,0 26.241463396618485,-33.74306093171657,0 26.241118145086375,-33.74295030791035,0 26.240906427589607,-33.74285494200194,0 26.240658465615752,-33.74275575127683,0 26.240566914631472,-33.742721418758435,0 26.240202589378043,-33.742580265666675,0 26.240021375985748,-33.74251541825191,0 26.23985162085569,-33.74245819888671,0 26.23965896538897,-33.742397164597435,0 26.239555969632363,-33.74237046192724,0 26.23951209620634,-33.742359018054174,0 26.239386213602927,-33.74232087241029,0 26.23920500200927,-33.742263653045086,0 26.239069565907812,-33.74221786586179,0 26.238978014024156,-33.74218735995868,0 26.2384782652598,-33.74202333171132,0 26.238409612813427,-33.74198898840103,0 26.238340937884004,-33.741977545427346,0 26.238308508331045,-33.741962285730835,0 26.23822840121977,-33.741935583960014,0 26.238058645190392,-33.74188599444307,0 26.237934663753776,-33.74185167361583,0 26.237865988824353,-33.74182877417854,0 26.237751550094004,-33.74178681271121,0 26.23761612478438,-33.74174103811839,0 26.237433012023928,-33.741687632777996,0 26.23719649392308,-33.741622785363234,0 26.23704771188244,-33.74158463792065,0 26.237001924699143,-33.74157318325575,0 26.236912274881604,-33.74154267825196,0 26.236788294344365,-33.741512160657635,0 26.23668530038634,-33.74148164396263,0 26.236616624557655,-33.74146257024137,0 26.236526975639492,-33.74143968339462,0 26.23641252521793,-33.74141678305807,0 26.236322887091603,-33.74139009297835,0 26.236254223853393,-33.7413671926418,0 26.235981461275458,-33.741283283196935,0 26.235640034559992,-33.74116120382644,0 26.235527487103923,-33.74112688389852,0 26.235413048373516,-33.7410887256641,0 26.235243279753604,-33.74102770306598,0 26.235050635978098,-33.74096665798481,0 26.23480076114629,-33.740875107000534,0 26.234550886314423,-33.740783556016254,0 26.23446123559762,-33.74074922529644,0 26.234165586172935,-33.74065004356464,0 26.234007273117186,-33.74059282509876,0 26.233892834386836,-33.74053941975836,0 26.233862306000674,-33.74050890306336,0 26.233642947863814,-33.74043261087627,0 26.23339498588996,-33.740329616018926,0 26.233225228961203,-33.74025713785659,0 26.232860916298307,-33.74011218333055,0 26.23256526507498,-33.73999011475195,0 26.23241838510046,-33.739955783132814,0 26.232326844908016,-33.73992908136199,0 26.232223826668303,-33.739902377792475,0 26.23203308495897,-33.739856603199655,0 26.231895756683855,-33.7398222706812,0 26.2318289973104,-33.73979938293513,0 26.231636352635633,-33.73974215277809,0 26.2313769350975,-33.73966205735803,0 26.230888640098726,-33.73949421418661,0 26.230469009237424,-33.739341628912996,0 26.230354569607755,-33.739299668344984,0 26.230264920689592,-33.73926533582653,0 26.230062734207877,-33.739181414690506,0 26.229805230427075,-33.73907841983316,0 26.229566800367593,-33.73899068287369,0 26.2293169354283,-33.73888387399154,0 26.229179597260668,-33.73881902477814,0 26.229110934022458,-33.73878850808313,0 26.228952621866085,-33.73870840097186,0 26.228738978920774,-33.73862065322055,0 26.228601653343674,-33.73859395055035,0 26.22843188472376,-33.73854054610928,0 26.22829455914666,-33.73849477061714,0 26.228044685214115,-33.7383841351197,0 26.22777192083754,-33.73826206744042,0 26.227634594361064,-33.73820866299934,0 26.227499158259604,-33.73816288660788,0 26.22739806456906,-33.738132369912876,0 26.22719396522939,-33.73806369588283,0 26.22675335858071,-33.737892036887956,0 26.226411932764563,-33.73775851364445,0 26.226320381780226,-33.73772800864066,0 26.226150614059634,-33.7376784074325,0 26.225935081638738,-33.73761737314322,0 26.225833977156356,-33.737590671372345,0 26.225788201664216,-33.73757541167589,0 26.225732895157023,-33.737544894980886,0 26.225584114015703,-33.73749149143913,0 26.225299894974228,-33.73739992786432,0 26.225118695071785,-33.73733889357504,0 26.224992811569052,-33.737289304058095,0 26.22454075115479,-33.7371595948394,0 26.22412111939417,-33.737033713135304,0 26.224029556718733,-33.73700700956579,0 26.22392656186139,-33.73697267884603,0 26.22360992585743,-33.73685059857621,0 26.223199824212543,-33.73672090194805,0 26.22300719212825,-33.736659867658716,0 26.222961404944954,-33.73664078404488,0 26.222757304705908,-33.73656830588254,0 26.222553217057396,-33.73649964264433,0 26.2225074415652,-33.736492012796134,0 26.22204393637861,-33.73639663609583,0 26.221609045820855,-33.73631652898456,0 26.22150986588764,-33.73627075439174,0 26.221395417264773,-33.73622496720844,0 26.221351552831948,-33.7362058943865,0 26.221202771690628,-33.736152489046106,0 26.22107306337125,-33.736106712654646,0 26.220819385306413,-33.73594268530661,0 26.220445517346775,-33.73571380694659,0 26.220241428798943,-33.73562607088644,0 26.2201269792767,-33.73558028370309,0 26.219957222348,-33.73552687926201,0 26.219673015897,-33.73543532827773,0 26.219388820237896,-33.73532470357219,0 26.219230496390367,-33.73525985615737,0 26.21876510082882,-33.735099652726774,0 26.218265373648137,-33.73492800632238,0 26.21815282529269,-33.7348936747033,0 26.218061285999624,-33.734863158008295,0 26.21794873674486,-33.73482502315625,0 26.217733205223283,-33.73476016315095,0 26.217359359746695,-33.734641932878844,0 26.21697407219574,-33.73451985260908,0 26.216768070789897,-33.73445501598616,0 26.216678420972414,-33.73442449929115,0 26.216327465040536,-33.734332959998085,0 26.215953619563948,-33.73423378006487,0 26.21563508239319,-33.734142239872426,0 26.215129614839896,-33.73398202564994,0 26.214666133035678,-33.7338218231186,0 26.214404826021962,-33.73375697480452,0 26.2143494961324,-33.73374171600733,0 26.21405385660023,-33.73368832325747,0 26.213680012922282,-33.733623474943386,0 26.213294712780794,-33.73354336783211,0 26.21302004813674,-33.73348996339104,0 26.212875092711386,-33.73344419869079,0 26.212558454908844,-33.73335646263058,0 26.212331480413525,-33.733287811083585,0 26.212184611230896,-33.733234394951296,0 26.211900404779897,-33.73312378193697,0 26.21149031572554,-33.732982653126896,0 26.211196578259546,-33.73288347229436,0 26.2111202860724,-33.732849140675285,0 26.210849436352476,-33.73279193300124,0 26.21038785481568,-33.73266605039788,0 26.21015895487193,-33.73259738715967,0 26.209569577873765,-33.73242191503931,0 26.209457041209532,-33.73238758342018,0 26.209323517966027,-33.73234563364406,0 26.20917664878334,-33.732299847360025,0 26.209073653926055,-33.73226934055759,0 26.2089954488809,-33.73223499814662,0 26.208850492556223,-33.73216253167544,0 26.208715055555444,-33.732124374340344,0 26.20862540663728,-33.73209004182195,0 26.208510967906875,-33.73204426722913,0 26.208327855146422,-33.7319832329398,0 26.20814665524398,-33.73191075477746,0 26.207988342188287,-33.73184973307866,0 26.207851015711867,-33.73178869878939,0 26.20776135510249,-33.73175435637842,0 26.20750003639762,-33.73166280539414,0 26.207263529987983,-33.7315827090747,0 26.20708041542889,-33.7315178598613,0 26.207036542002868,-33.73149878703936,0 26.206967878764658,-33.73147970342552,0 26.206853428343095,-33.731437752750026,0 26.206761877358815,-33.73140342203027,0 26.206672228440652,-33.731369090411135,0 26.206557788810983,-33.73133093217672,0 26.20646813989282,-33.73129279822399,0 26.206399464963397,-33.73126228062972,0 26.206307925670274,-33.73122794901059,0 26.206094295315552,-33.731144026975244,0 26.205832964919466,-33.73104103301722,0 26.20567275069692,-33.73097618380382,0 26.20556022482458,-33.73093803815988,0 26.205470575906418,-33.73090752056555,0 26.205333237738785,-33.7308464871756,0 26.20512913839906,-33.730758751115445,0 26.204957479404186,-33.73069391269388,0 26.204856386613017,-33.73065195302519,0 26.204698073557324,-33.7306099915578,0 26.204516873654825,-33.73056420527382,0 26.204209780357132,-33.73047648000551,0 26.20367761103296,-33.730369671123356,0 26.203338098074823,-33.73031245085889,0 26.20322364765326,-33.730293367245054,0 26.202962339740225,-33.73023997269655,0 26.202611382909026,-33.73016748374232,0 26.2021002010635,-33.73004161283012,0 26.2016805702022,-33.72993480394803,0 26.201363944090815,-33.72983943803956,0 26.20106829376681,-33.729732639949304,0 26.20095385503646,-33.72969067938129,0 26.200829873599844,-33.72966396501994,0 26.2007745446096,-33.72965253283809,0 26.20063721813318,-33.72960675824527,0 26.20050179282356,-33.72956479677788,0 26.20043694540874,-33.729549537980745,0 26.200370183337327,-33.72953045436691,0 26.199303956112715,-33.72920240686557,0 26.19923528118335,-33.72918333404357,0 26.19901019526435,-33.72910705264832,0 26.198806106716518,-33.72903839030943,0 26.198737444377628,-33.72902313241161,0 26.19858866233693,-33.72895828319815,0 26.198464680900372,-33.72891632173082,0 26.198418906307552,-33.72890106383301,0 26.19835214423614,-33.72887817608694,0 26.198214806068506,-33.72882858567067,0 26.198102269404274,-33.7287866251026,0 26.198033606166064,-33.728763749047744,0 26.197942055181727,-33.72873703468633,0 26.1978276038609,-33.728691270885406,0 26.197753225431086,-33.728645496292586,0 26.197442304618733,-33.728553945308306,0 26.19710279166054,-33.72844333229392,0 26.197034115831855,-33.728424246881445,0 26.196717492418372,-33.72835178130964,0 26.196421841195047,-33.7282869329955,0 26.196194864901145,-33.7282220837821,0 26.196047984926622,-33.72818775216297,0 26.1959011049521,-33.7281381617467,0 26.195763777576303,-33.72810764505175,0 26.19567412865814,-33.72808857222981,0 26.19551391533497,-33.72804662335295,0 26.195185833659366,-33.72796270131755,0 26.194834866036274,-33.72787877928221,0 26.19469752786864,-33.727844447663074,0 26.194651764067714,-33.72782918886594,0 26.194585001996302,-33.727817745892196,0 26.1944838966146,-33.727791043222,0 26.194358014910506,-33.727752896678794,0 26.194268365992343,-33.727726194907916,0 26.194222589600884,-33.727714761826746,0 26.194052833571448,-33.727661345694514,0 26.193768615429292,-33.727577436249646,0 26.19354164003471,-33.72750877301144,0 26.193406214725087,-33.727466812443424,0 26.193337550587557,-33.727447738722105,0 26.193144896020158,-33.72737527225098,0 26.192906465061355,-33.72731422716981,0 26.19256695210322,-33.72722268697737,0 26.192385741408884,-33.72718072730868,0 26.192225526287075,-33.727146394790225,0 26.19197756431322,-33.727123507044155,0 26.19152358924231,-33.72702051218687,0 26.190865525623565,-33.726845050858344,0 26.190751086893215,-33.7268145233715,0 26.19032192501686,-33.72668866325114,0 26.189988117357757,-33.72658184177851,0 26.189867949946006,-33.72652082007971,0 26.18973062436885,-33.72646360071457,0 26.189549423567087,-33.72639112255223,0 26.18918701117167,-33.72626141423285,0 26.188960035777086,-33.72620419486765,0 26.18880171103018,-33.726162234299636,0 26.188618598269727,-33.726120272832304,0 26.188460285214035,-33.726093571061426,0 26.1881875226361,-33.72604398064516,0 26.187951003635987,-33.72602872184797,0 26.187792692378878,-33.72602109289909,0 26.18767824195737,-33.726021081207875,0 26.187531372774686,-33.726013452259,0 26.187395948364383,-33.725998194361125,0 26.187250981247814,-33.72598292297346,0 26.187081224319115,-33.72596003612671,0 26.186945799908813,-33.72594477732957,0 26.186785584786946,-33.72592570360831,0 26.186219084743016,-33.725795995288934,0 26.185526691303835,-33.72560907929551,0 26.185267284557597,-33.72553660113317,0 26.185175721882104,-33.7255137133871,0 26.185076541948888,-33.72549463966584,0 26.184862911594166,-33.72544122443293,0 26.18452148577802,-33.725357302397526,0 26.184271610946155,-33.72530008303238,0 26.184113297890462,-33.725269566337374,0 26.183863434749753,-33.72522759407815,0 26.18364980439503,-33.72519327415023,0 26.183525822958416,-33.72517420042897,0 26.18327594812655,-33.72513222816974,0 26.183094735633574,-33.725101710575416,0 26.183026084086578,-33.72509026670241,0 26.182936435168415,-33.72507119388047,0 26.18284487339224,-33.725059750007404,0 26.18270944808262,-33.72504067718546,0 26.1824252407323,-33.72497964289619,0 26.18214294713937,-33.7249262267639,0 26.182030409575816,-33.724884266195886,0 26.181847296815363,-33.72483467577962,0 26.181736673009084,-33.72478127133854,0 26.18162603661233,-33.724754568668345,0 26.18153448562805,-33.724724051973396,0 26.181250280076426,-33.724640129937995,0 26.180761985077595,-33.72454475323775,0 26.18046824671228,-33.72448371894842,0 26.18042247211946,-33.724472275075414,0 26.180344266174984,-33.72446083120235,0 26.180231727712112,-33.72444175838041,0 26.18012873375409,-33.72441887063434,0 26.179947532952326,-33.724384539015205,0 26.179789210004117,-33.72435020739613,0 26.179686215146774,-33.72432731965006,0 26.179587035213558,-33.7243082351369,0 26.179522175208263,-33.72430443190399,0 26.179468769867867,-33.7243082351369,0 26.179260867295227,-33.72425102656359,0 26.179022436336425,-33.72419762212252,0 26.17878401616946,-33.72414421768144,0 26.178545585210657,-33.72410225711343,0 26.178455936292494,-33.72408701000745,0 26.17817174063339,-33.72403359387522,0 26.17782078380219,-33.7239725712771,0 26.177651016980917,-33.72393823965797,0 26.177458383097928,-33.72389246416583,0 26.177254295449416,-33.723839071415966,0 26.177048294043573,-33.723797109948634,0 26.176708770293544,-33.72367122824454,0 26.176481793999642,-33.723583502976226,0 26.17632348094395,-33.723514839738016,0 26.176052631224024,-33.7233508105914,0 26.175859975757305,-33.723236383552205,0 26.17579132421031,-33.72319442298419,0 26.175644455027623,-33.72311430418176,0 26.17550711685999,-33.723053281583645,0 26.175213380293314,-33.7229769893965,0 26.17482617808571,-33.72290832615829,0 26.174690752776087,-33.72288545010338,0 26.174644965592734,-33.72287399363984,0 26.174461865422813,-33.722843488636045,0 26.174295923418185,-33.72280534299216,0 26.17402124708292,-33.7227938991191,0 26.17374659413008,-33.72278245524609,0 26.17360352818031,-33.72274430870283,0 26.17338799575947,-33.72269853321069,0 26.173183897319063,-33.722641313845486,0 26.173067544831383,-33.722599353277474,0 26.173048482801278,-33.72260698222641,0 26.17301605324832,-33.722599353277474,0 26.17297980877123,-33.72259555004456,0 26.17294739001011,-33.722587921095624,0 26.172764277249655,-33.722496370111344,0 26.172537300955753,-33.722381931380994,0 26.172356089362097,-33.72230945321866,0 26.172106226221388,-33.7222408016716,0 26.171947913165695,-33.722195015387626,0 26.17185634959094,-33.72217595335752,0 26.1717209260799,-33.72215305392024,0 26.171631277161737,-33.72214162083907,0 26.171516836632748,-33.72211873399232,0 26.171450076359974,-33.72210347519518,0 26.171358525375695,-33.72208821729737,0 26.171280320330595,-33.722076773424305,0 26.171211645401172,-33.72206532865198,0 26.1711315382899,-33.722053884778916,0 26.170927448842747,-33.72202718300804,0 26.170858774812643,-33.7220119242109,0 26.170452499783096,-33.721947075896765,0 26.1703285192458,-33.72192800307482,0 26.170225524388513,-33.721908941044774,0 26.170111085658107,-33.721878411759235,0 26.169906986318438,-33.72183264885763,0 26.16977156100876,-33.72180213216262,0 26.16969335596366,-33.721775428593105,0 26.169489268315147,-33.721706766254215,0 26.1692851680761,-33.72164191704081,0 26.169115411147345,-33.721607586321,0 26.168955186132962,-33.72158088275148,0 26.168785429204263,-33.7215732538026,0 26.168636647163567,-33.72156945056963,0 26.16845734932724,-33.72155799590473,0 26.168276136834322,-33.721550366056476,0 26.167934711018177,-33.72150460225555,0 26.16759518636883,-33.72146264168754,0 26.167471204932212,-33.721443568865595,0 26.16729000502977,-33.72142068111947,0 26.16718699938059,-33.7213977933734,0 26.167120236409858,-33.72138634860107,0 26.166666273929422,-33.72133294416,0 26.166574722945143,-33.72131768626218,0 26.166395424209497,-33.721279551410134,0 26.166143635620358,-33.7212185171208,0 26.16586325488538,-33.72115366880672,0 26.165760249236143,-33.72111552226352,0 26.165533262150404,-33.721054488873506,0 26.16538639296772,-33.721008713381366,0 26.165090741744393,-33.72092480303718,0 26.16489808717705,-33.72084850995071,0 26.16467110998377,-33.72076458881469,0 26.164501353954392,-33.72072644227143,0 26.164230493442574,-33.72066540888147,0 26.164081711401934,-33.72062726233827,0 26.16403783707659,-33.72062344831346,0 26.163946286092255,-33.72060437459214,0 26.163833749428022,-33.72057386868903,0 26.163765075397976,-33.72055098094296,0 26.163629650088353,-33.7205204525568,0 26.163492322712557,-33.72047086303985,0 26.16335880036837,-33.72043654311193,0 26.163017373652906,-33.72033354825459,0 26.162630160653464,-33.72021529460011,0 26.162494724551948,-33.72016953079918,0 26.162324967623192,-33.72011612635811,0 26.162199085019836,-33.720081793839654,0 26.161859561269807,-33.71997879898237,0 26.161792799198395,-33.71995972616037,0 26.16172412516829,-33.719940653338426,0 26.161338824127483,-33.719837670172296,0 26.16102219891542,-33.719784254040064,0 26.160953524885315,-33.71976900693409,0 26.16083907536307,-33.71973467531495,0 26.160657886252523,-33.71968889982281,0 26.160499562404937,-33.71964312433067,0 26.160430886576194,-33.719620235685284,0 26.16031834991196,-33.71958973068149,0 26.160112349405438,-33.71953251221561,0 26.159908259958286,-33.71947146623512,0 26.159772836447303,-33.71942950476779,0 26.159568723617724,-33.71936466814486,0 26.159454285786694,-33.71932652160166,0 26.15936463596921,-33.71929981983078,0 26.159286430924112,-33.71927311716058,0 26.15920632381284,-33.71925023031383,0 26.158956448980973,-33.71917393722737,0 26.158809579798344,-33.7191243468111,0 26.158605492149775,-33.719063313421145,0 26.15842619341413,-33.719002279131814,0 26.158176317682944,-33.718910728147534,0 26.158006561653565,-33.71884968306637,0 26.15784823690666,-33.71879247539238,0 26.157667037004217,-33.7187314411031,0 26.15746293676517,-33.71867040681377,0 26.157235962269908,-33.71862844624576,0 26.157066205341152,-33.7185902997025,0 26.156953656086387,-33.71856359703236,0 26.156864007168224,-33.718548339134486,0 26.156761012310938,-33.718525451388416,0 26.156568367636112,-33.71847586097215,0 26.156238374001816,-33.718399568785,0 26.156011398607234,-33.71834997926811,0 26.15592174878975,-33.718327090622665,0 26.155807299267508,-33.71829275900359,0 26.155694773395112,-33.71826605723271,0 26.155603210719676,-33.71823935456251,0 26.155366692618827,-33.71815924655192,0 26.15498139337666,-33.71804099379676,0 26.154788737010676,-33.717983775330936,0 26.154720083664984,-33.717964701609674,0 26.15462852278813,-33.71794181386355,0 26.15450454225089,-33.717915112092726,0 26.154300442011845,-33.71786552077714,0 26.15415357372848,-33.717831190057325,0 26.154063923910996,-33.71780067336232,0 26.153926585743363,-33.71776634084392,0 26.1538369368252,-33.71774345399717,0 26.15379116133306,-33.71772819519998,0 26.153451636683712,-33.7176366442157,0 26.153087323121497,-33.717537464282486,0 26.152782141782495,-33.717449728222334,0 26.152465504879217,-33.717358177238054,0 26.15234152434192,-33.71732765964373,0 26.15224997335764,-33.717312400846595,0 26.15179599828673,-33.717220849862315,0 26.15149081694767,-33.71716744632056,0 26.15116083500459,-33.71710641203123,0 26.15109217176638,-33.71709496815822,0 26.151002521948897,-33.71707589533628,0 26.150413123367002,-33.71698434435194,0 26.150186135381887,-33.71694619690942,0 26.14980274899773,-33.71686990472227,0 26.14921336030841,-33.71675929170789,0 26.148828071858077,-33.71668300042006,0 26.148738422939914,-33.71666774072361,0 26.14796783434815,-33.716557116917386,0 26.14783240903847,-33.716534230070636,0 26.147685540755162,-33.7165113531164,0 26.14762832228928,-33.71649989755218,0 26.147424232842127,-33.716461762700135,0 26.14717435801026,-33.71641217318319,0 26.146825314037073,-33.71635113889391,0 26.1465201210068,-33.716301549376965,0 26.1464743473133,-33.71629392042803,0 26.146359895992475,-33.71627484670677,0 26.14624737012008,-33.716255773884825,0 26.146110031952446,-33.71622144226569,0 26.145928832050004,-33.716190924671366,0 26.14586206997859,-33.716175677565445,0 26.14563509458401,-33.7161260880485,0 26.145284126061597,-33.7160421660131,0 26.14486450599219,-33.71593536792284,0 26.144683306089746,-33.71588195179061,0 26.144523080176043,-33.71584381783788,0 26.144410555203024,-33.71581711516768,0 26.144261773162327,-33.715786597573356,0 26.144071029654356,-33.71574463700534,0 26.143933704077256,-33.7157255641834,0 26.143844054259773,-33.71571030628559,0 26.1437982661771,-33.71570267643733,0 26.143617067173977,-33.71566071586932,0 26.143435867271535,-33.71563401319912,0 26.14339009088002,-33.715626384250186,0 26.143231777824326,-33.71558824939814,0 26.14271106496375,-33.71551958615993,0 26.142064457808544,-33.71543186089161,0 26.14178026304876,-33.715393703556515,0 26.141736388723416,-33.715382271374665,0 26.141599062246996,-33.71535556870447,0 26.141282426243038,-33.71529453531451,0 26.141190875258758,-33.71527547328441,0 26.14094101121873,-33.71521061327911,0 26.140693048345554,-33.71514576496503,0 26.14036306730179,-33.71507711341803,0 26.139989221825203,-33.71500082033157,0 26.13989957290704,-33.71498174661025,0 26.139842354441157,-33.714966488712435,0 26.13974125985129,-33.71493598280932,0 26.139649698075175,-33.71491308427136,0 26.13960393427419,-33.71490545532248,0 26.139399834035146,-33.71487494941931,0 26.139184290822413,-33.71482153328708,0 26.138982116031855,-33.71477194287081,0 26.13862923375217,-33.71469184835007,0 26.13842513531182,-33.71464988688274,0 26.13819815901786,-33.71461174033948,0 26.137904423350506,-33.71455833589846,0 26.137688878339134,-33.714524004279326,0 26.137542009156448,-33.714504930558064,0 26.137168152888023,-33.71444389716805,0 26.13682291304707,-33.71437904795465,0 26.136679847097298,-33.714371419005715,0 26.136498647194855,-33.71435997513271,0 26.136429983057326,-33.71433708828596,0 26.136363221885233,-33.71433327336183,0 26.13629454695581,-33.71432182858945,0 26.136035141108948,-33.71426079519949,0 26.135693715292803,-33.714188317037156,0 26.135546836217543,-33.7141539863174,0 26.135434309445884,-33.71412728274788,0 26.13531985902432,-33.71410439590113,0 26.135216865066297,-33.71408532307913,0 26.13503565167406,-33.71405480638418,0 26.13487925327496,-33.71403192942995,0 26.134347083950843,-33.71395945216693,0 26.13382826056585,-33.7138907880294,0 26.1337805722157,-33.7138793333645,0 26.133668034652146,-33.71386790118265,0 26.133532610241843,-33.713829742948235,0 26.13341815982028,-33.71381068091813,0 26.133236959917838,-33.71378015343129,0 26.13302141580573,-33.71374201767992,0 26.13289743436917,-33.71371912993385,0 26.132264173153146,-33.71360469210282,0 26.13200286613943,-33.71355891571136,0 26.13172056085523,-33.71350932619441,0 26.131651885925862,-33.71349788232135,0 26.131585136444926,-33.71349025337247,0 26.13151646061624,-33.71347880860009,0 26.13138103620588,-33.71345592085402,0 26.13118839243043,-33.71342921908314,0 26.131052956328915,-33.713413960286005,0 26.130972849217642,-33.71340251731226,0 26.130848867781083,-33.713391073439254,0 26.130576105203147,-33.71336055584493,0 26.130328143229292,-33.71333385317473,0 26.130179361188596,-33.713326224225796,0 26.130043925087136,-33.713314792044,0 26.129727298076375,-33.71330716309507,0 26.12940876090562,-33.71329953324681,0 26.129172242804827,-33.713284262758464,0 26.1289948461353,-33.713276633809585,0 26.128731625364253,-33.71323848816564,0 26.1284130747037,-33.71320034162244,0 26.128344424055967,-33.713192711774184,0 26.128188013965712,-33.71316981323622,0 26.127993453734973,-33.713143122257236,0 26.127745481868544,-33.71310496402282,0 26.127518505574642,-33.713074459019026,0 26.127430757823277,-33.713063004354126,0 26.127215214610544,-33.7130324867598,0 26.126944364890562,-33.71299435190775,0 26.12638929702848,-33.71292186295358,0 26.125880016349697,-33.71287608656212,0 26.125653029263958,-33.71283412599405,0 26.12547182756282,-33.71280742422323,0 26.12526772912247,-33.712773091704776,0 26.124882428980982,-33.712704429365886,0 26.12453145955925,-33.71264338428472,0 26.12446279722036,-33.712635766127676,0 26.12427013995506,-33.71261669330573,0 26.124088940951935,-33.71259379386845,0 26.123974491429692,-33.71257091691422,0 26.123816178374,-33.71253657360393,0 26.123657866217627,-33.712506068600135,0 26.123566302642814,-33.71248698408698,0 26.123251580396186,-33.71242213487358,0 26.122866280254698,-33.71234204035284,0 26.12268315490371,-33.71230388211842,0 26.12255918515831,-33.712277191139435,0 26.12243520372175,-33.71225810662628,0 26.122231105281344,-33.71221614605827,0 26.12207279222565,-33.71218562936326,0 26.121664604338093,-33.7121093362768,0 26.12159593030799,-33.71209407837898,0 26.121368942322874,-33.712055942627615,0 26.120960755334636,-33.71199489844577,0 26.120914978943176,-33.71198345367338,0 26.12083677389802,-33.71196819487625,0 26.120667006177428,-33.711933864156435,0 26.120531580867805,-33.711907160586975,0 26.120337023335026,-33.71187664389197,0 26.119965079924555,-33.71181560960264,0 26.119692304756086,-33.71176602008569,0 26.119568325118166,-33.71173550339074,0 26.119490130864904,-33.71171642966942,0 26.119308919271248,-33.711682098949666,0 26.119104830723415,-33.71165158225466,0 26.11885495589155,-33.711617249736264,0 26.11854977455249,-33.71158291811713,0 26.118132044858044,-33.71151044085411,0 26.117847838407044,-33.71142651881877,0 26.117655193732276,-33.71136168219584,0 26.117462538265556,-33.711323523961426,0 26.117338556828997,-33.711312091779575,0 26.11715545486038,-33.71128919324161,0 26.11708869188965,-33.711277749368605,0 26.11695325668751,-33.71125867564734,0 26.11672628129287,-33.71122434402821,0 26.116476394769848,-33.71118238256088,0 26.116407743222794,-33.71116332143009,0 26.11629520565924,-33.71114042199281,0 26.11602434514748,-33.7110908315766,0 26.115932794163143,-33.71107940029407,0 26.115785924980514,-33.71106031488159,0 26.11563904500599,-33.711033613110715,0 26.11549027375719,-33.71100309641571,0 26.1152995320478,-33.71096113494838,0 26.115120233312155,-33.7109344331775,0 26.114984796311376,-33.71089629832545,0 26.114849371901016,-33.710881038629,0 26.114599497069207,-33.71085433685812,0 26.114418296267388,-33.710827623396085,0 26.114351535095295,-33.710816191214235,0 26.11421419692772,-33.710797118392236,0 26.114055894663863,-33.710774229746846,0 26.11398913439109,-33.71075897094971,0 26.113785045843258,-33.71072844256355,0 26.11358093481232,-33.7106979375597,0 26.113468398148086,-33.7106788530466,0 26.11302587864145,-33.710594942702414,0 26.11248226544427,-33.7105339093124,0 26.112175171247202,-33.710503391718134,0 26.111904322426597,-33.71047668904794,0 26.11163155894934,-33.71044617235293,0 26.11149613363972,-33.71042709863167,0 26.110963966114184,-33.71033554764739,0 26.110406996185986,-33.710232553689366,0 26.11034024580573,-33.710236367714174,0 26.11024105418136,-33.710232553689366,0 26.10994730502415,-33.710194407146105,0 26.109663097673888,-33.71015244567877,0 26.10954865894348,-33.71013718778096,0 26.109390335095952,-33.710114311726045,0 26.10918624744744,-33.71008378333988,0 26.108984060965668,-33.7100570923609,0 26.10881430403697,-33.71003800784774,0 26.10857587307811,-33.710022760741765,0 26.108327911104254,-33.70998460340667,0 26.10801128589219,-33.70995028257943,0 26.10774042538037,-33.70992358080855,0 26.10760500007075,-33.70990449629545,0 26.107183454552853,-33.70984727693025,0 26.106855386367045,-33.709805316362235,0 26.10676572485835,-33.70979006925626,0 26.106561637209836,-33.709755736737804,0 26.1064033358453,-33.709732848991734,0 26.10624501199777,-33.70970614722086,0 26.106063801303435,-33.70967562962659,0 26.105985606150853,-33.709664185753525,0 26.1057700620388,-33.709629843342555,0 26.10552210006489,-33.70959170759119,0 26.10534088757197,-33.70956882074444,0 26.105203561994813,-33.7095535619473,0 26.105068125893354,-33.7095344891253,0 26.104875481218528,-33.70951541630336,0 26.104581743752533,-33.709488713633164,0 26.10413922514516,-33.709458196938215,0 26.103776811850423,-33.709412421446075,0 26.10371005067833,-33.70940479159782,0 26.103345737116115,-33.70936283102981,0 26.102983324720697,-33.709301796740476,0 26.102937549228557,-33.70929416779154,0 26.10277922538097,-33.70927128004547,0 26.102601840402656,-33.70922550455333,0 26.102546532996143,-33.70921787470513,0 26.10245688407798,-33.709210245756196,0 26.10233290264142,-33.70919498785838,0 26.10219556537311,-33.70917591503638,0 26.102128803301696,-33.70916065623925,0 26.101991465134063,-33.709141583417306,0 26.10153941461232,-33.709053847357154,0 26.10108545213194,-33.70899281306782,0 26.100871810086005,-33.70896992532175,0 26.10065627766511,-33.70894703667636,0 26.100553282807823,-33.7089355928033,0 26.100282423195324,-33.708897447159416,0 26.10004400212904,-33.70886694215562,0 26.099954353210876,-33.70885931230737,0 26.099885677382133,-33.708855485692084,0 26.099715922252074,-33.70883260963717,0 26.099546165323318,-33.7088097218911,0 26.099500378139965,-33.70880590786629,0 26.09906931419755,-33.70877921688731,0 26.09866112720931,-33.708744885268175,0 26.098436052082207,-33.70871438026438,0 26.09833495929098,-33.7087067513155,0 26.098231964433637,-33.708699133158404,0 26.098004977347898,-33.70867242958889,0 26.09774557060166,-33.70863810966097,0 26.097528126222073,-33.70862285176315,0 26.09723438875608,-33.70860378973305,0 26.097076075700386,-33.708599975708296,0 26.096986426782223,-33.708584716911105,0 26.09680522598046,-33.70858854262707,0 26.09666980067084,-33.70858854262707,0 26.09648860076834,-33.70856946980513,0 26.096284513119826,-33.70854658205906,0 26.096215838190403,-33.70853895311018,0 26.096091856753844,-33.7085237060042,0 26.095967876216548,-33.70850844810633,0 26.09555968922831,-33.70845504276599,0 26.095344156807414,-33.70843599332636,0 26.095071405021372,-33.70841310468097,0 26.09487874955471,-33.70839021783422,0 26.094686104879884,-33.708367340880045,0 26.094506807942878,-33.7083482680581,0 26.094382825606942,-33.70833301016023,0 26.094188268074163,-33.70831393733829,0 26.093997526364774,-33.708294875308184,0 26.093928862227244,-33.708287246359305,0 26.093860198989034,-33.708275813278135,0 26.093736217552475,-33.708264357713915,0 26.09356646242236,-33.708245284891916,0 26.093225035706894,-33.708210964963996,0 26.092931287449005,-33.70817663334492,0 26.092738653566073,-33.70816138623894,0 26.092376242069975,-33.70813851018403,0 26.092071060730916,-33.70810419025611,0 26.091935636320613,-33.708085117434166,0 26.09175443461953,-33.70807367266184,0 26.091573223025875,-33.70805841386465,0 26.091504559787666,-33.70805078491577,0 26.091199366757394,-33.708027908860856,0 26.090825523079502,-33.708005032806,0 26.090655755358853,-33.70798977400881,0 26.090575648247636,-33.70800121788187,0 26.090497453994374,-33.70801267434541,0 26.090394447445817,-33.708005032806,0 26.090203704837165,-33.70800122957303,0 26.089999617188653,-33.7079974146489,0 26.089738297584404,-33.70797835261885,0 26.08949033561055,-33.70796309472098,0 26.089364453007136,-33.70795927979691,0 26.089047816103857,-33.707928763101904,0 26.08875216577985,-33.70786772881257,0 26.08866251596237,-33.707841027041695,0 26.088527091552066,-33.70779906557436,0 26.088401198156816,-33.70776856057057,0 26.08821998566384,-33.70772277428654,0 26.087834686421672,-33.70763122330226,0 26.0875848223817,-33.70759308755089,0 26.087449386280184,-33.707577829653076,0 26.087199522240212,-33.70754731295807,0 26.086974436321213,-33.707524425212,0 26.086827568037904,-33.70751299303015,0 26.086667353815358,-33.70751679626312,0 26.08654337327812,-33.70750153656661,0 26.086261067094597,-33.70748246374467,0 26.085921553237142,-33.707455772765684,0 26.085637335994306,-33.707429070994806,0 26.08531879882355,-33.70740236922393,0 26.085116611442515,-33.707383294603346,0 26.08486673571133,-33.70735659283247,0 26.08463021761048,-33.7073337050864,0 26.084527223652515,-33.70732990185343,0 26.08441277323095,-33.707310829031485,0 26.0843002356674,-33.707310829031485,0 26.084141922611707,-33.707299374366585,0 26.083949268044307,-33.70728412726061,0 26.083722291750405,-33.70727649741241,0 26.083529636283743,-33.707265054438665,0 26.083316005928964,-33.7072726833876,0 26.08298602398588,-33.70724979474221,0 26.082795281377173,-33.70720403094123,0 26.082535874630935,-33.70714299665195,0 26.082308888444516,-33.70711247995695,0 26.082219237727713,-33.70709722205913,0 26.08208189956008,-33.707074334313006,0 26.081799595175255,-33.7070361877698,0 26.08156117590761,-33.70700568186669,0 26.08151540041547,-33.706998052917754,0 26.081404764018714,-33.70697515437985,0 26.08129222735448,-33.70697898009581,0 26.081120557567715,-33.706952278324934,0 26.080950800639016,-33.70692557475542,0 26.08080393325497,-33.70690651362469,0 26.080634164635057,-33.70688742911153,0 26.08056549959815,-33.706883614187404,0 26.08044151996023,-33.70686455305662,0 26.08024886539289,-33.70683402377114,0 26.080113440083267,-33.70681114771622,0 26.07994368225519,-33.70678825997015,0 26.079739583814785,-33.70676155819933,0 26.079604159404482,-33.70674629940214,0 26.079501151956663,-33.70674629940214,0 26.079422946911507,-33.70674248537733,0 26.079365715855147,-33.70673105319548,0 26.079230291444844,-33.706723423347285,0 26.07907196669794,-33.706715782707136,0 26.078993773343996,-33.706704349625966,0 26.078892667962293,-33.706692894961066,0 26.07880301904413,-33.70668526601219,0 26.078621805651835,-33.706666192290925,0 26.07821360787176,-33.7066395022112,0 26.078032396278104,-33.7066280583382,0 26.07775963280085,-33.706612798641686,0 26.077442985105733,-33.70658228194674,0 26.076979468227933,-33.706555590967696,0 26.07632329498415,-33.706555590967696,0 26.075888405325713,-33.70656703484076,0 26.075859789797505,-33.70655177694289,0 26.075733896402255,-33.70654033306988,0 26.075485921837867,-33.706532704120946,0 26.07528182159882,-33.706521271039776,0 26.07517881594964,-33.70651364209084,0 26.07503193597512,-33.70650601314196,0 26.074885066792433,-33.7064945692689,0 26.074793505016316,-33.70648311370468,0 26.074635191960567,-33.706479309572444,0 26.074444437660702,-33.706479309572444,0 26.074230795614767,-33.706475496446956,0 26.074049595712324,-33.7064678665987,0 26.07375394538832,-33.706429720055496,0 26.073685269559576,-33.70642590603069,0 26.073391521301744,-33.70639920336049,0 26.073074886197105,-33.70639157441161,0 26.072735348957224,-33.70636488343257,0 26.07248547322604,-33.70634961294422,0 26.072315704606126,-33.70634580971131,0 26.072191724068887,-33.70633818076237,0 26.07228710166845,-33.705907129410434,0 26.080967880563264,-33.6847857120909,0 26.084082745422393,-33.68505655011967,0 26.085995932566277,-33.687330030856174,0</coordinates></LinearRing></outerBoundaryIs></Polygon><Polygon><outerBoundaryIs><LinearRing><coordinates>26.328308758342587,-33.66947851791923,0 26.325300577359826,-33.68353903319979,0 26.321811926379326,-33.677401351790934,0 26.32141709522284,-33.677504334957064,0 26.321293091303176,-33.67967483162812,0 26.321125213058167,-33.68165078425625,0 26.32235739397862,-33.68528991070076,0 26.31805609041629,-33.68772358227744,0 26.315080464891594,-33.6895125829393,0 26.301304975344408,-33.69778624593846,0 26.2906424359997,-33.704114498185504,0 26.289005847042233,-33.705087192320036,0 26.285976863841256,-33.70688383272267,0 26.276973836273555,-33.71222418959462,0 26.272895784912578,-33.71464257989112,0 26.280643744713075,-33.69881982507485,0 26.283539251435343,-33.694845091427794,0 26.285517277000793,-33.692129148741174,0 26.2869612086929,-33.69014939377945,0 26.289330252289346,-33.68689941657476,0 26.292864723728087,-33.68187947735595,0 26.295346279707076,-33.67835483370857,0 26.309423079911255,-33.674567063718996,0 26.31773194956986,-33.67232793798388,0 26.328308758342587,-33.66947851791923,0</coordinates></LinearRing></outerBoundaryIs></Polygon><Polygon><outerBoundaryIs><LinearRing><coordinates>26.23066393459294,-33.69791935459449,0 26.222137804915803,-33.70118456811326,0 26.222799680760716,-33.69997535587794,0 26.228293164298123,-33.68991635695426,0 26.2344445954418,-33.678648271700354,0 26.238789645625673,-33.67068737312371,0 26.241494339592123,-33.66572849067728,0 26.244540461173415,-33.66376401789506,0 26.254951061742133,-33.656680446645225,0 26.25890511907602,-33.653968330573946,0 26.267297843320875,-33.64302065218129,0 26.2750590906046,-33.64365771663029,0 26.27956820500873,-33.64402774718275,0 26.292050366031617,-33.645053915006145,0 26.290249737135696,-33.64580155829526,0 26.269933748144012,-33.65425061337504,0 26.252696482057047,-33.681463451876766,0 26.24928030833962,-33.68400772477662,0 26.24329105104124,-33.68848595376369,0 26.23796173514603,-33.692468328050836,0 26.23066393459294,-33.69791935459449,0</coordinates></LinearRing></outerBoundaryIs></Polygon><Polygon><outerBoundaryIs><LinearRing><coordinates>25.785925080977734,-33.64271646279445,0 25.77138197240015,-33.68299188836494,0 25.770530984417462,-33.68118860467035,0 25.770359812855133,-33.67948015988145,0 25.770185210379225,-33.67414481133392,0 25.765421300052992,-33.667375382268006,0 25.755054643956726,-33.66301803475443,0 25.75415756571914,-33.66229514980125,0 25.754056218419805,-33.66187483365661,0 25.753914923235186,-33.66127481318205,0 25.75535029877733,-33.65032473539816,0 25.75855790082653,-33.650045086711316,0 25.785925080977734,-33.64271646279445,0</coordinates></LinearRing></outerBoundaryIs></Polygon><Polygon><outerBoundaryIs><LinearRing><coordinates>26.239346615553927,-33.65858770096156,0 26.234677286927308,-33.661791891882274,0 26.229344191181553,-33.6587097461578,0 26.22802234785314,-33.65794683327971,0 26.209037778170966,-33.64696857883678,0 26.21234332718285,-33.64590051879384,0 26.230582064810505,-33.63999947059904,0 26.24988510421423,-33.6415062469157,0 26.256740325905355,-33.64211658711076,0 26.262815430687624,-33.64265444824417,0 26.246970513878182,-33.65335417725345,0 26.239346615553927,-33.65858770096156,0</coordinates></LinearRing></outerBoundaryIs></Polygon><Polygon><outerBoundaryIs><LinearRing><coordinates>26.055461803319645,-33.651671662617105,0 26.040419742776976,-33.6614369132829,0 26.031420495059876,-33.65629105638709,0 26.027401495882373,-33.65399084959796,0 26.024637565371393,-33.652411585226446,0 26.022991411224723,-33.6514693619215,0 26.019525543668976,-33.64675825618855,0 26.016458368958638,-33.642615552565644,0 26.01545121640055,-33.641253720882446,0 26.022440307574186,-33.639418990593924,0 26.042676548284135,-33.6341054056399,0 26.045482370115337,-33.64188342168251,0 26.055461803319645,-33.651671662617105,0</coordinates></LinearRing></outerBoundaryIs></Polygon><Polygon><outerBoundaryIs><LinearRing><coordinates>25.811092734342253,-33.4290800160299,0 25.82507030155324,-33.43203233742241,0 25.826823208824067,-33.431875936325355,0 25.828705899957356,-33.440630321132346,0 25.83283164776236,-33.45981009765785,0 25.829346811706046,-33.460729414330956,0 25.821672347201115,-33.462761837188964,0 25.83009877174095,-33.47713115807642,0 25.830098216859255,-33.477135804873456,0 25.841937448954184,-33.49732625030617,0 25.821650590802165,-33.50397116014091,0 25.817122487213055,-33.505451219398196,0 25.826575718994263,-33.530363958130124,0 25.832015567864232,-33.528601584595435,0 25.838466362632573,-33.52651501175836,0 25.845026062602756,-33.54023969860316,0 25.838195768320077,-33.544370877413996,0 25.83798424777484,-33.55580678605429,0 25.84762805399157,-33.55789703621923,0 25.86134987199904,-33.56087220578763,0 25.873578219159526,-33.56351558937291,0 25.87397116893436,-33.564484475777874,0 25.87628522888025,-33.595820734639176,0 25.858519922256676,-33.59553856964925,0 25.854417120653636,-33.5954699181022,0 25.854416781609245,-33.59546991270628,0 25.857275559119785,-33.60242560395841,0 25.861431539434022,-33.61277860115149,0 25.855285821683367,-33.6155833222125,0 25.852036081000392,-33.61734033039187,0 25.8486057168804,-33.6191950013482,0 25.848603745566436,-33.61919916520924,0 25.844993186086697,-33.62833303873873,0 25.845667493260237,-33.62878328432106,0 25.844991385643993,-33.62833357923125,0 25.84499323824741,-33.628336059561434,0 25.847259233926536,-33.62984281699238,0 25.86961212260144,-33.64470854116621,0 25.87451766715668,-33.644330763853645,0 25.876098775138416,-33.64572693704844,0 25.877212642149743,-33.64504025970018,0 25.876913208377914,-33.64415143094374,0 25.879022676155614,-33.64399116635917,0 25.874370693652622,-33.648145536887,0 25.860153222393365,-33.660695913285736,0 25.85858736061823,-33.66349969635388,0 25.85315923171322,-33.66452575356061,0 25.84941773364153,-33.654178246728634,0 25.84935615616172,-33.654203087802216,0 25.838484288818904,-33.65858539330122,0 25.843908147742866,-33.66738568040478,0 25.835217307232995,-33.67007424503032,0 25.83521987030082,-33.67009201923128,0 25.836230667811094,-33.67711623882332,0 25.83623308518878,-33.677133020172676,0 25.836180643921637,-33.67711653110297,0 25.835057887111873,-33.677596158435904,0 25.834672629238526,-33.67914901511489,0 25.834078691778245,-33.68154286291275,0 25.834434771147812,-33.682971803805685,0 25.83453137542267,-33.683359488049916,0 25.834549859188712,-33.68344284621037,0 25.83454538056492,-33.68353053100918,0 25.83453006870775,-33.68382988204337,0 25.834480922556565,-33.684790392162824,0 25.83390548235218,-33.68643183655996,0 25.83318034369796,-33.68730193603545,0 25.83316016470991,-33.68732613859038,0 25.831932025342724,-33.687615882167165,0 25.831441144793075,-33.68773169686028,0 25.830563651091666,-33.687610105821705,0 25.83030315616577,-33.687574008833394,0 25.829865398569325,-33.68739312908957,0 25.82975160015627,-33.68734609904317,0 25.827238860185275,-33.686314458845175,0 25.824342527885392,-33.68614819398391,0 25.82329718201936,-33.68621357109936,0 25.82327715231878,-33.68619251257434,0 25.821994753255296,-33.68484344227102,0 25.82022962959377,-33.68603510603526,0 25.820222101368927,-33.686040195298744,0 25.81970111961101,-33.68591789919162,0 25.81372435659381,-33.68688120530334,0 25.813721555205632,-33.68686832611229,0 25.81368040762476,-33.6866794720799,0 25.813671258821614,-33.68668114302028,0 25.80731507183316,-33.68785300101513,0 25.807309870154427,-33.687826873011716,0 25.80727919517875,-33.68767285242018,0 25.80552902994083,-33.688119417976736,0 25.805381744372028,-33.688156995249074,0 25.80418090932153,-33.68816103680234,0 25.802483926392142,-33.68791486987533,0 25.802475581582883,-33.687905273209765,0 25.791912141232388,-33.68641077983358,0 25.79188933622396,-33.68612194277341,0 25.791892173584984,-33.68612235466287,0 25.792225849043746,-33.68617160963203,0 25.792227503796312,-33.68617187313339,0 25.791694680665046,-33.68365662675188,0 25.79169406462944,-33.683653603231164,0 25.791911109709986,-33.68640748201966,0 25.79014422697452,-33.68729912115748,0 25.78930158290177,-33.68760162971142,0 25.78011024719018,-33.68761548017022,0 25.780108900905077,-33.687619983075706,0 25.778928187286056,-33.687402545890734,0 25.775183848256063,-33.68578517634478,0 25.77308372713236,-33.68464464803202,0 25.771439485843644,-33.683065405244236,0 25.78594131913661,-33.64268735443784,0 25.75850283443833,-33.64999623463848,0 25.755372790821696,-33.650290015271935,0 25.755620768084043,-33.64798602773294,0 25.755008508735727,-33.64644495577005,0 25.74917573167471,-33.64077284888782,0 25.74836509717153,-33.639666628811824,0 25.747466717614998,-33.636969713981046,0 25.745254142564704,-33.63489080966309,0 25.744771571750675,-33.633761694646466,0 25.744578931572505,-33.63017217030938,0 25.745174047144587,-33.629237590342484,0 25.746272727304586,-33.62857382861927,0 25.74410399240537,-33.62617831887428,0 25.742951907804354,-33.626163086157476,0 25.74150418007389,-33.62697563082065,0 25.744111607864454,-33.62079594657564,0 25.740861657639414,-33.61972818330895,0 25.737691316301266,-33.61868657772334,0 25.736182537194395,-33.62351968818302,0 25.731162320085048,-33.61960218739097,0 25.730653051996796,-33.61920929787078,0 25.729064207147474,-33.61799247107564,0 25.727128200606046,-33.617508057550765,0 25.728398552351337,-33.6151468092778,0 25.731179531310374,-33.61600121918087,0 25.744037286991272,-33.59016142690831,0 25.744036781572277,-33.59015763626587,0 25.730037773624417,-33.587969851027765,0 25.714202177388643,-33.58549301199287,0 25.714201989430308,-33.585492860007435,0 25.71531694641999,-33.564667592135606,0 25.717130869094376,-33.564881405052745,0 25.71698760169653,-33.56186721390077,0 25.717432460339808,-33.56198354930132,0 25.740224451097617,-33.56693887762708,0 25.742838185833648,-33.56673208661647,0 25.74046218508181,-33.56127949974905,0 25.74044103572527,-33.56114844784253,0 25.738489172337495,-33.56059059208212,0 25.732841347150497,-33.558817052564905,0 25.732694422209875,-33.558952527337226,0 25.716301204037393,-33.55368963177102,0 25.715816711372156,-33.55358010243975,0 25.7159339541887,-33.55101932698034,0 25.717780057303855,-33.550014891274145,0 25.72900231490496,-33.544173191139805,0 25.731003148176796,-33.543124792974766,0 25.726996859117833,-33.538192548447284,0 25.714121857138025,-33.544940686963116,0 25.710907823137575,-33.53904719037547,0 25.721625570963397,-33.53924923566365,0 25.723788593368965,-33.537624220081625,0 25.725493808692363,-33.53634633561484,0 25.724086125074678,-33.5346107214076,0 25.72349103108627,-33.534461951957496,0 25.71588234119713,-33.53255474800318,0 25.714241965194617,-33.53293242099437,0 25.71435448117444,-33.53282179269155,0 25.7144441390858,-33.532734044040865,0 25.71458910440367,-33.53259291972739,0 25.71464060587931,-33.53253950809176,0 25.714692092965777,-33.53226868984814,0 25.714705468582565,-33.53219237607726,0 25.714726430880148,-33.53208558967816,0 25.714743603434613,-33.532001653253644,0 25.71475885773515,-33.531910122054455,0 25.71477412102894,-33.53183001224522,0 25.714793202844078,-33.531734623853765,0 25.714810352915492,-33.531643092654576,0 25.71482562340384,-33.531559170619175,0 25.714842795058985,-33.53147143725698,0 25.714858058352775,-33.53138751522158,0 25.714875200330255,-33.5312959687339,0 25.714892395367826,-33.53120061091943,0 25.714911461894474,-33.53110141839568,0 25.714928620059823,-33.531013684134166,0 25.71494388964885,-33.53092976209882,0 25.714961025331093,-33.530834418673464,0 25.71498012243478,-33.53073523424359,0 25.71502209019735,-33.53051779795794,0 25.71503542084804,-33.53044913831701,0 25.715052607791677,-33.530353765214045,0 25.715073577283817,-33.530246971620386,0 25.71511362139654,-33.53002571591401,0 25.715144154279358,-33.52986933010544,0 25.715168950386783,-33.529731996434464,0 25.715214715986406,-33.52948786017657,0 25.71525858671447,-33.529262814727076,0 25.715279593078833,-33.52914837509741,0 25.71531008908937,-33.52898434235345,0 25.71533869742302,-33.528831746288006,0 25.715367312051853,-33.52868681064774,0 25.715390198898604,-33.528564746565735,0 25.71541309293991,-33.52843505893077,0 25.71545695017818,-33.528206171577494,0 25.715477933160116,-33.52809174723632,0 25.71550082720148,-33.52797348009199,0 25.715523729336667,-33.527859046757555,0 25.715540885703376,-33.527763688943025,0 25.715567591970853,-33.52762254304588,0 25.715584763625998,-33.527523358616065,0 25.715611448309744,-33.52738223520197,0 25.715634356740225,-33.52726017111996,0 25.716015825769773,-33.52523844569765,0 25.716378220178797,-33.52331208618381,0 25.716828424392304,-33.51694558037417,0 25.7091281952101,-33.51673963922292,0 25.708966050143147,-33.51666334793509,0 25.70883825737974,-33.51660612497267,0 25.70871236578313,-33.516548908305424,0 25.7085845811136,-33.51648788031139,0 25.708456796444068,-33.51642684512274,0 25.708016193392666,-33.516224671231555,0 25.707884581208532,-33.51615983101135,0 25.707676677736515,-33.516064457908385,0 25.70565489205967,-33.515126081003814,0 25.705540437141508,-33.515072683757296,0 25.705406930085815,-33.51500783724185,0 25.705267688053425,-33.51494298892777,0 25.705204749000018,-33.51491629075417,0 25.7051456230721,-33.51488196093368,0 25.703091387157826,-33.513810093161226,0 25.702877763098343,-33.51369946485835,0 25.702101463811573,-33.513291327332865,0 25.7013079928696,-33.51287554287194,0 25.70069382515993,-33.51246739095728,0 25.699682917033044,-33.51060592292498,0 25.698954263828284,-33.508614715096996,0 25.698380094365916,-33.505795766761196,0 25.698238933180278,-33.504365278135026,0 25.701225838002074,-33.49958175269569,0 25.70068223199945,-33.49939102987207,0 25.700935900171714,-33.49916596913414,0 25.701109465729303,-33.498948517559995,0 25.70130591903296,-33.49879211736226,0 25.701580593569588,-33.498498388889516,0 25.701899102861375,-33.498265704598566,0 25.702208100023824,-33.498025358983114,0 25.70250755717808,-33.49783462806556,0 25.702826072765106,-33.497651514405845,0 25.703129357433966,-33.497472233656595,0 25.703299110765386,-33.49736921361824,0 25.703476481354585,-33.49727769141231,0 25.703672933758924,-33.497186123340896,0 25.703865589225586,-33.49715561204181,0 25.704268043035825,-33.4971327180005,0 25.704882218839373,-33.497044969349815,0 25.705641375249343,-33.49695721979981,0 25.706551179793166,-33.496819886128776,0 25.7074876986984,-33.496682559652356,0 25.708088530361465,-33.496545217887444,0 25.708756117800647,-33.49634304399626,0 25.709408450039973,-33.4961294190374,0 25.709549604031054,-33.49610270557537,0 25.712391581306463,-33.49429836517737,0 25.71243163171448,-33.49424114761081,0 25.713598919354695,-33.49254363767869,0 25.713650420830334,-33.49246734818951,0 25.71560929083614,-33.49075075464356,0 25.71572754269198,-33.490685908128114,0 25.716364613436212,-33.49031588926681,0 25.71640466384423,-33.49023959078443,0 25.718222358275284,-33.48680646664508,0 25.71825668809572,-33.48674162732419,0 25.71758522817578,-33.48281263769303,0 25.717564244294465,-33.48268295815194,0 25.717440241274176,-33.4808595943947,0 25.7174459618617,-33.48077949897464,0 25.71784261864201,-33.47517975064494,0 25.717850250288848,-33.47510727967716,0 25.718025704422757,-33.47354331367296,0 25.718023794262763,-33.47346320386373,0 25.719585842013032,-33.467066218231366,0 25.719856690833637,-33.467008995268884,0 25.72024388944402,-33.4669250804281,0 25.721765870598517,-33.460821798986785,0 25.722074868660286,-33.46085612880728,0 25.723791437025227,-33.45564165363936,0 25.723263087121836,-33.45552723739206,0 25.723070410071443,-33.45390223619921,0 25.723099002217225,-33.45264344793674,0 25.723308800560744,-33.45168981673163,0 25.723592980032038,-33.45058361104475,0 25.724233853109865,-33.449568935657794,0 25.724485612021454,-33.449111184333674,0 25.724823218416873,-33.44885560600136,0 25.725286714610263,-33.44863054526343,0 25.725837953159044,-33.44840929585229,0 25.726402528653807,-33.44820713005498,0 25.727161669775285,-33.44781421805169,0 25.729639343381052,-33.44636848861484,0 25.731031742121274,-33.446379925293286,0 25.73410068220079,-33.444003457793315,0 25.737770489916215,-33.44303836922529,0 25.740856661905468,-33.443557126959774,0 25.74235396116643,-33.443488460124286,0 25.74405725283998,-33.442584405845594,0 25.745737649572902,-33.44151250659684,0 25.749933870052132,-33.438849915291314,0 25.752732028760192,-33.438258581368416,0 25.75644573778061,-33.43810209033916,0 25.756478164635666,-33.43830044391029,0 25.757508162671627,-33.438151660071014,0 25.75746811136429,-33.437949485280456,0 25.75808419732789,-33.4378312190355,0 25.761937118703145,-33.437232290337874,0 25.77010643786184,-33.43502360125814,0 25.77395748055335,-33.43450478956436,0 25.77518584025438,-33.434432304207405,0 25.782577003026347,-33.43316581774826,0 25.786124740364528,-33.432475336267714,0 25.789006798624882,-33.43191454961675,0 25.798959631681726,-33.42915648718207,0 25.80190277819071,-33.428839835889676,0 25.804081046802935,-33.42887031571246,0 25.811092734342253,-33.4290800160299,0</coordinates></LinearRing></outerBoundaryIs></Polygon><Polygon><outerBoundaryIs><LinearRing><coordinates>25.134625028622224,-33.295233591257215,0 25.14019276108712,-33.302637426376066,0 25.130764603303874,-33.319856258159746,0 25.111791717613755,-33.32324788488194,0 25.11474054244212,-33.31532886503504,0 25.120401617340804,-33.300120225767785,0 25.114446708748687,-33.299361249222216,0 25.115325937242233,-33.29194202490447,0 25.115499502799878,-33.29048107084469,0 25.11557961260911,-33.29050395679212,0 25.134625028622224,-33.295233591257215,0</coordinates></LinearRing></outerBoundaryIs></Polygon><Polygon><outerBoundaryIs><LinearRing><coordinates>25.533928482213753,-33.219134885166795,0 25.53715774803169,-33.22785868493031,0 25.523821172609075,-33.2321195279938,0 25.499982451928645,-33.23961890708682,0 25.485806632769936,-33.244345178986805,0 25.47719071298104,-33.224803390264185,0 25.501704728290633,-33.22511226781688,0 25.50262981141674,-33.22161434842337,0 25.51888096998084,-33.2151449511785,0 25.52964640076084,-33.21059808683219,0 25.533928482213753,-33.219134885166795,0</coordinates></LinearRing></outerBoundaryIs></Polygon><Polygon><outerBoundaryIs><LinearRing><coordinates>25.25915527199828,-33.09199764927206,0 25.254741352631356,-33.101388361983254,0 25.254442607740202,-33.10128880973076,0 25.258856563079974,-33.09189808982495,0 25.25915527199828,-33.09199764927206,0</coordinates></LinearRing></outerBoundaryIs></Polygon><Polygon><outerBoundaryIs><LinearRing><coordinates>25.108312742439182,-33.07589883136592,0 25.11073625527399,-33.0848952309301,0 25.111786608565183,-33.08848047089697,0 25.101592278760734,-33.088540529421834,0 25.08431372569794,-33.08860563224408,0 25.087619736062038,-33.079783050947015,0 25.087844857953883,-33.079740816985066,0 25.108312742439182,-33.07589883136592,0</coordinates></LinearRing></outerBoundaryIs></Polygon><Polygon><outerBoundaryIs><LinearRing><coordinates>25.134625028622224,-33.295233591257215,0 25.133959216444737,-33.285796513098546,0 25.133924871335807,-33.285117534846336,0 25.131881681794255,-33.25736331166746,0 25.131660389215654,-33.2544452013849,0 25.131358976935303,-33.25021493617032,0 25.131359262919716,-33.250209044711596,0 25.088674235227813,-33.24646528574431,0 25.08269575810283,-33.21366382262727,0 25.065091187308497,-33.21392290831551,0 25.04423450611762,-33.21395703578855,0 25.040917408012035,-33.21400605063866,0 25.041502393620647,-33.21034521815727,0 25.042846389049657,-33.20040135403923,0 25.044711353646107,-33.194154955386864,0 25.028143561776005,-33.19473370779434,0 25.01648840831342,-33.191108262736066,0 25.009347167138117,-33.18890540755848,0 25.042794908258486,-33.14955504442969,0 25.042795970357815,-33.14955526566291,0 25.043009427143375,-33.143251323889444,0 25.043118130897085,-33.134557937398824,0 25.043278320837885,-33.130255117579566,0 25.044296568332015,-33.08875280629695,0 25.04466512669427,-33.088742900264606,0 25.04445406120601,-33.08874363591002,0 25.0442969226649,-33.08874785462973,0 25.040197962066372,-33.07752713666798,0 25.05606034191129,-33.077918109732934,0 25.056130410789876,-33.07791947760177,0 25.05856211824721,-33.07796681791427,0 25.05889156059709,-33.08038520011684,0 25.06132823770804,-33.079901453888965,0 25.061382858032516,-33.07804733241841,0 25.061830570224686,-33.078091398299364,0 25.06411275280135,-33.07847259213639,0 25.064173391388977,-33.07848272299924,0 25.07353885563373,-33.08004660086988,0 25.071218244126726,-33.082594996262,0 25.08278167303581,-33.08860863867767,0 25.074254078363083,-33.08858763231336,0 25.07302899579156,-33.088655980788815,0 25.072657716080755,-33.08837234900466,0 25.072327500313918,-33.088105665843784,0 25.071792662701284,-33.08781202820251,0 25.071168302075534,-33.08743883473437,0 25.070482249756083,-33.087031764704136,0 25.06941789042338,-33.08687488336915,0 25.069167219691508,-33.08674781006334,0 25.068854614448924,-33.08647251499451,0 25.068558351686647,-33.0861996498939,0 25.068018866377656,-33.08607822702851,0 25.067253849085944,-33.085889928777135,0 25.066925218823826,-33.08575514018753,0 25.06644212010781,-33.08555788288993,0 25.06620638801445,-33.08545167385563,0 25.065439688990523,-33.08512565702341,0 25.06486004985146,-33.08506196343882,0 25.064245061960094,-33.084895197655214,0 25.063770574252658,-33.08452072804914,0 25.06340611410093,-33.084231299235,0 25.06288032726536,-33.084115453065635,0 25.062486793830544,-33.08423945608598,0 25.062081943327087,-33.08455288690618,0 25.062000857753446,-33.084498244997974,0 25.062082948769103,-33.084556870902816,0 25.062487296551524,-33.084244075903314,0 25.06288021664875,-33.08412201991524,0 25.06314670555605,-33.08417993985228,0 25.063406666284664,-33.084236445155796,0 25.06377097085368,-33.08452634611393,0 25.064245918114693,-33.08490016820815,0 25.06486009391824,-33.08506799788972,0 25.06543994709591,-33.08513284530454,0 25.066206712669725,-33.08545707608317,0 25.066443230770517,-33.08556387687139,0 25.066925801584546,-33.08576222414729,0 25.067253867971658,-33.08589573839754,0 25.06801872968066,-33.08608264989431,0 25.068558516262556,-33.08620470588244,0 25.06885417108316,-33.08647934444616,0 25.069166978673195,-33.086753997399,0 25.069418760967096,-33.08687986471392,0 25.070483079830296,-33.08703625861642,0 25.071167826334147,-33.087444396141905,0 25.07179345860129,-33.08781821913544,0 25.072327532689542,-33.08811192422587,0 25.072657507438066,-33.08837894643119,0 25.073029449949217,-33.088661207648556,0 25.074253990229522,-33.088592548007625,0 25.082781861893466,-33.08861539708289,0 25.084313466693175,-33.088611577662164,0 25.101592360599,-33.08854665470432,0 25.113702419031483,-33.097724306331656,0 25.114107006932898,-33.11623619504434,0 25.114133713200374,-33.1166252876269,0 25.114133913749185,-33.11661814700983,0 25.118989660144734,-33.115427751289644,0 25.11413392903762,-33.11661810204373,0 25.114108169756264,-33.11623434513888,0 25.114107922442713,-33.116230157895416,0 25.12004669539874,-33.11382001797938,0 25.124597391756254,-33.10603290979088,0 25.122993816011842,-33.100809543025946,0 25.12364625886778,-33.1004041178557,0 25.126686061812336,-33.103064315165966,0 25.125933283394374,-33.10435635226378,0 25.126716326697192,-33.105187158560454,0 25.126355043850253,-33.10666589041847,0 25.125622033430147,-33.107495525797844,0 25.125255111834008,-33.1087175560703,0 25.127451572831887,-33.113791406048506,0 25.126081776752642,-33.11613936593892,0 25.128061472359093,-33.11692494443059,0 25.13178457479836,-33.118106060046614,0 25.13630208077643,-33.12076628073925,0 25.139786980684676,-33.12520943166987,0 25.14559468374773,-33.1253578737668,0 25.14223657116088,-33.128255754699296,0 25.146345746259215,-33.13495284589709,0 25.146639824568297,-33.13712540921023,0 25.146060939061158,-33.13823801627137,0 25.1470445716497,-33.14048502996013,0 25.1521085488705,-33.140287063996766,0 25.151358586229833,-33.13928720404118,0 25.151188831999036,-33.13880658025943,0 25.15096565084417,-33.13839842834477,0 25.152262662991575,-33.136464458767705,0 25.15243801909935,-33.12895363580162,0 25.160830338649248,-33.118867970180645,0 25.161135517290347,-33.118890856128075,0 25.163763818345615,-33.11595746006867,0 25.16384198831713,-33.11488556981317,0 25.164318836744997,-33.11486649519253,0 25.166512121337405,-33.10602058638091,0 25.166583371925128,-33.10591644398863,0 25.166660883592954,-33.10580315728981,0 25.179625649604077,-33.107309816694624,0 25.181147760260956,-33.10609677244804,0 25.181742868638537,-33.10619976910402,0 25.182008032844465,-33.108156617433906,0 25.214682178040107,-33.113409068273825,0 25.214813790224298,-33.113340408632894,0 25.216290111899184,-33.11275296877443,0 25.21776071928184,-33.112287584904095,0 25.21860378963322,-33.11190230364838,0 25.219429689228832,-33.11139115507768,0 25.220171680278895,-33.11091052320205,0 25.220934632727165,-33.110475656925985,0 25.221215023354716,-33.11016287002042,0 25.220999481041247,-33.10985770666781,0 25.22077630708094,-33.10954110034146,0 25.2203127884045,-33.10860272433621,0 25.219463957895414,-33.10655051099724,0 25.22179098876319,-33.10478436390724,0 25.22186125189529,-33.07473717797836,0 25.224005190687024,-33.075053769016165,0 25.229902393380826,-33.07574410840385,0 25.229904271165253,-33.07573734909931,0 25.22996146984599,-33.07553157432267,0 25.224316580945526,-33.07484542397708,0 25.22423467788815,-33.071773422605304,0 25.233617318284644,-33.07197161609719,0 25.233910097972682,-33.07197223123342,0 25.248119996041055,-33.07203674140243,0 25.259825442290378,-33.073149183887665,0 25.258331505594583,-33.07897882501271,0 25.258307555749127,-33.07907212877569,0 25.251724959039677,-33.10471336782763,0 25.25172623607699,-33.10523551600619,0 25.251803647920042,-33.105742809183255,0 25.251898460745394,-33.10634682444635,0 25.253253075369173,-33.107560062946504,0 25.253321850123314,-33.107621670103924,0 25.254158888721804,-33.10816364383703,0 25.255835567657357,-33.1092492613443,0 25.26042841973583,-33.11236389058104,0 25.260395617863537,-33.11239119040107,0 25.26391226024265,-33.11467121190685,0 25.264780600644258,-33.11501082109248,0 25.275199660236183,-33.115817234177996,0 25.275529411053526,-33.115799923127895,0 25.276307788673535,-33.115888337276886,0 25.27630874015631,-33.1158884478935,0 25.277399502684943,-33.12102711830681,0 25.267994092353547,-33.152056080623595,0 25.26799498717895,-33.15206146486469,0 25.269940578694786,-33.155967537072115,0 25.27857540133374,-33.152881536853386,0 25.283575688567225,-33.11637780499166,0 25.283584241119854,-33.11637852444932,0 25.296180428084313,-33.11734537388986,0 25.29766517370888,-33.11751702209284,0 25.312951318348723,-33.120804126009546,0 25.313051346342604,-33.120862011772374,0 25.352572944885537,-33.129127392015505,0 25.375122333628838,-33.13380142679438,0 25.374748494447488,-33.1356323610446,0 25.373855940699173,-33.14006926258634,0 25.373468093677616,-33.1406043843848,0 25.37328426056024,-33.140724311677616,0 25.37258621218399,-33.14094829772574,0 25.371172861938078,-33.14104286233817,0 25.370029272333113,-33.142057373149214,0 25.370126523220506,-33.14211830671445,0 25.370246769772677,-33.14219359795612,0 25.3689368388641,-33.1441361191865,0 25.368139103337,-33.14562448638088,0 25.365922109018186,-33.145841642977416,0 25.36356437619503,-33.148371810010985,0 25.359088551995114,-33.15625852261269,0 25.358851782983436,-33.15958060296242,0 25.35885046367798,-33.15959863976536,0 25.35883849190293,-33.159764937901514,0 25.358714187609735,-33.16146156380006,0 25.35720725031439,-33.16333248370711,0 25.353312800045728,-33.168171096219055,0 25.353253276617465,-33.16824601064485,0 25.35322746427613,-33.16827845368766,0 25.350368927783848,-33.1718541617401,0 25.347649062254447,-33.175308142956396,0 25.345931869760022,-33.17528028555671,0 25.345705521192883,-33.17527667657731,0 25.342146305807432,-33.17521266373342,0 25.341190889448058,-33.175654026711925,0 25.337479789360827,-33.17745011942742,0 25.334663575863374,-33.17883841006454,0 25.33254653939133,-33.179220880039566,0 25.332491038630565,-33.179231758238984,0 25.332485650792194,-33.179224919794194,0 25.33239870523613,-33.179114340054696,0 25.332332265121977,-33.179029798386466,0 25.33014188174252,-33.17624249809279,0 25.333022087399456,-33.17999871896569,0 25.331257407103692,-33.180639218824865,0 25.32770430890679,-33.1819288610281,0 25.329609812243064,-33.196286768619416,0 25.337052463000816,-33.21307066038264,0 25.323219986113543,-33.2310678571958,0 25.3200747097801,-33.2443768953774,0 25.306409980736078,-33.24291601596133,0 25.304906931209985,-33.247115859809014,0 25.307485781243884,-33.25040402042913,0 25.305645184677587,-33.2602685346651,0 25.30535334388179,-33.260276172607234,0 25.300052641716093,-33.2613747547411,0 25.300218599009213,-33.26175620938153,0 25.304579068069586,-33.27170445859383,0 25.30498724336661,-33.2707775336562,0 25.33279144816686,-33.27625488785276,0 25.363340383851664,-33.27564049531259,0 25.364812901394316,-33.27447324634318,0 25.365848596635487,-33.27490428510464,0 25.389631900192114,-33.27768870936637,0 25.395026021233946,-33.278592717779645,0 25.39558865689105,-33.27016264558955,0 25.420348627787007,-33.27719260465494,0 25.44991131835269,-33.283482595245516,0 25.499318878163763,-33.276406294115134,0 25.514816579321746,-33.27346519895974,0 25.528843657808636,-33.27461711808547,0 25.548058962950847,-33.27618858803288,0 25.576893261115174,-33.27854580014849,0 25.581486302950566,-33.278919585370545,0 25.608064057310457,-33.28108217160491,0 25.600653676925674,-33.267617039894446,0 25.628993820108747,-33.271892845878085,0 25.629764463559184,-33.27650835457683,0 25.639400548196818,-33.27163717761363,0 25.65371745299808,-33.27502052967367,0 25.661347007158724,-33.2784191450275,0 25.660446961158357,-33.29814404111454,0 25.675940638749523,-33.29305530016194,0 25.687177153303026,-33.28935896604338,0 25.698175283662465,-33.28574276421716,0 25.668253995625435,-33.307626883973455,0 25.677769927240377,-33.30273656583978,0 25.697505831029332,-33.30385024489283,0 25.705606557996305,-33.304307915278,0 25.709766614038074,-33.30496016567906,0 25.712227167250035,-33.30534541725717,0 25.717215051933124,-33.306127369682315,0 25.7174763526516,-33.30449856435723,0 25.716320472012228,-33.30422392579351,0 25.716925106908207,-33.30219842591657,0 25.719627907801737,-33.302988018082544,0 25.720844838918254,-33.30200386118918,0 25.72392531999759,-33.30193897600287,0 25.724625335191092,-33.30112265598575,0 25.724154207350864,-33.30055811736321,0 25.724619620898864,-33.298666109253475,0 25.725455061401988,-33.298864449334815,0 25.7295522008734,-33.29861263016869,0 25.729903158603918,-33.30566189587972,0 25.72571066761327,-33.306035755745484,0 25.723892906632386,-33.30973966935022,0 25.73102858190356,-33.31546143589651,0 25.741368672925944,-33.3165218463061,0 25.75392515212411,-33.31780723471604,0 25.758945443877167,-33.3183221280637,0 25.778351365722983,-33.32040845358722,0 25.778673717817867,-33.32044278430703,0 25.78032362663413,-33.320622048868415,0 25.784678240208677,-33.32109120719343,0 25.803082841599917,-33.323067024923205,0 25.795952992136904,-33.33438853979925,0 25.795781033667822,-33.33459295210304,0 25.797181304173876,-33.33497686369128,0 25.798948673442567,-33.3357363708368,0 25.80246932679802,-33.335534523399474,0 25.803145039611934,-33.33582723383972,0 25.804163942711853,-33.335980130278756,0 25.80619428723662,-33.33632652574852,0 25.807964286122967,-33.336068342979615,0 25.809150827348844,-33.33626420003276,0 25.811160803128587,-33.337145106661296,0 25.81208636559336,-33.33721461256425,0 25.812124430298297,-33.337218508427384,0 25.812687690984205,-33.33753011632177,0 25.81289779060063,-33.33764639416569,0 25.813531182218355,-33.337690573361215,0 25.813659299637038,-33.337699474850865,0 25.81376629288019,-33.337735196821825,0 25.815445333435434,-33.33829669483657,0 25.818971192066897,-33.33917265339517,0 25.818843098929904,-33.339338574715384,0 25.81889523802488,-33.33948832712457,0 25.83072504162743,-33.34238734839738,0 25.84184149219118,-33.34510705924333,0 25.842732231107618,-33.34316927923879,0 25.843783220219507,-33.34398939619365,0 25.85103331173798,-33.349417419877966,0 25.85556339293629,-33.35282368936174,0 25.85622144036722,-33.353319560249474,0 25.86008391793854,-33.3562223262993,0 25.86164607900338,-33.35739719072774,0 25.8684040291227,-33.36248190991216,0 25.8680416266198,-33.364453999052785,0 25.87236572170076,-33.36796712778067,0 25.88732737295993,-33.37003071844288,0 25.892027058202245,-33.35868255665463,0 25.90151831242025,-33.36153577455633,0 25.912339041613507,-33.35917842124712,0 25.914460169101574,-33.36785646980019,0 25.918353330641764,-33.37748051971016,0 25.928809748970764,-33.377091427127596,0 25.92765580906837,-33.38034521925641,0 25.923482611233567,-33.392093998439236,0 25.921947169926,-33.39642347776123,0 25.92103735728824,-33.39897919363483,0 25.91730260413192,-33.40827899837706,0 25.916713090436815,-33.41417152279752,0 25.911822223716683,-33.41391678263335,0 25.91190584627782,-33.41327632774028,0 25.907639655845514,-33.41292570635625,0 25.90818878278617,-33.417934876193556,0 25.905989221825166,-33.41756004236203,0 25.90485771910852,-33.41738753170915,0 25.90376869317072,-33.41728719434849,0 25.902769085924604,-33.417195566022485,0 25.90170432459496,-33.417123424206636,0 25.900544362832136,-33.417087327218326,0 25.89948179584826,-33.417081597637605,0 25.89834433242504,-33.41710073970734,0 25.89725197989503,-33.41716779675636,0 25.896127201409286,-33.41725977671729,0 25.895049026691254,-33.41737854568328,0 25.893898703862135,-33.417517653716686,0 25.89281730237667,-33.417720816862186,0 25.882990270084974,-33.41987897843205,0 25.875904240988007,-33.421641298007444,0 25.876327700263232,-33.42433055870828,0 25.87590998405858,-33.42437251298105,0 25.875742116605466,-33.42438776818091,0 25.874847551073685,-33.42442591742213,0 25.873594380876,-33.42442209710208,0 25.86384950165325,-33.4241512788584,0 25.862773740715625,-33.42414364811083,0 25.862264657887692,-33.42415778725206,0 25.86167509203193,-33.424174164805834,0 25.860616492856934,-33.424239020314474,0 25.859519746239357,-33.424345829196625,0 25.85844399069765,-33.42449078731994,0 25.857387309776584,-33.424666254943645,0 25.85634778702081,-33.4248417378559,0 25.85576412881153,-33.4249981389529,0 25.852761931018335,-33.42596704784091,0 25.85264558212799,-33.42544826762338,0 25.84714850669826,-33.42717628795526,0 25.8439211906105,-33.42740135588781,0 25.837415051563426,-33.429205674702075,0 25.834721778087612,-33.430369133928366,0 25.83355254341518,-33.43073534775806,0 25.827069260637927,-33.43122364905213,0 25.822626899312013,-33.43102149674462,0 25.81805672903488,-33.4300106569662,0 25.81281512941473,-33.42898080911698,0 25.80861085101003,-33.42877906240375,0 25.804073424149237,-33.428561341033,0 25.80061750219602,-33.428477313776966,0 25.800153668756877,-33.42846603537919,0 25.795200120189463,-33.429679138981044,0 25.795199309000964,-33.4296757188593,0 25.788643205419646,-33.431282392768196,0 25.785891910383384,-33.43174707336868,0 25.78589010814204,-33.43175056993283,0 25.782142099878058,-33.43238383474613,0 25.781300938787354,-33.43269664503407,0 25.775088557890683,-33.43366941111441,0 25.774003246152915,-33.43405467708163,0 25.7700873560467,-33.434684108085094,0 25.76275156003652,-33.43643122462129,0 25.75806130328658,-33.43747265124182,0 25.75786285078999,-33.4301868656313,0 25.7684507473042,-33.428191779027316,0 25.76590419732088,-33.41747299698119,0 25.757933089640403,-33.40913446408422,0 25.757261682780495,-33.4084325989852,0 25.75701938293821,-33.39943026569415,0 25.74547006708997,-33.39960587720941,0 25.744773871317136,-33.39663818910111,0 25.74469185134791,-33.396287252055004,0 25.743951768659258,-33.39313645028693,0 25.747735987226065,-33.383302520195116,0 25.751048829739773,-33.35695175831694,0 25.76035506823189,-33.36140696376032,0 25.76442724701991,-33.3517752462306,0 25.753555111679134,-33.348670372839365,0 25.74804084390985,-33.34835383396222,0 25.74461324610445,-33.34664879040929,0 25.744803998605676,-33.344871214734724,0 25.744239423110912,-33.34024801503381,0 25.736401890834657,-33.35192817864248,0 25.724192611100193,-33.35312609629227,0 25.703846379706704,-33.3552814555747,0 25.707390386657096,-33.36126261987397,0 25.688615879719123,-33.3657829578172,0 25.68582920175629,-33.366084317037576,0 25.68391036776933,-33.366294136964825,0 25.680309250271762,-33.37393083623908,0 25.674976118553104,-33.365321529165215,0 25.66943498803431,-33.35636890140364,0 25.66795098974643,-33.35397718769701,0 25.6627132698016,-33.35623161989332,0 25.657919889591255,-33.35327157782103,0 25.62661781755827,-33.36739695760349,0 25.61915801762848,-33.35121199543721,0 25.529744387293704,-33.358395697203605,0 25.55757931113635,-33.33907477478101,0 25.536487059730064,-33.33088143922697,0 25.515284208799244,-33.32263836756658,0 25.528899422070708,-33.35630914595026,0 25.503506102724486,-33.3563895255561,0 25.50345842066963,-33.35492474488103,0 25.502245158787105,-33.3175650985504,0 25.491075290292486,-33.31320515379474,0 25.478417799242095,-33.31207224993432,0 25.46842494365626,-33.337723332965425,0 25.466807461695055,-33.3418753148938,0 25.47513906081906,-33.34542663872833,0 25.475095261137426,-33.35401728486977,0 25.47509581332116,-33.354017206628725,0 25.48465061993022,-33.353429264049225,0 25.477545856156382,-33.359516972829965,0 25.475556805802,-33.36122190126969,0 25.483486085114805,-33.37819309663405,0 25.476911129944767,-33.378056503105086,0 25.463054419925584,-33.37620521809629,0 25.4592343417915,-33.37699813685447,0 25.462298431827207,-33.37396527757545,0 25.472701702921313,-33.36366774786825,0 25.464795182751516,-33.3554850665825,0 25.464791444269792,-33.35548559898115,0 25.447128870800782,-33.35799179098831,0 25.443472421615013,-33.377835096312594,0 25.43124773829254,-33.37587050392057,0 25.42499896003403,-33.374207331003504,0 25.41742644987079,-33.37155238483467,0 25.4158547937638,-33.373318540018545,0 25.401833570762733,-33.37131217411752,0 25.393925597288558,-33.36959184478775,0 25.394564538622603,-33.36547599042456,0 25.39501929610367,-33.362598477337826,0 25.39535606882754,-33.36046751666254,0 25.395355266632293,-33.36046302994481,0 25.381265831852716,-33.35839520617378,0 25.382332586979373,-33.352088428837874,0 25.38235005271281,-33.35198446631,0 25.381580056774226,-33.35179778503971,0 25.380639337135733,-33.35147534481126,0 25.380120630662645,-33.35043340287922,0 25.380257751194335,-33.34867775987067,0 25.37938800515235,-33.34892635766522,0 25.378946858011147,-33.34919133481219,0 25.378543514771422,-33.34954437896988,0 25.377936734992375,-33.34993942596367,0 25.377210132241885,-33.35017696119775,0 25.376489669162936,-33.35032160365904,0 25.375718058941345,-33.35071218282093,0 25.374823691260417,-33.351385955797184,0 25.373901754862175,-33.352073697942785,0 25.3732344758904,-33.35247341511598,0 25.3727005591835,-33.352631809110676,0 25.37203678127247,-33.352516516923686,0 25.37144614792146,-33.352141323363355,0 25.37093354424769,-33.35159900968648,0 25.37052037771332,-33.35097307704581,0 25.37022820776565,-33.35032848077475,0 25.36987026590009,-33.34967002235362,0 25.369539542016298,-33.349025450364195,0 25.36921406207938,-33.348445782446845,0 25.368651710607992,-33.34794525756752,0 25.36774952871781,-33.34735701191653,0 25.366952697009424,-33.346629341670734,0 25.366089185067892,-33.34601320264716,0 25.365593012007935,-33.34549400784215,0 25.364945067560882,-33.34468275100812,0 25.36436199930688,-33.34401988231167,0 25.36365875914447,-33.34326423325774,0 25.363239195732376,-33.34288888411464,0 25.36320015706167,-33.34285638801185,0 25.36278505428686,-33.34253663315906,0 25.36229819370675,-33.342249536287,0 25.361667489263255,-33.34212947769322,0 25.3610039056058,-33.34198633799906,0 25.360307109085852,-33.34189883486329,0 25.35897664935294,-33.34162179241173,0 25.359452057966166,-33.34091198360113,0 25.343064884137164,-33.33185568379275,0 25.333812673316288,-33.32856850523228,0 25.33366344431255,-33.32860151844528,0 25.33325045494462,-33.328759600375236,0 25.33279870299782,-33.32896402796746,0 25.332593001965506,-33.32931684819397,0 25.332352875784636,-33.329864487655925,0 25.332068966109944,-33.33039371709634,0 25.331608773126447,-33.330997194564816,0 25.331028104263623,-33.33155913504601,0 25.330544126909956,-33.331846436064154,0 25.328780988052188,-33.33082501666115,0 25.319263764111497,-33.32530975873834,0 25.313433639151185,-33.350386582374824,0 25.250837614164595,-33.332538512941994,0 25.252927365205778,-33.32738035871654,0 25.1844366682177,-33.30885841918064,0 25.174733720784616,-33.303613576605244,0 25.184217119424545,-33.290552786381966,0 25.15877822963165,-33.28940478380366,0 25.15484519664858,-33.28922554082601,0 25.13628632195622,-33.29061803039775,0 25.134625028622224,-33.295233591257215,0</coordinates></LinearRing></outerBoundaryIs><innerBoundaryIs><LinearRing><coordinates>25.680546103819665,-33.3460334823593,0 25.67423184682235,-33.32545209803584,0 25.67423002299722,-33.32545211062637,0 25.664277243000413,-33.32548268937455,0 25.64126068343387,-33.32554388913911,0 25.635796060040207,-33.341168199552726,0 25.665414064307697,-33.34988801621893,0 25.68054555073661,-33.34603905455867,0 25.680546103819665,-33.3460334823593,0</coordinates></LinearRing></innerBoundaryIs><innerBoundaryIs><LinearRing><coordinates>25.150996325819847,-33.209135414167974,0 25.1511589250444,-33.208014655651766,0 25.151160034807788,-33.20801481483181,0 25.151349898778847,-33.20645415473541,0 25.151372784726277,-33.20608414396804,0 25.15218152705586,-33.205790409200006,0 25.15425107662594,-33.20600399728659,0 25.155708323680244,-33.20566451940198,0 25.15538788983929,-33.20529829028385,0 25.15182865197079,-33.204977923892045,0 25.151374665208664,-33.20472617217507,0 25.15298262065147,-33.204012826330825,0 25.153779903819554,-33.20387168762824,0 25.155017826911205,-33.20399373732107,0 25.15563773229553,-33.20341009440028,0 25.15591048318231,-33.202338217634576,0 25.156696329671945,-33.202017769404506,0 25.159845447909163,-33.20168587820069,0 25.160751449220072,-33.20044234603739,0 25.159572667344776,-33.20012190500188,0 25.15726658978133,-33.199095838801895,0 25.156680992633767,-33.19869912986093,0 25.155830305024608,-33.198897498720555,0 25.154670605863828,-33.19887079425172,0 25.152688796850555,-33.19755860874278,0 25.15309694876521,-33.19652485963451,0 25.15348415457015,-33.19635318894848,0 25.149388946842464,-33.195754358276986,0 25.14659460665581,-33.19544537460433,0 25.145974702170804,-33.195330934974606,0 25.146045279166344,-33.19522796889561,0 25.14604593836941,-33.195220330953475,0 25.145975668942015,-33.195326265694575,0 25.144957061719083,-33.19701434173845,0 25.144635233029646,-33.19856655720082,0 25.14588156388311,-33.199956293947764,0 25.146999372622986,-33.20139887665681,0 25.14889637107069,-33.20298962357225,0 25.149250814573463,-33.20341886908551,0 25.149995062022526,-33.20456429420676,0 25.15048464305187,-33.205484081225336,0 25.15025217729618,-33.206691115302704,0 25.150252142222655,-33.20669111080605,0 25.150222249657133,-33.206846408434956,0 25.150413262062443,-33.208405767212355,0 25.15048989509262,-33.20936857689827,0 25.150437809057678,-33.20979444815521,0 25.15048991217975,-33.20936860028064,0 25.150738578322773,-33.2092581554395,0 25.150996325819847,-33.209135414167974,0</coordinates></LinearRing></innerBoundaryIs><innerBoundaryIs><LinearRing><coordinates>25.230169476740002,-33.19784767063345,0 25.229562918194176,-33.199087405859075,0 25.233101165886126,-33.20010206595754,0 25.235903173692577,-33.19815280520777,0 25.270354587893962,-33.20270315892361,0 25.27785080676938,-33.192846297018946,0 25.27258826014014,-33.19222836204921,0 25.24979680627763,-33.18909695595971,0 25.22652438329368,-33.18635067284521,0 25.226444414678042,-33.18634116970918,0 25.230169476740002,-33.19784767063345,0</coordinates></LinearRing></innerBoundaryIs><innerBoundaryIs><LinearRing><coordinates>25.14095472158317,-33.153547301366814,0 25.14087742215537,-33.1532890979135,0 25.140301103313334,-33.15336026396494,0 25.139637213886374,-33.15344232260509,0 25.139439067159287,-33.152797292860726,0 25.13924144383759,-33.15215215160049,0 25.139905228043915,-33.152070066880015,0 25.14049088274811,-33.151997952043814,0 25.140413594112147,-33.151739787261306,0 25.13982607241536,-33.15181233557081,0 25.139162359255522,-33.1518940776495,0 25.13896442926506,-33.15124890581234,0 25.13876660539455,-33.150603832001195,0 25.13943004516051,-33.15052140194109,0 25.139628056089975,-33.15116736967832,0 25.14022007079967,-33.1510933662658,0 25.138093887323066,-33.14399132473983,0 25.137783932382604,-33.144029714999306,0 25.1376649268949,-33.14364273672288,0 25.137977954818837,-33.143604080264026,0 25.137717224270546,-33.142733167801396,0 25.138126935609648,-33.14274677004738,0 25.1412900517945,-33.142725750193165,0 25.140794812230865,-33.14128969476354,0 25.14125543688897,-33.14105628741771,0 25.141153184871655,-33.13999540936061,0 25.140738394161588,-33.13848953326533,0 25.13996975889728,-33.13864516184469,0 25.138958054870386,-33.13526201932666,0 25.138550703352337,-33.135397415857994,0 25.13803333237246,-33.13386946140645,0 25.137692311251215,-33.13386654490506,0 25.13669315006888,-33.130385676657625,0 25.137283561287347,-33.13016834379397,0 25.135608071255547,-33.12504253098797,0 25.12878060893803,-33.125315455443854,0 25.133524795333074,-33.14080351586949,0 25.134020009715755,-33.140741945584296,0 25.134146241256076,-33.141153764934245,0 25.133610793903074,-33.14108427342046,0 25.133694079218458,-33.14135616815258,0 25.13422982604567,-33.14142633056065,0 25.13433780404648,-33.14177684312676,0 25.133841847723147,-33.141838580685885,0 25.137952780096782,-33.15525929577984,0 25.140077003950637,-33.15487583205396,0 25.139914097157884,-33.154345223053554,0 25.139716406387095,-33.15370038936146,0 25.14095472158317,-33.153547301366814,0</coordinates></LinearRing></innerBoundaryIs><innerBoundaryIs><LinearRing><coordinates>25.05324229469619,-33.087587667137086,0 25.0618642291509,-33.08440617240689,0 25.06142756423077,-33.084111907038846,0 25.05332646944106,-33.087551928978314,0 25.05324229469619,-33.087587667137086,0</coordinates></LinearRing></innerBoundaryIs></Polygon><Polygon><outerBoundaryIs><LinearRing><coordinates>25.108312742439182,-33.07589883136592,0 25.100700710669287,-33.047630059279754,0 25.10063719515051,-33.04739409426202,0 25.098934256011148,-33.04106726474242,0 25.115308343805054,-33.04436951414169,0 25.131185872729873,-33.04767924230316,0 25.131277346372485,-33.05301090363025,0 25.126783415222462,-33.05690699066503,0 25.123869791657626,-33.05986005130029,0 25.12326580607214,-33.06324608603802,0 25.123310088689664,-33.070044404925284,0 25.122937745080947,-33.071351275440975,0 25.122608408851022,-33.074757248148444,0 25.117053304666342,-33.07448471219965,0 25.11495843198611,-33.07465615715586,0 25.108508612082858,-33.07586220827426,0 25.108312742439182,-33.07589883136592,0</coordinates></LinearRing></outerBoundaryIs></Polygon><Polygon><outerBoundaryIs><LinearRing><coordinates>25.136976899664262,-33.14252279209313,0 25.136313244061,-33.14260439477698,0 25.136023581423217,-33.14165997892485,0 25.13674088518377,-33.14175383217355,0 25.137458905703966,-33.141846813979214,0 25.13764091319763,-33.142439784668284,0 25.136976899664262,-33.14252279209313,0</coordinates></LinearRing></outerBoundaryIs></Polygon><Polygon><outerBoundaryIs><LinearRing><coordinates>25.13524583422793,-33.14193282513975,0 25.134748819402546,-33.14199482979751,0 25.134588636656304,-33.14147310789758,0 25.13566477980578,-33.14161320698389,0 25.13574385359601,-33.141870824978525,0 25.13524583422793,-33.14193282513975,0</coordinates></LinearRing></outerBoundaryIs></Polygon><Polygon><outerBoundaryIs><LinearRing><coordinates>25.13476281105494,-33.140917876358856,0 25.13486381211527,-33.141247855604036,0 25.134505024887062,-33.141200622310805,0 25.134430795744663,-33.14095887735027,0 25.13476281105494,-33.140917876358856,0</coordinates></LinearRing></outerBoundaryIs></Polygon><Polygon><outerBoundaryIs><LinearRing><coordinates>25.137164885850837,-33.14088886333036,0 25.137375898279117,-33.14157582936099,0 25.13665787775892,-33.14148184301263,0 25.13594019538374,-33.14138822088967,0 25.13583784264239,-33.14105286189999,0 25.136500863324216,-33.140970867111776,0 25.137164885850837,-33.14088886333036,0</coordinates></LinearRing></outerBoundaryIs></Polygon><Polygon><outerBoundaryIs><LinearRing><coordinates>25.135766094729547,-33.14025853840076,0 25.135600115852696,-33.1402790942048,0 25.135481824426734,-33.13989192437276,0 25.135812838791537,-33.139850924280665,0 25.136145114005842,-33.139810014120826,0 25.13647685682156,-33.13976892319721,0 25.136808864037903,-33.139727916809875,0 25.136927424361204,-33.140114972427966,0 25.136595678847527,-33.14015600129835,0 25.136263829911854,-33.14019703466539,0 25.13609785013574,-33.140217592268016,0 25.135931969285025,-33.140238069831014,0 25.135766094729547,-33.14025853840076,0</coordinates></LinearRing></outerBoundaryIs></Polygon><Polygon><outerBoundaryIs><LinearRing><coordinates>25.137685890991122,-33.13921793825722,0 25.13702186666586,-33.139299936642715,0 25.1369428612241,-33.139041950825344,0 25.13760688465004,-33.13895994614455,0 25.137685890991122,-33.13921793825722,0</coordinates></LinearRing></outerBoundaryIs></Polygon><Polygon><outerBoundaryIs><LinearRing><coordinates>25.13711639620476,-33.13848466163779,0 25.13678454007453,-33.13852569770273,0 25.136705853892067,-33.1382679879772,0 25.13662584390761,-33.13801000665643,0 25.136546844761142,-33.137752010047166,0 25.13787487812317,-33.13758701592798,0 25.137953883564933,-33.137844999946765,0 25.138032891704654,-33.13810398670955,0 25.13811183059653,-33.13836156513406,0 25.137448130926543,-33.138443633666725,0 25.13711639620476,-33.13848466163779,0</coordinates></LinearRing></outerBoundaryIs></Polygon><Polygon><outerBoundaryIs><LinearRing><coordinates>25.136973404898754,-33.13689538601324,0 25.136309708826047,-33.13697736641228,0 25.13623082389347,-33.13671906673147,0 25.136893843675978,-33.13663706744666,0 25.13755785810872,-33.136555060967225,0 25.13763708028705,-33.13681332017853,0 25.136973404898754,-33.13689538601324,0</coordinates></LinearRing></outerBoundaryIs></Polygon><Polygon><outerBoundaryIs><LinearRing><coordinates>25.138632513779555,-33.13669022817146,0 25.137968940014616,-33.13677228141563,0 25.137889876116958,-33.136514062673825,0 25.137810873373155,-33.13625607775572,0 25.138473885961105,-33.13617407937022,0 25.139137910286365,-33.13609207468943,0 25.139216916627447,-33.136350066802095,0 25.13929592386785,-33.136608051720145,0 25.138632513779555,-33.13669022817146,0</coordinates></LinearRing></outerBoundaryIs></Polygon><Polygon><outerBoundaryIs><LinearRing><coordinates>25.135384780383333,-33.135083145970384,0 25.135052765073112,-33.13512414786106,0 25.134894755088908,-33.134608172629044,0 25.135225770353088,-33.134567175234906,0 25.135384780383333,-33.135083145970384,0</coordinates></LinearRing></outerBoundaryIs></Polygon><Polygon><outerBoundaryIs><LinearRing><coordinates>25.13423074065622,-33.13469017281318,0 25.133898729842542,-33.134731174703916,0 25.133780311612156,-33.13434397969087,0 25.134111729772542,-33.13430318914084,0 25.13423074065622,-33.13469017281318,0</coordinates></LinearRing></outerBoundaryIs></Polygon><Polygon><outerBoundaryIs><LinearRing><coordinates>25.136498588039444,-33.13534705292409,0 25.13583501967048,-33.13542910526894,0 25.135755840659556,-33.13517107178751,0 25.135676791151013,-33.13491315431855,0 25.13559778391067,-33.13465517029982,0 25.135518443021795,-33.1343969056926,0 25.13543939531189,-33.134138855124036,0 25.136102932204608,-33.134056797383266,0 25.136766597700387,-33.13397482417872,0 25.136845765919418,-33.13423277042597,0 25.136924824421158,-33.134491161837616,0 25.13700383435952,-33.134749148554306,0 25.137083192335524,-33.135006931124906,0 25.137162252635903,-33.13526498888808,0 25.136498588039444,-33.13534705292409,0</coordinates></LinearRing></outerBoundaryIs></Polygon><Polygon><outerBoundaryIs><LinearRing><coordinates>25.136023883595385,-33.133798727928934,0 25.135360218998983,-33.13388078477038,0 25.13528076569486,-33.13362321533907,0 25.135201762951056,-33.13336522772306,0 25.135122814166607,-33.13310670860767,0 25.135043770053983,-33.132848648146535,0 25.134964598237673,-33.132590596678654,0 25.13562824304904,-33.132508531743326,0 25.136291898652246,-33.13242647310318,0 25.13637096524792,-33.13268452457112,0 25.13645013436627,-33.132942576039,0 25.136528804360864,-33.1332002237113,0 25.136608809848724,-33.133458216723284,0 25.136687427682716,-33.13371675562371,0 25.136023883595385,-33.133798727928934,0</coordinates></LinearRing></outerBoundaryIs></Polygon><Polygon><outerBoundaryIs><LinearRing><coordinates>25.13554907662865,-33.13225047937607,0 25.13488552984336,-33.13233252722432,0 25.134806367919566,-33.132074491044875,0 25.134726730254442,-33.13181630467869,0 25.134647730208656,-33.13155831706263,0 25.134568996362134,-33.131300315057445,0 25.134489955846846,-33.13104225459631,0 25.13515347295447,-33.130960206748114,0 25.13581711416856,-33.13087823264425,0 25.135896278790312,-33.13113618608605,0 25.135975762671364,-33.13139431579498,0 25.136054766314487,-33.131652301612405,0 25.136133566710782,-33.131910357576885,0 25.136212722339337,-33.13216841983666,0 25.13554907662865,-33.13225047937607,0</coordinates></LinearRing></outerBoundaryIs></Polygon></MultiGeometry></Placemark></Folder><Folder><name>Main Roads</name></Folder><Folder><name>Gates</name><Placemark>
  <name>Addo Enterance</name>
  
  <styleUrl>#style_GATES</styleUrl>
  <Point><coordinates>25.73869289001018,-33.44439379980457,0</coordinates></Point>
</Placemark>
<Placemark>
  <name>Mathyolweni Gate</name>
  
  <styleUrl>#style_GATES</styleUrl>
  <Point><coordinates>25.79936775101055,-33.68037612243904,0</coordinates></Point>
</Placemark>
<Placemark>
  <name>Kabouga Gate</name>
  
  <styleUrl>#style_GATES</styleUrl>
  <Point><coordinates>25.45916666666667,-33.3775,0</coordinates></Point>
</Placemark></Folder><Folder><name>Picnic Spots</name><Placemark>
  <name>Nyati Waterhole, Picnic Spot</name>
  
  <styleUrl>#style_PICNIC</styleUrl>
  <Point><coordinates>25.74638888888889,-33.44527777777778,0</coordinates></Point>
</Placemark></Folder><Folder><name>Bird Hides</name></Folder><Folder><name>Water Holes</name><Placemark>
  <name>Domkrag</name>
  
  <styleUrl>#style_WATER_HOLES</styleUrl>
  <Point><coordinates>25.78311280837529,-33.44060585908706,0</coordinates></Point>
</Placemark>
<Placemark>
  <name>Hapoor</name>
  
  <styleUrl>#style_WATER_HOLES</styleUrl>
  <Point><coordinates>25.74027721343745,-33.50298526171831,0</coordinates></Point>
</Placemark>
<Placemark>
  <name>Janwal Pan</name>
  
  <styleUrl>#style_WATER_HOLES</styleUrl>
  <Point><coordinates>25.76454032199377,-33.49065881137058,0</coordinates></Point>
</Placemark>
<Placemark>
  <name>Miriamberee</name>
  
  <styleUrl>#style_WATER_HOLES</styleUrl>
  <Point><coordinates>25.77554375925118,-33.5275675339752,0</coordinates></Point>
</Placemark>
<Placemark>
  <name>Woodlands</name>
  
  <styleUrl>#style_WATER_HOLES</styleUrl>
  <Point><coordinates>25.7708564071457,-33.44544343040258,0</coordinates></Point>
</Placemark>
<Placemark>
  <name>Carols Rest</name>
  
  <styleUrl>#style_WATER_HOLES</styleUrl>
  <Point><coordinates>25.82108282137088,-33.48393444851045,0</coordinates></Point>
</Placemark>
<Placemark>
  <name>Spekboom</name>
  
  <styleUrl>#style_WATER_HOLES</styleUrl>
  <Point><coordinates>25.75250891832468,-33.51260550283489,0</coordinates></Point>
</Placemark></Folder><Folder><name>Dams</name><Placemark>
  <name>Darlington Dam</name>
  
  <styleUrl>#style_DAMS</styleUrl>
  <Point><coordinates>25.14834412288363,-33.17869981344502,0</coordinates></Point>
</Placemark>
<Placemark>
  <name>Ghwarrie Dam</name>
  
  <styleUrl>#style_DAMS</styleUrl>
  <Point><coordinates>25.76416666666667,-33.45277777777778,0</coordinates></Point>
</Placemark>
<Placemark>
  <name>Rooidam</name>
  
  <styleUrl>#style_DAMS</styleUrl>
  <Point><coordinates>25.75055555555555,-33.45444444444445,0</coordinates></Point>
</Placemark></Folder><Folder><name>Waypoints</name></Folder><Folder><name>POI</name><Placemark>
  <name>Sundays River Mouth</name>
  
  <styleUrl>#style_POI</styleUrl>
  <Point><coordinates>25.85083333333333,-33.72055555555556,0</coordinates></Point>
</Placemark>
<Placemark>
  <name>Woody Cape Office</name>
  
  <styleUrl>#style_POI</styleUrl>
  <Point><coordinates>26.365,-33.70138888888889,0</coordinates></Point>
</Placemark>
<Placemark>
  <name>Darlington Offices</name>
  
  <styleUrl>#style_POI</styleUrl>
  <Point><coordinates>25.14361111111111,-33.20944444444445,0</coordinates></Point>
</Placemark>
<Placemark>
  <name>Zuurberg Office</name>
  
  <styleUrl>#style_POI</styleUrl>
  <Point><coordinates>25.7451866110079,-33.35819903830581,0</coordinates></Point>
</Placemark>
<Placemark>
  <name>Domkrag</name>
  
  <styleUrl>#style_POI</styleUrl>
  <Point><coordinates>25.7825,-33.44027777777777,0</coordinates></Point>
</Placemark>
<Placemark>
  <name>Kadouw Lookout</name>
  
  <styleUrl>#style_POI</styleUrl>
  <Point><coordinates>25.76166666666667,-33.49222222222223,0</coordinates></Point>
</Placemark>
<Placemark>
  <name>Spekboom Lookout</name>
  
  <styleUrl>#style_POI</styleUrl>
  <Point><coordinates>25.75349837109214,-33.51196023083997,0</coordinates></Point>
</Placemark>
<Placemark>
  <name>Zuurkop Lookout</name>
  
  <styleUrl>#style_POI</styleUrl>
  <Point><coordinates>25.78472222222223,-33.46250000000001,0</coordinates></Point>
</Placemark></Folder><Folder><name>Camps</name><Placemark>
  <name>Addo Rest Camp (Main Camp)</name>
  
  <styleUrl>#style_CAMPS</styleUrl>
  <Point><coordinates>25.74636322642434,-33.44383412522808,0</coordinates></Point>
</Placemark>
<Placemark>
  <name>Camp Matyholweni (Rest Camp)</name>
  
  <styleUrl>#style_CAMPS</styleUrl>
  <Point><coordinates>25.80291410250563,-33.67297825099344,0</coordinates></Point>
</Placemark>
<Placemark>
  <name>Mvubu Camp site</name>
  
  <styleUrl>#style_CAMPS</styleUrl>
  <Point><coordinates>25.35861111111111,-33.33972222222222,0</coordinates></Point>
</Placemark>
<Placemark>
  <name>Kabouga House</name>
  
  <styleUrl>#style_CAMPS</styleUrl>
  <Point><coordinates>25.38305555555557,-33.30472222222222,0</coordinates></Point>
</Placemark>
<Placemark>
  <name>Langebos Huts</name>
  
  <styleUrl>#style_CAMPS</styleUrl>
  <Point><coordinates>26.36633516956139,-33.70214798900666,0</coordinates></Point>
</Placemark>
<Placemark>
  <name>Narina Bush Camp</name>
  
  <styleUrl>#style_CAMPS</styleUrl>
  <Point><coordinates>25.68944444444445,-33.35138888888889,0</coordinates></Point>
</Placemark></Folder><Folder><name>Other Features (Viewpoints, Lookouts, Pans, Trails - not in the requested category list, kept so no surveyed data is lost)</name><Placemark>
  <name>Addo Elephant National Park</name>
  
  <styleUrl>#style_OTHER</styleUrl>
  <Point><coordinates>25.82955242284673,-33.51180425149494,0</coordinates></Point>
</Placemark></Folder>
</Document>
</kml>