<?xml version="1.0" encoding="UTF-8"?>
<kml xmlns="http://www.opengis.net/kml/2.2">
<Document>
<name>Kruger National Park</name>
<description>Restructured from source 'My Places.kmz' (folder: Kruger National Park). Boundary from WDPA (World Database on Protected Areas).</description>
<Style id="style_GATES">
  <IconStyle><scale>0.9</scale><Icon><href>../../icons/gate.png</href></Icon></IconStyle>
  <LabelStyle><scale>0.8</scale></LabelStyle>
</Style>
<Style id="style_CAMPS">
  <IconStyle><scale>0.9</scale><Icon><href>../../icons/camp.png</href></Icon></IconStyle>
  <LabelStyle><scale>0.8</scale></LabelStyle>
</Style>
<Style id="style_PICNIC">
  <IconStyle><scale>0.9</scale><Icon><href>../../icons/picnic.png</href></Icon></IconStyle>
  <LabelStyle><scale>0.8</scale></LabelStyle>
</Style>
<Style id="style_POI">
  <IconStyle><scale>0.9</scale><Icon><href>../../icons/poi.png</href></Icon></IconStyle>
  <LabelStyle><scale>0.8</scale></LabelStyle>
</Style>
<Style id="style_WATER_HOLES">
  <IconStyle><scale>0.9</scale><Icon><href>../../icons/waterhole.png</href></Icon></IconStyle>
  <LabelStyle><scale>0.8</scale></LabelStyle>
</Style>
<Style id="style_BIRD_HIDES">
  <IconStyle><scale>0.9</scale><Icon><href>../../icons/birdhide.png</href></Icon></IconStyle>
  <LabelStyle><scale>0.8</scale></LabelStyle>
</Style>
<Style id="style_OTHER">
  <IconStyle><scale>0.9</scale><Icon><href>../../icons/lookout.png</href></Icon></IconStyle>
  <LabelStyle><scale>0.8</scale></LabelStyle>
</Style>
<Style id="style_DAMS">
  <IconStyle><scale>0.9</scale><Icon><href>http://maps.google.com/mapfiles/kml/paddle/blu-circle.png</href></Icon></IconStyle>
  <LabelStyle><scale>0.8</scale></LabelStyle>
</Style>
<Style id="style_WAYPOINTS">
  <IconStyle><scale>0.9</scale><Icon><href>http://maps.google.com/mapfiles/kml/paddle/wht-blank.png</href></Icon></IconStyle>
  <LabelStyle><scale>0.8</scale></LabelStyle>
</Style>
<Style id="style_MAIN_ROADS">
  <LineStyle><color>ff0055ff</color><width>4</width></LineStyle>
</Style>
<Style id="style_BOUNDARY">
  <LineStyle><color>ff29610d</color><width>3</width></LineStyle>
  <PolyStyle><color>4029610d</color></PolyStyle>
</Style><Folder><name>Boundary</name><Placemark><name>Kruger National Park Boundary</name><description>Source: WDPA (World Database on Protected Areas), record name "Kruger National Park". 1 section(s), 18 excluded enclave(s)/hole(s).</description><styleUrl>#style_BOUNDARY</styleUrl><Polygon><outerBoundaryIs><LinearRing><coordinates>31.386006881112735,-24.48431826017952,0 31.37406253265982,-24.5426961518059,0 31.33275396322489,-24.55417937018177,0 31.27386500396682,-24.553297857410143,0 31.308883068398927,-24.50089531057006,0 31.30892502896694,-24.50083047124923,0 31.316060651178134,-24.489862147120334,0 31.253660030885783,-24.49911754064192,0 31.266023892388773,-24.475315410677638,0 31.276198010829603,-24.45495778937044,0 31.344313223776282,-24.417353611080216,0 31.3095531496582,-24.367092539788814,0 31.342749431341247,-24.376733723582447,0 31.349119904959707,-24.414178139109765,0 31.386753065701498,-24.389308266563205,0 31.39402814218505,-24.348654132881904,0 31.39404148722491,-24.348188764300005,0 31.435483811928407,-24.306817795404868,0 31.437723161594704,-24.2948614796735,0 31.444832279885873,-24.26202319741259,0 31.44481320616461,-24.261962161324618,0 31.44478840196325,-24.261878239289274,0 31.444784589737083,-24.261866788221653,0 31.441357089957762,-24.25086789433783,0 31.441343736824024,-24.250820211383598,0 31.43137398572094,-24.221197361568954,0 31.423956342411316,-24.198709416306485,0 31.468011442274303,-24.176691040359174,0 31.47266181229287,-24.167763432636264,0 31.47978991527242,-24.154081164114416,0 31.47979002768767,-24.15407351807835,0 31.4804997186871,-24.13194229699934,0 31.481344773842295,-24.10551773855275,0 31.46139171705414,-24.106866207209634,0 31.461390377064276,-24.106866289047957,0 31.455107142180907,-24.107283773227493,0 31.454063522113927,-24.10735437990064,0 31.452977275081253,-24.107427674647397,0 31.447429612786436,-24.10780823086509,0 31.447418221973408,-24.107809001584087,0 31.440887273329054,-24.10824112672657,0 31.43396910988656,-24.108708232798676,0 31.433967251887225,-24.108708367696977,0 31.428677153627802,-24.10906344612107,0 31.42567964400041,-24.109265208122793,0 31.425669871067726,-24.10926586732586,0 31.411872061246697,-24.110193930805224,0 31.406687789809723,-24.110291161008206,0 31.406676623827195,-24.110291363355714,0 31.388479904324186,-24.110605760047747,0 31.38349968636146,-24.110397811609687,0 31.377283477950186,-24.110138385078358,0 31.372217467362304,-24.109926676574844,0 31.354488121929307,-24.1091827088149,0 31.339606588573247,-24.10855893184919,0 31.295406373205594,-24.109519864649997,0 31.273180851015525,-24.158374577025086,0 31.268646995362587,-24.15560529644722,0 31.264483164866192,-24.153352863443843,0 31.24940183182912,-24.104406350072964,0 31.24647585697528,-24.104642824106975,0 31.245846434065754,-24.103254378786517,0 31.244820270738956,-24.10098669867716,0 31.243694922982343,-24.098503505932,0 31.242607739755442,-24.096104236121562,0 31.241490022746405,-24.09363820783699,0 31.248083932927216,-24.091065417435004,0 31.24227221618986,-24.078277548969652,0 31.21120644642042,-24.060082671278224,0 31.21143752811946,-24.0427042026368,0 31.211338342790327,-24.042696615956004,0 31.21033541884458,-24.014977368310838,0 31.21033749268122,-23.999811131178717,0 31.20801431091178,-23.995231929010288,0 31.18223205816298,-23.97858755177407,0 31.164792905967886,-23.948764333007546,0 31.162739021688537,-23.913322397410695,0 31.161844704369685,-23.897889160556247,0 31.161297306825304,-23.891183290176627,0 31.161119952423917,-23.88901286185404,0 31.160830058660338,-23.88545782381948,0 31.16061455501773,-23.882814380878926,0 31.160435275167856,-23.88063250238804,0 31.160271256813076,-23.87861082193183,0 31.160185439906172,-23.877563779045147,0 31.158417451004595,-23.85591100269056,0 31.154228817206217,-23.797349697030825,0 31.1520565695551,-23.767049697285643,0 31.150689153981318,-23.747952673676878,0 31.1489784411022,-23.724074215552548,0 31.14784347689499,-23.70823105332039,0 31.144069069931675,-23.655510088020094,0 31.14362661697487,-23.649311635823267,0 31.143956591723395,-23.64935361167977,0 31.14442581030295,-23.649349793158365,0 31.144301836060947,-23.64897025587254,0 31.144162593129238,-23.648546863147146,0 31.14384025002755,-23.648102471252002,0 31.14342444308363,-23.647465453567804,0 31.143304266678626,-23.647312895273842,0 31.143102091888068,-23.6470630528176,0 31.142688187909584,-23.6465976842357,0 31.142318178041535,-23.646193329258722,0 31.14183559193907,-23.645790913220026,0 31.14151324793812,-23.645430464943956,0 31.140941033601848,-23.64495365338837,0 31.14060533736648,-23.644619859219063,0 31.140181885285813,-23.644183143936914,0 31.139636352935383,-23.643691039409873,0 31.139190051779508,-23.64326766916753,0 31.1387799447387,-23.64284233570521,0 31.1384423392426,-23.642449409312746,0 31.138020810811838,-23.64201461138515,0 31.137685114576414,-23.64166747127672,0 31.137173935428848,-23.641106760168782,0 31.13667609412647,-23.6405250408979,0 31.13620114686546,-23.639897541638163,0 31.135838737168058,-23.63940360968877,0 31.135440074000257,-23.638888627308233,0 31.13502807208789,-23.638373672806722,0 31.134591281262658,-23.637778646267464,0 31.13425558502729,-23.63733045024003,0 31.13409343186646,-23.637151170390155,0 31.133769141732557,-23.636792616985645,0 31.13331139040838,-23.636413028438483,0 31.13286502899797,-23.636056430160068,0 31.13240534323205,-23.635667336678182,0 31.13203339982158,-23.635343098704993,0 31.13153937074543,-23.63499785526676,0 31.13113118105923,-23.63474233628972,0 31.130560838212148,-23.63435324280789,0 31.130177467116482,-23.63405187729228,0 31.129631935665373,-23.633605620203184,0 31.129059683557614,-23.633069681820302,0 31.1285771199382,-23.63261196017379,0 31.128115488039384,-23.632129381265884,0 31.127667276723514,-23.631625922798037,0 31.12730677718605,-23.63123495782702,0 31.126885248755286,-23.63077525137669,0 31.12632448458737,-23.630216448630165,0 31.12601356197638,-23.629857880836482,0 31.12554246471302,-23.629377286732336,0 31.124945468658495,-23.62880702662295,0 31.1243503368986,-23.628282509630083,0 31.123890682608987,-23.627902980438137,0 31.123543528111384,-23.627546321905186,0 31.123207839969893,-23.627142027182742,0 31.1228187168104,-23.626546962872,0 31.122519274944636,-23.626121630308944,0 31.122269373133122,-23.6256943812906,0 31.12194324838225,-23.625166104232278,0 31.12145687343599,-23.62452719887108,0 31.12110780877839,-23.624090416139722,0 31.120733963301802,-23.623710878853956,0 31.120423093750844,-23.623306584131512,0 31.12014838773797,-23.62292510700803,0 31.119822247698607,-23.622419739279508,0 31.119423591725422,-23.621927634752524,0 31.1191012783014,-23.621557631179712,0 31.118727403147204,-23.621132321099708,0 31.11841652640163,-23.620773761399903,0 31.118128496932627,-23.620392322047962,0 31.117779462851956,-23.619911706360142,0 31.11746471362568,-23.619349039226734,0 31.117190091249768,-23.61885511537122,0 31.116900183097016,-23.618269591968044,0 31.116648379219384,-23.6177755925695,0 31.116371838589544,-23.617224415174576,0 31.116156311564566,-23.616762902885625,0 31.115940746768104,-23.616188823355458,0 31.11576146691823,-23.615614706053805,0 31.115545963275622,-23.61507497792786,0 31.115318993276958,-23.614535258795115,0 31.115103435675053,-23.613949728197326,0 31.114899358818434,-23.61339667841395,0 31.114721997222432,-23.612937023225015,0 31.114409171646003,-23.6124525719286,0 31.11402196584112,-23.611926168158107,0 31.113587093269814,-23.61141127391113,0 31.11326092984808,-23.610917275411907,0 31.112997706379076,-23.61041185462335,0 31.11274405889128,-23.609769145129917,0 31.11254184003394,-23.60934192578918,0 31.11226721675871,-23.60892803709919,0 31.11188189863077,-23.608479817689386,0 31.11139743294524,-23.607987773416937,0 31.110912967259708,-23.607461384035616,0 31.11050096534734,-23.606980774642977,0 31.110041281380063,-23.60652115003103,0 31.109509155223407,-23.606086275661028,0 31.109383249237624,-23.60597180725307,0 31.108826311684993,-23.605460694655278,0 31.108231172730484,-23.604970552449004,0 31.1077123700299,-23.60457958657861,0 31.10726415871403,-23.604142803847253,0 31.10681781169268,-23.60375374813691,0 31.106371503342245,-23.603328415573856,0 31.106035762140777,-23.602981291653236,0 31.105749711180295,-23.602599867589788,0 31.105425435435563,-23.60217454312061,0 31.105026809139986,-23.60166907826533,0 31.10462627987897,-23.60113133494309,0 31.104252404724775,-23.600683116432606,0 31.103830898777005,-23.60022540108133,0 31.10325868444079,-23.599632224447532,0 31.102724588768808,-23.59905055104207,0 31.102325947184738,-23.59854511586434,0 31.10205130862107,-23.598152181377998,0 31.10159924910613,-23.597400760936296,0 31.101397089604063,-23.59692780567366,0 31.101118586653513,-23.596218287344016,0 31.100828717171623,-23.595520256054954,0 31.100575010328498,-23.594948122657684,0 31.10026030606832,-23.594295820995285,0 31.10001997484204,-23.593744634607162,0 31.099815898884685,-23.59304471743974,0 31.099722406264107,-23.59250304318084,0 31.099716707260256,-23.59198426206399,0 31.099812086658517,-23.591276697961177,0 31.099829244823866,-23.591156544039222,0 31.099932279251334,-23.590670197871304,0 31.100123024558002,-23.59019345376481,0 31.100313748280882,-23.589750948647293,0 31.100651369065474,-23.58932948766568,0 31.101027130997352,-23.588951854244613,0 31.101463937111077,-23.588631465369758,0 31.102072368944732,-23.588295761040513,0 31.10254924794947,-23.588087880950923,0 31.1031958362189,-23.58786666211671,0 31.103964526341883,-23.58759776122764,0 31.104599686026745,-23.587353685224343,0 31.1053092277387,-23.58718772793128,0 31.10585859389903,-23.58709047614451,0 31.106495655650065,-23.587016116600466,0 31.107279593778287,-23.586928383238273,0 31.107878529670472,-23.586810131382435,0 31.108662466899375,-23.586665211030606,0 31.109482620726396,-23.586543110076434,0 31.109970898638096,-23.586459224913256,0 31.110766310317047,-23.58628188400172,0 31.111645619749595,-23.58610260415179,0 31.11239330980345,-23.585969119579147,0 31.11321159304066,-23.585780321304753,0 31.113970748551253,-23.58565827161192,0 31.114582999805634,-23.58554002784996,0 31.11513230571137,-23.58539699517513,0 31.115670243287127,-23.585232947142742,0 31.11625581075714,-23.58509183901714,0 31.116927217617047,-23.58485917720924,0 31.11756237100667,-23.58463601134281,0 31.118050685790593,-23.5843824016265,0 31.118645772584387,-23.583991430360186,0 31.119387778922885,-23.583508881129887,0 31.120202249034605,-23.582980604071565,0 31.120944217601618,-23.582498115995236,0 31.12141724840734,-23.58209758673422,0 31.122012380167234,-23.581672276654217,0 31.122411028945862,-23.581227884759016,0 31.122674216441965,-23.580749192721044,0 31.12290120802436,-23.58021517978665,0 31.12307862357966,-23.57971739873892,0 31.12321783683376,-23.579105162772976,0 31.12334568985176,-23.578470114604045,0 31.123557367778346,-23.57788075739097,0 31.12392743070643,-23.577096931678,0 31.12415631086509,-23.576675381663506,0 31.12440428093288,-23.576063205052833,0 31.124556900380696,-23.5754166617495,0 31.124659904231237,-23.5749512931676,0 31.124846838211056,-23.57419222668989,0 31.12494981238399,-23.573637213686425,0 31.125102430932486,-23.573070833252302,0 31.125243592118125,-23.57256152559387,0 31.12531037217599,-23.572096239749612,0 31.12531605589129,-23.571598458701885,0 31.125174933376513,-23.571012912815604,0 31.12499562294971,-23.570450306836165,0 31.12492696330878,-23.56983998013095,0 31.12476102759939,-23.569311666200406,0 31.124570304775773,-23.568871100920546,0 31.124282277105465,-23.568333291048475,0 31.123994300696495,-23.567871770665647,0 31.123694806670017,-23.56745785229799,0 31.123370591179878,-23.567030632957312,0 31.1230939992887,-23.566481348635307,0 31.12300052825185,-23.56593974182556,0 31.12299099543816,-23.56523785514287,0 31.122849871124686,-23.564618038791423,0 31.12252368611928,-23.564089724860878,0 31.12216130699875,-23.563641544121936,0 31.121739809144913,-23.563195226778248,0 31.12124386990871,-23.56279283412198,0 31.120738404154054,-23.562493398551453,0 31.12028062225295,-23.56217102577216,0 31.11973702974018,-23.56188308803405,0 31.119157183757068,-23.561549286670186,0 31.11853921910972,-23.56122889779533,0 31.118083339274733,-23.56099623598743,0 31.117404307962488,-23.56067574998582,0 31.116763403408413,-23.560412584972767,0 31.11605959127718,-23.560092181708796,0 31.115542683448155,-23.559916698796542,0 31.115039150336543,-23.559752674146523,0 31.114533684581943,-23.55958863420807,0 31.113919494389222,-23.55947038235223,0 31.11329196455256,-23.55930825976833,0 31.112664435615272,-23.55905465095134,0 31.112071229303865,-23.558720848688154,0 31.111514291751234,-23.55834319997865,0 31.111043148622457,-23.557929369744556,0 31.110696024701838,-23.557595569280068,0 31.11032215044696,-23.557158823420934,0 31.109950243908656,-23.556788819848123,0 31.1096507795599,-23.556407395784618,0 31.10931509141841,-23.555947740595684,0 31.109027055654167,-23.555533851905693,0 31.10881152862919,-23.55490262405681,0 31.108704750324023,-23.554326619078154,0 31.108687561581746,-23.55383072480805,0 31.108876413815494,-23.553285260806092,0 31.109078587706733,-23.552877100797502,0 31.10931892612757,-23.55243277725083,0 31.109557368777587,-23.55189872564563,0 31.10980530916771,-23.551194996252036,0 31.109921703024213,-23.55070865008406,0 31.109990340182094,-23.550222304815463,0 31.110041842557052,-23.549577663578248,0 31.110060917177634,-23.54904558958225,0 31.1100285271948,-23.548446713944656,0 31.10997129613844,-23.54789360390663,0 31.109866403711635,-23.547317598927975,0 31.10975006201579,-23.54683320878553,0 31.10971952913303,-23.546325901219348,0 31.10975006201579,-23.545793804740242,0 31.109790121417007,-23.54518344835742,0 31.109952244000908,-23.544456787150978,0 31.110190686650924,-23.543890353656877,0 31.110442468944825,-23.54343458623714,0 31.110778149891757,-23.542843318864016,0 31.11104140393769,-23.54236655227453,0 31.11137903281616,-23.54188779278735,0 31.11169374427095,-23.541512119888353,0 31.11201989869943,-23.541145914152594,0 31.112491057116642,-23.54059856966819,0 31.11287824763309,-23.54019805569567,0 31.11342184014586,-23.53955915213311,0 31.113952123591673,-23.538931682551038,0 31.11437556128317,-23.538441554733936,0 31.11474939866588,-23.538020011914,0 31.115111808363338,-23.537619506035355,0 31.11559440166036,-23.537026404045264,0 31.115920556988158,-23.536526667871385,0 31.11617233838274,-23.536128064058857,0 31.116435555556507,-23.53557120924387,0 31.1166968706641,-23.535048602411052,0 31.117068805980637,-23.534377307067018,0 31.117354931584885,-23.533650653055133,0 31.117604774041126,-23.533070867326614,0 31.11782987165128,-23.532571131152736,0 31.118032060831013,-23.532039034673687,0 31.118245716366744,-23.53141537012317,0 31.118386838881577,-23.530972918065686,0 31.11858711880052,-23.530381710947154,0 31.11878742030325,-23.5297027398895,0 31.118922836619674,-23.52885210534032,0 31.118953370401755,-23.528310490436752,0 31.118920965130485,-23.52766581862261,0 31.118814119376168,-23.526977313851887,0 31.11868443084188,-23.526470007185026,0 31.118482280333012,-23.52594169325448,0 31.118327742631266,-23.52548018096553,0 31.11812749418857,-23.525041517751788,0 31.117826119679705,-23.524478852417076,0 31.117513310291088,-23.524085991675122,0 31.117190967189458,-23.52368353786494,0 31.1167560856249,-23.523258272751036,0 31.11637268485157,-23.522945448973246,0 31.115939744024047,-23.522646007107483,0 31.115447624208514,-23.522525853185527,0 31.114833462794138,-23.52243242711478,0 31.11428218017852,-23.522426667856394,0 31.113647027688216,-23.52256779216981,0 31.113059550058267,-23.52271086171686,0 31.112523560414047,-23.522897729146848,0 31.112021935663847,-23.523061776279917,0 31.111339109212565,-23.523282979825638,0 31.11083934336108,-23.523446960408876,0 31.11025376689787,-23.52369111735112,0 31.109742587750304,-23.52405730869782,0 31.109366841106862,-23.52437771196179,0 31.109004400832475,-23.524698100836645,0 31.10857908985315,-23.524963212881914,0 31.108153714122636,-23.525375161734303,0 31.107669217860177,-23.525752804148567,0 31.10723243512882,-23.526052209142108,0 31.106843311969328,-23.52634974084782,0 31.106370274868368,-23.526796026715203,0 31.10582668325486,-23.52731094344523,0 31.105279248838315,-23.527654271327492,0 31.1048405262693,-23.527896458754526,0 31.104342693060914,-23.528218756890055,0 31.103745681717896,-23.528520123304986,0 31.103282184625186,-23.52871650826023,0 31.102769089022274,-23.528880585970228,0 31.102072900444057,-23.529046445237213,0 31.101521646606784,-23.52914183272935,0 31.10100855819843,-23.529248641611503,0 31.10043443370222,-23.529403102870845,0 31.099837415164643,-23.52961288592587,0 31.099385369139497,-23.529832194600033,0 31.09887415311971,-23.53004009807205,0 31.098336298281595,-23.53012592307283,0 31.097662995650808,-23.530234589055,0 31.096989648953183,-23.530297556886694,0 31.096476559645566,-23.5303719146321,0 31.095889090109495,-23.530423387329392,0 31.09532449932624,-23.53044057517235,0 31.094651211983887,-23.530436770140795,0 31.0940007737168,-23.53041004228959,0 31.093300773811734,-23.53037188495449,0 31.092785775243385,-23.530286083336023,0 31.092171606634395,-23.530181162130873,0 31.091483027219965,-23.530062887791985,0 31.090794463094028,-23.529889367200497,0 31.090290900304865,-23.529725319168108,0 31.08993993358115,-23.529639524744255,0 31.089810245946126,-23.529607075406147,0 31.08927043598186,-23.52946591422051,0 31.088778338649433,-23.52933433890854,0 31.088051618087775,-23.529105458749882,0 31.087595745447345,-23.52890710427937,0 31.087101716371137,-23.52865150436338,0 31.086706931080073,-23.528350166726796,0 31.086224337782994,-23.52808511493606,0 31.08572077499383,-23.52787525723727,0 31.08521533981616,-23.527676954927472,0 31.08475946717573,-23.527444225670422,0 31.084265430005644,-23.527156226778402,0 31.083843932151808,-23.526811057983878,0 31.08347195906373,-23.52648682001069,0 31.083111497297807,-23.526071005872154,0 31.082873060943086,-23.525645740758307,0 31.08268233722015,-23.525104073694024,0 31.082602212122424,-23.5246196826522,0 31.082655622858738,-23.523963583152806,0 31.08279677684982,-23.523374241228225,0 31.082911247056472,-23.522874528436716,0 31.083052371369888,-23.522285192807374,0 31.083191622395532,-23.52164061901931,0 31.08325840155402,-23.521074147753666,0 31.08334805317014,-23.520507715158885,0 31.08341484042262,-23.519975559324564,0 31.083445342728453,-23.519411088151173,0 31.083462492799868,-23.518901863230383,0 31.083443463145386,-23.518302986693413,0 31.083449154954565,-23.517805212840244,0 31.083431997688592,-23.517320763342525,0 31.08338814944358,-23.51681155281085,0 31.083319496997262,-23.516191707681116,0 31.083350008296293,-23.515705369607076,0 31.08336527788532,-23.51504927010768,0 31.08334811972003,-23.51459727714257,0 31.083281340561484,-23.51413380972747,0 31.08322605743666,-23.51359217324017,0 31.08315740499029,-23.513004770253872,0 31.083075400309554,-23.51244019385979,0 31.08305631040048,-23.511864220357438,0 31.082938057645322,-23.51122152615244,0 31.082859873284576,-23.51076948012735,0 31.082730155072625,-23.51031938113448,0 31.082466967576522,-23.509813924373077,0 31.08215601618724,-23.509342885565673,0 31.08184324277147,-23.50892708671563,0 31.081433151019155,-23.50850183689022,0 31.081074591319407,-23.508166126265678,0 31.080578652083204,-23.50775417561465,0 31.080181905370694,-23.50742994573534,0 31.079689792749775,-23.50716487236093,0 31.079193868802065,-23.50681964870779,0 31.07872655318795,-23.506575477376316,0 31.07828215409819,-23.506297012197308,0 31.077763372981337,-23.505986134552415,0 31.077257900032123,-23.505721082761738,0 31.076725715419457,-23.505410168244623,0 31.07618403306674,-23.50509928970041,0 31.075628967003297,-23.504845652105132,0 31.07515977900067,-23.50463583937244,0 31.074484559914538,-23.504393606079987,0 31.073954275569406,-23.504229587725263,0 31.073486968049167,-23.50407696198215,0 31.072895686286927,-23.503878682155403,0 31.072268150155082,-23.50368221536189,0 31.071739805647553,-23.503472401729937,0 31.07128393300718,-23.503296918817682,0 31.07080327864844,-23.503098572441104,0 31.070297836276154,-23.50288875880915,0 31.069901096758258,-23.502520665396332,0 31.06943187188341,-23.50212971481443,0 31.069023711874877,-23.5018054390697,0 31.06859071798732,-23.50148313373961,0 31.06771521178763,-23.500788884998997,0 31.06759123125039,-23.500691677279065,0 31.067257466758747,-23.500190039039012,0 31.066896975315217,-23.499766646313617,0 31.066513603320175,-23.499230707930792,0 31.06617598343496,-23.498853073610405,0 31.065815498286668,-23.498429651207402,0 31.06545499784994,-23.497996724768996,0 31.06510783615778,-23.49756188097598,0 31.064747374391857,-23.497161352614285,0 31.064484119446604,-23.496717020973676,0 31.06420948088288,-23.49624020941809,0 31.063852807960757,-23.49568139857763,0 31.063576216069578,-23.495271292436144,0 31.06319093481386,-23.494870792852737,0 31.062855216095386,-23.494504571828486,0 31.06244515402068,-23.494058330027883,0 31.062098000422452,-23.493646350598567,0 31.06174705618173,-23.493325916757613,0 31.061325498073302,-23.492936853852655,0 31.06090209005947,-23.492557339949258,0 31.060451962288255,-23.492116774669398,0 31.059040495222746,-23.490396430051135,0 31.056019215614356,-23.482176343263575,0 30.999830370075586,-23.32905737509776,0 30.95819284302536,-23.216713128907713,0 30.95751571377923,-23.214882283690372,0 30.95613099794724,-23.2111460628405,0 30.954805400848613,-23.207562409277728,0 30.95231627797392,-23.20083944098735,0 30.94654843106531,-23.18525753270893,0 30.94453620068515,-23.17982007243836,0 30.92961881135909,-23.139495957572365,0 30.911188117937343,-23.09542226962202,0 30.90196230491648,-23.073016328140966,0 30.89941980727832,-23.06683698923564,0 30.899399069811295,-23.066787486053613,0 30.991871994097323,-22.774059953304175,0 30.9999041216779,-22.756837922631973,0 31.013437591072034,-22.727820082730602,0 30.972964624018232,-22.72533648618986,0 30.889819528248665,-22.712668016215957,0 30.890145742931736,-22.708907020842275,0 30.890159087971597,-22.70884982665814,0 30.89022390570875,-22.70871820817871,0 30.890246806944617,-22.708680021166003,0 30.890321180877834,-22.708527483556452,0 30.89041659085302,-22.708405420373822,0 30.89051193427838,-22.70829861239099,0 30.890540557001145,-22.70819754657947,0 30.890565369296382,-22.708128895032416,0 30.8906073073814,-22.708085017109795,0 30.890698868258198,-22.707966765253957,0 30.890902997275532,-22.707730268736896,0 30.891034586976673,-22.707556740051473,0 30.891150966444002,-22.707358392775575,0 30.89129399911883,-22.707125670713083,0 30.89143324294986,-22.706929271368722,0 30.8916392443557,-22.706666047000397,0 30.8918986493033,-22.70637235719846,0 30.892049336108016,-22.706219797105916,0 30.892097026256806,-22.706162581337992,0 30.892194308620503,-22.70605195303517,0 30.892308749149493,-22.705952798282965,0 30.892434655135276,-22.705842169980087,0 30.892751275850742,-22.705514143163157,0 30.89285047556905,-22.705399672956503,0 30.89295536709659,-22.705289082425168,0 30.893050748293433,-22.70519563387137,0 30.893186150220686,-22.705094547375438,0 30.893355896357605,-22.704970581227315,0 30.893525718037495,-22.704838984331616,0 30.89371834292723,-22.704688334399066,0 30.893865218405153,-22.704524271977505,0 30.893954869121956,-22.70442895912913,0 30.894082654690806,-22.704344984033753,0 30.89428865609665,-22.704228672015574,0 30.894561435761716,-22.704057052590883,0 30.894788398565765,-22.70391399023839,0 30.895057338125696,-22.703736611555314,0 30.895385433291153,-22.70350970990512,0 30.895637184108807,-22.70333801583672,0 30.895841305032263,-22.703219800853105,0 30.896199903402874,-22.703032890255656,0 30.89639828035638,-22.702945177577817,0 30.896730149077143,-22.702804046969163,0 30.89738055676736,-22.702493178317468,0 30.897737244977918,-22.70235395607017,0 30.898359059622976,-22.702159391342775,0 30.898658523971733,-22.702079295922715,0 30.898751995008638,-22.702056424364457,0 30.89900758773007,-22.701993515887978,0 30.8991277497459,-22.70198205133056,0 30.89922502491504,-22.70197248704062,0 30.899451994913704,-22.701932458216334,0 30.89967328119701,-22.701919113176473,0 30.899741932744064,-22.701907677397344,0 30.899852561046885,-22.70186761080157,0 30.899945994312247,-22.701852362796274,0 30.900264554865373,-22.701839017756413,0 30.900760465323287,-22.701760831597028,0 30.901088558690105,-22.70170170566911,0 30.901330800076437,-22.701667391137164,0 30.901725622239724,-22.70158345381327,0 30.90200602635707,-22.701491922614082,0 30.90229783657594,-22.7013889259581,0 30.902801437136645,-22.701200113294533,0 30.903119968012163,-22.701081853344817,0 30.903411778231032,-22.700959827034353,0 30.903762744954747,-22.700761486953013,0 30.903877184584474,-22.700696609860586,0 30.90412327416982,-22.7005650201595,0 30.9048079972913,-22.70010729761367,0 30.905303935628183,-22.69969726521657,0 30.90579605634298,-22.699287203141864,0 30.90641787098798,-22.698825706141406,0 30.90675549896713,-22.698572014586773,0 30.90719612360226,-22.69827261139187,0 30.907634838976662,-22.69798270323912,0 30.908399716873475,-22.697393390092827,0 30.9088116810143,-22.69708633186866,0 30.909216089051313,-22.69682314527188,0 30.909795935933744,-22.696413112874836,0 30.910120181101547,-22.6960583654012,0 30.91041778025641,-22.695591109142356,0 30.910749648977173,-22.695011329709075,0 30.910959461709865,-22.69455932865003,0 30.911058655132877,-22.694238866030787,0 30.911142622134378,-22.69362095264478,0 30.91114830584968,-22.693094616323435,0 30.911142622134378,-22.6926597716311,0 30.911114020995342,-22.692272610792315,0 30.9110319938315,-22.691921674645528,0 30.910885148930504,-22.691517334057664,0 30.91069249256452,-22.691114926112903,0 30.910564715089606,-22.690887985791846,0 30.910372059622887,-22.690588552020017,0 30.910091685183204,-22.690228082160218,0 30.90985899279832,-22.690010644975246,0 30.90953471795291,-22.689789426141033,0 30.90882518433483,-22.689411769337653,0 30.908317838997107,-22.68918292695048,0 30.907776119772166,-22.688950234565652,0 30.90722868625494,-22.68872894918161,0 30.90653633958044,-22.688444800287243,0 30.905569310275496,-22.68801949020724,0 30.904918864813794,-22.687727671894493,0 30.904560275436438,-22.687542677752333,0 30.904195962773542,-22.687351954029396,0 30.90366952123145,-22.687067768262864,0 30.903328117898354,-22.68685223314401,0 30.90303246577571,-22.686646276704266,0 30.902652898812278,-22.686331581437287,0 30.902387810149378,-22.686074115428028,0 30.90215318602077,-22.685795643054462,0 30.901880435134046,-22.68534171025169,0 30.90174121378601,-22.68506136459024,0 30.901590497303687,-22.68471424066962,0 30.90156190425853,-22.684475834891828,0 30.90158668507752,-22.684245082344603,0 30.901624872090224,-22.68383505804144,0 30.9017355003931,-22.683079766018352,0 30.901851871766496,-22.682622050667078,0 30.90196440213549,-22.682353141684075,0 30.902359246781884,-22.681664645007288,0 30.902704499213314,-22.681176396773253,0 30.903116463354138,-22.680739614041897,0 30.903551404273912,-22.680363956431393,0 30.90426668186194,-22.679789892189717,0 30.90463671511236,-22.679540049733475,0 30.90487321162948,-22.67941036209851,0 30.90522037332164,-22.679206301429645,0 30.905512214117437,-22.67902705125738,0 30.905931809905155,-22.678824862077704,0 30.906816840824604,-22.678496796589855,0 30.907440588112706,-22.678277548170286,0 30.90808908744151,-22.678065839666715,0 30.90893218027594,-22.67784270437727,0 30.909401368278566,-22.677768300766445,0 30.909868683892682,-22.677733986234443,0 30.91066218541158,-22.67768630328021,0 30.911203904636523,-22.677650109165143,0 30.91172839914634,-22.677613861990096,0 30.912443684828247,-22.677583358784943,0 30.91298918570243,-22.677568081102038,0 30.913654871974813,-22.67754711160984,0 30.91482027823332,-22.67750327055944,0 30.915651936187942,-22.67744036298234,0 30.916578898897114,-22.67728017304148,0 30.917816837277257,-22.677013174218587,0 30.918453899028293,-22.676858675187646,0 30.919005122288638,-22.676675612789268,0 30.919483873681884,-22.676484897160208,0 30.920222060599656,-22.676177831741484,0 30.92079811773897,-22.675920357638347,0 30.9214046538018,-22.67560373692288,0 30.922098933119344,-22.675132706209354,0 30.922392683175815,-22.674858082934122,0 30.922604406068558,-22.674598707664188,0 30.922736056024235,-22.67441178897286,0 30.922819962771143,-22.674310701577554,0 30.923029776403098,-22.674074205959812,0 30.92349518185722,-22.673364768569172,0 30.923958715822152,-22.672489330718008,0 30.924210497216734,-22.671911454250164,0 30.924426062013197,-22.67138126793111,0 30.924712121067557,-22.670772896352048,0 30.924969653626647,-22.670196892272713,0 30.92509555871311,-22.66974680137372,0 30.925242434191034,-22.668970583925272,0 30.925320650028027,-22.668463269164477,0 30.92534734100701,-22.66803029775997,0 30.925341649197776,-22.667341801083182,0 30.92532637061555,-22.666905018351883,0 30.925337836971664,-22.666355802378348,0 30.92537787388983,-22.665756925841436,0 30.925412247777047,-22.664841459165984,0 30.92544277436457,-22.664337986308965,0 30.925519087236125,-22.66378488976079,0 30.92564690158332,-22.66307924301259,0 30.925776590117607,-22.6625757395787,0 30.925877683808096,-22.662272487285406,0 30.926026462251457,-22.661820486226418,0 30.926112308836025,-22.66154202104741,0 30.92623440169632,-22.66115677036862,0 30.926345029999197,-22.660912642204607,0 30.92640606608711,-22.66080205167333,0 30.926535776205185,-22.660466362632462,0 30.926587277680767,-22.660300458399377,0 30.926858088729887,-22.65977595579568,0 30.927184273735293,-22.65896732678067,0 30.927451340906714,-22.658347481650935,0 30.92784045597233,-22.657496862390246,0 30.928096056787638,-22.656934270799923,0 30.928317306198778,-22.656444114204476,0 30.928670211860833,-22.65555154786557,0 30.92885140097144,-22.655042331038715,0 30.929063123864125,-22.65452545198798,0 30.929379775156576,-22.65365005100898,0 30.929681187436927,-22.652309333608798,0 30.929786093353584,-22.65148539003866,0 30.92981280681562,-22.650959015046453,0 30.929818557980127,-22.65040782955765,0 30.929809025166435,-22.649787985327237,0 30.92973083900705,-22.648662741891997,0 30.929644999617096,-22.647951327791475,0 30.929587775755294,-22.647419239406304,0 30.929589715592954,-22.646688795651357,0 30.9296316842549,-22.64613570809638,0 30.92967365291679,-22.64565698728012,0 30.92978998741802,-22.644812081412397,0 30.929889187136325,-22.644394394885353,0 30.930024618741186,-22.64401676775958,0 30.930379404885684,-22.6432767983855,0 30.93068458982202,-22.642767580659267,0 30.930907749393157,-22.642502521673975,0 30.93131024727012,-22.642119143383695,0 30.931689798945115,-22.641785394180545,0 30.932143776713986,-22.641455426626578,0 30.932765592258306,-22.641058769846325,0 30.933072687354695,-22.640881384867953,0 30.93347896688084,-22.64073454716157,0 30.93412177440041,-22.640633490343248,0 30.934613841155908,-22.640614393239616,0 30.935104029227602,-22.640644926122377,0 30.935754465696107,-22.64078798937419,0 30.93622177501493,-22.64099014078232,0 30.936710060121243,-22.641230455820846,0 30.93730133468887,-22.641486050340916,0 30.93812914984045,-22.641833174261535,0 30.938575467184137,-22.6420372349304,0 30.93905424915431,-22.64224510872475,0 30.93968368735233,-22.64246255310428,0 30.940038465402893,-22.64260370619604,0 30.940364590153763,-22.642750551097038,0 30.94081856072802,-22.642868736403045,0 30.94106077873198,-22.642870705018993,0 30.941314491870344,-22.642844022133886,0 30.941753184761694,-22.642798204373605,0 30.942008779281764,-22.64275436332315,0 30.942149932373525,-22.642725770278048,0 30.942512312393376,-22.64262470536579,0 30.94265540532274,-22.64254460994573,0 30.942912900110287,-22.642344330926107,0 30.943149374144355,-22.64213076622184,0 30.94336111862077,-22.64189426970472,0 30.94349652774264,-22.641695892751216,0 30.94371971699138,-22.641318264726067,0 30.94389902741824,-22.641057017966943,0 30.944284338351565,-22.64053823685009,0 30.94477262255856,-22.63990695594123,0 30.945060651128188,-22.639582771028017,0 30.945264742374036,-22.639340553024056,0 30.9454325873441,-22.63911548509151,0 30.945680555613194,-22.638873267087547,0 30.945901812218892,-22.638726422186608,0 30.946041026372313,-22.638634890987362,0 30.946529370833844,-22.638348802255393,0 30.94669340357774,-22.638280142614462,0 30.947061496990557,-22.638119951774286,0 30.947278963853137,-22.63802076734447,0 30.947504068657906,-22.637934891082296,0 30.94783018711348,-22.637831953781586,0 30.947921777667943,-22.637809082223328,0 30.948200242847008,-22.6377385214156,0 30.948554998414522,-22.6376164870112,0 30.948587403685792,-22.63759738990757,0 30.94865609300433,-22.637555390668695,0 30.94878390105623,-22.637490581025475,0 30.94886593631395,-22.63746770856784,0 30.94892312240421,-22.637452454267304,0 30.949218773627535,-22.63737611081882,0 30.949506818385032,-22.637330390185298,0 30.94986539966851,-22.63726936219126,0 30.950748523125867,-22.637124426550997,0 30.95112043595941,-22.637046234096374,0 30.951475243687582,-22.636954702897185,0 30.951967370697673,-22.63685551756805,0 30.952486150915206,-22.636763987268125,0 30.953025931201807,-22.636641952863783,0 30.953634400807005,-22.636481740439933,0 30.954221871242396,-22.636346331318066,0 30.954588092266704,-22.636247175666597,0 30.955143149336948,-22.63604501706385,0 30.95574018316296,-22.635827579878878,0 30.956121652192564,-22.63568267481554,0 30.95658896780668,-22.635470922245247,0 30.957256525568255,-22.635175360054802,0 30.95761134139036,-22.635009425244732,0 30.957990901159235,-22.634811077968834,0 30.958317055587713,-22.63466233100172,0 30.9584563066133,-22.634570770124924,0 30.95870808800788,-22.634278989583663,0 30.958833964316057,-22.634088265860726,0 30.958914089413724,-22.633964299712602,0 30.95900183806441,-22.633758328883744,0 30.95902855872106,-22.63355808044099,0 30.959020912685048,-22.633420769253064,0 30.959013281937473,-22.633373078204954,0 30.958986553186946,-22.633291080718777,0 30.958896901570824,-22.633136581687836,0 30.95878631103949,-22.63293633324514,0 30.95865852636996,-22.632709362347157,0 30.958559341040825,-22.63260062172128,0 30.958214119186323,-22.632377516109443,0 30.957893686244688,-22.632217302786273,0 30.957613274033406,-22.63204945781621,0 30.9571860241158,-22.631761451729574,0 30.956955212213302,-22.631622239374792,0 30.956825523679015,-22.63154023379468,0 30.95645171597397,-22.63131516586219,0 30.956201830350267,-22.631168328155752,0 30.955888997579223,-22.630960424683792,0 30.955568587120638,-22.63075446194881,0 30.95537402868854,-22.63062854786915,0 30.95511843596711,-22.630388240025184,0 30.954914336627382,-22.6301403014337,0 30.9548342493012,-22.63001636496324,0 30.954715974962312,-22.629774146959278,0 30.954632060121526,-22.629533831021433,0 30.95458249038967,-22.629314522347272,0 30.954538589084677,-22.62905320723968,0 30.954513837943296,-22.62866601582391,0 30.954546243214622,-22.628257863909255,0 30.954603467076367,-22.62792989644754,0 30.954649247065163,-22.627756300312967,0 30.954893404906784,-22.62717464219594,0 30.955101308378744,-22.62688089213941,0 30.95542940264488,-22.626495678332844,0 30.955885268090697,-22.625952109202444,0 30.956198054996264,-22.625624082385457,0 30.95663871830226,-22.625254077913326,0 30.957058342868265,-22.6249565839791,0 30.957376874643103,-22.624744890764077,0 30.957744997733528,-22.6245293637391,0 30.95827142488639,-22.624290957961307,0 30.95848699687747,-22.62417464594313,0 30.95861284260866,-22.624113640432142,0 30.958868465907017,-22.624058296153407,0 30.959221312213856,-22.623999178319366,0 30.959759182340463,-22.623890488954828,0 30.960564118739114,-22.623741734793157,0 30.960998992209795,-22.623688330352138,0 30.96149874277279,-22.62362733203571,0 30.962189217958098,-22.623507178113755,0 30.962685149100423,-22.62340227219704,0 30.96347671797622,-22.623196322951912,0 30.96377809158571,-22.623097145716656,0 30.964249212231437,-22.62291789644371,0 30.96481762333468,-22.622687113319557,0 30.965283028788804,-22.62245442183405,0 30.965653062039223,-22.622238923587418,0 30.966068868083823,-22.62202914233103,0 30.96662202398727,-22.62177167632177,0 30.96695775709486,-22.621567614753587,0 30.967270528711992,-22.621357831698504,0 30.967671087650615,-22.621104177915413,0 30.9681308102887,-22.620779924653732,0 30.968622900426567,-22.620387080099647,0 30.969320998265516,-22.619822548671664,0 30.969733000177882,-22.61949070243395,0 30.97025371303846,-22.619059707739268,0 30.971018590035953,-22.618460861779283,0 30.97165378119712,-22.617974517410005,0 30.972329000283196,-22.617453863904643,0 30.97347152688951,-22.61658992118788,0 30.974253525180075,-22.616012051914595,0 30.974978335581795,-22.61551805341537,0 30.976122774146745,-22.614818141643866,0 30.977046000172834,-22.61426698673199,0 30.977837560954754,-22.613816894933734,0 30.97894193202461,-22.613280987127837,0 30.979796467832784,-22.612872864890733,0 30.98046215410517,-22.612525740970113,0 30.98105536761119,-22.612222516555846,0 30.98205102773278,-22.61175526839088,0 30.98279871059208,-22.611379551425102,0 30.98357502516734,-22.61093520359674,0 30.984496311355713,-22.61037258232875,0 30.985142937396688,-22.60996442232016,0 30.985785714339272,-22.60952960910413,0 30.986632619399927,-22.608896426129093,0 30.98726584014645,-22.608383426753676,0 30.987963967663006,-22.60779411360744,0 30.98875555902191,-22.60710751899677,0 30.989236213380593,-22.606657450580826,0 30.989640590840622,-22.606253102798405,0 30.990262435163288,-22.60557226744612,0 30.990630559153033,-22.605063049719945,0 30.99093768482635,-22.60457670355197,0 30.991567123024367,-22.603628862182177,0 30.99187421902002,-22.60315204972727,0 30.992206087740783,-22.60260848779143,0 30.99268870442023,-22.601836082569093,0 30.99304155702231,-22.601311611441645,0 30.993358216408637,-22.600815701883107,0 30.99386753126163,-22.59992886512498,0 30.9942833067293,-22.599169829224195,0 30.99462855916073,-22.598433642398618,0 30.99488609171982,-22.597764233832265,0 30.995143588306007,-22.59689648698327,0 30.995246592156548,-22.596280454079647,0 30.995277125039365,-22.59568542664107,0 30.99526568206562,-22.59490730083121,0 30.995158902861135,-22.59383164331564,0 30.99493574418932,-22.59289136524427,0 30.994752653012597,-22.592321112329444,0 30.99457527522884,-22.591787084106613,0 30.994281525172312,-22.591068084224673,0 30.99404503584975,-22.590627518944814,0 30.993753180664783,-22.590165984172813,0 30.993337373720863,-22.589589987288036,0 30.993024586815295,-22.589218112226035,0 30.99274231030944,-22.588907204004215,0 30.99205180634584,-22.58815001800889,0 30.991687524259873,-22.58775527138863,0 30.991443373612867,-22.58749967686856,0 30.991050461609575,-22.58710680173749,0 30.9906613393494,-22.58673485922634,0 30.990144437815616,-22.586275227419776,0 30.989387222142625,-22.58564395370547,0 30.98897902436255,-22.585312084085388,0 30.98869677663498,-22.585094678376663,0 30.98846596473254,-22.58493636711961,0 30.987764062761357,-22.584490080352907,0 30.987033529973473,-22.58406286101217,0 30.98622862325243,-22.583631829445324,0 30.985164310684468,-22.583082553217196,0 30.984557773722315,-22.58278692267828,0 30.983914967102123,-22.58248939097257,0 30.982976561419207,-22.582075457316478,0 30.98233568564342,-22.58184854667303,0 30.98183405639662,-22.581705484320594,0 30.98115309334065,-22.581518609696047,0 30.98056946390966,-22.581390801644147,0 30.979930462321022,-22.581264926235292,0 30.97899201886662,-22.581057015568774,0 30.97855143110371,-22.580950206686623,0 30.97808031225668,-22.580816706825487,0 30.977122806772172,-22.580523017023552,0 30.97649906038339,-22.580337986009226,0 30.97591158994794,-22.580200644244314,0 30.97537180966134,-22.580093828167605,0 30.97483009133572,-22.579971772179476,0 30.974507777911697,-22.579884053206456,0 30.974114843425355,-22.579761996319007,0 30.973842091639256,-22.579674239574445,0 30.973531185216075,-22.579559829622383,0 30.973491117720982,-22.579542642678746,0 30.973178309231628,-22.57941295504378,0 30.97253743525448,-22.579203171988752,0 30.972117808889834,-22.57908679971598,0 30.971650493275718,-22.57898573480378,0 30.97108971381931,-22.578863670721773,0 30.970374436231282,-22.5786595803753,0 30.96970305904898,-22.578440233929598,0 30.969291057136616,-22.578304861679953,0 30.968798966998804,-22.57808361316819,0 30.968327868836127,-22.577755578257268,0 30.967912054697592,-22.57742942292947,0 30.967501962945278,-22.577120486021556,0 30.966943085554988,-22.576672259417194,0 30.966616960804174,-22.576380486070548,0 30.96626787456279,-22.576061984872638,0 30.96600277780601,-22.57580449008509,0 30.965611775063394,-22.575362014645236,0 30.965388623586136,-22.575072121780977,0 30.965171180105926,-22.574704020274282,0 30.964839311385163,-22.57397548667933,0 30.96465240708295,-22.573483427118447,0 30.96451699796114,-22.573033329024895,0 30.96431862100758,-22.57226473602867,0 30.96420418137791,-22.571694453436237,0 30.96411265017872,-22.57107464607799,0 30.964043997732347,-22.570407109900145,0 30.964007743362743,-22.56983495581852,0 30.96398296883899,-22.569327641057725,0 30.963946745046314,-22.568435081913435,0 30.963921964227325,-22.567904895594438,0 30.963883806892227,-22.567355612171696,0 30.9638228085758,-22.566571735197385,0 30.963776998010076,-22.565978610724244,0 30.96369880465619,-22.56540454558325,0 30.963500496051097,-22.564481455354837,0 30.963386025844443,-22.563951237559536,0 30.96329258538458,-22.563468735093977,0 30.96313618428752,-22.562812673366125,0 30.962956904437647,-22.56226529920417,0 30.96280811879967,-22.56179039600994,0 30.962684152651548,-22.56142614540022,0 30.962354185996958,-22.560661334053293,0 30.96223399520278,-22.560432483572242,0 30.962047120578177,-22.560022422396855,0 30.962003241756236,-22.559785925879737,0 30.961965093414392,-22.559700108972834,0 30.961738092838743,-22.559454078742704,0 30.961461560302837,-22.559160359263103,0 30.961051467651146,-22.55871598895169,0 30.960566994771057,-22.558180050568808,0 30.96029809298267,-22.557857738044106,0 30.959971907977206,-22.557388587813023,0 30.959834588695344,-22.557121551218586,0 30.959737307231023,-22.556816395060537,0 30.9596133410829,-22.556179392664774,0 30.959525622109823,-22.555717865986708,0 30.959416903067677,-22.55518767157372,0 30.959312026828627,-22.554661266903906,0 30.95924905899693,-22.554266452834497,0 30.959212842398813,-22.55388123902793,0 30.959107935582836,-22.55319464441726,0 30.95902784016272,-22.552933329309667,0 30.95887905632344,-22.552599588200394,0 30.95870168483492,-22.55223526924226,0 30.958608214697392,-22.551941579440268,0 30.958568185873105,-22.551695549210194,0 30.958520487630437,-22.551367520594567,0 30.958499526232174,-22.55100324030724,0 30.95852433672883,-22.550637048061276,0 30.958591087109028,-22.550175521383153,0 30.958648340648438,-22.54993711470604,0 30.958816184719183,-22.549506084038512,0 30.95910799583737,-22.54889199007323,0 30.959317867925336,-22.54857727142388,0 30.959546748083994,-22.548308362440935,0 30.95985574614582,-22.54793261489823,0 30.96021434361711,-22.54747495890217,0 30.960450869811837,-22.547217485698354,0 30.960784648692652,-22.546885580105368,0 30.96147321281859,-22.54619142129701,0 30.961787970138744,-22.545911083729493,0 30.962184687173647,-22.545592581632263,0 30.96291906186525,-22.545035682750495,0 30.96371443487334,-22.54444445314897,0 30.96467193136459,-22.543683484605083,0 30.965621840275787,-22.542869081942513,0 30.966237963111553,-22.542340797689633,0 30.96691509235768,-22.541778243870795,0 30.967868775723446,-22.540965802629614,0 30.968538281416613,-22.540347859565998,0 30.969037995107442,-22.539831019186124,0 30.96964840365098,-22.539087207908267,0 30.970001279635426,-22.538566547208347,0 30.970327434963224,-22.53797152066909,0 30.970661242622327,-22.53722198790439,0 30.9709015891371,-22.536584986407945,0 30.971088531210796,-22.535913675775475,0 30.971246871246137,-22.534820860993875,0 30.97124878140619,-22.534181955632675,0 30.971170588052246,-22.533512518288035,0 30.97105424635646,-22.532780142789306,0 30.97083299694532,-22.531771234754615,0 30.97067853568592,-22.531181921608322,0 30.970558373670087,-22.53056779886481,0 30.97043818287591,-22.52969621011198,0 30.970375244721822,-22.529118332744815,0 30.970358086556473,-22.52859195865193,0 30.970419182899036,-22.52689645600657,0 30.970533623428025,-22.526120246652,0 30.970735842285364,-22.525336361583754,0 30.970905588422227,-22.524846204088988,0 30.971208872191767,-22.524222546733085,0 30.97174865157905,-22.52333955997267,0 30.97219308933967,-22.52272164658666,0 30.972753912862856,-22.52202929991222,0 30.973596931053578,-22.521016610228344,0 30.973829682793678,-22.52075342273224,0 30.974224527440015,-22.520335737104517,0 30.974796712098623,-22.51979030997478,0 30.975285026882545,-22.519372646830163,0 30.975840092046667,-22.518926360063404,0 30.976419930835164,-22.518504891887233,0 30.97687962289632,-22.518220706120644,0 30.97754530916876,-22.51782974025025,0 30.97821671602867,-22.517400641326503,0 30.98184078062758,-22.51529323299627,0 30.982090652761485,-22.515081518197462,0 30.982264219218393,-22.514898455799027,0 30.982424431642244,-22.514740146340614,0 30.982598026877497,-22.514545640069173,0 30.982733436898627,-22.514396856229894,0 30.982783021918976,-22.514284333055457,0 30.982969963093353,-22.51404401711767,0 30.98310540189283,-22.513838083160977,0 30.983217932261823,-22.513656864372763,0 30.983391528396396,-22.513290701804408,0 30.983515487349905,-22.512993178192573,0 30.983738682893943,-22.512651798241848,0 30.983862649042067,-22.512354265636816,0 30.98396184066644,-22.512230300388012,0 30.984110618210536,-22.51189845325098,0 30.984457779902698,-22.51139688965469,0 30.984617993225868,-22.51113367158166,0 30.98469240403125,-22.511065020034607,0 30.984877406267344,-22.51083807971355,0 30.9851253682412,-22.510471895561466,0 30.98537333740967,-22.510141958584484,0 30.985682341766733,-22.50978720301697,0 30.985817774270913,-22.509651733640567,0 30.98601614402986,-22.509411486051192,0 30.986275557071338,-22.50912732906295,0 30.986548277381132,-22.508864082211574,0 30.98708046289312,-22.5083968943012,0 30.98735131890828,-22.508169923403216,0 30.98763552805724,-22.507908675744773,0 30.9878949339041,-22.507679795586057,0 30.988228712784917,-22.507429954029135,0 30.98851293632299,-22.507166767432352,0 30.98868649468602,-22.506962704964792,0 30.988835280323997,-22.506825393776865,0 30.989020311338322,-22.50665373837927,0 30.989144276587126,-22.50651832835814,0 30.989218681097327,-22.506426766581967,0 30.989390337394184,-22.506243705082852,0 30.9895524671727,-22.50608539472512,0 30.98971272456265,-22.50594808263787,0 30.989947311819037,-22.505730676029827,0 30.990107525142207,-22.505583800551904,0 30.990231528162553,-22.505457955720033,0 30.99045468683437,-22.50525195521351,0 30.990725558138024,-22.505013549435716,0 30.99103455530053,-22.504740865098825,0 30.991356905596774,-22.504397553404317,0 30.991528554699073,-22.504285052712987,0 30.991776523867543,-22.504079052206464,0 30.99204737268815,-22.50388642641741,0 30.992331589031664,-22.503634705277364,0 30.99260436959605,-22.50340773437938,0 30.992825618107815,-22.50323611585401,0 30.9932452435732,-22.50288323986956,0 30.993382555660446,-22.5027688299175,0 30.993752588910922,-22.502438892940518,0 30.99390137364952,-22.502313016632343,0 30.99413599777813,-22.502166208603626,0 30.994370592229075,-22.50198307965536,0 30.994555623243457,-22.501859144084165,0 30.99487605708441,-22.501595926910454,0 30.995223210682695,-22.501346077259598,0 30.995358650381434,-22.501220238723022,0 30.995482623724172,-22.501119173810764,0 30.99572868363191,-22.501027584155622,0 30.995913684968627,-22.50091317330424,0 30.99608537184247,-22.500869302576234,0 30.99628374879603,-22.500869302576234,0 30.99646874293819,-22.500869302576234,0 30.99660415206,-22.500915082564973,0 30.996800619752833,-22.50091698463109,0 30.996936058552308,-22.50091698463109,0 30.99708293403023,-22.50091698463109,0 30.997231680997345,-22.50091698463109,0 30.997342309300166,-22.50097611055901,0 30.997452936703723,-22.50097611055901,0 30.997588369207904,-22.50102192202405,0 30.997784836001415,-22.501124896196984,0 30.997834436310256,-22.501124896196984,0 30.99795649319765,-22.501184022124903,0 30.998130058755237,-22.501275553324092,0 30.998263588294037,-22.501378579657683,0 30.998398997415848,-22.501515861168002,0 30.99850961762479,-22.501607451722464,0 30.998633620645137,-22.501653202932914,0 30.99876906124325,-22.501700893081704,0 30.998965498359098,-22.50175810884957,0 30.999026526353134,-22.501815303033766,0 30.99916196515261,-22.501941171248006,0 30.999358424751563,-22.5021128266456,0 30.999469061148318,-22.50223870295372,0 30.999591125230324,-22.50234364034668,0 30.99975130797651,-22.502446613620293,0 30.999898182555114,-22.50254958059861,0 31.00026821580559,-22.50294058334123,0 31.000636339795278,-22.503312488980157,0 31.000968246287584,-22.503682485358354,0 31.001269590219465,-22.503899920744686,0 31.001534716653907,-22.504084893303116,0 31.00180171637618,-22.504241301594732,0 31.001979123837543,-22.504288983649644,0 31.00204968644391,-22.504287081583527,0 31.002145058647613,-22.5042946763582,0 31.00227287389407,-22.504292795875756,0 31.00242546276496,-22.504308080753276,0 31.002597119061875,-22.504323299080966,0 31.002702025877852,-22.504321388920914,0 31.00276115180577,-22.50433858395843,0 31.002848907651014,-22.504336674697754,0 31.002923267195058,-22.504359546256012,0 31.003052999796182,-22.504374800556548,0 31.003279969794846,-22.504416799795422,0 31.003426837178836,-22.5044320469014,0 31.003550811420837,-22.504447303000575,0 31.003724398562213,-22.504485459436353,0 31.00383311760436,-22.504506420834616,0 31.00395327872087,-22.504550298757238,0 31.004149747313022,-22.50459223774152,0 31.004304245444644,-22.504611297972986,0 31.00447209041471,-22.504658988121776,0 31.004693338027153,-22.504691423070653,0 31.004832560274508,-22.504716233567308,0 31.00498133691923,-22.504760081812265,0 31.005257936904343,-22.504819207740184,0 31.005450554599463,-22.504832545585487,0 31.005658466165357,-22.50485164268912,0 31.00594459176955,-22.504865019205226,0 31.006097187834996,-22.50488023573422,0 31.006249777605206,-22.504878364245087,0 31.006347059968903,-22.504876454085036,0 31.006446245298037,-22.504855484592895,0 31.006524423363487,-22.504855484592895,0 31.006633140606993,-22.504834486322466,0 31.006789556992487,-22.504807801638663,0 31.0069020882608,-22.50476011238925,0 31.0070146546027,-22.50473533067094,0 31.00722061913632,-22.504659017799383,0 31.007386590818555,-22.50459611022228,0 31.00752771423265,-22.504542675204277,0 31.00779668257087,-22.50444161119134,0 31.00796261828026,-22.504378702714916,0 31.008109492858864,-22.504321457269384,0 31.00833837301758,-22.504226113844027,0 31.00848334463069,-22.50416317568994,0 31.008620687294922,-22.504102139602026,0 31.008780899718772,-22.504029675828804,0 31.00886861869185,-22.50399154997001,0 31.008923962970584,-22.50397245286638,0 31.009040274988763,-22.503928603722045,0 31.00909943059429,-22.50390951471229,0 31.009177623948233,-22.503890455380144,0 31.009271124662746,-22.503869485888004,0 31.009314965713145,-22.503873298114172,0 31.00941415014296,-22.503871396048055,0 31.00962971493942,-22.503863733824232,0 31.009732681917797,-22.503861862335043,0 31.009753651409937,-22.50385995217499,0 31.00977274761425,-22.503869485888004,0 31.00983187444149,-22.503867583821886,0 31.009896744339358,-22.5038847338933,0 31.009961562076455,-22.503901898353888,0 31.010011154291362,-22.50392479958981,0 31.0100855650968,-22.503968671217137,0 31.010234341741523,-22.50404305234497,0 31.01032968516688,-22.504096455886668,0 31.010428869596694,-22.504149861227063,0 31.01055287441568,-22.504216609808623,0 31.010602465731267,-22.504233738296364,0 31.01062343522341,-22.504256677303772,0 31.010669216111467,-22.50429289390189,0 31.010718808326374,-22.504310051167863,0 31.010777934254293,-22.50435395876815,0 31.010867555293487,-22.50439392104255,0 31.010932433285234,-22.50443404699365,0 31.010993469373147,-22.504483647302436,0 31.011102186616654,-22.504554216204042,0 31.011268151104332,-22.50464189021102,0 31.0113215258678,-22.50468195680679,0 31.01137683956955,-22.504704866136592,0 31.011451243180375,-22.504748735965336,0 31.01151606091753,-22.504792614787277,0 31.011592373789085,-22.504851673266046,0 31.011752587112255,-22.50493942191673,0 31.011870876739636,-22.505015734788287,0 31.01197193355796,-22.505105393598967,0 31.01211689887583,-22.505185489918404,0 31.01218749835442,-22.505229330069483,0 31.01225230799764,-22.505282765087486,0 31.012372461919654,-22.505362859608226,0 31.01247739931256,-22.505442955028286,0 31.012591838942285,-22.50552495341384,0 31.012733000127923,-22.50563176859123,0 31.012832183658418,-22.50569854055516,0 31.012927527083775,-22.505778644069096,0 31.013078243566156,-22.505898797991108,0 31.013169774765345,-22.505997983320242,0 31.01324414869856,-22.50605704899357,0 31.01334524328837,-22.506140986317405,0 31.013410121280117,-22.506190577632992,0 31.013469247208036,-22.50624018603571,0 31.01352453123218,-22.506293582382852,0 31.013610369722812,-22.506369858382186,0 31.013665714001547,-22.506409924978016,0 31.013705742825834,-22.506432795636954,0 31.01378012395361,-22.506490020398076,0 31.013831619133953,-22.506549146325995,0 31.013926999431533,-22.50663493265597,0 31.014003282625424,-22.50674177121573,0 31.014028085927464,-22.506787552103788,0 31.014049056318925,-22.506829519866415,0 31.014094844401598,-22.50689242114828,0 31.014167308174763,-22.507018342422498,0 31.014222651554178,-22.50713270740846,0 31.01424553120637,-22.507214771444524,0 31.01429128061818,-22.50728148405318,0 31.014342806375453,-22.507373081802257,0 31.014363774968274,-22.507462695646836,0 31.01440574363022,-22.507577113692776,0 31.014462966592703,-22.50774495776352,0 31.014491583020174,-22.507882298629113,0 31.01451824432155,-22.50800623509963,0 31.01454115275203,-22.508177892295862,0 31.01459265512699,-22.508273263600188,0 31.014615525785928,-22.50838386312472,0 31.014667029060206,-22.50851545192654,0 31.01472999599258,-22.508687071351233,0 31.01478718298216,-22.508792015039432,0 31.014808144380424,-22.508877861623944,0 31.014831060904783,-22.50902089519809,0 31.01485774378989,-22.509120049950297,0 31.01488065311969,-22.509238301806135,0 31.014924494170145,-22.50941182959224,0 31.014945493339894,-22.50953012011888,0 31.014998868103305,-22.509644551654674,0 31.015046558252095,-22.509812358853253,0 31.015067526844916,-22.50991345434238,0 31.01509046585238,-22.51001257761834,0 31.015141931355117,-22.510167115320087,0 31.015143840615792,-22.510212895308825,0 31.015143840615792,-22.51026435991224,0 31.015166712174107,-22.510340643106133,0 31.015212529934388,-22.510399769034052,0 31.0152678373409,-22.510495142137074,0 31.015344089957864,-22.510634362585733,0 31.015367028965272,-22.510735428397254,0 31.015387997558094,-22.51078502780672,0 31.015408967050234,-22.510867018098338,0 31.015456620326802,-22.51096239120136,0 31.015477618597288,-22.51102151622996,0 31.015527211711515,-22.511103520910694,0 31.015569180373404,-22.51121605217901,0 31.015620682748363,-22.511288552824396,0 31.015675997349433,-22.511351482884606,0 31.01574274593105,-22.511460172249087,0 31.01578277475528,-22.51151932785467,0 31.01583046490407,-22.511605115083967,0 31.015906778674946,-22.51174245594956,0 31.01596205460521,-22.511845422927877,0 31.016034586726846,-22.51196751668749,0 31.016152808905076,-22.512171555772625,0 31.016208122606827,-22.512286017885344,0 31.016234844162796,-22.512358488853124,0 31.01628058727931,-22.51242523923338,0 31.016301592744355,-22.512480516062908,0 31.0163282774281,-22.512549182898454,0 31.01639121468287,-22.51269414102177,0 31.016442746735436,-22.512806671390706,0 31.016469429620543,-22.512911546730436,0 31.016538090160793,-22.513170922899747,0 31.016585780309583,-22.513279641042573,0 31.016644906237502,-22.5134894240976,0 31.016671618800217,-22.513636298676204,0 31.01669449755309,-22.513767895571902,0 31.01673833860349,-22.513912832111487,0 31.016766962225574,-22.514109298904998,0 31.016789840978447,-22.514233235375457,0 31.016791780816106,-22.514366704659665,0 31.016814652374364,-22.51453076708117,0 31.016818463701213,-22.51462607183572,0 31.016820336089665,-22.514721489904787,0 31.016812743113633,-22.51482254672311,0 31.016814652374364,-22.514900762560103,0 31.016795555270733,-22.514992300953907,0 31.01678027758777,-22.51515823576392,0 31.016772683712418,-22.5152307067317,0 31.016772683712418,-22.515299359178016,0 31.01677646626098,-22.51541373855315,0 31.016766931648647,-22.515465293988086,0 31.01676884180864,-22.51552057801223,0 31.016745963055826,-22.51559880104378,0 31.01672690282436,-22.515676987203165,0 31.016709715880722,-22.515745645944776,0 31.016667747218833,-22.515827644330273,0 31.0166429735944,-22.5158696120929,0 31.016629590783054,-22.515915392980958,0 31.01661053055159,-22.515934452313104,0 31.0165857497326,-22.51598024039572,0 31.016539961649983,-22.5161098902592,0 31.016492249018143,-22.51620148890754,0 31.01647128042532,-22.516289178202953,0 31.016427432180308,-22.516382641145924,0 31.01641024433735,-22.516497080775594,0 31.016393057393714,-22.516601987591628,0 31.016351118409432,-22.51670873621913,0 31.016324434625005,-22.516849927082433,0 31.01630340577759,-22.516937609183287,0 31.01626527901948,-22.517021545607804,0 31.016229031844375,-22.517149360854262,0 31.01620615309156,-22.517246583862686,0 31.01618324376176,-22.517343859031826,0 31.01614130477742,-22.517477395765184,0 31.016118404440874,-22.517545987956908,0 31.016101247174845,-22.51760514356249,0 31.016053526449127,-22.51772910341532,0 31.016036398860763,-22.517799709189205,0 31.01601730895169,-22.517855015696398,0 31.01597152896295,-22.51797323787457,0 31.015948650210078,-22.518057175198408,0 31.01592958997867,-22.518106767413315,0 31.01591240303503,-22.518177299442755,0 31.01591240303503,-22.518226890758342,0 31.015895216091394,-22.518295580976257,0 31.015853277107112,-22.518425268611225,0 31.015830367777312,-22.518530144850274,0 31.015788436886908,-22.51862739034175,0 31.01575409177798,-22.518852487951904,0 31.01573690483434,-22.518930644433624,0 31.01573690483434,-22.51900314507901,0 31.01571974756837,-22.519113735610347,0 31.015702559725412,-22.51919573309658,0 31.01570446179153,-22.519293016359597,0 31.015689251557774,-22.519453235978006,0 31.015691123946283,-22.519561925342543,0 31.01569302691172,-22.5196820792645,0 31.01569877807617,-22.519868989861948,0 31.01571974756837,-22.51997385890644,0 31.01572161995682,-22.520071142169456,0 31.01574452928662,-22.5202027390651,0 31.015771212171728,-22.52028857755579,0 31.015797932828377,-22.52039920675793,0 31.01585702907869,-22.520593704036173,0 31.015883741641403,-22.520708174242827,0 31.015916155006607,-22.520807328994977,0 31.01596196467301,-22.520931303237035,0 31.01598293506447,-22.52099427016941,0 31.016009655721064,-22.52104954699894,0 31.016057337775976,-22.521162046791005,0 31.016078308167437,-22.521253607667802,0 31.01610499914642,-22.521322237631125,0 31.016150779135216,-22.52138520636214,0 31.01617749169793,-22.521480548888178,0 31.016198462089392,-22.521543515820554,0 31.01622324290838,-22.521595019094832,0 31.016265181892663,-22.521671234839573,0 31.016286217934635,-22.521717082277462,0 31.016331961051208,-22.521779989854622,0 31.016396839042955,-22.521865830143895,0 31.016448341417856,-22.521924956071814,0 31.016488370242143,-22.52196879622295,0 31.01658946393269,-22.522064177419793,0 31.01667337157886,-22.522130956578337,0 31.016774495846335,-22.522188142668597,0 31.016898470088393,-22.5222911402239,0 31.016949926597874,-22.522344550960213,0 31.016974745188406,-22.522386481850617,0 31.01704152524627,-22.522457051651543,0 31.017066306065203,-22.522479952887466,0 31.01712161976701,-22.522520020382615,0 31.01725134607284,-22.522609641421752,0 31.017356214217955,-22.522670675711083,0 31.017461150711597,-22.52274692203281,0 31.017594649673413,-22.52280798779833,0 31.017674745992792,-22.522853767787126,0 31.01776822332488,-22.52286904636935,0 31.017854056419594,-22.522909082388196,0 31.0179837431553,-22.522970111281552,0 31.01808293567899,-22.52301970259714,0 31.01814206160691,-22.523063550842153,0 31.018187841595648,-22.52310933173021,0 31.018212623313957,-22.52312651867385,0 31.018267937015708,-22.523149391131426,0 31.018367152022506,-22.52314748906531,0 31.018426277950425,-22.523145518650722,0 31.018655150914526,-22.5230997980172,0 31.018744808825943,-22.523075017198266,0 31.01882680721144,-22.52305589041697,0 31.01896415617091,-22.52301207904418,0 31.019067123149284,-22.52296057666922,0 31.01915487179997,-22.522939615270957,0 31.019227342767692,-22.522897677185995,0 31.019271244072684,-22.522878580082363,0 31.019296024891673,-22.522878580082363,0 31.01935898462949,-22.522857609690902,0 31.019418118651288,-22.522857609690902,0 31.019517280598052,-22.522832799194305,0 31.019633623193215,-22.522785109045515,0 31.019801505035502,-22.522758426160408,0 31.019898780204585,-22.522710764789906,0 31.019996055373724,-22.522691675780152,0 31.020108592937277,-22.52267070628801,0 31.020211559915595,-22.52264973679587,0 31.02033365367521,-22.522624926299272,0 31.020545369373338,-22.522579167894264,0 31.02066365000752,-22.522560107662798,0 31.02075136987986,-22.522539147163855,0 31.020884868841677,-22.52253723700386,0 31.02097261839168,-22.522516237834054,0 31.021085155955234,-22.52251432767406,0 31.021268277708884,-22.522493329403574,0 31.021371275264187,-22.522491456115745,0 31.021478097636134,-22.522470486623604,0 31.02161540162956,-22.5224552089407,0 31.021714586958694,-22.522453299679967,0 31.021817621386163,-22.522451390419292,0 31.021975931743896,-22.522428517961714,0 31.022063650716973,-22.522413270855736,0 31.022107528639594,-22.522413270855736,0 31.022185714798923,-22.522394173752048,0 31.022250555019127,-22.52239227168593,0 31.022347838282144,-22.522390392102864,0 31.022447029906573,-22.522369392933115,0 31.022603431003574,-22.522367519645286,0 31.022702622628003,-22.52234270914869,0 31.022780839364316,-22.522323612045,0 31.02287809115103,-22.52230264255286,0 31.022937217078947,-22.52228358322077,0 31.023015424822063,-22.52225880240178,0 31.023208088382603,-22.52223783290964,0 31.023345399570587,-22.52221111225299,0 31.023477019848656,-22.52219014186153,0 31.023658246730747,-22.522169173268708,0 31.02374786776994,-22.52214820377651,0 31.02384515103296,-22.522129113867493,0 31.02393861397593,-22.522108077825465,0 31.024032092207335,-22.52208907784859,0 31.0241045559805,-22.522087146104866,0 31.02418846272741,-22.52206801932357,0 31.024241904940027,-22.522066175713405,0 31.024325811686936,-22.522041394894416,0 31.02447839426253,-22.522016584397818,0 31.024585216634478,-22.52199180267951,0 31.024840811154547,-22.521946014596836,0 31.024894214696303,-22.521926955264746,0 31.02498768573315,-22.52190595609494,0 31.025065900670825,-22.521881204953615,0 31.02529093173115,-22.52183161183939,0 31.02545306240893,-22.521778177720705,0 31.02560377889131,-22.52172479576268,0 31.025775435188223,-22.521661857608592,0 31.02586317664435,-22.521637076789602,0 31.025916588279983,-22.521637076789602,0 31.025990931636215,-22.52161798688053,0 31.026050117818727,-22.52159320606154,0 31.026103499776752,-22.521551267976577,0 31.026223684275635,-22.521484517596377,0 31.026307591022544,-22.5214463611606,0 31.02639533967323,-22.521404423075637,0 31.02650214855538,-22.521351017735242,0 31.02656508670941,-22.521309049972615,0 31.02664330974102,-22.5212709232145,0 31.026784433155115,-22.52119073786224,0 31.02691605972842,-22.5211202058328,0 31.027047650328825,-22.521043953215838,0 31.027202149359766,-22.520948580112815,0 31.027295650074223,-22.52089711461008,0 31.027371902691186,-22.52085513875363,0 31.027537868078184,-22.52076361564832,0 31.027654216968585,-22.52068920484288,0 31.02775152990921,-22.520641529083264,0 31.027829686390987,-22.520584327704512,0 31.0279308169537,-22.520506143343823,0 31.02798421420016,-22.520458452295713,0 31.02803190434895,-22.52041264172999,0 31.028132998938815,-22.520303982942437,0 31.028220717911836,-22.520220045618544,0 31.028277964256688,-22.520141861257855,0 31.028348525963736,-22.520025549239676,0 31.028392411980292,-22.51997976835156,0 31.028415276343992,-22.51992826597666,0 31.028434342870696,-22.519850079817274,0 31.028462965593462,-22.519794736437916,0 31.028480122859435,-22.519722264570817,0 31.028525934324477,-22.519588803380543,0 31.028543061013522,-22.519487707891358,0 31.028565992826373,-22.51939998891828,0 31.02857743580006,-22.51926263995881,0 31.02857743580006,-22.51919783031559,0 31.028575525640065,-22.519142515714464,0 31.028562150922596,-22.519020451632514,0 31.02856024885648,-22.51893270298183,0 31.028558369273355,-22.518831646163505,0 31.028535496815778,-22.518703860594655,0 31.028533557877438,-22.518608465008583,0 31.02851255780837,-22.51852267058473,0 31.02851068631918,-22.518471176303706,0 31.02848971682704,-22.518394893109758,0 31.028487806666988,-22.51832998633978,0 31.02846680839656,-22.518267114735522,0 31.028440123712812,-22.518146952719633,0 31.02839624579019,-22.517975297322096,0 31.02836955481115,-22.517874239604453,0 31.0283485556414,-22.517820798291154,0 31.028323745144746,-22.517797926732896,0 31.028302774753286,-22.517738800804977,0 31.028302774753286,-22.517693049594527,0 31.02827606219057,-22.51760720390928,0 31.0282531834377,-22.51746989182203,0 31.02825128137158,-22.517387895235117,0 31.02823031187944,-22.517323025337305,0 31.028228432296373,-22.51723148604418,0 31.028226530230256,-22.51716854789015,0 31.028224590392597,-22.517113234188344,0 31.028228432296373,-22.517044552064363,0 31.028226530230256,-22.516998832330216,0 31.028226530230256,-22.5169530514421,0 31.028243649724686,-22.51687867840826,0 31.028262746828375,-22.516790920764322,0 31.028279933771955,-22.516695547661357,0 31.028300903264153,-22.51657161209016,0 31.028352404739735,-22.516382797627955,0 31.02839246414095,-22.516262643706,0 31.02841915511999,-22.516144391850162,0 31.02846112378188,-22.516014705114515,0 31.028503085249213,-22.515913640202314,0 31.028541248879606,-22.515812552807006,0 31.028609901325922,-22.515631393374065,0 31.028657590575392,-22.515503614999773,0 31.028712934854127,-22.515370047689487,0 31.028787308787344,-22.51517936263741,0 31.028829277449233,-22.51506495268535,0 31.028871216433515,-22.514958143803256,0 31.02893799559206,-22.514820839809886,0 31.028960875244252,-22.5147426536505,0 31.029006684910655,-22.514645364092246,0 31.029063900678523,-22.514538548015537,0 31.029086780330715,-22.514447016816348,0 31.029128748992605,-22.51435929784327,0 31.029189806664306,-22.5142429255705,0 31.02923746713543,-22.514160920889765,0 31.029256557044505,-22.51410945628635,0 31.029298495129524,-22.514035083252452,0 31.02937099667423,-22.51391873975797,0 31.029416746985362,-22.513836735077234,0 31.02946446681176,-22.51374898642655,0 31.029550307101033,-22.51360598342933,0 31.02959225327993,-22.513525827754677,0 31.029639936234105,-22.513451484398445,0 31.029712436879493,-22.513346547904803,0 31.029760119833725,-22.513276015875363,0 31.02982115502232,-22.51318830499622,0 31.029912715899172,-22.51303954993523,0 31.029992812218552,-22.512923177662458,0 31.030078650709243,-22.51280871465042,0 31.03021409040798,-22.5126447349665,0 31.03026559188362,-22.512570361932603,0 31.030313274837795,-22.5125055217124,0 31.030404842909206,-22.51239870563569,0 31.030524997730538,-22.512236612729453,0 31.030645151652493,-22.512087827990797,0 31.03072527675016,-22.51199439472549,0 31.03080349978177,-22.511900923688643,0 31.030923653703724,-22.511784611670464,0 31.030990433761588,-22.511693081370538,0 31.031072431247765,-22.511603452237466,0 31.031158277832333,-22.51151570268746,0 31.031278439848165,-22.511384112986377,0 31.031366150727308,-22.511292552109524,0 31.031457750275024,-22.51120292297645,0 31.03159696262975,-22.511057988235507,0 31.031678997887468,-22.51096448662173,0 31.031764838176798,-22.51087298599947,0 31.03187545838574,-22.510728051258525,0 31.0319479374474,-22.510667015170554,0 31.032018499154447,-22.510588829910546,0 31.032119592844992,-22.51048580267758,0 31.03219780058805,-22.510424797166593,0 31.032279814262097,-22.510340890419684,0 31.032440057262875,-22.510199774200146,0 31.032491558738514,-22.51014064107767,0 31.032550684666433,-22.510089145897325,0 31.03264224644255,-22.51001286989799,0 31.032718528737178,-22.509951826615463,0 31.032796714896506,-22.509890798621427,0 31.032947431378886,-22.509764923212572,0 31.033048525968752,-22.509681015566343,0 31.033149590880953,-22.509614266085464,0 31.033241150858487,-22.509530359338555,0 31.033294601164982,-22.509484579349817,0 31.03336705684427,-22.50942355135578,0 31.033454806394275,-22.509379641956855,0 31.033552059080307,-22.509318643640427,0 31.033614997234395,-22.509267142164845,0 31.03366461912691,-22.50924427060653,0 31.033752308422322,-22.50920036210698,0 31.033803847669503,-22.50915842402202,0 31.033901093160978,-22.50909742570559,0 31.034032713439046,-22.509021090350984,0 31.03413952861638,-22.50897345236291,0 31.034204399413568,-22.508954392131443,0 31.03428259186819,-22.508929580735526,0 31.03433599630921,-22.508883831323715,0 31.034433278672907,-22.508859019927797,0 31.034555342754913,-22.508815170783464,0 31.034614468682832,-22.50879608177371,0 31.034673587416194,-22.50879417161366,0 31.034820499766283,-22.508773203020837,0 31.03492346584534,-22.508771270377792,0 31.03502649307825,-22.508752232629377,0 31.0351828716922,-22.508725520066662,0 31.035297312221246,-22.508723639584275,0 31.035425120273146,-22.508721678162885,0 31.035636842266513,-22.50870266289752,0 31.035789431137403,-22.508700739247672,0 31.035942035296728,-22.508706452640638,0 31.03629109186045,-22.508717895614325,0 31.03640933562241,-22.508735082557962,0 31.03652949763824,-22.50877705211923,0 31.03668208740845,-22.5088208625927,0 31.03676790431541,-22.508860989443065,0 31.036846119253028,-22.508881958035886,0 31.036991062087907,-22.508933422639302,0 31.03705593198572,-22.508956331969102,0 31.03714937334496,-22.5089944893042,0 31.037288624370547,-22.509057404075918,0 31.03736874856895,-22.509101266710047,0 31.037443123401488,-22.50911842487534,0 31.037582374427075,-22.50917941599721,0 31.03769109167058,-22.50921761020453,0 31.037795999385935,-22.50926148812715,0 31.03792952802536,-22.509314861991243,0 31.038000089732407,-22.50936445510547,0 31.038080185152467,-22.509385454275275,0 31.038223248404222,-22.509450301690038,0 31.03829766010898,-22.509490360191933,0 31.038364371818375,-22.50953611769762,0 31.038442586756048,-22.509557079995204,0 31.03846355714751,-22.50957426783816,0 31.038522683075428,-22.509600987595434,0 31.038606620399264,-22.509635303026755,0 31.03876111943015,-22.50971157902609,0 31.038860311054577,-22.509763081401047,0 31.038940405575318,-22.509812673615954,0 31.039075838079498,-22.509873708804548,0 31.039140686393637,-22.50991374572277,0 31.039234155631846,-22.50995764612844,0 31.039360023846086,-22.51003389155079,0 31.039453494882935,-22.51008733376341,0 31.03955459037212,-22.510154046372122,0 31.03969956198523,-22.510274208387955,0 31.03977012369228,-22.510333334315874,0 31.039819716806562,-22.51037339281777,0 31.039865467117693,-22.51041727074039,0 31.039890271318995,-22.510440143198025,0 31.039939870728517,-22.51046302195084,0 31.040025680440863,-22.510506891779585,0 31.040090558432553,-22.510527883754776,0 31.040178307083238,-22.510562206380655,0 31.040317528431217,-22.510609889334887,0 31.040397652629622,-22.51064614280523,0 31.04048156027585,-22.510663271292913,0 31.04059602328789,-22.510678548975818,0 31.040639870633584,-22.510672833784213,0 31.0406646820295,-22.510672833784213,0 31.04070280878767,-22.510653707002916,0 31.040752393807963,-22.51062895586159,0 31.04080009115131,-22.51060611488026,0 31.040849684265595,-22.51058701777663,0 31.040863058983064,-22.510567958444483,0 31.040878306988304,-22.510554611605983,0 31.04092219300486,-22.510512614165748,0 31.04094886869541,-22.510447796428593,0 31.040998469004194,-22.510392460243793,0 31.04101565594783,-22.510321928214353,0 31.04104043676682,-22.510276140131737,0 31.04105949699823,-22.51025708079959,0 31.041076683941867,-22.510211299911532,0 31.041095744173333,-22.51018842115866,0 31.041120524992266,-22.510146451597393,0 31.041120524992266,-22.510123551260847,0 31.041139629290512,-22.510104483834823,0 31.041137711935903,-22.510077800050396,0 31.041175869271,-22.50999008107732,0 31.041219716616695,-22.50993473679864,0 31.04126171585557,-22.509856582115503,0 31.041288398740676,-22.509772644791667,0 31.0413074661667,-22.50972305167744,0 31.041351336894706,-22.509671579879466,0 31.041402839269665,-22.509587673132557,0 31.041427620088655,-22.50953614107999,0 31.041450529418455,-22.509509457295565,0 31.04149440014652,-22.50946745895601,0 31.041517278899335,-22.509425519971728,0 31.041570713018018,-22.509383581886766,0 31.04165271769881,-22.50931683240583,0 31.041706114945327,-22.50927486284462,0 31.041765248967124,-22.5092329247596,0 31.0418282158995,-22.509185234610868,0 31.041866373234598,-22.50915849057185,0 31.04189493570277,-22.509133740329787,0 31.041948370720775,-22.509084140021002,0 31.04199221087191,-22.509059396074235,0 31.042041811180695,-22.509040298970604,0 31.042058990929718,-22.508998331207977,0 31.04211812495157,-22.5089754587504,0 31.042171535687885,-22.50892776860161,0 31.042240180939643,-22.508885799939662,0 31.042385184029058,-22.508809487068106,0 31.042449993672335,-22.50878473592678,0 31.042501496047237,-22.508742805036377,0 31.042594966184765,-22.508700829179872,0 31.04264837062584,-22.508658859618606,0 31.042717030266772,-22.508637891025785,0 31.042852499643175,-22.50857686303175,0 31.04296500033456,-22.508523457691354,0 31.04308327377413,-22.50848152680095,0 31.043237743127406,-22.508405205835516,0 31.043335026390423,-22.50835754626371,0 31.043418993391867,-22.50833276544472,0 31.043525786086207,-22.50828886413973,0 31.043609716215485,-22.508260263900013,0 31.04370314858147,-22.50823930160243,0 31.043850024059395,-22.508191641131305,0 31.043947307322412,-22.50817061228389,0 31.044187652937865,-22.508101922965352,0 31.04427540158855,-22.50808292298848,0 31.044372683952247,-22.508035240034246,0 31.044445147725412,-22.508016172608222,0 31.04453480743547,-22.507991354917067,0 31.04459771501257,-22.507989451951573,0 31.044666404331167,-22.507970392619484,0 31.04481327890977,-22.507926514696862,0 31.04492581017803,-22.507873139933395,0 31.04505739897985,-22.507848329436797,0 31.045282496590005,-22.507775864764312,0 31.04541408719041,-22.507726303126333,0 31.04554187275926,-22.50769767230969,0 31.045698310728483,-22.5076347341556,0 31.045795578703064,-22.507590863427538,0 31.045908117165936,-22.507562270382437,0 31.04599587301118,-22.507514602716697,0 31.046083591984257,-22.50748598718849,0 31.046196122353194,-22.507447829853447,0 31.046392590046025,-22.507379178306394,0 31.046503218348903,-22.50733533006138,0 31.046631026400803,-22.507291459333317,0 31.04682174922442,-22.507224738630725,0 31.046943805212493,-22.507180831030496,0 31.047056342776045,-22.507133140881706,0 31.04721277355071,-22.507079767017615,0 31.047310019042186,-22.507041609682517,0 31.04743784238258,-22.50699776863206,0 31.04757518414749,-22.50696342442245,0 31.04777546316717,-22.506894735103913,0 31.047926120294278,-22.50686998396253,0 31.04808824287818,-22.506826142912132,0 31.04836293270324,-22.506746017814407,0 31.04855746775297,-22.506683079660377,0 31.048753936345122,-22.50662970489691,0 31.049017183196497,-22.506551489959236,0 31.049154463807497,-22.506507641714222,0 31.049286121857108,-22.506459958760047,0 31.049457778153965,-22.506410359350582,0 31.04953596341403,-22.506408457284408,0 31.04962562222471,-22.506383675566155,0 31.049747686306716,-22.50634170690421,0 31.049844968670413,-22.50631685773675,0 31.049951776653245,-22.50629214526623,0 31.050094839905,-22.506238739925834,0 31.05022071621312,-22.50619867422938,0 31.05032946403361,-22.506151020952814,0 31.0504553097648,-22.506089984864843,0 31.050543059314805,-22.506065174368246,0 31.050621275151798,-22.506044204876105,0 31.05075861601739,-22.505992703400523,0 31.050852057376574,-22.505971733908325,0 31.050958903130947,-22.505924058148707,0 31.051046651781633,-22.50589927013516,0 31.05120874468787,-22.505842046273358,0 31.051300305564723,-22.505794363319183,0 31.051378528596274,-22.505769581600873,0 31.051471998733803,-22.505721892351403,0 31.0515883116513,-22.505651322550477,0 31.05167036939207,-22.505626519248437,0 31.05175427613898,-22.5055845802641,0 31.051842024789664,-22.5055407392137,0 31.051958337707163,-22.50549304906491,0 31.05202130463954,-22.50544726907617,0 31.052118587902555,-22.505393863735776,0 31.052202494649464,-22.505374797209072,0 31.052246372572085,-22.50535948984856,0 31.05229980759009,-22.505336640773294,0 31.052377992850154,-22.50528895781912,0 31.052494342639875,-22.50523177172886,0 31.052654592835268,-22.50515927018415,0 31.052732749316988,-22.50513639143128,0 31.05276327410587,-22.505117332099132,0 31.052841466560494,-22.505096361707672,0 31.052889187286212,-22.50507726460404,0 31.052973124610048,-22.505052521556593,0 31.053011244173604,-22.505039145939804,0 31.053039837218762,-22.504997178177177,0 31.053095180598177,-22.504972395559548,0 31.05309899282429,-22.504945706379203,0 31.053139028843134,-22.504945706379203,0 31.05321534171469,-22.504892301038808,0 31.053236341783816,-22.504892301038808,0 31.053259213342074,-22.504892301038808,0 31.05328402383867,-22.50488277541973,0 31.053430899316595,-22.50478361257359,0 31.053484274080063,-22.50478361257359,0 31.053528152002684,-22.50477217679446,0 31.05357774421759,-22.50475307969083,0 31.05363114865861,-22.50473017126035,0 31.053694086812698,-22.50468251798378,0 31.053791369176395,-22.504630985931215,0 31.05386768294727,-22.504579522227118,0 31.053976363318554,-22.504516613750695,0 31.054111810211907,-22.50444223981748,0 31.054155717812193,-22.50442694684608,0 31.054199558862592,-22.504402113866433,0 31.05426249701668,-22.50437926479117,0 31.05433118723454,-22.504331581836993,0 31.05443799521737,-22.504264862033722,0 31.054529556094167,-22.504203834039686,0 31.054598215735098,-22.504158038762455,0 31.054645905883888,-22.504138985725547,0 31.05471458800787,-22.504087484249965,0 31.054811870371566,-22.504016923442236,0 31.054874807626334,-22.503969239588685,0 31.054937716102756,-22.503921550339214,0 31.055019744165918,-22.503856739796674,0 31.05507316299611,-22.503805237421716,0 31.055120837856407,-22.503759457432977,0 31.055183776010495,-22.503707984735684,0 31.055206685340295,-22.50367360994909,0 31.055227653933116,-22.50367360994909,0 31.055303967703992,-22.503599265693538,0 31.055361184371236,-22.503538237699445,0 31.055443180958093,-22.503463826894063,0 31.05557861975757,-22.503334140158415,0 31.05559771776052,-22.50331505024934,0 31.055616747415,-22.503296019695483,0 31.055685436733597,-22.50324833044607,0 31.055748403665973,-22.503173957412173,0 31.05580943255933,-22.503099582579637,0 31.055895279143897,-22.502988984853744,0 31.055895279143897,-22.502956489650217,0 31.05591049657221,-22.502937483378105,0 31.055958217297928,-22.502885957620776,0 31.056078371219883,-22.502729609583753,0 31.05612987359484,-22.502626583250162,0 31.05616803003062,-22.502567457322243,0 31.056190901588877,-22.50253889395475,0 31.056209960921024,-22.502519796851118,0 31.056263395939027,-22.502422552258906,0 31.0562862746919,-22.502399665412156,0 31.056311048316275,-22.502376733599306,0 31.05636449772345,-22.502325268995946,0 31.056416000098352,-22.5022337377967,0 31.05644078091734,-22.502205115073934,0 31.056459841148808,-22.50218223632112,0 31.056501838589043,-22.50214029733678,0 31.056526620307352,-22.502092614382605,0 31.05657046855231,-22.502069734730412,0 31.056589565655997,-22.502046789427766,0 31.056612466891863,-22.502008677058768,0 31.056637247710853,-22.501962926747638,0 31.056654405876202,-22.501926672377977,0 31.05667540504595,-22.501907583368222,0 31.056698283798823,-22.5018885159422,0 31.056726869649367,-22.501842772825682,0 31.056765026085145,-22.501791271350044,0 31.056812745911543,-22.5017130779961,0 31.05684133985602,-22.50165777058959,0 31.056860436959653,-22.501634891836716,0 31.056927148669047,-22.50156811177891,0 31.05695578038501,-22.501518519564,0 31.05699393592147,-22.501453701826847,0 31.057018747317386,-22.501411770936443,0 31.057037776971868,-22.50139267383281,0 31.057056874075556,-22.50136976540233,0 31.057100744803563,-22.501350706070184,0 31.05711984190725,-22.501327833612606,0 31.05715799924235,-22.50128967717683,0 31.057182780061282,-22.501270609750804,0 31.057205650720277,-22.5012477094142,0 31.057243808055375,-22.50117904887395,0 31.057262868286784,-22.50115999044118,0 31.057287685977997,-22.501140893337492,0 31.05730677588707,-22.50109895435321,0 31.05730677588707,-22.501076082794953,0 31.057344901745864,-22.501043670329068,0 31.057344901745864,-22.501020768193825,0 31.05738687130713,-22.50097501788275,0 31.05741165212612,-22.500936861446974,0 31.057430749229752,-22.50091777243722,0 31.057478432183927,-22.50087583255356,0 31.05748796589694,-22.500852894445472,0 31.05969862359268,-22.50071377022425,0 31.05969862359268,-22.500667990235513,0 31.05969862359268,-22.500622171575912,0 31.059750118773024,-22.500576421264782,0 31.05979971098793,-22.50050967897846,0 31.059801621147926,-22.50046386121818,0 31.059801621147926,-22.500418140584657,0 31.05982643164458,-22.500418140584657,0 31.05982643164458,-22.5003723596966,0 31.059828341804575,-22.500326610284787,0 31.059866499139673,-22.500223583051877,0 31.05989130963627,-22.500225514795602,0 31.05989318202478,-22.500133953918805,0 31.05993130878295,-22.500065332049417,0 31.059980900997857,-22.49997373430034,0 31.05998284083546,-22.49991654731076,0 31.06003433601586,-22.499804016941766,0 31.060083935425325,-22.499712485742577,0 31.060085838390762,-22.49964379732336,0 31.060139249127076,-22.499428329653654,0 31.060202187281163,-22.49930242366787,0 31.0602040902466,-22.499187954360536,0 31.06025559172224,-22.499086927219878,0 31.060257493788356,-22.49897248669089,0 31.060259433626015,-22.498903827049958,0 31.060284215344325,-22.498858047061162,0 31.060288026671174,-22.498686390764306,0 31.060301402287962,-22.498549078677,0 31.060303273777095,-22.498411798066,0 31.060307086003263,-22.49824011119216,0 31.060307086003263,-22.498182925101844,0 31.060295651123454,-22.498137152307663,0 31.06029756038413,-22.498034178134787,0 31.060249899913003,-22.49791971512269,0 31.060253712139172,-22.497793862196943,0 31.06019459430513,-22.49756307997211,0 31.06014690325702,-22.497460083316128,0 31.060148805323138,-22.497414264656527,0 31.06008964971761,-22.49727702091775,0 31.060041997340363,-22.497194955982366,0 31.059994307191573,-22.497080546030304,0 31.059874145175684,-22.496849801577014,0 31.05982837238156,-22.496689581059286,0 31.05978068223277,-22.49658467514257,0 31.059671992868232,-22.496411145557886,0 31.059549900007937,-22.496308104835123,0 31.05945455658258,-22.49620323579063,0 31.059332462822965,-22.496029707105265,0 31.059273336895046,-22.495970581177346,0 31.05913983703391,-22.495854238582183,0 31.059090223235273,-22.495785550162964,0 31.058981488904635,-22.495726424235045,0 31.058884213735553,-22.495632990070362,0 31.058762180230474,-22.495573864142443,0 31.058565713436963,-22.495468958225786,0 31.058369275421796,-22.495465145999617,0 31.058222399943872,-22.495417455850884,0 31.058048811903177,-22.495415545690832,0 31.05780277537781,-22.495388833128118,0 31.057631089403287,-22.495341142979328,0 31.057312556729187,-22.495220988158053,0 31.057240092955965,-22.495163802067793,0 31.057116119613283,-22.495116111919003,0 31.056908217040643,-22.49505508392491,0 31.056860525992533,-22.495009295842294,0 31.056713658608487,-22.494948267848258,0 31.056603031204986,-22.494891043986456,0 31.05650574794197,-22.494843361032224,0 31.056381774599288,-22.494795707755657,0 31.05621202756305,-22.494702237618128,0 31.05616243624746,-22.494654548368658,0 31.056053718104636,-22.49458398576229,0 31.05590684262671,-22.494479078946313,0 31.05583437075967,-22.494433298957517,0 31.055784779444082,-22.494385608808727,0 31.055712285093932,-22.494316926684746,0 31.055615025213285,-22.49421208012336,0 31.05556734225911,-22.494166300134623,0 31.05556734225911,-22.494120548924172,0 31.055517750044203,-22.49411863966344,0 31.05547002931843,-22.494027078786587,0 31.05541090428983,-22.49389930131167,0 31.055349868201915,-22.49383064077142,0 31.05522971427996,-22.493725734854706,0 31.05522971427996,-22.493679983644313,0 31.055180121165733,-22.493679983644313,0 31.055132431016943,-22.49357506963372,0 31.055035155847804,-22.493515958994294,0 31.054987496276,-22.493412955143697,0 31.054878777233853,-22.49330804922704,0 31.054831087085063,-22.49326229801659,0 31.05478340503015,-22.493147865581477,0 31.0546613409482,-22.493020080012627,0 31.05460221502028,-22.49294948862797,0 31.05455452487149,-22.492846521649597,0 31.054432467984043,-22.492730171859876,0 31.05428559340544,-22.492613859841697,0 31.05419018343025,-22.49250893144199,0 31.054142559831348,-22.492417392148866,0 31.05397087385677,-22.49226483295564,0 31.053911718251243,-22.49219617421403,0 31.053778218390107,-22.492068395839738,0 31.053644711334414,-22.491963452151538,0 31.053595119119507,-22.49190436309584,0 31.053547436165275,-22.491812802218988,0 31.053436800667896,-22.491765112070198,0 31.053389117713664,-22.491719361759067,0 31.053389117713664,-22.49167358087101,0 31.05334143475943,-22.49162589072222,0 31.053280399570838,-22.49156870463196,0 31.053232716616606,-22.4915229237439,0 31.053110653433976,-22.49136080205932,0 31.05300193529115,-22.491301668037522,0 31.05300193529115,-22.49125589524334,0 31.05295424514236,-22.4911967774093,0 31.052906562188127,-22.491105238116177,0 31.052856961879343,-22.491059487805046,0 31.052750182674856,-22.49088589167053,0 31.05270059135927,-22.49082676574261,0 31.05264146543135,-22.490769549974686,0 31.05264146543135,-22.490723798764236,0 31.05259377528256,-22.490666590190926,0 31.052546092328328,-22.49055020262972,0 31.052498402179594,-22.49045870200746,0 31.052437336414016,-22.490353796090744,0 31.05238968403677,-22.490308015202686,0 31.05238968403677,-22.49025079943482,0 31.052343903148653,-22.490147831557124,0 31.052343903148653,-22.490079143137905,0 31.052296212999863,-22.489962770865134,0 31.052298123159915,-22.48991705023161,0 31.052273341441605,-22.489859833564424,0 31.052275236313164,-22.489791173923493,0 31.052277152768454,-22.489688207844495,0 31.05227906292845,-22.48957373763784,0 31.052305769195925,-22.48947267272564,0 31.052305769195925,-22.489426892736844,0 31.052357249087834,-22.489312453107175,0 31.052408743368858,-22.48919805034967,0 31.052460275421424,-22.48909698633679,0 31.05250986763633,-22.489051174871804,0 31.05250986763633,-22.48900539488301,0 31.05256137001129,-22.488961545738675,0 31.05262430816532,-22.488870015438806,0 31.052673900380228,-22.488826115033135,0 31.052673900380228,-22.488768920848997,0 31.05272537217826,-22.488654488413886,0 31.05277687365384,-22.488608738102755,0 31.052837901647877,-22.488564859280814,0 31.052839842384856,-22.488507673190497,0 31.05289133666588,-22.488404645957587,0 31.05295426672609,-22.488269267412704,0 31.053055369409833,-22.48812239193478,0 31.05310690056308,-22.48800795230511,0 31.05310690056308,-22.487962209188538,0 31.05315840293798,-22.487906894587468,0 31.05322131141446,-22.487849641048058,0 31.053270934206296,-22.4877924549578,0 31.05333384088408,-22.487679924588804,0 31.053396808715775,-22.487634174277673,0 31.053446393736124,-22.487590265778124,0 31.053495994044965,-22.487544516366313,0 31.053635245070552,-22.487397677760555,0 31.053761121378727,-22.487262268638744,0 31.05387368142533,-22.487115423737748,0 31.05397474633753,-22.486945676701566,0 31.054026247813113,-22.486844604594808,0 31.0540891859672,-22.486798831800627,0 31.054154055865013,-22.486640521442894,0 31.054203656173854,-22.486594771131763,0 31.05431618564353,-22.486482202991226,0 31.05436958288999,-22.48629914059279,0 31.054419183198775,-22.486255300441712,0 31.054482121352862,-22.486152266014244,0 31.05453171266845,-22.4860969819901,0 31.05459656098253,-22.485925332887746,0 31.054648100229713,-22.485858584306186,0 31.054711031189186,-22.485721265024324,0 31.054813997268184,-22.485517172879156,0 31.054876965099936,-22.485391327147966,0 31.054928466575518,-22.485301706108828,0 31.054979961755862,-22.485141485591043,0 31.05503146413082,-22.485040420678843,0 31.0550696205666,-22.48500604589225,0 31.0551211229415,-22.484880132711908,0 31.05517262531646,-22.484744799133125,0 31.055235555376612,-22.484618922825007,0 31.055288967012245,-22.48443774090896,0 31.055288967012245,-22.48439198969851,0 31.055353836910115,-22.48425464073904,0 31.055456840760655,-22.48397045497245,0 31.055508343135557,-22.48382363974912,0 31.05551022271868,-22.483754957625138,0 31.05557318335576,-22.483594766785018,0 31.055575092616493,-22.48346889227554,0 31.05562849705757,-22.483322016797615,0 31.055681932075572,-22.483013049312717,0 31.055683841336247,-22.48287573722547,0 31.055748651878844,-22.48272892200208,0 31.0557524928833,-22.48255723602756,0 31.0557906502184,-22.48241995541656,0 31.055842159787915,-22.48230739357132,0 31.05590700000812,-22.482090018439578,0 31.05595846371216,-22.481964111554475,0 31.056023341703906,-22.48185161176241,0 31.05614730785203,-22.481704737183804,0 31.05628658855528,-22.481592235593155,0 31.056399118924276,-22.481468239767423,0 31.05652502491,-22.481355739975356,0 31.056586031320364,-22.481288989595157,0 31.056687162782396,-22.481243240183346,0 31.056811091158977,-22.48119933078442,0 31.056872120052333,-22.48115549063334,0 31.05702090389167,-22.4811116118114,0 31.057156342691087,-22.48111355164906,0 31.05728030883921,-22.481069644048773,0 31.057429087282628,-22.481025802998374,0 31.057553090302918,-22.48102770506449,0 31.05773812221662,-22.481008645732345,0 31.057898341835084,-22.48101054779852,0 31.05799752716422,-22.481012428280906,0 31.058193957085507,-22.48101436002463,0 31.058279810864633,-22.48107348595255,0 31.058377086033772,-22.48112114642373,0 31.058720398627543,-22.48122794721195,0 31.05883102693042,-22.48128711001209,0 31.058892092696,-22.481346206262344,0 31.05900078116116,-22.481392016828067,0 31.05906183883286,-22.48143967729925,0 31.059136212766077,-22.481510209328633,0 31.059319341714286,-22.481569364934217,0 31.059441405796292,-22.4816284827682,0 31.0594909980112,-22.481674270850874,0 31.05953868096543,-22.481733389584235,0 31.059647369430593,-22.481824927977982,0 31.0596969616455,-22.481884046711343,0 31.059695059579383,-22.48192982670008,0 31.05975608757342,-22.481975614782755,0 31.059891527272214,-22.482046177389122,0 31.060406525840563,-22.482168271148737,0 31.060454215989353,-22.482215922626665,0 31.060589617916605,-22.482275048554584,0 31.060686900280302,-22.48236851959149,0 31.060808964362252,-22.482427646418728,0 31.06090624672595,-22.482473395830482,0 31.06103024255168,-22.482521078784714,0 31.06111415019791,-22.482580204712633,0 31.061348774326518,-22.4825840169388,0 31.06140981041449,-22.482606926268602,0 31.061520423428874,-22.48260882833472,0 31.06169593601868,-22.482507733744853,0 31.061894244623716,-22.482374233883718,0 31.062069743723725,-22.482238831956465,0 31.062121246098684,-22.482114858613784,0 31.06218421303106,-22.482069108302653,0 31.062233806145287,-22.48196798403518,0 31.06228721778092,-22.48183070162554,0 31.062289119847037,-22.48170483431062,0 31.062390214436903,-22.481466427633507,0 31.062455069046223,-22.48128523762358,0 31.062558059406967,-22.481044921685736,0 31.06261149262633,-22.480840861016873,0 31.06261339469245,-22.480680641398465,0 31.062680152267262,-22.480373552597314,0 31.062733556708338,-22.480156175666934,0 31.062737368934506,-22.47997308359089,0 31.06279078057014,-22.479744204331496,0 31.062792682636257,-22.479631703640166,0 31.062842274851164,-22.479585922752108,0 31.062846087077332,-22.479391394896936,0 31.062870905667808,-22.479334171934454,0 31.062874717893976,-22.47913967375689,0 31.06291477729519,-22.478878358649297,0 31.06291858772272,-22.478683830794125,0 31.062920497882715,-22.4785693911644,0 31.06296055728393,-22.4784321015602,0 31.06296246744398,-22.47828333211004,0 31.062989180006696,-22.47814602092211,0 31.06299490239286,-22.47781417378502,0 31.062996803559713,-22.47769973415535,0 31.063036839578558,-22.477575768007227,0 31.063040682381654,-22.477312550833517,0 31.063067403038247,-22.477175269323197,0 31.063071215264415,-22.4769463900638,0 31.06309983798718,-22.47671754677731,0 31.063101717570248,-22.476568770132587,0 31.06310552170254,-22.476408579292467,0 31.063130341192334,-22.476353235013733,0 31.063136093256162,-22.476090078094558,0 31.06313799532228,-22.47588407668877,0 31.06319518141254,-22.4755064567575,0 31.063197121250198,-22.475323395258442,0 31.063223812229182,-22.475222300668577,0 31.063225743972964,-22.47516507680683,0 31.06322765413296,-22.474981955053124,0 31.063231464560488,-22.474741676886822,0 31.063239089012825,-22.474341178202792,0 31.063254337018066,-22.474215235344786,0 31.063256276855725,-22.474066547732946,0 31.063271523961703,-22.47392923564564,0 31.06327533618787,-22.47370036358086,0 31.063328740628947,-22.47341617691501,0 31.063378340038412,-22.47337042660388,0 31.06338024300385,-22.473267393075673,0 31.063435587282584,-22.47297182998591,0 31.063502306186535,-22.472605645833823,0 31.063580529218086,-22.47239011161429,0 31.063632024398487,-22.47225280042636,0 31.06368546571173,-22.472014424326176,0 31.063736968086687,-22.471865638688257,0 31.063799906240718,-22.471741673439453,0 31.063853309782473,-22.47158145292167,0 31.06395440527166,-22.471377421930413,0 31.063956313633014,-22.47127440189206,0 31.064005898653363,-22.471217208607243,0 31.064135624059872,-22.47091014318852,0 31.0642386207158,-22.47062595742193,0 31.06435496331096,-22.470341800433687,0 31.06448274887981,-22.470023299235834,0 31.064534243160836,-22.469887890113966,0 31.064599121152582,-22.46977348735652,0 31.064650622628164,-22.469557953136984,0 31.06476509283482,-22.46935389066948,0 31.064816588015162,-22.46923945913369,0 31.064883306919114,-22.468943851077825,0 31.06494818491086,-22.46872642198673,0 31.065014964968725,-22.468476580429808,0 31.065205680597728,-22.46812373412297,0 31.065257182972687,-22.46799979765251,0 31.06530868534759,-22.467873923142974,0 31.065360186823227,-22.467759489808543,0 31.06541171078186,-22.467635509271304,0 31.065474648935947,-22.467509641057063,0 31.065638652002235,-22.467273175116873,0 31.06571496487379,-22.467204484899014,0 31.065766467248693,-22.467091985107004,0 31.065827495242786,-22.46703476933908,0 31.065953401228512,-22.466887885767278,0 31.06600490270415,-22.466763957390697,0 31.066142214791455,-22.46666286280083,0 31.06630627721296,-22.46645877155504,0 31.06646839979686,-22.466300482781037,0 31.06658284032585,-22.46616511233003,0 31.0668212461037,-22.46595148737123,0 31.067008187278077,-22.465817986610773,0 31.067258059411984,-22.465638706760842,0 31.06745643636549,-22.465468991200964,0 31.067507929747194,-22.46542505212443,0 31.06763193366686,-22.465369797777896,0 31.067755899814983,-22.465257297985886,0 31.067906586619756,-22.465144737939283,0 31.06801912508263,-22.465009357595704,0 31.06826899631716,-22.464807207086892,0 31.06841968312193,-22.464694676717897,0 31.068719124987695,-22.46448108233602,0 31.06893087036343,-22.464381897006888,0 31.069016687270334,-22.464326583305137,0 31.069203621250153,-22.46421408261375,0 31.069340962115746,-22.464112988023942,0 31.06959271383272,-22.463865049432457,0 31.069842593161184,-22.463617109042332,0 31.07008293068276,-22.463300517105154,0 31.070195461051753,-22.463188017313087,0 31.070197378406363,-22.463130807840457,0 31.070309900681423,-22.462949610635974,0 31.07037477867317,-22.46277795523838,0 31.07050258672507,-22.462507144189317,0 31.070668499052033,-22.462188642991464,0 31.070733368949845,-22.46203989512503,0 31.070784871324804,-22.461893050224035,0 31.070836372800443,-22.461698515174305,0 31.070887867980787,-22.461597458355982,0 31.07088977724146,-22.461540203917252,0 31.070918400863548,-22.46129992575095,0 31.07092031012428,-22.46112823977637,0 31.070922212190396,-22.460979455037773,0 31.070927964254224,-22.46069342566102,0 31.07092987441422,-22.4605675583461,0 31.070931775581016,-22.460441614588774,0 31.070935558129577,-22.460258582767324,0 31.070933805350876,-22.460247236920395,0 31.070912685671942,-22.460109798028725,0 31.07091649789811,-22.45993817230874,0 31.070920339801887,-22.459640639703707,0 31.07092412235039,-22.459480456957465,0 31.07092601722195,-22.459320236439737,0 31.07097755556981,-22.459161955759612,0 31.071030968104765,-22.45894451857464,0 31.071034780330876,-22.458761457075525,0 31.071086312383443,-22.458603145818472,0 31.07113968714691,-22.458362829880627,0 31.071191181427935,-22.458227420758817,0 31.07119309068861,-22.458101583121504,0 31.071257967781037,-22.457907018394167,0 31.071311373121432,-22.45772582838424,0 31.07136283682553,-22.457519863850564,0 31.07141627903809,-22.457371080011285,0 31.07141627903809,-22.457325328800835,0 31.071465872152316,-22.45728145807277,0 31.071467774218434,-22.457155582663972,0 31.071521185854067,-22.456995391823853,0 31.07152308792024,-22.456869516414997,0 31.071574590295143,-22.456722640937073,0 31.071576499555874,-22.456608239078946,0 31.0716279938369,-22.45644804823877,0 31.071744374203547,-22.456163861572918,0 31.071807312357635,-22.456005551215185,0 31.071860686221726,-22.455868269704865,0 31.071925556119595,-22.45567562233208,0 31.071988494273626,-22.45557264006527,0 31.072039995749265,-22.455471552669962,0 31.072163999668874,-22.45534757932728,0 31.07230324260064,-22.45518923929194,0 31.072352806037202,-22.455143517759097,0 31.07240430841216,-22.455040550780723,0 31.072453899727748,-22.454973770722916,0 31.072591248687218,-22.45486127093085,0 31.072703779056212,-22.454805957229098,0 31.07275337217044,-22.45476017724036,0 31.072804873646078,-22.454704862639232,0 31.07292887037113,-22.454649548937482,0 31.07303949777463,-22.45459426401402,0 31.07311390228483,-22.45454848402528,0 31.07317684043886,-22.45449317661877,0 31.073314150727526,-22.454472208025948,0 31.073487717184435,-22.454382578892876,0 31.073562120795316,-22.45438448905287,0 31.07360978126644,-22.45438448905287,0 31.073610058257657,-22.454381299157603,0 31.073611713010223,-22.454361550045462,0 31.07365937258203,-22.454361550045462,0 31.07377193262863,-22.45436351956073,0 31.07285840579084,-22.44616061342151,0 31.07152447287615,-22.43415483227966,0 31.071747669319507,-22.43408775274753,0 31.072354199087044,-22.434085850681413,0 31.07313049657523,-22.43433380456139,0 31.073639261942446,-22.434562684720106,0 31.073109100804402,-22.434169272693737,0 31.07230238734536,-22.433870070946966,0 31.070542755843576,-22.43379691019919,0 31.069469833166295,-22.433736995565823,0 31.06790407301463,-22.433685761188883,0 31.06773073858278,-22.433665715300492,0 31.066140730010716,-22.419472381844912,0 31.071225349370422,-22.404114816645404,0 31.06665492458518,-22.405388837624685,0 31.064643487407068,-22.40574660592108,0 31.063542765786053,-22.405793183608466,0 31.0615710525621,-22.405560764617576,0 31.043448777139417,-22.40006800503437,0 31.041539510140353,-22.399719740773378,0 31.04097719284323,-22.399672465212063,0 31.041194096730237,-22.382879017252776,0 31.051596194209026,-22.337253052686208,0 31.051926786791853,-22.33736263867479,0 31.05479616641003,-22.33819476427692,0 31.056948303421507,-22.33902707873665,0 31.059817837723074,-22.34002573090271,0 31.061252682665213,-22.340691640207012,0 31.063405122748293,-22.342023718719588,0 31.06484008370296,-22.342856213043774,0 31.06681288240867,-22.3433552594376,0 31.070040947631696,-22.34385373296334,0 31.07398635258818,-22.344351819780627,0 31.078649544241102,-22.34568252682709,0 31.081340027120632,-22.34668086692841,0 31.083492558934495,-22.3476794552426,0 31.08510672689397,-22.34801184107357,0 31.08869362700932,-22.348509763314894,0 31.092638999590235,-22.348674161183567,0 31.09712134027768,-22.347338631072944,0 31.101961889929328,-22.345502917825343,0 31.105009426144136,-22.344168069400837,0 31.106264199832992,-22.343500793127077,0 31.10841543302587,-22.342666311301173,0 31.111642588135,-22.341831047964433,0 31.115766149688113,-22.34082847655293,0 31.11702096564511,-22.340327741232215,0 31.117199886665503,-22.339827773033278,0 31.117199320092595,-22.339161324135773,0 31.11791645478064,-22.338994186932155,0 31.120426334008187,-22.33832589532375,0 31.123294530118528,-22.33732405416174,0 31.125804046919257,-22.33632244862207,0 31.130106506110394,-22.33515275979198,0 31.133333348255462,-22.33431707107593,0 31.137636668997118,-22.33414687078141,0 31.140146201985658,-22.33331165241077,0 31.144089834378406,-22.332141899728867,0 31.148750273206588,-22.330638180207814,0 31.152872694419386,-22.329134827610176,0 31.156637174665946,-22.328298166726995,0 31.16003549504211,-22.328042397738443,0 31.162725428435806,-22.328372940858515,0 31.16541558306278,-22.328870056407936,0 31.16828545371078,-22.329700166629323,0 31.17061723389827,-22.330364182860706,0 31.17420397843091,-22.33086021112979,0 31.17563990795543,-22.332024944695377,0 31.178689627724168,-22.33318789940199,0 31.180663755627847,-22.33451861094511,0 31.181741130848536,-22.3356836997429,0 31.18245903805422,-22.336182734445572,0 31.183894426186896,-22.336847558268175,0 31.185867766284446,-22.337511757061918,0 31.18658635517619,-22.33851060528019,0 31.18820266801879,-22.340341476577862,0 31.188921068052878,-22.34117370290403,0 31.18946038428936,-22.342172748073835,0 31.191256995913704,-22.344669820955403,0 31.192875271976277,-22.347833535189466,0 31.19485275165323,-22.351330027358813,0 31.196109941820396,-22.352661407997516,0 31.19683102902883,-22.355326329446484,0 31.198627246750107,-22.357323479994534,0 31.201142555184845,-22.360486005324844,0 31.203118737140073,-22.36281610557876,0 31.205272368824808,-22.363813060724112,0 31.207965079324993,-22.36547574171209,0 31.212273031575194,-22.36780271682187,0 31.21532359131072,-22.368798362554344,0 31.21962915406226,-22.369459024314494,0 31.221960785861654,-22.36945584161373,0 31.22429134207181,-22.368786183935185,0 31.225366663240948,-22.368284849666054,0 31.226801779778384,-22.368449451680817,0 31.229849979692858,-22.367945323218066,0 31.23307641084773,-22.366774431994372,0 31.23576473355564,-22.365604254832476,0 31.238452998706975,-22.36443403810034,0 31.240604338919184,-22.36393101490438,0 31.244369782339618,-22.363425545552445,0 31.24777651317561,-22.36292052676083,0 31.249211285272622,-22.362918327918464,0 31.252977869033487,-22.363079098821288,0 31.257820243409583,-22.363071461778475,0 31.261766823779965,-22.363564968348555,0 31.26409929374745,-22.364061008308852,0 31.26589466700534,-22.365057735026426,0 31.26912841594367,-22.367884786253853,0 31.27200389116672,-22.370878980080818,0 31.273443623924152,-22.373375715716634,0 31.274344985632638,-22.37570675216483,0 31.275965184445738,-22.378702998244705,0 31.27668726360639,-22.381034312583438,0 31.277407381345597,-22.38236596661602,0 31.278846662643446,-22.384529434185993,0 31.280104952681484,-22.38586014662843,0 31.28100216671669,-22.386025200102836,0 31.281990389444957,-22.388173855838716,0 31.283070376296905,-22.390004683968925,0 31.28451152278859,-22.393001139590865,0 31.28577369070331,-22.396164521975038,0 31.287034890048176,-22.398828052172803,0 31.288296128963225,-22.40149157517601,0 31.290272246167262,-22.402820928742813,0 31.291172022370972,-22.404152188872388,0 31.29207319612118,-22.406149886208254,0 31.29369025540103,-22.407313226724,0 31.295667923935582,-22.409308941054746,0 31.29800518279302,-22.411637187805923,0 31.30177924261801,-22.414629171099307,0 31.302858975861113,-22.416126640332152,0 31.304117775814746,-22.417457155823058,0 31.306273329350745,-22.41861935419979,0 31.307891029847212,-22.41994915922629,0 31.310744570605493,-22.422839325774248,0 31.309272858855422,-22.423798312442102,0 31.307480813988434,-22.424801391970618,0 31.306047595020573,-22.425803766430647,0 31.30443566097705,-22.427139688645696,0 31.302644617954797,-22.428642539421617,0 31.300853911279034,-22.430311986908634,0 31.29977909912617,-22.43114703440807,0 31.29816525941925,-22.43164985435726,0 31.29655036121028,-22.43165282841528,0 31.29493508258804,-22.431489166192023,0 31.293676585705896,-22.430325196150818,0 31.292777680945278,-22.42949378191247,0 31.291878783379218,-22.428662356882228,0 31.29080046297105,-22.427831248413327,0 31.289723195669012,-22.42749997414444,0 31.288825694750074,-22.42733496024016,0 31.287389920808266,-22.427170917603746,0 31.285594614100205,-22.426674273299056,0 31.284517353992726,-22.42634295496333,0 31.283438428340844,-22.42517858292524,0 31.282539603619853,-22.424347105734284,0 31.281462384881195,-22.424015769412165,0 31.280564588085326,-22.423684106636188,0 31.279667801228072,-22.423852271764872,0 31.278772009021054,-22.424520260301733,0 31.27823571630529,-22.4255208433122,0 31.27733990701114,-22.426188822855863,0 31.276623510666525,-22.42685648673745,0 31.275726371275084,-22.42685802367879,0 31.274110863325745,-22.426527556101803,0 31.272674778218516,-22.4261967710641,0 31.271239028558398,-22.426032577341516,0 31.270341247950284,-22.425700851612987,0 31.2696225763209,-22.425202230598416,0 31.269263717146885,-22.425202822352333,0 31.26926532693335,-22.426035874256172,0 31.269267578835752,-22.4272021447631,0 31.26855082096364,-22.42770316067231,0 31.267294805311053,-22.427705244401466,0 31.26725174037557,-22.427683121978475,0 31.267461217661094,-22.427823203078333,0 31.26770727756883,-22.428074954795306,0 31.267974306968767,-22.428261895969683,0 31.268449247035164,-22.428425920619702,0 31.268920337103907,-22.428486955808296,0 31.269240778139476,-22.428246611092163,0 31.269439155092982,-22.427827015304445,0 31.26967756896471,-22.427367330437903,0 31.269750024643997,-22.42718423836186,0 31.269807279082727,-22.42706026501918,0 31.269887373603467,-22.42687333103936,0 31.26998464877255,-22.42666351830667,0 31.270087654421786,-22.426480426230626,0 31.270181123659995,-22.426373610153917,0 31.27025358833248,-22.426217209056915,0 31.270368057639814,-22.42617524039497,0 31.270547338389008,-22.426146640155252,0 31.270760932770884,-22.42625726755881,0 31.27094787394526,-22.42635073769634,0 31.271142401800432,-22.426457516900825,0 31.271302622318217,-22.42653764199855,0 31.27152005860387,-22.42656055132835,0 31.271726060009712,-22.426564332977534,0 31.271989306861087,-22.426587235112777,0 31.272345927622496,-22.426627271131622,0 31.27272359162049,-22.426667329633517,0 31.27303831206848,-22.426707389034732,0 31.273194742843145,-22.426743643404393,0 31.273301529242246,-22.426774145710226,0 31.273551401376096,-22.42684855022037,0 31.273889029355246,-22.42692864474111,0 31.27425140128122,-22.427014453554136,0 31.274983844229098,-22.427104113264193,0 31.275147839201452,-22.427134646146953,0 31.275483557020607,-22.427193763980995,0 31.27579062333865,-22.427220484637587,0 31.275950842957116,-22.427256739906568,0 31.276214060130826,-22.42729104724401,0 31.27660124435198,-22.427195711912532,0 31.276746215965147,-22.427193763980995,0 31.27692930804119,-22.427144171766088,0 31.277169623979034,-22.427033558751702,0 31.277396623655306,-22.426819933792842,0 31.277633121071744,-22.426627271131622,0 31.27786965356171,-22.42650329778894,0 31.278020310688817,-22.42638314386693,0 31.278169089132234,-22.42624770416819,0 31.27833693320298,-22.42612755024618,0 31.27848190571541,-22.426007396324223,0 31.278674553987514,-22.425833829867315,0 31.278857653258115,-22.42569076661556,0 31.279101811099736,-22.42551339692568,0 31.279271557236655,-22.42538367241849,0 31.279382184640156,-22.425316958910457,0 31.27958243488149,-22.425160550618898,0 31.279778901675,-22.425046081311564,0 31.27992193524915,-22.42494308375626,0 31.280223308858695,-22.424748548706532,0 31.280759276919127,-22.424643641890498,0 31.281123588682703,-22.42457308108277,0 31.281644279060288,-22.424649393954326,0 31.281999057110852,-22.42478289381546,0 31.282292776590396,-22.424889701798236,0 31.28267233725859,-22.425059456029032,0 31.28300993466081,-22.425253983884204,0 31.283326556275597,-22.425477172233684,0 31.28388540308896,-22.425976885924513,0 31.283988393449647,-22.426076047871277,0 31.284127643575914,-22.426207675343903,0 31.2844118383357,-22.426409863624258,0 31.284572057954165,-22.426547175711562,0 31.28488867956895,-22.426707389034732,0 31.285142371123584,-22.42690005169601,0 31.28565731033666,-22.42717467497124,0 31.285930090001727,-22.427304393183135,0 31.286197119401606,-22.42742073487898,0 31.28657093520053,-22.427544737899268,0 31.286754056954237,-22.42763438861607,0 31.287486462130573,-22.42780030184241,0 31.287789745000794,-22.42780792539537,0 31.288039625228578,-22.427844171671154,0 31.288529812400952,-22.427853735961094,0 31.289218338755404,-22.427874704553915,0 31.289401475797547,-22.427937642708002,0 31.289740961776033,-22.427950987747863,0 31.28992790295041,-22.428004400282816,0 31.290265494057337,-22.428074954795306,0 31.29112381241407,-22.42849842216441,0 31.29128402483792,-22.428641454839237,0 31.291480462853144,-22.428864614410372,0 31.291694087811948,-22.429154521663804,0 31.291917276161428,-22.429385333566245,0 31.292157592099272,-22.429501645584423,0 31.292579081859174,-22.42977442704813,0 31.292663027276944,-22.429839267268335,0 31.292922432224543,-22.429921301626734,0 31.293046405567225,-22.43004145644801,0 31.293479368877797,-22.430365671038828,0 31.29361861990344,-22.430501110737623,0 31.293845590801425,-22.430718547023275,0 31.294333867813805,-22.431164885950693,0 31.294400618194004,-22.431285047966526,0 31.294475028999443,-22.431382300652615,0 31.29451127617449,-22.431510079026907,0 31.294614243152864,-22.431649330052494,0 31.29468481205447,-22.43174470315546,0 31.294764937152195,-22.431908735000093,0 31.295098724126888,-22.432225363809437,0 31.29561752682747,-22.43244658264365,0 31.295836873273117,-22.432475206265735,0 31.29601615312299,-22.432480957430187,0 31.296246935347824,-22.432562954916364,0 31.296492995255562,-22.432599209286025,0 31.29688399799818,-22.432568676403264,0 31.29762212466136,-22.432545767073464,0 31.29773274576968,-22.432559142690252,0 31.29807224613728,-22.432559142690252,0 31.2995008695695,-22.432278737673585,0 31.299664940084995,-22.43222154528803,0 31.299847994389495,-22.43218720737366,0 31.3000177782979,-22.43213955499641,0 31.30022186864437,-22.4320593921272,0 31.300414495332745,-22.43200220603694,0 31.30077118264404,-22.431868683692755,0 31.30124612181112,-22.431471958563975,0 31.301326218130498,-22.431378489325766,0 31.301642809168357,-22.43112863877559,0 31.30171340055307,-22.431038988058788,0 31.301793525650737,-22.43094170569509,0 31.301932746998716,-22.430821550873816,0 31.302066238765974,-22.43069186413817,0 31.30225318083967,-22.4305163578436,0 31.302323749741333,-22.430396203921646,0 31.302499247941967,-22.430272230578908,0 31.302535465439405,-22.4301768646705,0 31.302648024586745,-22.43004145644801,0 31.302798681713853,-22.429873612377264,0 31.30299511972902,-22.429671385426047,0 31.303178248677284,-22.429431083877375,0 31.30333271803056,-22.429244150796876,0 31.303620745700925,-22.428954235449567,0 31.303700842020305,-22.428828396912934,0 31.30380765000308,-22.428734903393035,0 31.303920181271394,-22.428548015278636,0 31.304110964349604,-22.42831148818459,0 31.304755619975936,-22.42768013982652,0 31.30486627795642,-22.427550421614626,0 31.305133276779372,-22.427321550449165,0 31.305295400262537,-22.427157547382876,0 31.30544524799984,-22.427055426666584,0 31.305468965820182,-22.427039265849373,0 31.30583327758376,-22.426751266957353,0 31.306043090316393,-22.42658342288661,0 31.306270061214377,-22.426470893416933,0 31.306590494156012,-22.426306859773717,0 31.306907122965413,-22.426158083128996,0 31.307286682734286,-22.42595779601544,0 31.307992306999438,-22.4252446147471,0 31.312014931344038,-22.43744639143779,0 31.329546932245194,-22.489771485965264,0 31.563169530849223,-23.186159077879097,0 31.560302434609696,-23.226348405054807,0 31.55993999613395,-23.228282306283347,0 31.547864904241976,-23.413407442799212,0 31.56055418722599,-23.482633721369098,0 31.665290005229622,-23.591875379345254,0 31.689990438308143,-23.629802155245216,0 31.6969039954231,-23.722133784346624,0 31.768768181606333,-23.887809254193655,0 31.880285870796342,-23.954898004339384,0 31.908098057979032,-24.18166172281019,0 31.979541249029467,-24.295058156908397,0 31.987284089888874,-24.30149893772574,0 32.013264593686074,-24.453896188258454,0 32.0090695935869,-24.574472128785658,0 31.99843177570591,-24.68906787897936,0 32.015640902905375,-24.92446406926132,0 32.03032818539748,-25.06506962766116,0 32.03200493627884,-25.18253132026416,0 32.03068993589187,-25.208744941825557,0 32.03034009332072,-25.21111450433085,0 32.02861024466711,-25.24690062936054,0 32.02844240059636,-25.250639005885375,0 32.0149040262998,-25.383701381913227,0 32.01471712199765,-25.38563347100785,0 32.011585243764046,-25.391180128759913,0 32.00880881087795,-25.396206067356104,0 32.008555307281654,-25.39666488257825,0 31.99016762393677,-25.4299507250459,0 31.989270024991697,-25.4347782561116,0 31.989149338671098,-25.436226777943375,0 31.987837957156046,-25.435739555835767,0 31.98769717818226,-25.435686339353026,0 31.987235464445178,-25.435654435903473,0 31.986407812970242,-25.435596763279932,0 31.98529549639011,-25.435596703025396,0 31.98414021469921,-25.435773855978653,0 31.983251093663114,-25.43577332357995,0 31.981339905712105,-25.436885416228904,0 31.980227687158106,-25.437596635176533,0 31.979429026228615,-25.438174781440978,0 31.978494094626797,-25.438528869711547,0 31.97698340625925,-25.439063468104507,0 31.97604893061373,-25.43861863374292,0 31.974849336627642,-25.43790721334716,0 31.974381714344702,-25.437774575036542,0 31.97371634283502,-25.43684219661003,0 31.9722494361626,-25.435330160158742,0 31.97087049397817,-25.434262372610362,0 31.969092687177806,-25.43230873126288,0 31.968921008397842,-25.432118030023048,0 31.968291494656796,-25.43141715327897,0 31.967669777138553,-25.430796619268506,0 31.966737211653026,-25.430217013404388,0 31.96629296275006,-25.430172909751946,0 31.96562543466615,-25.429907108825944,0 31.965403901968557,-25.42968308860361,0 31.96529140127717,-25.429150378786915,0 31.9645363412792,-25.428263069884736,0 31.963958089794062,-25.427193732804483,0 31.963737103884284,-25.42630546612429,0 31.96333652965717,-25.424748870064263,0 31.963290562609416,-25.42408255516574,0 31.9632466244322,-25.423371230997475,0 31.96351390114569,-25.4221724688843,0 31.963691526242997,-25.421061387972657,0 31.963603401675698,-25.420527464071142,0 31.963336650166298,-25.420128493335255,0 31.963203030695354,-25.419637264747905,0 31.963202918280103,-25.41932765334849,0 31.963203248331297,-25.41915032772539,0 31.963202775287925,-25.41874868330507,0 31.963246931101025,-25.41834920984809,0 31.963339128697896,-25.417753218336316,0 31.96353696695752,-25.4168373082951,0 31.963865998317203,-25.41536916505487,0 31.964024967878004,-25.414659870656465,0 31.964780042265204,-25.413280750406273,0 31.965958779174343,-25.411592248983084,0 31.967336154739826,-25.41025913984737,0 31.96826287103471,-25.409272698676034,0 31.968758839948578,-25.408746400126233,0 31.969737186322163,-25.407456540287058,0 31.97035959182176,-25.406658808357292,0 31.971255744656958,-25.406001592799214,0 31.972049344201935,-25.4055022909979,0 31.972760652182387,-25.404789663711938,0 31.97373755964071,-25.404390730747593,0 31.974271416093018,-25.403725510324023,0 31.974915967398033,-25.402834576254634,0 31.975494181111628,-25.40181247966217,0 31.976071810265864,-25.400655752760713,0 31.976382627656164,-25.399723945403707,0 31.976916835743452,-25.397721293702716,0 31.977359018903655,-25.396324820134282,0 31.97749486959259,-25.395900326638696,0 31.977519187260725,-25.39525500371542,0 31.977538875218954,-25.394789484946727,0 31.977004591588695,-25.393854808752394,0 31.9762055349575,-25.39287784103948,0 31.97578975139595,-25.392605607262908,0 31.97440159026121,-25.391699073553355,0 31.974027280734447,-25.391454639619894,0 31.973021996967645,-25.391062918318994,0 31.97220381265589,-25.390742200292266,0 31.97055981238549,-25.39074293413904,0 31.9685587407933,-25.391677790197832,0 31.967269683149425,-25.392344352409907,0 31.966247062252194,-25.393097922231277,0 31.9643590606222,-25.394210881826666,0 31.962783405230027,-25.395327714802136,0 31.96178037606353,-25.3961228261075,0 31.9612461230102,-25.397234574316087,0 31.960757530335798,-25.397989386101244,0 31.960313512558628,-25.398389623082608,0 31.9594680311248,-25.398833184004218,0 31.9580455932296,-25.39887827511228,0 31.95680196304022,-25.398743449650453,0 31.956628622313133,-25.398651559621726,0 31.95573390659456,-25.398166420343955,0 31.954489932864135,-25.396698748348513,0 31.95385868163288,-25.39543690508907,0 31.953555450923375,-25.39483335567479,0 31.952844029628295,-25.393187512693487,0 31.952022183277165,-25.38958618475459,0 31.95162327909111,-25.388388529706845,0 31.951133339232285,-25.386697415753076,0 31.95060131020233,-25.38469660676293,0 31.950244060814782,-25.382386014602844,0 31.95044484165618,-25.38118623265848,0 31.951066124801855,-25.38042900889161,0 31.952312031175325,-25.379273466397308,0 31.95297761942163,-25.378475779433643,0 31.953419030064254,-25.377998202554977,0 31.953704182601996,-25.377878512683196,0 31.954850530427677,-25.377291072824733,0 31.955859558072177,-25.37686576274473,0 31.956702650906664,-25.376472902902094,0 31.95747706341581,-25.376137198572792,0 31.958163717381694,-25.375553624000474,0 31.958650093227277,-25.374872697816727,0 31.958945714772995,-25.374199493212018,0 31.959443556075314,-25.372927352715124,0 31.959823152716353,-25.371702887977847,0 31.96008637078944,-25.37052994809858,0 31.960242779081057,-25.369557300728786,0 31.96034577573704,-25.36888404396342,0 31.960357218710726,-25.36831567063166,0 31.960233246267364,-25.367884655252567,0 31.960010057018565,-25.367392573208633,0 31.95964193392814,-25.36690818216681,0 31.958878994969666,-25.366269247128002,0 31.95828954782445,-25.365708482960088,0 31.957412154847134,-25.3647682489555,0 31.95689524701811,-25.36420560520446,0 31.95661870728759,-25.364018745868407,0 31.95653187144876,-25.363954415563796,0 31.955646120172332,-25.36322769410276,0 31.955245150243513,-25.362382496854707,0 31.954577809218563,-25.362026857253625,0 31.953689234970284,-25.361314762366362,0 31.95214618629751,-25.36051116595752,0 31.951556716669188,-25.36020535869028,0 31.949956061922762,-25.359402525805876,0 31.94768862103308,-25.357981436893738,0 31.94744462057281,-25.357765280343358,0 31.946488869665643,-25.356915275319636,0 31.945687962229727,-25.355536625414913,0 31.945443370914916,-25.35464725706521,0 31.945310343197832,-25.353179885443296,0 31.94478774985481,-25.3518787472064,0 31.94370987640974,-25.350112824946848,0 31.94237668543576,-25.34860259343492,0 31.941842715668827,-25.34713593317673,0 31.941598177413994,-25.345889793878825,0 31.940930874160586,-25.34486768289719,0 31.93951012069556,-25.343357465774375,0 31.937863746214987,-25.341710888946295,0 31.9374172490069,-25.341291151065718,0 31.937372809907288,-25.341252170850964,0 31.936817744743166,-25.34065329521337,0 31.93595369680571,-25.33991143096773,0 31.93528034291353,-25.33915807068837,0 31.93477489964198,-25.3386030729734,0 31.93397377457012,-25.338120592091627,0 31.932665245704584,-25.33761902939466,0 31.932335279049937,-25.337517888939374,0 31.930996275757593,-25.337113623894595,0 31.92918802600667,-25.33670356092057,0 31.92813135317948,-25.336339265344748,0 31.927366451900298,-25.336076121915426,0 31.926113281702612,-25.33565843628776,0 31.924778090636437,-25.335311326756255,0 31.923778588611015,-25.33515687269147,0 31.922880218947,-25.33501569711666,0 31.921108214572484,-25.3347792455657,0 31.919618526274007,-25.33446265362852,0 31.918975705264643,-25.334308133013906,0 31.918766093980082,-25.33422049587915,0 31.91801600003845,-25.33402141475642,0 31.91685449503899,-25.334021242985955,0 31.91568100027797,-25.33401936340283,0 31.914916437143916,-25.33393793518752,0 31.914036917269982,-25.333842269804848,0 31.9103484836956,-25.33424248430316,0 31.91000878098049,-25.334307227396607,0 31.906791370925077,-25.33490957801456,0 31.904790120367807,-25.335931201563653,0 31.903949371166618,-25.3367445268384,0 31.90354662597605,-25.337133387395852,0 31.90196746502653,-25.33971282108979,0 31.901212375350894,-25.34144396476711,0 31.900590216265527,-25.343845795846732,0 31.900277810672492,-25.345486577443523,0 31.899635183916644,-25.348870123757138,0 31.899634891636993,-25.34953434233597,0 31.899234183410897,-25.352202917730438,0 31.898122180694145,-25.354114090392898,0 31.8974564962204,-25.355669997572306,0 31.896725903177924,-25.358005655636475,0 31.89667831015595,-25.358160716743612,0 31.896487780686584,-25.35845105926893,0 31.89592327983553,-25.359315023569422,0 31.89586643099102,-25.35940810609918,0 31.895375277047435,-25.360122432204435,0 31.89474012365781,-25.36113510030458,0 31.894417780556182,-25.361791199803974,0 31.894076296284084,-25.362483560867588,0 31.893574687721696,-25.36331890334469,0 31.893185558266964,-25.364039820581183,0 31.893025307172252,-25.364550946668828,0 31.892973842568836,-25.365254714733226,0 31.892838433447025,-25.365807840059745,0 31.89278308916829,-25.365971842226713,0 31.892542781324323,-25.36666609096727,0 31.89221658912436,-25.367602528034183,0 31.892083089263224,-25.368550399980904,0 31.892153687842494,-25.37007804416635,0 31.892186093113764,-25.37176214071019,0 31.89229481215591,-25.373518717215006,0 31.8922948409342,-25.37465730569005,0 31.892342531982308,-25.375443092824412,0 31.892693468129096,-25.376431024172405,0 31.892886153273423,-25.3772091652707,0 31.893086402615438,-25.378469869988464,0 31.893368716892837,-25.379133577752384,0 31.8937234949434,-25.379814467063966,0 31.89386465612904,-25.380529640330565,0 31.89387610719666,-25.381492797154806,0 31.89386084390287,-25.381996338360295,0 31.893671992568443,-25.38229765171519,0 31.893618589026687,-25.382381544072928,0 31.893134123341156,-25.38273440476894,0 31.892239527232448,-25.38306624381204,0 31.891032121735066,-25.38339049707372,0 31.889485187091736,-25.38371089314313,0 31.88783908870306,-25.38399124509982,0 31.886379902710416,-25.38413238290309,0 31.88517633911681,-25.384172419821255,0 31.883894530907924,-25.384084700848234,0 31.882696651928995,-25.383817671448355,0 31.882284686888852,-25.383644134669055,0 31.88135958937363,-25.383253184986472,0 31.88024181300932,-25.38269627801077,0 31.87932246575923,-25.382263321894754,0 31.878561370410978,-25.382017336630724,0 31.877992952113118,-25.381784608272994,0 31.877542838731074,-25.381544322012815,0 31.87713274607944,-25.381149560104063,0 31.876846619575872,-25.380792901571112,0 31.876596748341342,-25.38027982755193,0 31.87638693560865,-25.379801105836293,0 31.876146619670806,-25.37952267123427,0 31.876009277905894,-25.379322384120712,0 31.875992090962256,-25.379244198860647,0 31.875938717098165,-25.37901728102264,0 31.875919619994534,-25.378904728170596,0 31.875881462659436,-25.378714011642273,0 31.875854750096664,-25.378590060782642,0 31.87580705904861,-25.378408871672036,0 31.875725061562378,-25.378128474749246,0 31.875673560086796,-25.377981652331357,0 31.875547669389505,-25.377733711941232,0 31.87540077862309,-25.37749910310106,0 31.875334058819817,-25.377409452384256,0 31.87522343141626,-25.377262644355483,0 31.875099413107478,-25.37709285325252,0 31.87504027908568,-25.376986089336526,0 31.874948747886435,-25.37669998621533,0 31.874855277748907,-25.376400558738737,0 31.87476180671206,-25.375879906132695,0 31.874710312431034,-25.375700619088263,0 31.874569152144716,-25.37503500026503,0 31.874489055825336,-25.374638260747076,0 31.874311649263234,-25.3742969032794,0 31.874044618964035,-25.3739898297668,0 31.873781401790325,-25.373759055635844,0 31.873478118920104,-25.373497778299793,0 31.872873484024126,-25.373003808578858,0 31.872678933685904,-25.372773027253345,0 31.87246336888944,-25.372500252984253,0 31.87238328066394,-25.37226380862785,0 31.8723317791883,-25.372078763224295,0 31.872285968622577,-25.372029199787676,0 31.872163905439947,-25.371870890329262,0 31.872091433572848,-25.371752630379547,0 31.872095244899697,-25.3715772149165,0 31.87208949373519,-25.37133113972027,0 31.872013217735855,-25.371172859040144,0 31.871944558994244,-25.37106034395964,0 31.871790044674867,-25.370917280707886,0 31.871614592339597,-25.37076278887156,0 31.87158402887991,-25.370728496822608,0 31.871442904566436,-25.37067315344325,0 31.871294112633223,-25.37061024496677,0 31.871131998143255,-25.370490091044815,0 31.87096224391246,-25.370343208372333,0 31.87081724891698,-25.370207792055908,0 31.87063033742021,-25.37003043585588,0 31.870496837559074,-25.369912184000043,0 31.870311844316234,-25.369738603153962,0 31.870176374040454,-25.36960321741452,0 31.870092436716618,-25.369513580187515,0 31.870025695329616,-25.369435394927507,0 31.86984640019125,-25.369109232405094,0 31.869604153409,-25.368664825221458,0 31.869522155023503,-25.368542790817116,0 31.869459187191808,-25.368506588608113,0 31.869247464299065,-25.368447462680194,0 31.868972811346225,-25.368418839957428,0 31.868854521718845,-25.368416885730653,0 31.868776335559517,-25.368376872194858,0 31.868665716249836,-25.368287198095686,0 31.868610379165716,-25.368186134082805,0 31.868591311739692,-25.368106045857303,0 31.86855318498158,-25.367989718550632,0 31.86850359276667,-25.36790009031688,0 31.86843493312574,-25.36783142977663,0 31.868253675666665,-25.367730336086083,0 31.868095403080417,-25.367648292734486,0 31.867988594198323,-25.36751289890111,0 31.867917994719733,-25.367377481685367,0 31.86790083835308,-25.36727449312332,0 31.867906559839923,-25.367196306963933,0 31.86764524473233,-25.36686826485851,0 31.867399155146927,-25.366488713183514,0 31.867383936819294,-25.36646583443064,0 31.867046308840145,-25.366235060299744,0 31.866372999014743,-25.36603862228452,0 31.86569015727497,-25.3659509033115,0 31.865047341661523,-25.365968059678153,0 31.864379747027726,-25.366141603652068,0 31.863832344087484,-25.36635329686709,0 31.86332687113827,-25.36668897781402,0 31.86277752836031,-25.36726307982724,0 31.861900120094504,-25.368416967568976,0 31.861114234934064,-25.369412478403092,0 31.86052296756094,-25.370274571214452,0 31.860040396746967,-25.371231976874185,0 31.859702775962376,-25.372080702162634,0 31.85929457908162,-25.373148781990665,0 31.858905500888227,-25.373986056211493,0 31.858543091190768,-25.374989196893864,0 31.858356150016334,-25.3755060759446,0 31.85829703128303,-25.375664387201653,0 31.857988026026646,-25.376127868106607,0 31.857665653247352,-25.37642154262005,0 31.85704386827996,-25.376638995093515,0 31.856526966746173,-25.376787750154506,0 31.856048216252248,-25.376997554793263,0 31.855950903311566,-25.377087183926335,0 31.855632372436105,-25.37738851256978,0 31.855142185263674,-25.377968283909127,0 31.85451843797557,-25.378380308304543,0 31.854312436569728,-25.378519521558644,0 31.85385087212012,-25.37871591460771,0 31.85353421273379,-25.378851346212628,0 31.85268733825012,-25.379141261559937,0 31.852015931390156,-25.379236649951395,0 31.85147803068662,-25.379316745371455,0 31.851376936096756,-25.37933197808826,0 31.850764654265447,-25.379301452400057,0 31.85012759341373,-25.37914890130071,0 31.849835745423377,-25.37904016697007,0 31.849118556776034,-25.378794137639318,0 31.848962155678976,-25.378748401717303,0 31.848906841977225,-25.378733101551347,0 31.848016088671613,-25.378593888297246,0 31.847356071725358,-25.378319280310507,0 31.84659315614931,-25.377903495849637,0 31.84637186267139,-25.377785228705307,0 31.845456313258296,-25.37723020221199,0 31.844540778234375,-25.376677152428613,0 31.8436061542007,-25.37610880787514,0 31.842734437744184,-25.375443182756612,0 31.84229003056049,-25.375166605254606,0 31.84195810877975,-25.374960603848763,0 31.841172262290115,-25.374600133988963,0 31.840546649808118,-25.374354149624253,0 31.839781780005183,-25.3741691401936,0 31.838828057968556,-25.37384874412419,0 31.83784955601226,-25.37337572860696,0 31.83714762256477,-25.372994290154338,0 31.83623589976702,-25.372486952910492,0 31.835482457649334,-25.372109317690786,0 31.834822493763113,-25.3715886650848,0 31.83381727834478,-25.370961173919,0 31.832651872086274,-25.370467204198064,0 31.831162181989157,-25.369957980176594,0 31.83006543537158,-25.369635682041064,0 31.829134592987145,-25.369395373297777,0 31.829065934245534,-25.369378200743313,0 31.82848415472,-25.369299977711762,0 31.82753423141969,-25.369301887871757,0 31.826328749572212,-25.36911693060182,0 31.82550664061904,-25.36900443080981,0 31.824955402969522,-25.368863262429556,0 31.824657840686825,-25.368708808364772,0 31.824232464057047,-25.36840746533221,0 31.823929188381385,-25.368161419813646,0 31.82330927490318,-25.36800886781498,0 31.822799997821676,-25.367987906416715,0 31.821987400098465,-25.36802983730712,0 31.821562060340852,-25.36800501062271,0 31.820953590735655,-25.367759019063442,0 31.820585467645287,-25.367636917209893,0 31.820383279364876,-25.36757211476123,0 31.820007494050685,-25.367512996027926,0 31.81967752739604,-25.367533943037017,0 31.819170152380707,-25.3674805907566,0 31.819057592334048,-25.367465290590644,0 31.818197371011934,-25.36736421218859,0 31.817236034415487,-25.367076227685686,0 31.8164559004195,-25.36670624659598,0 31.815689097973518,-25.366017749919195,0 31.815652873281522,-25.365985307775702,0 31.81504249441565,-25.36524338417479,0 31.814350125258102,-25.364308826690944,0 31.813707311443295,-25.363206492585505,0 31.81353565514644,-25.362836444945913,0 31.813297653164227,-25.362240152161235,0 31.813189968342442,-25.361770993836274,0 31.813106427619573,-25.36140505699774,0 31.811949964219536,-25.360115760134192,0 31.811772869722233,-25.35949212526134,0 31.81146215035801,-25.35758280969884,0 31.81141793518958,-25.356871508912946,0 31.811234716309173,-25.35614271271595,0 31.81104062192719,-25.355360587620964,0 31.810685656817668,-25.354131164921284,0 31.810685777326796,-25.353525340222234,0 31.810685619046126,-25.353307671012146,0 31.810685402309502,-25.35267718420465,0 31.81068580700446,-25.352291198779767,0 31.81073352683086,-25.351254371292157,0 31.811011743796996,-25.350726230031455,0 31.811069088167926,-25.350584215389176,0 31.811154619989793,-25.350451883747382,0 31.81121787290658,-25.35033424612851,0 31.811261525998702,-25.350213042697703,0 31.811393431361807,-25.34988541338106,0 31.811912218773955,-25.349082497759014,0 31.81247837527684,-25.348422879212478,0 31.81290402889789,-25.346487082213002,0 31.813092558275002,-25.345683089203135,0 31.813233965874872,-25.345307820999096,0 31.813493402298718,-25.34497593698984,0 31.813493244018048,-25.344493530751777,0 31.81344345035501,-25.34438161461975,0 31.81330437109989,-25.344175590730856,0 31.81319171212789,-25.343932264762145,0 31.812974650859474,-25.34346769657691,0 31.812738086893262,-25.34308943363044,0 31.812737780224438,-25.342712443224627,0 31.812926841100875,-25.34200493128253,0 31.813256464214476,-25.341438257669438,0 31.81363444297523,-25.340824298602456,0 31.814578652882574,-25.339739167628466,0 31.8150039998348,-25.339219233580707,0 31.815097373744834,-25.338936200745025,0 31.815144966766866,-25.338700385914024,0 31.815145027021458,-25.338525404823542,0 31.815144997343793,-25.33818207694128,0 31.815145063893624,-25.337849983389958,0 31.815145214080417,-25.33752010576825,0 31.815051466052353,-25.33719057438543,0 31.814908425283647,-25.336482133443667,0 31.814862749616225,-25.335963891920017,0 31.814862651590147,-25.335443321152297,0 31.814862651590147,-25.33468938530683,0 31.8147673693187,-25.334169233623186,0 31.814572713759787,-25.33396605608857,0 31.814069180648232,-25.333439884343136,0 31.81274768086081,-25.333022976629024,0 31.812266711739426,-25.332838994224176,0 31.811587809030186,-25.33244969839484,0 31.81082874974703,-25.33221710403609,0 31.81039388437034,-25.332077874594177,0 31.810292841941134,-25.33200674361626,0 31.81010593763898,-25.33189512785782,0 31.809932214699984,-25.33179410791172,0 31.809766586558794,-25.331672449423934,0 31.809150344113164,-25.331538027757745,0 31.807883424180716,-25.330965716294713,0 31.80728081096072,-25.330749732414176,0 31.80709590675076,-25.330611154980772,0 31.806709030097693,-25.330408808419747,0 31.80621293437946,-25.330409556655695,0 31.805673086643708,-25.330470855345652,0 31.805098730122324,-25.330540683205925,0 31.804023086995926,-25.3305980563552,0 31.80391445968462,-25.330682151060387,0 31.803329205178727,-25.33071882541344,0 31.80271081335343,-25.330795355021564,0 31.80224784056543,-25.330843808694794,0 31.80146524422571,-25.33097810265724,0 31.801267255779294,-25.330947869248746,0 31.80112980969301,-25.330914475622535,0 31.80101327284433,-25.330884556976685,0 31.800855119867947,-25.330998106277548,0 31.80066227734227,-25.330940716940518,0 31.800557775221193,-25.331040306964553,0 31.80008254287509,-25.331073588175514,0 31.799669087658344,-25.331092482931695,0 31.799047056276663,-25.331122154263937,0 31.798095057341072,-25.331292028104542,0 31.79692043932687,-25.33161466258656,0 31.795976027072015,-25.332001838713836,0 31.793727121209713,-25.332511812769894,0 31.79296812218115,-25.332898389049376,0 31.79236529222453,-25.333131216332504,0 31.791438839430953,-25.333779969270097,0 31.791249808232124,-25.333919743701188,0 31.79072690102572,-25.33430552677862,0 31.78963987428085,-25.334715619430256,0 31.789048338010446,-25.334938791591924,0 31.788754587953918,-25.33496955739912,0 31.787471124093145,-25.335109213119665,0 31.78733752710525,-25.335086873060675,0 31.787162464176447,-25.33503294521421,0 31.78698483907914,-25.33503754344781,0 31.786735056877433,-25.335030135732154,0 31.786420248295883,-25.335064181366818,0 31.78615496268145,-25.335010431586113,0 31.786023687743068,-25.335014903015292,0 31.785905293794315,-25.334976043309723,0 31.785758343672683,-25.334970104186937,0 31.784199859935654,-25.33478495266337,0 31.783628214870248,-25.334661571074605,0 31.782809558414442,-25.33450594789116,0 31.78189599290579,-25.334198118947995,0 31.78119705599937,-25.333925144130035,0 31.78105055463942,-25.333907732355897,0 31.780293309288822,-25.333663618581113,0 31.779497905703863,-25.333392808431313,0 31.77884746833604,-25.333200167353823,0 31.77826953071434,-25.333158198691876,0 31.777939556865135,-25.333091494177097,0 31.777680143823602,-25.332919792914083,0 31.777193746394346,-25.332605156103,0 31.77666543156448,-25.332114997708914,0 31.776169500422156,-25.33137685575724,0 31.77582047443542,-25.330490011804557,0 31.77559924840665,-25.329694714339553,0 31.77546764971231,-25.328811680814397,0 31.775378028673117,-25.328228045987487,0 31.775364661150263,-25.328144146435193,0 31.775313189352232,-25.327793216583643,0 31.775322714971367,-25.32744035588769,0 31.775429560725684,-25.32665646362483,0 31.775610781312537,-25.325813490400208,0 31.775751934404298,-25.325071544316245,0 31.776030488616186,-25.324264794884357,0 31.77642152913029,-25.323305479064572,0 31.776671401264196,-25.32255782588294,0 31.77681065228984,-25.321758708097832,0 31.776946121666242,-25.320930998167,0 31.777087273858626,-25.320444622321418,0 31.777373370684586,-25.319792326954257,0 31.7776442491828,-25.319122919287224,0 31.777741532445816,-25.318424859219817,0 31.777718652793624,-25.317293932069276,0 31.777697623946267,-25.316178184575506,0 31.777720562054355,-25.315285588558993,0 31.777775838883883,-25.314682886306116,0 31.77788840702442,-25.314225215920942,0 31.777951337084573,-25.31372742677928,0 31.77789221925059,-25.313008352253632,0 31.777779680787717,-25.312449543211812,0 31.777817838122758,-25.312064306922196,0 31.77789221925059,-25.311736280105208,0 31.777901744869666,-25.311381509249202,0 31.777817838122758,-25.311032482363146,0 31.777670962644834,-25.310658712429586,0 31.777579432344965,-25.31018947856154,0 31.77748024701583,-25.308837310993056,0 31.777381023915154,-25.308219375123997,0 31.777178842829358,-25.30772159407627,0 31.776835530235587,-25.30718754337039,0 31.776371997169974,-25.306476182329902,0 31.776122154713732,-25.305951665337034,0 31.776022962189984,-25.305362337801625,0 31.776038218289216,-25.304824527030235,0 31.776137372142045,-25.304303874424193,0 31.77620033997374,-25.303804152639486,0 31.776228962696507,-25.303506650611382,0 31.776082088117903,-25.303146136684802,0 31.775584246815583,-25.30287532563574,0 31.77476024299085,-25.302648354737755,0 31.773924810581605,-25.302449993072685,0 31.772999713066383,-25.30234133518445,0 31.772314968361172,-25.30231838808311,0 31.771515753449307,-25.302486233053173,0 31.770832901817016,-25.30277613311199,0 31.77019199816226,-25.303218652618682,0 31.76956446203036,-25.30364587285868,0 31.769039936943614,-25.304088324916222,0 31.768164401066315,-25.30478446762902,0 31.76732896865701,-25.305364262350793,0 31.76680062504886,-25.30587157711153,0 31.76621696683958,-25.306493293730455,0 31.765761094199206,-25.306949136693277,0 31.765072500395604,-25.307618574937237,0 31.76455371927875,-25.30804199734024,0 31.76395477619201,-25.308425324369182,0 31.763256684648354,-25.30871524691105,0 31.762493716911536,-25.308951697562748,0 31.76195583869105,-25.309205404405816,0 31.761419841852273,-25.309600167213887,0 31.760733186987068,-25.310073181831854,0 31.760069388391628,-25.310403118808836,0 31.759558217337883,-25.310683477960083,0 31.758926838402942,-25.311040150882206,0 31.758112368291222,-25.3114635436076,0 31.757555356094883,-25.311774466218594,0 31.756752344245342,-25.312125402365382,0 31.75572424917482,-25.312586952425875,0 31.755132967412578,-25.312844447213422,0 31.754610306620407,-25.312968435844596,0 31.754223093620908,-25.31298752485435,0 31.75376721378592,-25.313153422792197,0 31.752538817212724,-25.313666496811322,0 31.75173581165842,-25.314032680963408,0 31.75097094185554,-25.314240545764505,0 31.750453996254976,-25.31442368280665,0 31.75013737464019,-25.31460866975425,0 31.749816933604677,-25.31494435789574,0 31.749494560825383,-25.315186546222094,0 31.749324806594586,-25.315289587844177,0 31.749294280906383,-25.315289587844177,0 31.74878499663032,-25.315768309559814,0 31.74869533781964,-25.315867465211284,0 31.748573244060026,-25.316025774669697,0 31.74852365184512,-25.316138276260403,0 31.74847405963021,-25.316262234314593,0 31.748401587763112,-25.3164891971187,0 31.74835771703505,-25.316658951349496,0 31.748332920927623,-25.31671041595291,0 31.74831193704631,-25.317086170690175,0 31.74827378780509,-25.317492435827205,0 31.74822227823563,-25.31779949405137,0 31.748187955609694,-25.318091273693256,0 31.748172686020723,-25.31854521458996,0 31.748147905201733,-25.319063966029148,0 31.748136430751742,-25.319199351768646,0 31.748124995871933,-25.319300416680846,0 31.748117372318916,-25.319515966188817,0 31.748132619424894,-25.319729546181577,0 31.748142153137906,-25.31987642076018,0 31.74812687455568,-25.32002331062722,0 31.74812309290644,-25.320238778296925,0 31.748124995871933,-25.32025980804366,0 31.748151686850917,-25.320486733076223,0 31.74817454312074,-25.32072322869402,0 31.74816121336937,-25.320925388196088,0 31.748159310403878,-25.321028400140506,0 31.748153588917035,-25.321139028443383,0 31.74813449810864,-25.321396493553266,0 31.748142122560978,-25.321646343204122,0 31.74814593478709,-25.321770294063754,0 31.748157370566275,-25.32189427460105,0 31.748166904279287,-25.32198580580024,0 31.74818025021841,-25.32209832088074,0 31.748193588063714,-25.322187950013813,0 31.748212685167346,-25.32235769705005,0 31.748245075150123,-25.32263999603896,0 31.74827559274445,-25.32288792024127,0 31.748290870427354,-25.323000465898758,0 31.748319462573193,-25.323317027258952,0 31.74832516967092,-25.323395227807453,0 31.748336620738485,-25.323530652217755,0 31.748346153552177,-25.32366609101723,0 31.748353778004514,-25.32374618733661,0 31.748399558892572,-25.324017028063338,0 31.74843009177539,-25.324196278235604,0 31.74847393192647,-25.324434684013397,0 31.74847393192647,-25.324535777703943,0 31.748479654312632,-25.32461396386327,0 31.748500622905453,-25.324760794375095,0 31.74849871364478,-25.324884811784614,0 31.748500622905453,-25.324999200152945,0 31.748485353316426,-25.32516704422369,0 31.74846624092436,-25.32538259373166,0 31.748454813239107,-25.325563761258536,0 31.748443370265363,-25.325641960907717,0 31.74843573142391,-25.32574304110841,0 31.748428091683138,-25.325901337077028,0 31.74841284367784,-25.326011950091356,0 31.748397558800377,-25.326099714030534,0 31.748370867821336,-25.32638194557029,0 31.74833462064629,-25.32669855999052,0 31.74834224509857,-25.326812999620188,0 31.7483536808777,-25.327219198207388,0 31.748355561360142,-25.32759684691689,0 31.74838228921135,-25.32769224969752,0 31.74840896490184,-25.327789450222895,0 31.74840515267573,-25.327951617772896,0 31.748418497715534,-25.3281995572637,0 31.748431874231642,-25.328302524242076,0 31.748443310010828,-25.328346358097917,0 31.74844899372613,-25.32839028098664,0 31.74846804586366,-25.328590530328654,0 31.748490962388075,-25.328794575709082,0 31.74854056179754,-25.329088311376438,0 31.748563434255118,-25.32917796299256,0 31.748645430842032,-25.32958418316349,0 31.748675963724793,-25.3296852777533,0 31.748717902709075,-25.329809198935322,0 31.748748405914228,-25.32989885684674,0 31.74877324698781,-25.329988478785197,0 31.74878846441618,-25.330057168103792,0 31.74880946358593,-25.330123932873164,0 31.74880565225908,-25.330181142345793,0 31.748836169853405,-25.33036043658484,0 31.748870498774522,-25.330553062373895,0 31.74889146916604,-25.33064268431241,0 31.748914339824978,-25.33076663517204,0 31.748950587000024,-25.331069902753768,0 31.748983030042837,-25.331272039772784,0 31.749009712927943,-25.33145322978271,0 31.74901733738028,-25.331519993652762,0 31.749028810031632,-25.331643945411713,0 31.749045923230824,-25.331746964550746,0 31.749059313236785,-25.331790790312652,0 31.749066936789745,-25.331859465242076,0 31.749059313236785,-25.331910945133984,0 31.74913368717,-25.33223521188546,0 31.749126009657687,-25.332286684582755,0 31.74913368717,-25.332355344223686,0 31.749147032209805,-25.332401072051766,0 31.74917560996647,-25.332536526139734,0 31.749202338716998,-25.332660476999365,0 31.749209962270015,-25.33268146178,0 31.749221406143022,-25.332715805989608,0 31.749269088197934,-25.3329179511025,0 31.749322499833568,-25.3330934340147,0 31.749389250213767,-25.333198294965314,0 31.74946746515144,-25.33333183979255,0 31.74950559190961,-25.333387101333642,0 31.74956093618829,-25.333522555421553,0 31.749616257983973,-25.333614072231626,0 31.74974021603822,-25.333825763648008,0 31.7498966252291,-25.334287343386166,0 31.750058717236072,-25.334819417382164,0 31.750600392394233,-25.335702464397173,0 31.751283242227885,-25.33692877903985,0 31.75132140675754,-25.336997424291667,0 31.752126306284083,-25.338403055656443,0 31.7526222149433,-25.33935856014938,0 31.752877777987123,-25.340174790234357,0 31.75292543126369,-25.34054483787395,0 31.752791931402555,-25.340878571788608,0 31.752770961910414,-25.340939607876578,0 31.752639311954738,-25.34133058813609,0 31.752721369695507,-25.34181691901557,0 31.752971219346364,-25.342551195681096,0 31.753303111449497,-25.343350321560024,0 31.753821906056146,-25.344281089300807,0 31.754119482728015,-25.34496768391142,0 31.754281620600352,-25.345824056135257,0 31.754285403148913,-25.345892070962236,0 31.754430435016616,-25.34758714013435,0 31.754338806690612,-25.34909515481752,0 31.75433871675841,-25.350100400812778,0 31.75461174463635,-25.35051279213161,0 31.75484018322794,-25.350696356351705,0 31.755343872821527,-25.351929560700626,0 31.755390058404544,-25.352755151828774,0 31.755664187052616,-25.354033620854864,0 31.755847308806324,-25.355635368277603,0 31.756007693900017,-25.35691735725021,0 31.755915840743512,-25.357128449718118,0 31.755725431783276,-25.35757344865567,0 31.755595527411685,-25.357876275569595,0 31.755274997343292,-25.358837170598918,0 31.755183435567176,-25.360208339043595,0 31.755092182258466,-25.361168807794172,0 31.755504400907455,-25.362312399197833,0 31.756145274884602,-25.363455525651943,0 31.756555277604036,-25.364780935691556,0 31.75679165361197,-25.3650987327203,0 31.756761405814302,-25.36606285721507,0 31.756898215180513,-25.36674695800565,0 31.75689832759582,-25.36747844227625,0 31.756761249332214,-25.368073288951052,0 31.756396967246303,-25.368987153034652,0 31.756396780187288,-25.369812826900386,0 31.756440837974367,-25.370999840270372,0 31.75655914918542,-25.372488181384426,0 31.756578215712125,-25.372738524763065,0 31.75664634385373,-25.37575521423173,0 31.75664634385373,-25.377491853666072,0 31.75687546413144,-25.37968811861174,0 31.756875306750032,-25.381106167815346,0 31.756738181721744,-25.382706275773955,0 31.756718965008304,-25.38352849714238,0 31.756692588791964,-25.384671923070755,0 31.75633949607095,-25.38555599711151,0 31.75623640228821,-25.385817011845575,0 31.755824400375843,-25.386089305876737,0 31.754954496053188,-25.386730435261313,0 31.754552431649472,-25.38694158888319,0 31.75399570363885,-25.387234686931208,0 31.753354462738343,-25.387370478264927,0 31.752074466663373,-25.3871887936279,0 31.750657436391634,-25.38668419841696,0 31.7498794373862,-25.38622563680366,0 31.748860590943593,-25.38514207784459,0 31.748637620230056,-25.384877414561004,0 31.74788408818017,-25.38398457213026,0 31.745282621096123,-25.381798985734576,0 31.744218527063424,-25.38128535773302,0 31.743936024827747,-25.381149356857293,0 31.742898681129304,-25.37971224922086,0 31.74182290310455,-25.37822312839461,0 31.740708872416576,-25.377108497858842,0 31.739501624300544,-25.3768758432455,0 31.737317430954704,-25.377107906104925,0 31.73676074880956,-25.377154135754722,0 31.73652021613509,-25.377224667784162,0 31.73471606189679,-25.3777582760236,0 31.733508588950258,-25.377898073837002,0 31.732161707596788,-25.378083112945262,0 31.73173308801165,-25.37824170119353,0 31.72965386893094,-25.379013589305657,0 31.728538214067385,-25.37933718336427,0 31.72726196816535,-25.379291918687045,0 31.72590604772597,-25.378997218047118,0 31.725543308876638,-25.378919092142326,0 31.724103594105657,-25.378547807934922,0 31.723035312829495,-25.378500964048214,0 31.721688686883454,-25.378362761632104,0 31.720676925299927,-25.37841098328022,0 31.720185479975953,-25.37843443220322,0 31.71992815605961,-25.37844743999733,0 31.719783370606137,-25.37845701058251,0 31.7173688078243,-25.378595057415907,0 31.716886342230964,-25.378635183366953,0 31.715888000331006,-25.37872091663695,0 31.715741402743618,-25.378733514340183,0 31.714789590866985,-25.378734577338832,0 31.713769089671814,-25.378640387743644,0 31.712932182374345,-25.37873437499138,0 31.712588465085673,-25.37879887077122,0 31.71144649965629,-25.37901371611008,0 31.70968215031104,-25.379803031284837,0 31.709395873620736,-25.379943135767064,0 31.70865984417651,-25.380314696965627,0 31.7079159654495,-25.38087065335793,0 31.706801806158467,-25.381983763140113,0 31.70654831695134,-25.382167103429026,0 31.70494424837841,-25.38333195480584,0 31.70303311978273,-25.38471646829032,0 31.702504423640278,-25.38509766842259,0 31.70097137363007,-25.385421943268,0 31.700463968937072,-25.385564279867594,0 31.699811232002787,-25.385747588680204,0 31.69841721538222,-25.386538228556333,0 31.697348994360652,-25.387000505269043,0 31.696744463786047,-25.3875112500441,0 31.696466118216847,-25.38769804103174,0 31.695968435195198,-25.38786343714787,0 31.695908754385584,-25.387883230326793,0 31.695386402060876,-25.38831577365397,0 31.695119342084013,-25.3885333907034,0 31.69391168297784,-25.38909024641771,0 31.691914932628094,-25.390113218050544,0 31.690781587200547,-25.390332534818583,0 31.690707557707697,-25.390346853824212,0 31.690323370027556,-25.390537119792214,0 31.689591999071524,-25.3909035287748,0 31.688802250423578,-25.39159851226151,0 31.688152104436142,-25.391833225422943,0 31.687966435802423,-25.391970522221754,0 31.687594874603803,-25.391971285746195,0 31.68722297705881,-25.392016999185103,0 31.686239059385116,-25.392286477438915,0 31.686087841081076,-25.392323277697074,0 31.685369057935702,-25.392503105234084,0 31.684352713407065,-25.393083901800594,0 31.68386210625124,-25.393633650172774,0 31.68377274691477,-25.393736901336865,0 31.683263118198397,-25.39446258857754,0 31.681739031730956,-25.396058434648978,0 31.680881267356654,-25.396918326819275,0 31.680577526731497,-25.397220823682005,0 31.67890865481064,-25.39910665344928,0 31.678619091098255,-25.400341790441246,0 31.67803878106497,-25.40114065281881,0 31.6778944003064,-25.40237298212736,0 31.677529682948546,-25.403679250097298,0 31.675425968133993,-25.40614780907407,0 31.67353974896031,-25.40738029486465,0 31.67240862036158,-25.408092389751914,0 31.671578961599835,-25.40861429331494,0 31.669982187428047,-25.409776149949323,0 31.669110807317963,-25.41130079129846,0 31.667514061924464,-25.412823873223147,0 31.665555304333907,-25.4136224001536,0 31.664918338810367,-25.413745841097636,0 31.66385054496675,-25.4145803750842,0 31.663703655099653,-25.414652793891264,0 31.66353196912513,-25.414750090644134,0 31.663398469263996,-25.414824450188178,0 31.66325349585219,-25.41491031206118,0 31.663032248239688,-25.415049525315283,0 31.662702242914236,-25.415249797140405,0 31.66241802657072,-25.415446250444063,0 31.662215838290365,-25.41560069641497,0 31.662038467701166,-25.415743766861283,0 31.661836248843883,-25.41591158125442,0 31.661716086827994,-25.416026028978024,0 31.661462403367295,-25.416279666573303,0 31.66131552788937,-25.416439858312742,0 31.661176276863728,-25.41658293595367,0 31.661056093264165,-25.41673360836927,0 31.660949277187456,-25.41691666177445,0 31.660892030842604,-25.41704444824262,0 31.660815746749392,-25.41725045594376,0 31.66075277981696,-25.417469779906355,0 31.660714653058847,-25.417658594368618,0 31.660714653058847,-25.417780635068198,0 31.66070890099502,-25.417900788990153,0 31.66068984166293,-25.41806097983033,0 31.660657406713995,-25.41821740341038,0 31.660632603411955,-25.418326121553207,0 31.660619250278216,-25.418394781194138,0 31.66059443078842,-25.418476778680372,0 31.660569649969432,-25.418516837182267,0 31.660550590637285,-25.418562618070325,0 31.660512434201507,-25.41861408267374,0 31.66047427686641,-25.418642712591065,0 31.660430407037722,-25.418688449412343,0 31.660397993672518,-25.41879716665585,0 31.660392249702625,-25.418913523640185,0 31.660373154397632,-25.419108044300742,0 31.660348371780003,-25.419293060925952,0 31.660329312447857,-25.41943607201705,0 31.660310215344225,-25.4195696240389,0 31.660304463280397,-25.419684010608535,0 31.660296839727437,-25.419809895010587,0 31.660272058009127,-25.419966258336103,0 31.66023390157335,-25.42013220034073,0 31.66020336869059,-25.42031721696594,0 31.66017666961767,-25.42048313738684,0 31.660151874409507,-25.420628087416276,0 31.660132806983484,-25.42078254058174,0 31.66011371797373,-25.420942761099525,0 31.66010800278218,-25.42110490616642,0 31.660094651447082,-25.421265112295032,0 31.66007556063869,-25.421438640081135,0 31.660045058332855,-25.421633212902407,0 31.66001262338392,-25.421760997571937,0 31.659949685229833,-25.42197838979081,0 31.6598982062373,-25.42216915128523,0 31.659879078556685,-25.42234648410289,0 31.65984858344541,-25.422548687671735,0 31.659791337100557,-25.42278516890036,0 31.659728398946527,-25.42304263490962,0 31.659652122947193,-25.423302010179555,0 31.659570087689474,-25.42354428124355,0 31.65950718820625,-25.423761665368545,0 31.659461363251353,-25.423952433158206,0 31.659449933767462,-25.424106887223047,0 31.659430889723808,-25.424234687181013,0 31.659411762942568,-25.42437769827211,0 31.659367937180605,-25.424562744574985,0 31.659278308047533,-25.42479729405983,0 31.659190559396848,-25.42502812125076,0 31.65912187007831,-25.425184484576278,0 31.659100899686848,-25.425234076791185,0 31.659018903099934,-25.42543628125935,0 31.65895593526824,-25.42555642798669,0 31.65886627555824,-25.425758593784053,0 31.658778556585162,-25.425953152216152,0 31.658696530320697,-25.42614387503977,0 31.65862024622743,-25.426326914955098,0 31.6585496854197,-25.426494774314335,0 31.658486716688685,-25.426654978644308,0 31.658391374162647,-25.42683426029282,0 31.658271220240692,-25.427051719061524,0 31.65813196921505,-25.427282462615494,0 31.658025121662092,-25.427499899800466,0 31.65796221498431,-25.42767342129133,0 31.657899268736287,-25.42783363371518,0 31.65783440693241,-25.42798429084229,0 31.657733274571,-25.428236086626043,0 31.657683682356094,-25.428352414832034,0 31.657632217752678,-25.42844969719573,0 31.65758257967235,-25.428581265313085,0 31.657536836555835,-25.428709073364985,0 31.657481530947962,-25.42882922728694,0 31.65743003576756,-25.4289436822051,0 31.657367091318235,-25.429082902653818,0 31.657277431608236,-25.42925454366224,0 31.657183954276093,-25.42943956118677,0 31.657088588367685,-25.429599780805177,0 31.6570065612039,-25.429731371405637,0 31.656918842230823,-25.429849623261475,0 31.656810124087997,-25.42999074577625,0 31.6566956538814,-25.430145199841036,0 31.656569747895617,-25.4303188112641,0 31.65647440536958,-25.4304904154003,0 31.656379009783507,-25.430646830886474,0 31.65632183808242,-25.430761264220905,0 31.656264591737568,-25.430864268071446,0 31.656176843086882,-25.430980571995747,0 31.656113904932795,-25.431066433868807,0 31.655999434726198,-25.431215218607406,0 31.655885024774136,-25.431371619704464,0 31.65579728421733,-25.431514653278555,0 31.655688549886747,-25.431657670664947,0 31.655530246723572,-25.43182547786347,0 31.655328059342537,-25.432025764977027,0 31.655062931109455,-25.432233668448987,0 31.65479587203191,-25.432422482011873,0 31.654561247903303,-25.432584574018847,0 31.654347652622107,-25.43272191578376,0 31.654118742785784,-25.432859250354056,0 31.653878434941873,-25.433002261445154,0 31.653605654377486,-25.43317010461658,0 31.653294747054986,-25.43335894785713,0 31.652947592557382,-25.433538227707004,0 31.652587122697582,-25.433686982767995,0 31.65225711827145,-25.4338185733684,0 31.65207399561848,-25.433881555589267,0 31.65181459067088,-25.433973078694578,0 31.65156662240173,-25.434060842633755,0 31.651488436242403,-25.434085601869015,0 31.65128243483656,-25.434152373832944,0 31.65094674669507,-25.434266791878883,0 31.650572870641497,-25.43438694580084,0 31.6502371528224,-25.434495663943665,0 31.649882405348762,-25.434604390180425,0 31.64956002357627,-25.434709312284895,0 31.649172841153757,-25.434806586554657,0 31.648686434731246,-25.43492101179521,0 31.64830877792781,-25.435003009281388,0 31.648184811779686,-25.435029729938037,0 31.647940654837384,-25.435090757932073,0 31.647818590755435,-25.435121261137226,0 31.64749624765375,-25.435218558789416,0 31.64713383795629,-25.435321511378618,0 31.64668560415737,-25.435447430854197,0 31.646222123252414,-25.435603840045133,0 31.645867337107973,-25.435746858330788,0 31.645626998687078,-25.435826976233898,0 31.64470381043253,-25.436084463826887,0 31.64434140073513,-25.43621794839953,0 31.644051499776936,-25.436343854385314,0 31.643759651786525,-25.43644682136369,0 31.64341061770591,-25.43656129786558,0 31.64302529957797,-25.43671006012113,0 31.642683905238073,-25.436849312046093,0 31.642397777835242,-25.4369522628366,0 31.642100215552546,-25.437055229814973,0 31.641808406232997,-25.437158278631614,0 31.641510843051037,-25.43726699767376,0 31.641201838693974,-25.437389047366594,0 31.64089662318065,-25.437497779898592,0 31.640579994371308,-25.437612167367604,0 31.640270997208802,-25.437726651963374,0 31.640211871280883,-25.437753372620023,0 31.639973434926105,-25.437858227275342,0 31.639757899807307,-25.437951683023698,0 31.639422218860375,-25.438083309597005,0 31.639048343706122,-25.438214900197465,0 31.638693551266442,-25.438346481804672,0 31.638491362086768,-25.43842657812405,0 31.638281555649314,-25.43848956124424,0 31.63799730962819,-25.43856582105576,0 31.6375605116084,-25.438668841094113,0 31.637186682319566,-25.438748935614854,0 31.63698450033445,-25.438817579967292,0 31.63685668508799,-25.438857601596965,0 31.636641149969137,-25.438932027690896,0 31.636217682600034,-25.439040745833722,0 31.635679811574107,-25.439166651819505,0 31.63529834344382,-25.439246747239565,0 31.635084680713476,-25.439298248715147,0 31.634888213919965,-25.439355435704726,0 31.63455826165449,-25.439424072862607,0 31.634228250033743,-25.439487063177353,0 31.63368462064875,-25.439590014867235,0 31.633209718353896,-25.439698748298554,0 31.632868247571594,-25.439792166275424,0 31.632770966107273,-25.439822699158185,0 31.63263365401997,-25.4398665923693,0 31.632355181646346,-25.439946716567647,0 31.63197368293919,-25.440043962958498,0 31.63149302858045,-25.440169823078804,0 31.631023810900217,-25.44030713516611,0 31.6307644050533,-25.440398666365297,0 31.630548841156156,-25.440484528238358,0 31.630289436208557,-25.440577983087394,0 31.62994799510392,-25.44068099503187,0 31.629543655415432,-25.440778233328786,0 31.629207935797638,-25.440835449096653,0 31.62893515523325,-25.440881244373884,0 31.628700560782306,-25.440915543617393,0 31.628465936653697,-25.44094416723948,0 31.628296197711393,-25.440967045992352,0 31.627971930959916,-25.441012842168902,0 31.62769915039553,-25.44105865183525,0 31.627472186692103,-25.44112156031173,0 31.627262389247903,-25.441178768885038,0 31.62703536708858,-25.441241714233684,0 31.626421212868706,-25.441379055998596,0 31.626257151346522,-25.441403822428413,0 31.62611602703305,-25.441424791021234,0 31.625932934957007,-25.441453413744,0 31.625793654253812,-25.441476262819208,0 31.625641058188364,-25.44149921711511,0 31.625400749445078,-25.441556433782353,0 31.625078406343448,-25.44164796498154,0 31.62476174695712,-25.441722322726946,0 31.624546212737584,-25.44176238212816,0 31.624401247419712,-25.441785276169526,0 31.624300175312896,-25.44177956187724,0 31.624254401619396,-25.44176238212816,0 31.62413424769744,-25.441739525858395,0 31.62394540535621,-25.44168803067805,0 31.623760380637123,-25.44160599631965,0 31.623558184262833,-25.441531607097943,0 31.62333118368724,-25.44147438413546,0 31.622995494646432,-25.441403822428413,0 31.622589222314787,-25.441346605761225,0 31.622171498915577,-25.441283667607138,0 31.621702281235343,-25.441201685409396,0 31.621221560326774,-25.44107388455211,0 31.620809588092072,-25.44091943138659,0 31.62042427715869,-25.440751587315845,0 31.620012312118547,-25.440589463832623,0 31.61958118342494,-25.440429228925723,0 31.619157776310374,-25.440255684951865,0 31.618707625156844,-25.44008215716576,0 31.61828418656603,-25.439916215161134,0 31.61808199019174,-25.439811293056664,0 31.61785308844935,-25.439651073438256,0 31.617675717860152,-25.43950041631109,0 31.61746015306369,-25.439332571341026,0 31.617219837125845,-25.439120886219882,0 31.61693562078233,-25.438884389702764,0 31.616750619445554,-25.438670803414823,0 31.616643772791917,-25.43850485331626,0 31.616504558638496,-25.438291281417435,0 31.616258485240962,-25.437957448577322,0 31.61587703060053,-25.437623738045033,0 31.615497433959433,-25.437352866741378,0 31.615199871676793,-25.437156467397017,0 31.61505490725824,-25.43698285597395,0 31.614928993178523,-25.436851266272868,0 31.61482031190792,-25.436660573126915,0 31.61465625038568,-25.436443135941943,0 31.614522743329985,-25.4361608738252,0 31.614440708072266,-25.43598729297912,0 31.614301464241237,-25.435733655383842,0 31.61421946675506,-25.435493339445998,0 31.614148875370347,-25.4352511511197,0 31.614074463665645,-25.434951664287837,0 31.61388946322819,-25.434606494593993,0 31.613630064575887,-25.434204033589253,0 31.613397343412714,-25.43376535598634,0 31.613301999987357,-25.433305731374332,0 31.613292466274345,-25.433261904713106,0 31.61323143108575,-25.432994853729497,0 31.613105525099968,-25.432603904046914,0 31.613055924791126,-25.432436059076792,0 31.61302921942297,-25.432235809734777,0 31.613010122319338,-25.431993539570158,0 31.612979619114185,-25.431751321566196,0 31.61292240334626,-25.431520577112906,0 31.61287852542364,-25.431285982661905,0 31.612865186679073,-25.431043756564065,0 31.612865186679073,-25.430849244896706,0 31.612909050212522,-25.43055551012867,0 31.61290334401417,-25.430256076356784,0 31.612872832715084,-25.42998524192535,0 31.612840405860084,-25.42972013797396,0 31.612846149829977,-25.42949699369126,0 31.612872871385946,-25.429294812605463,0 31.61289193791265,-25.42908696219348,0 31.612897666594108,-25.428829459312055,0 31.612916749308567,-25.42851858886172,0 31.6129739947541,-25.42819622327704,0 31.61303312068202,-25.427961681886075,0 31.613056014723327,-25.42787393323539,0 31.613118997843515,-25.427597354834006,0 31.613164748154645,-25.427334182626396,0 31.613189559550563,-25.4270919115624,0 31.613214341268872,-25.426838310839344,0 31.613252527382258,-25.426584604895538,0 31.613284931754265,-25.426418715051625,0 31.61336124642446,-25.42614782216424,0 31.61344328078286,-25.425913279873896,0 31.61353103033281,-25.425688196652914,0 31.613620702633398,-25.425445978648952,0 31.613702716307387,-25.425194250314348,0 31.61382289990695,-25.42492343207067,0 31.613981248036225,-25.424612508560358,0 31.614128092937165,-25.424330248242313,0 31.614234901819316,-25.42407851810907,0 31.6143112452678,-25.423819121255406,0 31.614374183421887,-25.42353682136718,0 31.614385619201016,-25.4234986649314,0 31.61443140728369,-25.4233365423475,0 31.614482900665394,-25.423191643579457,0 31.61454586939641,-25.423111526575667,0 31.614597370872048,-25.423060008912216,0 31.614652707956168,-25.42296844803542,0 31.614685089845068,-25.42282922668744,0 31.614698466361176,-25.42270907276543,0 31.6147061195918,-25.42255266537319,0 31.61470993091865,-25.4224897272191,0 31.61475571180671,-25.422278049292515,0 31.61478624468947,-25.422127400259285,0 31.6148319950006,-25.42204727426224,0 31.614849182843557,-25.422030101707776,0 31.61486825026958,-25.421990057595053,0 31.614914059935984,-25.421864166897763,0 31.61496365305021,-25.42171348099231,0 31.61502659030492,-25.421610529302427,0 31.615078084586003,-25.42155329015219,0 31.61511624911566,-25.421524667429424,0 31.61516009825999,-25.421473165054465,0 31.615236403037613,-25.421381656338326,0 31.61531842300684,-25.421236669436723,0 31.61546530567938,-25.420794215580543,0 31.615533994997918,-25.420511961557736,0 31.615572152333016,-25.420223962665716,0 31.615615985289537,-25.42002938264983,0 31.615648465204572,-25.419770008279215,0 31.615686591962685,-25.419522075982968,0 31.61574380773061,-25.419287527397444,0 31.61580674588464,-25.419085322929277,0 31.61588878114236,-25.4189194034077,0 31.61596505714175,-25.418757258340747,0 31.61605471505311,-25.418585602043834,0 31.616193966978017,-25.418383465024874,0 31.61631987206448,-25.418166043128338,0 31.616491529260713,-25.41797534278777,0 31.616630749709373,-25.417792205745627,0 31.616651778556786,-25.41774835660135,0 31.616745211822092,-25.41755574700005,0 31.616846307311278,-25.41723338860993,0 31.61697221239774,-25.416901542372216,0 31.617092374413573,-25.416579244236686,0 31.617220181566154,-25.416325544588176,0 31.61730793111616,-25.416100528816287,0 31.617351779361172,-25.41592882755333,0 31.617397589926895,-25.415675212441045,0 31.617454776017155,-25.415434903697815,0 31.617498683617384,-25.415192656016245,0 31.617555869707644,-25.414939002233098,0 31.617605454727993,-25.4146700707671,0 31.617670348008232,-25.414399275006474,0 31.617727556581542,-25.414111276114454,0 31.61776378127354,-25.413840457870776,0 31.61782865027203,-25.413546693425133,0 31.61789158932544,-25.413254935366922,0 31.61792406204586,-25.41296692208573,0 31.61794881318724,-25.412707545916476,0 31.617954557157134,-25.412465343201006,0 31.617962158227044,-25.412265093858935,0 31.617986999300626,-25.412080077233725,0 31.618038463904043,-25.41188933912167,0 31.618093808182778,-25.41170624704563,0 31.618164369889826,-25.41161467088034,0 31.618227308043856,-25.411477374980848,0 31.618303620915412,-25.41130955968839,0 31.618442871941056,-25.411086379432845,0 31.61863358667074,-25.41078694476164,0 31.618830063356768,-25.410464654719988,0 31.618931149852756,-25.410170919052632,0 31.61896931438241,-25.409907746845022,0 31.618975027775377,-25.40964837157503,0 31.618988403392166,-25.409417590249518,0 31.618999847265172,-25.409217340008183,0 31.619051340646877,-25.409049495937438,0 31.61910093376116,-25.40888927631903,0 31.619184841407332,-25.408715701768188,0 31.619285964775486,-25.408509746227764,0 31.619362248868754,-25.40827894871444,0 31.61941946463662,-25.408042460291256,0 31.61946905685153,-25.40777355130831,0 31.61950149989434,-25.40757135493402,0 31.619608308776492,-25.407043041003476,0 31.61965408876523,-25.406840888696024,0 31.619671246031203,-25.406732170553198,0 31.619671246031203,-25.406621572827305,0 31.6196655623159,-25.406495666841522,0 31.61969030626267,-25.40634121277668,0 31.61976090484194,-25.406161932926807,0 31.619856277944905,-25.40597311936392,0 31.619919216098992,-25.405828138757556,0 31.61993259081646,-25.405679383696565,0 31.61996312369928,-25.405511592685798,0 31.61992496816282,-25.405339884228226,0 31.61993259081646,-25.405202625200957,0 31.61995737343409,-25.40509195193198,0 31.61997074815156,-25.405006150313568,0 31.61996312369928,-25.404920295635065,0 31.61995737343409,-25.404851635994135,0 31.61996312369928,-25.404729571912185,0 31.619900155867526,-25.404609433278665,0 31.61987536785398,-25.404487398874323,0 31.61987536785398,-25.404390123705184,0 31.61985055555874,-25.404315712899802,0 31.61983152680358,-25.40423560309057,0 31.6197628446796,-25.40412883917452,0 31.619717056596926,-25.404044886562247,0 31.61964074372537,-25.40396479204145,0 31.619591150611143,-25.40389610182359,0 31.619545393105454,-25.403796947071385,0 31.6194519373571,-25.403728280235896,0 31.61937565416315,-25.40364249390592,0 31.619312686331455,-25.403579555751833,0 31.619236403137563,-25.403508994044785,0 31.619154367879844,-25.403417388201888,0 31.61908377559581,-25.40333729278177,0 31.619039936344052,-25.403266731074723,0 31.61898273406598,-25.403232430931894,0 31.61890068441909,-25.40316377938484,0 31.61879389082543,-25.403083676770223,0 31.61871949530854,-25.40304171620221,0 31.618646992864456,-25.403003558867113,0 31.6185268389425,-25.40292726128405,0 31.618439128063358,-25.402870043717485,0 31.618395212369194,-25.402852901740005,0 31.618318905792933,-25.40282427901724,0 31.61822355607228,-25.402778482840688,0 31.618141557686783,-25.402730792691898,0 31.618103402150325,-25.40269076386761,0 31.618078574566596,-25.402650698171158,0 31.618059492751456,-25.4026335552943,0 31.617958435933133,-25.402576338627057,0 31.61778677963622,-25.40250766459701,0 31.617590312842708,-25.402437118178398,0 31.617431987196483,-25.402397058777183,0 31.617273646261822,-25.402328384747136,0 31.617084839893494,-25.40228260385902,0 31.616926498958833,-25.40224063609645,0 31.616787277610797,-25.402194900174436,0 31.616628967253064,-25.40213768440657,0 31.61614640363365,-25.40199846305859,0 31.6158679006831,-25.401889744016444,0 31.615646653070655,-25.401813415856395,0 31.615444463890924,-25.4017447643094,0 31.615236561318284,-25.40165896179161,0 31.615064904122107,-25.401565483560148,0 31.614818837019754,-25.401479681941737,0 31.614526997123278,-25.40141669882155,0 31.61427902705549,-25.401357580987508,0 31.614147437354404,-25.40132325926095,0 31.614032996825415,-25.401311837870992,0 31.613981495349776,-25.40130607141799,0 31.613823155314435,-25.401288966312677,0 31.61358283937659,-25.40126034269059,0 31.61332343442899,-25.401229840384758,0 31.61315368739281,-25.401206915766522,0 31.613088810300383,-25.401206915766522,0 31.612949558375476,-25.401195480886713,0 31.612684468813256,-25.401184045107527,0 31.612299149785997,-25.401166850070013,0 31.611936719404127,-25.40115927867771,0 31.61177271633784,-25.401142090834753,0 31.61174790494192,-25.401142090834753,0 31.611639217376023,-25.401136354958794,0 31.611387412599072,-25.401153512224766,0 31.611063152142833,-25.401142090834753,0 31.610740809041147,-25.40114776016094,0 31.610500463425694,-25.40115927867771,0 31.61039367702665,-25.401153512224766,0 31.610279214913874,-25.40115927867771,0 31.61015330892809,-25.401168812390722,0 31.610000712862643,-25.401185916596717,0 31.609804274847477,-25.401203118828846,0 31.60957537310503,-25.401237418971675,0 31.609361717569243,-25.40127747837289,0 31.60915765690038,-25.401294673410405,0 31.608936401194,-25.40132325926095,0 31.60873993260185,-25.401340467788316,0 31.60851868409003,-25.401363324957458,0 31.6082974059006,-25.401386195616396,0 31.60810093101321,-25.401397685354823,0 31.60794261975616,-25.401414820137802,0 31.60770799562755,-25.401432014275997,0 31.60768512496861,-25.401433886664506,0 31.607372293096887,-25.40146062171027,0 31.607049964384373,-25.401500681111486,0 31.606727590705816,-25.401546432321936,0 31.606544498629773,-25.40157503975621,0 31.606265996578543,-25.401620827838883,0 31.605998968077984,-25.401666652793722,0 31.60566324935951,-25.40172192242875,0 31.60528940388292,-25.40178490464956,0 31.604928873768586,-25.401853512129833,0 31.604555058868925,-25.401922163676886,0 31.60415065083191,-25.401996582576203,0 31.603795872781347,-25.402059506341118,0 31.603549842551217,-25.402111015011315,0 31.60314356302507,-25.40219110323676,0 31.602903247087227,-25.40223116983259,0 31.60259993364008,-25.402286498822832,0 31.602390120907387,-25.40232274509856,0 31.602182218334747,-25.40236281169433,0 31.601972404702792,-25.402397103743283,0 31.601737780574183,-25.402437170339113,0 31.601592837739304,-25.402460034702813,0 31.601327680727934,-25.402517257665238,0 31.600997714073287,-25.40257452739246,0 31.60062383891909,-25.402620262415155,0 31.600230934110357,-25.402666043303213,0 31.599858968216836,-25.40270610180511,0 31.599496559418753,-25.402734725427194,0 31.599149434598758,-25.402751905176217,0 31.598813700591847,-25.402772904346023,0 31.598458968406703,-25.40278432483666,0 31.598186186942996,-25.402801497391124,0 31.597896249112637,-25.402824360855504,0 31.597720728428953,-25.40283203027394,0 31.59754722222658,-25.40284155589302,0 31.597154249968696,-25.40286442025672,0 31.596812840340363,-25.40290447875867,0 31.59650196269547,-25.402925448250812,0 31.596154808197866,-25.40295407097358,0 31.59576185842309,-25.402988400794015,0 31.59549674727714,-25.40301697855068,0 31.595141968327255,-25.403062811599455,0 31.594869187762868,-25.403108593386833,0 31.59467275784158,-25.403125697592827,0 31.594476274860256,-25.403137133371956,0 31.594249275183927,-25.403154321214913,0 31.593957464965115,-25.403194386911366,0 31.59367324772228,-25.403263046552297,0 31.593452000109778,-25.403255385227794,0 31.593223090273455,-25.403284016044438,0 31.592950308809748,-25.403324075445653,0 31.592647055617192,-25.403358434044435,0 31.59233042680779,-25.403392734187264,0 31.592071029054807,-25.403427093685366,0 31.591863118388233,-25.40346140102281,0 31.591704776554252,-25.403490023745576,0 31.591500715885388,-25.403501453229467,0 31.59127371620906,-25.403501453229467,0 31.591109682565843,-25.403490023745576,0 31.59088079611189,-25.403476656222665,0 31.590665277180847,-25.40347096531275,0 31.590342902602913,-25.403493820683252,0 31.589948058855896,-25.403535759667534,0 31.58984887442608,-25.403545323058154,0 31.589537959009647,-25.403608275601414,0 31.58931671769244,-25.403642575744243,0 31.5891526561702,-25.40367119936633,0 31.588980999873286,-25.40369983737753,0 31.5887025266004,-25.403745624560884,0 31.58827337461662,-25.403819984104928,0 31.58782891617159,-25.403905808206446,0 31.58743599607442,-25.40398016685117,0 31.587056399433322,-25.40404884897515,0 31.586671155949148,-25.404146116050356,0 31.586037874948033,-25.404207152138326,0 31.58567736821601,-25.404275810879938,0 31.58543511963512,-25.404321570184266,0 31.585055546376395,-25.404407394285784,0 31.58475799938219,-25.404481760125066,0 31.584536749971107,-25.404579043388082,0 31.584359364992736,-25.40459047826789,0 31.58415715333001,-25.404659137908823,0 31.58383481022838,-25.40478124695693,0 31.583592561647436,-25.404859387250895,0 31.583417057151507,-25.40491854285642,0 31.58306230877855,-25.405050102879898,0 31.58282006109698,-25.405147378049037,0 31.58259881168584,-25.4052389686035,0 31.58232030963461,-25.40534763458561,0 31.58199799710991,-25.40545068430157,0 31.581833941882962,-25.405542214601496,0 31.581667962106792,-25.4056241976985,0 31.581471524990945,-25.405715758575354,0 31.581236900862336,-25.405853077857216,0 31.58093933857964,-25.40605909365223,0 31.580750525016754,-25.40619257103026,0 31.58047777413003,-25.40635852832338,0 31.580224060991668,-25.406501545709716,0 31.580008555550478,-25.406621693336433,0 31.579844494028237,-25.406732291062326,0 31.57972434010628,-25.4068067171562,0 31.579598418832006,-25.406863932924125,0 31.579298962577127,-25.407006965598953,0 31.578888869925436,-25.407203433291784,0 31.5788049326016,-25.407241589727562,0 31.57857224920997,-25.40733882802442,0 31.578185028116593,-25.407523836555754,0 31.577811182640005,-25.407684041785046,0 31.57745640458944,-25.407815639580065,0 31.5771149652835,-25.407918650625163,0 31.576888024063123,-25.407987259004756,0 31.576716338088602,-25.40801588892208,0 31.57660190565349,-25.408044511644846,0 31.576538937821795,-25.408044511644846,0 31.57634249980657,-25.408084541368453,0 31.576088793862823,-25.40815323068699,0 31.575886619971584,-25.40821613826415,0 31.575671063269,-25.408279121384282,0 31.575537556213305,-25.408319187980112,0 31.575444093270335,-25.408353480029064,0 31.575304842244748,-25.408404982403965,0 31.575089306226573,-25.408485076924705,0 31.574778399803336,-25.40859379596685,0 31.574557144096957,-25.40871590411564,0 31.574297746343973,-25.408824623157784,0 31.57420809472785,-25.408858915206736,0 31.57410315103965,-25.408900854191018,0 31.573981086957644,-25.408950446405925,0 31.57380943066073,-25.40902487160048,0 31.5736072792526,-25.409116402799725,0 31.573157091226847,-25.409345275763826,0 31.573017824912768,-25.40946732365802,0 31.572903437443756,-25.409535998587444,0 31.57280234285389,-25.409598914258424,0 31.57241703102119,-25.40979349427431,0 31.572149995326072,-25.409913656290144,0 31.571915371197463,-25.41002426210997,0 31.571776120171876,-25.410087169687074,0 31.571448061878584,-25.410235947231115,0 31.571169559827354,-25.41036187480063,0 31.571003655594268,-25.41044196302613,0 31.570973122711507,-25.41044771419064,0 31.570833902262848,-25.41048774301487,0 31.570637403993032,-25.410544914716013,0 31.57054777485996,-25.4105735383381,0 31.570389465401547,-25.410613604034552,0 31.57031317411372,-25.410630775689697,0 31.57013005865531,-25.410647964431973,0 31.57009758683421,-25.41064219707971,0 31.57000605563502,-25.410674640122522,0 31.569965997133124,-25.410688030128426,0 31.569592143562602,-25.410853919972396,0 31.56928121375705,-25.41100266693951,0 31.569021794420337,-25.411147654740432,0 31.568825342015998,-25.41125637288326,0 31.568634587716076,-25.411382225809007,0 31.568407617717412,-25.411525273772327,0 31.568167280195894,-25.41171026071993,0 31.56787546188309,-25.4119276979049,0 31.56755311878146,-25.412141338152196,0 31.567209746832418,-25.41235872857243,0 31.5669503409855,-25.412524670577056,0 31.566797744920052,-25.41262196912851,0 31.566723370986836,-25.41267341934281,0 31.566639433663,-25.412721123880715,0 31.56649446924439,-25.41279547533088,0 31.566368540775613,-25.41286416464942,0 31.566158749626652,-25.412990063440645,0 31.565994717782075,-25.413104450010337,0 31.56588599873993,-25.41319031188334,0 31.565836400229728,-25.4132360927714,0 31.565819242064435,-25.413249430616702,0 31.565741027126762,-25.413306653579127,0 31.565582700581217,-25.41341537262133,0 31.56538624817688,-25.413501167045183,0 31.565189811060975,-25.413672823342097,0 31.56501240270029,-25.413775841581753,0 31.564886497613827,-25.41385210319197,0 31.564791162282347,-25.413903619956045,0 31.56465191125676,-25.413972227436318,0 31.564447811917034,-25.414069509800015,0 31.564188398875558,-25.414206858759485,0 31.56395377474695,-25.414349885139018,0 31.563701994251687,-25.414517729209763,0 31.56351127142807,-25.41468935492975,0 31.563391123801352,-25.41479240374639,0 31.563251872775766,-25.414901093110927,0 31.5630744653144,-25.41504601256338,0 31.56283984118579,-25.41524629158306,0 31.562599525247947,-25.415477089995647,0 31.562395434002156,-25.415711669158156,0 31.562059716183,-25.416131227174333,0 31.561825083960514,-25.41639064021581,0 31.56160384264325,-25.41664810532575,0 31.56141311981969,-25.41685600879771,0 31.561262433014917,-25.417027635417014,0 31.561115558436313,-25.417193591810758,0 31.560907654065034,-25.417452959886134,0 31.560716931241416,-25.417798181740636,0 31.560558590306755,-25.418114758389322,0 31.560444149777766,-25.41837799804614,0 31.56033543163494,-25.418620171084,0 31.56021524803532,-25.418902447589858,0 31.560152339558897,-25.419079818179,0 31.56007602668734,-25.41930489420548,0 31.560013089432573,-25.41946508414628,0 31.55992343781645,-25.419667228359856,0 31.55984143313566,-25.41991898007683,0 31.559746060032694,-25.42028707438891,0 31.559664024774975,-25.420731480673226,0 31.559587719098033,-25.421162505045515,0 31.559530464659247,-25.42155355994879,0 31.55945990385152,-25.421927322687736,0 31.559446557912395,-25.42223820033263,0 31.559396965697488,-25.422543386168286,0 31.559364530748553,-25.42284282713473,0 31.559358778684725,-25.423106059596932,0 31.559332058028133,-25.423382576844404,0 31.559269119874045,-25.423664868638753,0 31.55917946196263,-25.423981446186758,0 31.55906499895059,-25.42432666804126,0 31.558996369886586,-25.4245612687875,0 31.558925747925002,-25.424889342369227,0 31.558862809770915,-25.4251715882981,0 31.55878649689936,-25.425459587190176,0 31.558652997038223,-25.42576282509424,0 31.558469831217792,-25.42610229578429,0 31.558235243961406,-25.42645898399485,0 31.55796246339702,-25.426827078306985,0 31.557689711610976,-25.42720093817269,0 31.55746080986853,-25.42756329481017,0 31.55722618573992,-25.42789708897942,0 31.5569286243566,-25.428251792386277,0 31.55652998277253,-25.428602780693723,0 31.556175211916525,-25.42894228106138,0 31.555902431352195,-25.42922261772958,0 31.555700250266398,-25.429424761943153,0 31.55550377537901,-25.42963077773817,0 31.55528820338793,-25.42986154557383,0 31.555129900224756,-25.430033201870742,0 31.554925808079645,-25.43028113416699,0 31.554710244182502,-25.430572951580416,0 31.554412711577413,-25.430912436659582,0 31.554063655013692,-25.431291997327776,0 31.55362115079555,-25.431745885164446,0 31.55319581103788,-25.43218840377176,0 31.552892511979906,-25.432545002050176,0 31.55268268395872,-25.43277389030277,0 31.552442368920254,-25.43302182169964,0 31.551984594213707,-25.433567316278584,0 31.551700369776313,-25.433866758144347,0 31.55136471940631,-25.434187168602932,0 31.551015625071102,-25.434526639292926,0 31.550685650322578,-25.43489476328267,0 31.550431966861822,-25.435163672265617,0 31.550254589078065,-25.43534295211549,0 31.55016108836361,-25.43547459397729,0 31.549989448254507,-25.43565191870107,0 31.549741461998906,-25.43585982307235,0 31.549375308423805,-25.436140159740546,0 31.548906060166587,-25.43644535277076,0 31.548373904332266,-25.436731463985836,0 31.547904685752712,-25.436962215633685,0 31.547473610119084,-25.437139623994426,0 31.547004406827966,-25.43729980674067,0 31.54690712356495,-25.43733796407571,0 31.546586683428757,-25.437460028157716,0 31.546182312263966,-25.437648840821282,0 31.545743575305835,-25.437845309413433,0 31.545205712373786,-25.438056993635314,0 31.544629700200574,-25.438274438014844,0 31.54400789994469,-25.438474687356916,0 31.54341277717799,-25.43859484127887,0 31.542836749716287,-25.438652087623723,0 31.542222558624246,-25.438661621336735,0 31.541829661909446,-25.43868450008955,0 31.5412727171622,-25.43875318221353,0 31.540734838941717,-25.438837073671948,0 31.54027131307072,-25.43892862015963,0 31.5398803103281,-25.439003009381338,0 31.539479744194864,-25.439054481179312,0 31.53905059221114,-25.4391174193334,0 31.538573713206347,-25.439226136576906,0 31.538024399206734,-25.43939207228624,0 31.537435026705168,-25.43956945726461,0 31.53690859325701,-25.439723919423272,0 31.536452713422022,-25.43982120088765,0 31.53594533840669,-25.439947122161925,0 31.535464654370344,-25.440050073851808,0 31.53503359222657,-25.440116868298787,0 31.534640688317154,-25.44020838420954,0 31.534247744837614,-25.440282780625807,0 31.533835772602856,-25.440380041405717,0 31.533507684632013,-25.440471571705643,0 31.53301940132434,-25.44061465024589,0 31.53250055995295,-25.4407748698643,0 31.532113339758894,-25.440866385775053,0 31.53183487457983,-25.440946481195112,0 31.531531590810346,-25.44104949313953,0 31.53118824943823,-25.4411581591217,0 31.53080299786012,-25.441306951054912,0 31.53037192942105,-25.44150915462376,0 31.529902681163833,-25.441720832550345,0 31.52942202680515,-25.441938269735317,0 31.529029092318808,-25.442138527171267,0 31.528737244328397,-25.44225868109322,0 31.528496935585167,-25.4423559625576,0 31.528229898990674,-25.442483695965734,0 31.52753940312101,-25.442884277387463,0 31.527146498312277,-25.443143652657398,0 31.526887093364735,-25.443326730344268,0 31.526431211731108,-25.443584217937257,0 31.52603065369175,-25.44382641255885,0 31.525714024882404,-25.444038150740028,0 31.52542980763957,-25.444221250010628,0 31.525092187754296,-25.44448630989524,0 31.524674464355087,-25.444863952309504,0 31.524231967331502,-25.44527207544587,0 31.52379896624933,-25.445697414304163,0 31.52344419539338,-25.446122746867218,0 31.523171437312044,-25.446450812355067,0 31.5228929640391,-25.446795973954977,0 31.52261446198787,-25.44714497835804,0 31.52241037074208,-25.447444464290527,0 31.522278744168773,-25.447680915841545,0 31.522145244307637,-25.44797277912039,0 31.52201172915801,-25.448283655865964,0 31.521902995726748,-25.448548731039068,0 31.52184580963643,-25.448720401725097,0 31.521777120317893,-25.448974040219753,0 31.521706558610845,-25.44922770929128,0 31.52164360606764,-25.449496655146447,0 31.52159781798497,-25.44976173031955,0 31.52160352418332,-25.450015405686372,0 31.52167407869581,-25.45028624731242,0 31.521799999070765,-25.450602839249598,0 31.522015526095686,-25.4509251517743,0 31.52219861817173,-25.45120171398787,0 31.522400807351403,-25.451390527550757,0 31.52266021319832,-25.451558365326264,0 31.522944436736395,-25.451749080955267,0 31.52326105835124,-25.451951232363456,0 31.52361584359636,-25.452147684767795,0 31.52393818669799,-25.45232696461767,0 31.524235748980686,-25.452515778180555,0 31.524502778380565,-25.452672135210832,0 31.52468586955729,-25.45278085335366,0 31.52493959078953,-25.452920073802318,0 31.525204688445683,-25.45307076060709,0 31.525471716946242,-25.453213839147338,0 31.52575593328976,-25.453381683218083,0 31.52604011995561,-25.453538009671377,0 31.52633196794602,-25.45366960656702,0 31.526640965108527,-25.45382033923721,0 31.526951873330347,-25.453965229012056,0 31.5272818246965,-25.454127351595957,0 31.527642377293944,-25.45428755682525,0 31.528046733170243,-25.454455387406142,0 31.528452998307273,-25.454634667256016,0 31.52878109257341,-25.454791074648313,0 31.528966093910185,-25.454894041626687,0 31.529318985183068,-25.45507332237588,0 31.529534496919553,-25.455172514000253,0 31.529750061716015,-25.4552640901656,0 31.52988931274166,-25.45531559164118,0 31.530110561253423,-25.45540325935292,0 31.53059308800067,-25.455594056820246,0 31.530890656578606,-25.455691265439498,0 31.531155806395418,-25.455824809367414,0 31.531415181665352,-25.455962151132326,0 31.53166318141075,-25.45610704090717,0 31.531895872896257,-25.456309193214622,0 31.532117151985005,-25.456522839757213,0 31.53234603214372,-25.45673450958992,0 31.53259206057521,-25.45694242115576,0 31.532859075585918,-25.457138872660778,0 31.53313759292564,-25.45733529628683,0 31.533351247562052,-25.457537491761798,0 31.533517151795195,-25.45772053887174,0 31.533667869176895,-25.45791126259462,0 31.533788031192728,-25.45806767898017,0 31.533908192309298,-25.458199260587378,0 31.533973025334888,-25.45826792112763,0 31.534079871089205,-25.4583899771157,0 31.534213400628005,-25.4585216189775,0 31.534358342563507,-25.458643683059506,0 31.534478504579397,-25.458746634749332,0 31.534579591974648,-25.458826730169392,0 31.53466161913849,-25.45889162255031,0 31.5347379032317,-25.458960274996628,0 31.5348199375901,-25.459046076615095,0 31.534896228877926,-25.4591338261651,0 31.534964902907973,-25.45919105722146,0 31.535035479903513,-25.459196733742203,0 31.5350736210508,-25.45921392068584,0 31.53516899415382,-25.45928258842065,0 31.535300591948783,-25.459404637214163,0 31.535477999410205,-25.459599186653122,0 31.53565539967701,-25.45976129484785,0 31.53573549509707,-25.459824195230397,0 31.535800343411154,-25.45987569670598,0 31.535890015711686,-25.459934822633898,0 31.535966306999512,-25.45999204739502,0 31.536029214576615,-25.460060721425123,0 31.5361169632273,-25.460251445148003,0 31.53622571194711,-25.460482203990466,0 31.536338198249325,-25.460728263898204,0 31.536439307228306,-25.460936144887114,0 31.536660592612293,-25.461315666884502,0 31.536788400664193,-25.46147775889142,0 31.536857030627516,-25.46163797221459,0 31.536914261683876,-25.461771524236383,0 31.53698293571398,-25.4619259863951,0 31.537034430894323,-25.462196789350287,0 31.537091654756125,-25.462473351563858,0 31.53712790193117,-25.462755650552765,0 31.537185117699096,-25.462944456921093,0 31.537228995621717,-25.463083708846057,0 31.537267152956815,-25.463175247239803,0 31.537286212288905,-25.463255341760544,0 31.537286212288905,-25.46333160337076,0 31.537286212288905,-25.463480358431752,0 31.53728049799662,-25.463648201603178,0 31.537267152956815,-25.46377979220358,0 31.537272831276198,-25.463888511245727,0 31.537267152956815,-25.46400487542462,0 31.537261400892987,-25.464142217189533,0 31.537253777340027,-25.46424516078548,0 31.537242356849333,-25.464338617433214,0 31.53723853023405,-25.464409216012484,0 31.537245127660583,-25.464432086671422,0 31.53722515371794,-25.46536474208915,0 31.537030618668155,-25.465723309882776,0 31.5368264977447,-25.4659578512738,0 31.53659380625919,-25.466203933664588,0 31.53632109314401,-25.466472841748214,0 31.535926247598297,-25.466812335820578,0 31.535537118143566,-25.46716704642199,0 31.535233841568584,-25.46741497781892,0 31.53474554926771,-25.46772017174851,0 31.534213400628005,-25.468050108725492,0 31.533767060801267,-25.46832095035154,0 31.533339811782923,-25.468580316628277,0 31.532954492755664,-25.46879396496945,0 31.532645495593215,-25.468961809040195,0 31.5323116717463,-25.469146795987797,0 31.53183293474217,-25.469417622325352,0 31.531350372022075,-25.469638869937853,0 31.530871590051902,-25.469814324071763,0 31.530343231155257,-25.469966935425703,0 31.529858810435826,-25.47008518728154,0 31.529498280321434,-25.47019771675116,0 31.529038588260278,-25.470411290448624,0 31.52835574472192,-25.470691663989044,0 31.527684337861956,-25.470935807441492,0 31.52703965165864,-25.471176108090845,0 31.52642548304965,-25.471443151879896,0 31.525891372988497,-25.471687226983875,0 31.52543743209185,-25.471879904933644,0 31.52501018307356,-25.472093484926347,0 31.524544746143192,-25.472312824177436,0 31.524153744299895,-25.472488307089634,0 31.523818024682157,-25.472621790763014,0 31.523608211949465,-25.47270379634307,0 31.523470907956096,-25.472778215242386,0 31.523203841683994,-25.472951727739996,0 31.522864341316335,-25.47315010559288,0 31.522517178724854,-25.473327483376636,0 31.522211993788517,-25.473466704724615,0 31.521939242901794,-25.473617384334773,0 31.5216111864072,-25.473825265323683,0 31.521302181150816,-25.473987357330657,0 31.521073308186658,-25.474113263316383,0 31.52086159338785,-25.47422962030072,0 31.52062121719547,-25.47439551014463,0 31.52029887409384,-25.474614855691016,0 31.519987997348267,-25.47479413644021,0 31.519759086612623,-25.47493335778819,0 31.51965417979659,-25.474990573556056,0 31.519518778768656,-25.47508213533223,0 31.51914490271514,-25.475320541110023,0 31.51910867082853,-25.475341509702844,0 31.51866231031744,-25.475574247053828,0 31.518469683629064,-25.475660010900754,0 31.518383837943816,-25.475702025428063,0 31.518130153583797,-25.475856478593585,0 31.51760942633399,-25.476134943772593,0 31.517149748662007,-25.47633710327466,0 31.5167396865873,-25.476518337351365,0 31.516527963694614,-25.476640370856387,0 31.51644212520398,-25.476691873231346,0 31.51616362315275,-25.476869243820488,0 31.515785964550673,-25.47712289040902,0 31.51536443701923,-25.47737082180595,0 31.51505543176279,-25.477555869008086,0 31.51478265209778,-25.477717969108937,0 31.514633873654418,-25.4778095146973,0 31.5143993097804,-25.477948720756785,0 31.514322996908845,-25.478002184553134,0 31.51401399884702,-25.478213869674278,0 31.513704993590636,-25.478433208925424,0 31.513506623831688,-25.4785819567918,0 31.51323384416662,-25.478721207817443,0 31.51285046497702,-25.478940523686163,0 31.51261584084841,-25.479094977751004,0 31.512510957414804,-25.479198026567644,0 31.51238696788431,-25.479291467926885,0 31.512161870274156,-25.47942303514492,0 31.511959718865967,-25.479545107320803,0 31.51178615330838,-25.479625217130035,0 31.51161254188537,-25.479724387170677,0 31.511284485390718,-25.479943695844838,0 31.510956419902925,-25.480172576003554,0 31.510794274835973,-25.480288948276325,0 31.51066458000639,-25.4803747795724,0 31.510422369197045,-25.480559759325388,0 31.51011528129527,-25.480805795850756,0 31.509756683823923,-25.48108237425214,0 31.509527781182214,-25.48128833698712,0 31.50937899734288,-25.481425670658155,0 31.509199716593685,-25.481585854303717,0 31.508923123803186,-25.481828125367656,0 31.508686583219287,-25.482028366615793,0 31.508556902778878,-25.482125657073368,0 31.508499678917076,-25.482175249288275,0 31.5084519959629,-25.482217188272557,0 31.508242167941773,-25.48237928837341,0 31.508062872803407,-25.482539486408143,0 31.50802665620529,-25.48257383781231,0 31.508001837614756,-25.482590980689167,0 31.507772964650655,-25.482753117662185,0 31.50761085016063,-25.4828503559591,0 31.50758031727787,-25.482873279678074,0 31.507551687360547,-25.48289236868783,0 31.50748112475418,-25.48293621783216,0 31.5074200589886,-25.483004870278478,0 31.507345685954704,-25.483084964799218,0 31.507326619428,-25.483107858840583,0 31.507168322560062,-25.483313836864056,0 31.506895557284167,-25.48358277642393,0 31.50683452929013,-25.483634262611076,0 31.506741027676355,-25.48371056199278,0 31.50656746211871,-25.483903165298784,0 31.505407746770175,-25.48522299504515,0 31.505348621741575,-25.485284031133062,0 31.505129268101314,-25.48542327496415,0 31.50508544233935,-25.485434717937835,0 31.504892733812653,-25.485470935435274,0 31.50476687279297,-25.4855129031979,0 31.50466771804082,-25.485547196146115,0 31.504518934201485,-25.48558346490495,0 31.504442620430666,-25.485594900684077,0 31.50435487088066,-25.48560256200858,0 31.504167936900842,-25.485587261842625,0 31.503929494250826,-25.485520474590203,0 31.50371015499968,-25.485455687429976,0 31.503433621564454,-25.485354592840167,0 31.503200900401282,-25.485362246070736,0 31.50284609177379,-25.485457574207658,0 31.50247227687413,-25.48561588456539,0 31.50215561838712,-25.485783714246963,0 31.501695963198188,-25.486033571092378,0 31.501293465321226,-25.486317780241336,0 31.50111418457203,-25.48646080572155,0 31.501045488058878,-25.486531374623212,0 31.50095968644041,-25.486611462848714,0 31.50087765118269,-25.486680152167253,0 31.50081090080249,-25.48672593305531,0 31.50073080628175,-25.48680217128316,0 31.500656394576993,-25.486870822830156,0 31.500606809556643,-25.48691665587893,0 31.50052099264974,-25.4869490611502,0 31.50053952138188,-25.48697322773222,0 31.49857096837553,-25.488629136825182,0 31.494936089429018,-25.490246663752487,0 31.494440150192816,-25.491329997881053,0 31.494220810941727,-25.49143871602388,0 31.493984270357828,-25.491547435066025,0 31.49382215406922,-25.491616056935413,0 31.493635212894787,-25.491707625006825,0 31.493425400162153,-25.491835433058725,0 31.493406340830006,-25.491846868837854,0 31.493145025722413,-25.491978465733553,0 31.492900867880792,-25.4920871847757,0 31.492658620199222,-25.492197775307034,0 31.492408748065316,-25.49229505767073,0 31.49212835923646,-25.492420918690414,0 31.49184796231367,-25.492577319787415,0 31.491624810836413,-25.49270321767932,0 31.49147031180547,-25.49279474887851,0 31.491233763127696,-25.49294352642255,0 31.491065934345443,-25.49306368843844,0 31.49081607660071,-25.493206697730898,0 31.49051849273428,-25.493361212050274,0 31.490281967438875,-25.493517576275053,0 31.490129400151773,-25.49361868525409,0 31.490039749434914,-25.49367784085962,0 31.489860430914234,-25.4938246335999,0 31.4897345564047,-25.493916216959803,0 31.48952283980725,-25.494026838068066,0 31.489261524699657,-25.494129841918607,0 31.489005931978227,-25.49419463717271,0 31.488637807988482,-25.494270950044267,0 31.488546247111685,-25.494293821602525,0 31.488275406384957,-25.494362481243456,0 31.48798165632843,-25.494484590291563,0 31.487720341220836,-25.49461618808658,0 31.487489558996003,-25.49473633391466,0 31.487186246448175,-25.494886999135645,0 31.48677428140803,-25.495092999642168,0 31.486709404315604,-25.495131103917288,0 31.486463344407866,-25.495276077329038,0 31.48605134159618,-25.49541528968382,0 31.485645091747642,-25.495508760720668,0 31.48524068371063,-25.495642275870296,0 31.48521781215237,-25.4956499371948,0 31.48485349319418,-25.495773858376822,0 31.48456740356289,-25.495861622316,0 31.484515879604203,-25.495874952067368,0 31.48418590485568,-25.495960806745813,0 31.483916951805952,-25.49604657059274,0 31.483699500231808,-25.496122885262878,0 31.483588887217422,-25.49615532740637,0 31.483461093554695,-25.496191552098423,0 31.483150186232137,-25.496296494887304,0 31.48280112157454,-25.496428092682265,0 31.482457780202424,-25.4965386832136,0 31.482108716444145,-25.496626431864286,0 31.481713900576096,-25.49671413734751,0 31.481547966665403,-25.49676372056922,0 31.481284719814028,-25.496841913923163,0 31.480977654395303,-25.496956368841325,0 31.48064193567683,-25.497066998043465,0 31.480329119093597,-25.49719290312993,0 31.4799934372474,-25.497360703133893,0 31.47973207807297,-25.497475142763562,0 31.47933155600657,-25.49757434158255,0 31.478894736402992,-25.49771926283364,0 31.478715462848356,-25.49778221627622,0 31.478482778557463,-25.49782418403879,0 31.478127962735357,-25.49786993524924,0 31.47806506325213,-25.497877544413086,0 31.477832310612712,-25.497923338790997,0 31.477639684823657,-25.4979824952959,0 31.477302056844508,-25.49805305700295,0 31.476914874421993,-25.498156007793455,0 31.476590576194212,-25.498255201216523,0 31.476296871103784,-25.498360122421673,0 31.47598593410362,-25.498474509890684,0 31.475686447271755,-25.49855651457142,0 31.475316435605066,-25.498598528199466,0 31.474942591027798,-25.498669089906514,0 31.47462978073986,-25.498733914838226,0 31.474254042190353,-25.498808311254493,0 31.473824845240472,-25.498953230707002,0 31.473319372291257,-25.49913827790914,0 31.472882582365344,-25.499346150804172,0 31.472527833093068,-25.4995120478427,0 31.47215396603275,-25.499678013229698,0 31.471823999378103,-25.499805797899228,0 31.47169234132855,-25.499851541015744,0 31.471450123324587,-25.499945027341084,0 31.471181184663976,-25.500070933326867,0 31.471007626300946,-25.500179605604274,0 31.47080349818293,-25.50030548191239,0 31.470652811378216,-25.50040277866526,0 31.46940345160806,-25.50036460784031,0 31.4693577156861,-25.500387479398626,0 31.469237524891923,-25.500433274675856,0 31.469117341292304,-25.500467574818686,0 31.469041057199092,-25.500486671922317,0 31.468833153727132,-25.500532467199548,0 31.468699625087652,-25.50055532436869,0 31.468522247303895,-25.50059729213126,0 31.468314343831935,-25.500620215850233,0 31.46816171629024,-25.50068886110199,0 31.4679157103418,-25.500759437198212,0 31.46779549616525,-25.500805165026293,0 31.467667748367944,-25.500862404176587,0 31.46754184238216,-25.500927237202177,0 31.467427372175564,-25.500990212228487,0 31.46730149586739,-25.501095074078364,0 31.46716227541873,-25.50116950017224,0 31.46699821299717,-25.501285812190417,0 31.46687040494527,-25.501383072071064,0 31.46663008900748,-25.501528059872044,0 31.466321091844975,-25.50169013659047,0 31.466168494880208,-25.501766457555902,0 31.466097933173103,-25.50181793834713,0 31.465991087418786,-25.50191521261695,0 31.465840438385555,-25.502042946025085,0 31.465674465804,-25.502123124182788,0 31.465674465804,-25.502153619294063,0 31.465643962598847,-25.502170761271543,0 31.46554286800898,-25.50221079009583,0 31.46544178061373,-25.50225085669166,0 31.465302529588143,-25.50229287031965,0 31.46483902620014,-25.50237866474356,0 31.46469977517455,-25.502420602828522,0 31.46450330838104,-25.502460684712787,0 31.46425727815091,-25.502512187087746,0 31.463997841727064,-25.502571313015665,0 31.46375748172244,-25.502634243075818,0 31.46354199966362,-25.5026990464238,0 31.463332149159385,-25.502779170622205,0 31.46308611982863,-25.502901279670255,0 31.462775181929146,-25.503057606123605,0 31.462485273776394,-25.503122497605148,0 31.462206763631286,-25.503219780868164,0 31.461909216637082,-25.503307499841185,0 31.461617407317533,-25.503381889062894,0 31.461420946819317,-25.503435262926985,0 31.461197780952887,-25.5034753223282,0 31.457168311868145,-25.504559899319872,0 31.451374275802266,-25.505914965403292,0 31.446187654436756,-25.50731677824666,0 31.444942811061935,-25.508251118094563,0 31.444519342793512,-25.508401759933236,0 31.444120717397254,-25.50855053028272,0 31.443804058010926,-25.508689758825255,0 31.44355799090863,-25.508828994562407,0 31.443315780099226,-25.508973967974214,0 31.443037307725604,-25.50917038260701,0 31.442714934946366,-25.50929816817586,0 31.442329653690592,-25.50948888380492,0 31.4418680136979,-25.509696756699896,0 31.441303431008578,-25.509935170571623,0 31.44077893559944,-25.510160276275712,0 31.440361183421942,-25.510350999099273,0 31.43996824803628,-25.510535949174653,0 31.439582937102898,-25.510720994578207,0 31.439220557083104,-25.51092313879178,0 31.438911559920598,-25.511131012586134,0 31.438570150292264,-25.511346562094104,0 31.43831643625458,-25.5114895731852,0 31.437986460606737,-25.51164599586599,0 31.43773471698364,-25.511768044659505,0 31.437543933905488,-25.511872965864654,0 31.43727118391803,-25.51199312068593,0 31.437000342292038,-25.512149484011445,0 31.43661315177559,-25.51232305766291,0 31.436170616980462,-25.512502338412162,0 31.43572811995682,-25.51268927868722,0 31.435359995967076,-25.512851364398898,0 31.435050998804627,-25.512982946905424,0 31.43476487230106,-25.513076387365345,0 31.434442498622445,-25.51315270113622,0 31.434106803286397,-25.513249997889034,0 31.433809278775243,-25.51324423233541,0 31.433568902582863,-25.513263321345164,0 31.433353398940255,-25.51325185498905,0 31.43309396341573,-25.513206075000312,0 31.43290321810906,-25.513166046176025,0 31.432586618078005,-25.513063042325484,0 31.43226426778176,-25.51297724700231,0 31.43195333797621,-25.512883754381733,0 31.4317130301323,-25.512828500035198,0 31.43156040259055,-25.5127769463989,0 31.43144595576632,-25.512729308410826,0 31.431369671673053,-25.512660655964453,0 31.43126284120723,-25.51256908699372,0 31.431123590181585,-25.512477510828433,0 31.43097103098836,-25.51239551424152,0 31.430837531127224,-25.512344056832717,0 31.430667776896428,-25.512286796098692,0 31.43019852863921,-25.512143777813037,0 31.42984946488093,-25.512063682392977,0 31.429469906011377,-25.512017887115746,0 31.429101773927755,-25.51197782771453,0 31.428874775150803,-25.511949226575496,0 31.428525717687762,-25.511905371135924,0 31.428195743838558,-25.511859575858693,0 31.42790584288042,-25.511808074383055,0 31.427633062316033,-25.511750857715867,0 31.427341214325622,-25.511699385917893,0 31.42704368172059,-25.51164213867372,0 31.426759495954002,-25.51157352489821,0 31.426461933671362,-25.511493399800543,0 31.426156747835705,-25.511382764303107,0 31.425853435287877,-25.51129123310386,0 31.425529182026196,-25.511108149121753,0 31.42522021364198,-25.51098799430048,0 31.424958868856777,-25.510936500019397,0 31.424794837012143,-25.510919341854105,0 31.424693749616893,-25.510896463101233,0 31.424554498591306,-25.510873539382317,0 31.424276026217683,-25.510850653434886,0 31.423965089217518,-25.510850653434886,0 31.423509246254753,-25.510863983186255,0 31.423129648714394,-25.51089260680834,0 31.42281875038509,-25.51092123043037,0 31.422521188102394,-25.51094598067243,0 31.42220455929305,-25.510968934968332,0 31.421920371727822,-25.510986092234305,0 31.42164190025352,-25.511010857764802,0 31.421311873344337,-25.511045166001566,0 31.421000980410952,-25.511079524600348,0 31.420588993787078,-25.51113292184681,0 31.420165526417975,-25.511197777355505,0 31.419799311688962,-25.511232107175942,0 31.419494156430233,-25.511220671396813,0 31.419234743388756,-25.511203483553857,0 31.41901918668617,-25.51121686726458,0 31.418855153942275,-25.51123973072896,0 31.418746406121784,-25.51126836874016,0 31.418652964762543,-25.511256903283424,0 31.418462212261318,-25.51127404616028,0 31.41817037236484,-25.511310293335328,0 31.41786138059831,-25.51135608771324,0 31.417657312734832,-25.511384719429202,0 31.41758290192945,-25.511432355618695,0 31.41750661783618,-25.511535367563113,0 31.417359743257578,-25.51164023031231,0 31.417285339646753,-25.51169173178795,0 31.41725290469782,-25.511703211633858,0 31.41711368334984,-25.51173752706518,0 31.416903870617205,-25.511768044659505,0 31.416676885330048,-25.51173371483901,0 31.416436562197646,-25.51162308743551,0 31.41620193087448,-25.511502918225062,0 31.415992125336345,-25.51138849298451,0 31.415839529270897,-25.511325585407405,0 31.41568884876142,-25.511371321329364,0 31.415587746976996,-25.511480046666748,0 31.41547902883417,-25.511636463052298,0 31.415366468787568,-25.51180429902911,0 31.415276839654496,-25.511924469138876,0 31.415194811591334,-25.51205224571453,0 31.41509946187074,-25.512162874916726,0 31.415011713220053,-25.512271593059552,0 31.414897295174057,-25.512399325568367,0 31.41475804414847,-25.512570997153773,0 31.414599717602925,-25.512773155756463,0 31.414487180938693,-25.512958187670165,0 31.41441085997326,-25.513125979580252,0 31.414405182553196,-25.513282387871868,0 31.414454745989815,-25.51347696069314,0 31.414506248364717,-25.51370770604575,0 31.414506248364717,-25.51389270018791,0 31.414475745159564,-25.51403192063657,0 31.414437587824466,-25.514129195805708,0 31.41436127495291,-25.514279852932816,0 31.414254495748423,-25.51446490013501,0 31.414126681401285,-25.51462511255886,0 31.413956934365103,-25.514792935045875,0 31.413760466672272,-25.51491498294007,0 31.413558247814933,-25.514972206801872,0 31.41336181069903,-25.514966478120414,0 31.41317108697615,-25.514932186071462,0 31.412923125002294,-25.51491498294007,0 31.412657967990867,-25.514899690867992,0 31.412448155258232,-25.51485396303991,0 31.412316558362534,-25.514783401332863,0 31.41216968288461,-25.51471474888649,0 31.412018996079837,-25.514640322792616,0 31.411790124015056,-25.514594579676043,0 31.41146008901194,-25.514571716211663,0 31.41106146271636,-25.514560228271876,0 31.410643747411086,-25.51453355887662,0 31.410376688333542,-25.514504965831463,0 31.409928431152252,-25.514453464355825,0 31.40946496463647,-25.514384775037286,0 31.40907204543862,-25.51428750706276,0 31.408755401340727,-25.514190231893622,0 31.408457839058087,-25.51411586605434,0 31.40814884099626,-25.51405289012871,0 31.40783793367376,-25.514001418330736,0 31.407494622878573,-25.513967118187907,0 31.40712265608579,-25.51392705968601,0 31.406729744082497,-25.51388126440878,0 31.4063043737479,-25.51385840004508,0 31.405919093391503,-25.513854587818912,0 31.405545218237307,-25.513854587818912,0 31.40549373115084,-25.51384885913751,0 31.405419341929132,-25.513843107073683,0 31.40516564317994,-25.51382022832081,0 31.40474028093928,-25.5137802003959,0 31.404335933156858,-25.513751575874494,0 31.40400596560289,-25.513730607281673,0 31.403815183424,-25.513719170603224,0 31.40349859058756,-25.513724900183945,0 31.40317052599903,-25.513724900183945,0 31.402480037323926,-25.513709608111867,0 31.402098561099763,-25.51372107356866,0 31.401713250166438,-25.51373250934779,0 31.40135846402194,-25.513757343226757,0 31.40102274530352,-25.51377449959341,0 31.400692777749555,-25.5137802003959,0 31.400338038369853,-25.51379925882867,0 31.399971778674683,-25.51383357425999,0 31.39965514986534,-25.51390226267921,0 31.399445337132647,-25.51394424662965,0 31.399325183210692,-25.513967118187907,0 31.39919927722491,-25.514001418330736,0 31.399002810431398,-25.51404147683263,0 31.39868046732977,-25.514083467977628,0 31.39838858876243,-25.514129195805708,0 31.397995713631303,-25.5142341547824,0 31.39767906323823,-25.514316153167897,0 31.397438747300384,-25.514401998853145,0 31.397255624647414,-25.514489665665508,0 31.39707249479983,-25.514619354199795,0 31.396868434130965,-25.51476056664677,0 31.396652870233822,-25.514911223773936,0 31.396464055771617,-25.5150542267711,0 31.39634388026593,-25.51517059904387,0 31.39627330956563,-25.51527353634458,0 31.396185560914944,-25.515424223149353,0 31.396052024181643,-25.51566650140785,0 31.395882285239338,-25.515996444680127,0 31.395710621747867,-25.516358786928436,0 31.395533183709517,-25.51675737635179,0 31.39540162368604,-25.51709687671945,0 31.39528146167015,-25.517415377917303,0 31.395210871184815,-25.517571816785846,0 31.395079280584355,-25.517831192055837,0 31.394896181313754,-25.518107755168728,0 31.394686338004135,-25.51845290867476,0 31.394489871210624,-25.518840108184406,0 31.39434493557036,-25.519147158314638,0 31.394213278420125,-25.519423751105194,0 31.39405499774,-25.519705974551016,0 31.39388331086616,-25.520028287975038,0 31.39365630399527,-25.520426975424527,0 31.393465594661507,-25.520768348180695,0 31.39328818809946,-25.521096390286118,0 31.393093652150355,-25.521449190727537,0 31.39290289874981,-25.521765826731496,0 31.392725529059987,-25.522019443642364,0 31.392523310202648,-25.522286443364635,0 31.392277279972518,-25.52255727599743,0 31.39201024337808,-25.522828161690256,0 31.391851933020348,-25.52299025459655,0 31.391624932444756,-25.523249660443412,0 31.391434216815696,-25.52348038331297,0 31.391264432907292,-25.52369396960097,0 31.39110612165024,-25.523850407570194,0 31.390942059228678,-25.523995380982,0 31.39075705789196,-25.524115534903956,0 31.390524343024083,-25.524220382364717,0 31.390177174137307,-25.524432163713357,0 31.38994071539173,-25.524578942064466,0 31.38964315310909,-25.524775408857977,0 31.389370373444024,-25.52495468870785,0 31.38909183272193,-25.525133968557782,0 31.388832464646555,-25.52530559607635,0 31.38859787109493,-25.525444847101994,0 31.388376592006182,-25.525578420707518,0 31.388174426208877,-25.52568135081367,0 31.38799702594207,-25.525763348299847,0 31.387863526080935,-25.525820564067715,0 31.387661307223595,-25.52589690841552,0 31.38740187169907,-25.52601706863277,0 31.387098656278,-25.526173410374554,0 31.38677437333871,-25.52633556983062,0 31.386490185773482,-25.52646903281959,0 31.38625556164493,-25.526554909081767,0 31.386020931221026,-25.52663116259805,0 31.385755840759487,-25.526699815044367,0 31.385444903759378,-25.52679331485956,0 31.385103456359502,-25.5269076879394,0 31.384781151029358,-25.527018316242277,0 31.384502656172685,-25.52709465879144,0 31.3842680239502,-25.527169003046993,0 31.38405821931144,-25.52724528624094,0 31.383823587088898,-25.527331163402437,0 31.383571805694316,-25.527395973045657,0 31.383299092579136,-25.52745321939051,0 31.383114060665434,-25.527476067566397,0 31.38280505630837,-25.527493256308674,0 31.382469336690576,-25.527512345318428,0 31.382152686297502,-25.52749515837479,0 31.3818608679847,-25.52744940806366,0 31.381576621064255,-25.527415033277123,0 31.3812962772015,-25.52742081411924,0 31.38106359201123,-25.527497037957914,0 31.380897620328994,-25.52760575610074,0 31.380777466406983,-25.52771072227199,0 31.380626778702947,-25.52779081769205,0 31.380449372140845,-25.527848034359238,0 31.380226182892102,-25.527901408223386,0 31.37998015266197,-25.527947225983667,0 31.37969405673539,-25.52796431580049,0 31.379415561878716,-25.527971969930434,0 31.37914471395743,-25.52798915687407,0 31.378833776957265,-25.528040660148292,0 31.37862396422463,-25.528082567656327,0 31.378244403556437,-25.52818563176146,0 31.378120431113075,-25.52821228586828,0 31.37606990220428,-25.528759660030232,0 31.37590781019736,-25.528822566708016,0 31.37555877611669,-25.528944691044615,0 31.37533752670555,-25.528992381193405,0 31.375261213833994,-25.52899428415884,0 31.375179216347817,-25.528998065808025,0 31.374704246603756,-25.528992381193405,0 31.37438762498897,-25.529066725448956,0 31.374090056411035,-25.52916593236182,0 31.37385546915465,-25.52928228215154,0 31.37372193242129,-25.529350940893153,0 31.373582681395703,-25.52941387904724,0 31.373443444759232,-25.529467224133043,0 31.373285119113007,-25.529524469578575,0 31.373077246217974,-25.529593158897114,0 31.372836870025594,-25.529686569679427,0 31.372583216242504,-25.529780063199325,0 31.372446841248802,-25.529816632331688,0 31.372348592113894,-25.529843001353413,0 31.37215783871335,-25.52987728620775,0 31.371955650432994,-25.52992497635654,0 31.3717153120121,-25.529976470637564,0 31.371513153409353,-25.53003943936858,0 31.371448275417606,-25.530062318121452,0 31.370860813076092,-25.53029694225006,0 31.369985336554066,-25.529020944560898,0 31.369935684084624,-25.528938939880106,0 31.365914933027796,-25.522395220862734,0 31.365254969141574,-25.521266188583695,0 31.36142684297448,-25.519997853118355,0 31.360738307626832,-25.519709876709385,0 31.360520840764252,-25.51952297330655,0 31.360402588908414,-25.519421878716685,0 31.36027481143344,-25.519379887571688,0 31.360084058032896,-25.519316942223043,0 31.359893274954743,-25.51925403374662,0 31.3596091179665,-25.519160533931426,0 31.359340187399766,-25.519072882407556,0 31.359200966051787,-25.51881153672298,0 31.35911890111646,-25.518657097946686,0 31.358998747194505,-25.5184338799196,0 31.35890849573053,-25.51830753236669,0 31.358741715557755,-25.517977879575426,0 31.358616558707297,-25.51773056871076,0 31.358529528614895,-25.517558539195193,0 31.35780471731391,-25.517669128827208,0 31.357690276784922,-25.516934852161626,0 31.35768455619734,-25.516904348956473,0 31.357644496796127,-25.516656349211075,0 31.357619715977137,-25.516494286881766,0 31.357596806647337,-25.516356945116854,0 31.35757012286291,-25.51629593241131,0 31.35750524577054,-25.51614332015805,0 31.357440435227943,-25.51599262615872,0 31.357375558135573,-25.515841969031612,0 31.35730877807771,-25.51568940983833,0 31.357243930662946,-25.515538752711223,0 31.357234405043812,-25.51551391163764,0 31.35716955672973,-25.515361345249858,0 31.357104717408845,-25.515210724994915,0 31.35703980884017,-25.515058158607076,0 31.35697690216233,-25.514907412447087,0 31.356912061042863,-25.514754845159928,0 31.356847213628043,-25.51460231564431,0 31.356784276373332,-25.514451636933472,0 31.356719398381586,-25.514299003096482,0 31.356675558230506,-25.514194163729655,0 31.356339838612712,-25.513547597943273,0 31.35647330879624,-25.513488472015354,0 31.35635702555635,-25.51326725318114,0 31.355870650610086,-25.507886941229287,0 31.355681807369592,-25.507862100155762,0 31.35527746678173,-25.504068596088814,0 31.35524506240978,-25.503761508186983,0 31.35519162019716,-25.503250381200075,0 31.355004745572614,-25.501503413052035,0 31.35497612284985,-25.501234474391424,0 31.354710996415406,-25.498737906928795,0 31.35469193618394,-25.498552845337485,0 31.354674786112525,-25.49840028614426,0 31.354659494040447,-25.498247756628643,0 31.354642343969033,-25.498093190148552,0 31.354627088769178,-25.497940660632935,0 31.354609929704566,-25.497788094245095,0 31.354594684397227,-25.497635474797278,0 31.35457749565495,-25.497482938986423,0 31.354562241354415,-25.49733037889382,0 31.354548872932185,-25.497210224971866,0 31.354281837237068,-25.494686876598053,0 31.354247529000304,-25.49437225507546,0 31.354226529830555,-25.494173885316513,0 31.354205561237734,-25.493977410429125,0 31.354184524296386,-25.493779071247104,0 31.354163591676468,-25.49358069339422,0 31.354142623083646,-25.493382346118324,0 31.35412162391384,-25.493184006936303,0 31.353719154815167,-25.493201164202333,0 31.35367911879632,-25.49320306626845,0 31.35348077871504,-25.49321068982141,0 31.353282401761476,-25.493220254111407,0 31.35308402480797,-25.493227907342032,0 31.352885647854407,-25.493237441055044,0 31.35268727809546,-25.49324500525273,0 31.35248699907578,-25.49325456774409,0 31.35228862931683,-25.49326219219637,0 31.350470868335947,-25.493340378355754,0 31.350270588416947,-25.493349940847054,0 31.350072218658,-25.493357594977,0 31.349873841704493,-25.49336712869001,0 31.34967546475093,-25.49337469198838,0 31.349477124669647,-25.493384256278375,0 31.349278747716085,-25.493391879831336,0 31.349078468696405,-25.49339953396128,0 31.34888009084358,-25.4934090973519,0 31.348681713890016,-25.493416720904918,0 31.348483329741953,-25.493426247423315,0 31.348284968076882,-25.493433817916298,0 31.348244900581733,-25.49343578833094,0 31.347897776661114,-25.493451012953813,0 31.347548712902835,-25.493466313119825,0 31.34734653091772,-25.493473877317513,0 31.347142433376632,-25.493483411030525,0 31.34693834123152,-25.4934929744212,0 31.346734249985673,-25.493500597974162,0 31.346530150646004,-25.493510131687174,0 31.34632796236565,-25.4935177849178,0 31.3461238711198,-25.49352734920774,0 31.34591977987401,-25.49353688292075,0 31.345715681433603,-25.493544505574448,0 31.345513500347806,-25.49355397273763,0 31.345309430685745,-25.493561625968198,0 31.345099588275446,-25.49357115968121,0 31.344828753843956,-25.493582596359715,0 31.344481563373506,-25.493597910914787,0 31.344094401635402,-25.493615068180816,0 31.343894122615723,-25.49362266205617,0 31.34344587442763,-25.493643661225917,0 31.34316358982784,-25.4939793196898,0 31.343043443999818,-25.49412241261922,0 31.342833592596264,-25.49437415714158,0 31.342808810877955,-25.49440466034673,0 31.33978746382047,-25.4980074406908,0 31.339583342897015,-25.498013094728492,0 31.339384995621117,-25.49801884679232,0 31.33918468602451,-25.49802647034528,0 31.33898633874861,-25.498032191832124,0 31.33878799956659,-25.498037935802074,0 31.338589563257813,-25.498043627611253,0 31.338389305821863,-25.49804937877576,0 31.338190936062915,-25.498055056195824,0 31.337992559109352,-25.49806081455489,0 31.337794211833454,-25.498066566618718,0 31.337593903136167,-25.49807222065641,0 31.337448966596583,-25.498076069754745,0 31.33722196692031,-25.49808178494635,0 31.33569409070975,-25.498127594612754,0 31.335615906349062,-25.498007471267726,0 31.335490030040887,-25.497811002675576,0 31.335364124055104,-25.49761643794818,0 31.335238247746986,-25.49742193257606,0 31.335112365143573,-25.497227383137158,0 31.33498839899545,-25.497032876865717,0 31.334862493009723,-25.496838281561395,0 31.33473658792326,-25.4966419118947,0 31.33444283786673,-25.496186069831197,0 31.334419966308474,-25.49615169504466,0 31.33429406122201,-25.495957189672538,0 31.334168184913835,-25.4957626321397,0 31.33404421876571,-25.49556812676758,0 31.333918343356913,-25.49537165907475,0 31.33379243737113,-25.495177160897185,0 31.333666561962332,-25.494982596169848,0 31.333647464858643,-25.49495206328703,0 31.333624556428163,-25.494915845789592,0 31.333521588550525,-25.494757566008843,0 31.333395682564742,-25.49456112799362,0 31.333271717315938,-25.49436657136016,0 31.3330046807215,-25.493954599125402,0 31.330652807880824,-25.49024315909446,0 31.325306369793168,-25.489028346780742,0 31.323685248275638,-25.487284847317824,0 31.323564906395347,-25.487155406097088,0 31.32364884371924,-25.487168773619942,0 31.323396245740184,-25.48572198208376,0 31.3233964327992,-25.484627196887573,0 31.323396493053735,-25.483458436157832,0 31.32339456131001,-25.481973390159794,0 31.323444093270325,-25.481116261606132,0 31.32342883807047,-25.479806900867743,0 31.323421342221195,-25.479107290369086,0 31.323418996789314,-25.4789952321442,0 31.323294903836768,-25.478316949967223,0 31.323144523700876,-25.47763991784791,0 31.323094811876103,-25.47716677642552,0 31.323094685071737,-25.47600468686676,0 31.323095119444247,-25.47583416911158,0 31.323143618083577,-25.47561927071274,0 31.323195494576453,-25.475389559580492,0 31.323231838878314,-25.475228605215932,0 31.323268587875077,-25.47506754563068,0 31.323468874089315,-25.474591341117446,0 31.32376630866827,-25.474072306391804,0 31.3238519313216,-25.473942557602925,0 31.324238995033625,-25.473349681342654,0 31.32454826199273,-25.472652795789827,0 31.32461112460379,-25.47242546606236,0 31.32461099779937,-25.471566226799894,0 31.324512246842744,-25.47091366883069,0 31.32443574691223,-25.470369950412817,0 31.324341969206557,-25.46997740533294,0 31.324212745621764,-25.469422781735943,0 31.323989370213326,-25.468814312130746,0 31.323802436233507,-25.468363404647334,0 31.323690279982486,-25.468092825623387,0 31.323290956712356,-25.46743673421787,0 31.3230814668363,-25.46702726299776,0 31.322620058868665,-25.466129687435057,0 31.322247666696512,-25.465472270428904,0 31.321849152816185,-25.4648184021475,0 31.32147574980604,-25.464300153429292,0 31.321397497096882,-25.464155839220552,0 31.321128371377313,-25.46373577938266,0 31.320989307410684,-25.46345526195074,0 31.320903212613246,-25.463284467204346,0 31.320531592059353,-25.462629281416184,0 31.320157739388208,-25.461998853963905,0 31.31981802857922,-25.461153693588017,0 31.31956068307909,-25.46039657504184,0 31.31943643184593,-25.459830477894172,0 31.31936188614219,-25.459266494153326,0 31.319312811037435,-25.457936261049554,0 31.319362216193383,-25.457348357140916,0 31.31953565494655,-25.456581764237,0 31.31960830577873,-25.456392118801205,0 31.319734023806177,-25.456062983120148,0 31.320020404817853,-25.455517593761897,0 31.320232000006854,-25.455114871054434,0 31.320950746279948,-25.454052873341368,0 31.321572905365315,-25.453419562662646,0 31.321746433151418,-25.453103854759036,0 31.321821023821258,-25.452810853837775,0 31.321807213831903,-25.452434635050338,0 31.321795905756517,-25.4521099321276,0 31.321597589057546,-25.45107176465018,0 31.321454308169848,-25.450553711084865,0 31.321313432069303,-25.4501701223532,0 31.320926279324397,-25.44912979020762,0 31.320842183719833,-25.448929712636073,0 31.320477805406426,-25.44807000932343,0 31.320329342625087,-25.447664372812483,0 31.320054622223097,-25.447076310623174,0 31.319837246192037,-25.446577480965914,0 31.319669311289715,-25.446201966347644,0 31.31960852970991,-25.446108390090103,0 31.319382848439773,-25.44556510604474,0 31.318711717671704,-25.444325340242187,0 31.318438966784925,-25.443759603722697,0 31.31806530926667,-25.443194263804173,0 31.317816928208742,-25.442878637738886,0 31.317758027111324,-25.44275361578667,0 31.317639834610702,-25.442496794591364,0 31.3170717760417,-25.44175232411044,0 31.31610034275667,-25.44066827861809,0 31.315453935250957,-25.43965160403826,0 31.315206145047625,-25.439156482285796,0 31.314958138107613,-25.438502104988117,0 31.314883495277115,-25.438124342963988,0 31.314908342645936,-25.437461337570653,0 31.315057120189977,-25.43690007158102,0 31.315230775679822,-25.43606396557948,0 31.315330216416385,-25.43572493735593,0 31.31565234098281,-25.43470890039538,0 31.315749811304784,-25.43435872687371,0 31.315825682609216,-25.43407691531735,0 31.31600162327635,-25.43331020190425,0 31.316075838928896,-25.43279066535689,0 31.316125342110922,-25.432519074595575,0 31.31612552916988,-25.43141312431618,0 31.31597455728007,-25.430442230624408,0 31.31580108884924,-25.429900884618064,0 31.31562765009602,-25.429516637582708,0 31.315303404928272,-25.429043136431574,0 31.31468137264727,-25.428411218802637,0 31.314044281218628,-25.42783155987854,0 31.313657524175426,-25.427538258583695,0 31.312991935929176,-25.42692182098523,0 31.31266943634546,-25.426446028361454,0 31.312493653059676,-25.42606407189936,0 31.312220812240753,-25.425590360306842,0 31.311972999554314,-25.425115466105808,0 31.311723562692293,-25.424822291615442,0 31.311326148682895,-25.424121243100842,0 31.311143723903797,-25.423706838199962,0 31.31114324456513,-25.42370578239587,0 31.310954745764946,-25.423277588190103,0 31.310828712974796,-25.422994247786278,0 31.31033098408767,-25.422113978777077,0 31.3097604685708,-25.421347198814146,0 31.309089466405794,-25.420670467068362,0 31.30839308986924,-25.420104865447115,0 31.308336367829156,-25.420073906285722,0 31.3081663366072,-25.41998112412955,0 31.307903248036496,-25.41983701226826,0 31.307448903344266,-25.419587027719103,0 31.306529712576207,-25.41922500832743,0 31.305171463792078,-25.41888855576218,0 31.30429193582421,-25.418591936868324,0 31.303990712401514,-25.41841793693817,0 31.303546185608013,-25.418163280411022,0 31.30299921614096,-25.41777892006104,0 31.30260427436781,-25.4174209674037,0 31.30227821706609,-25.41712474511087,0 31.3018810575648,-25.41658293595367,0 31.30173252823363,-25.416289425116815,0 31.301657899792303,-25.415974467247793,0 31.30165799691906,-25.415619994966733,0 31.301656245039737,-25.415139992616503,0 31.30177396539625,-25.414676571066877,0 31.301903248336316,-25.41427824514483,0 31.302079652154248,-25.413899284324486,0 31.30230293043593,-25.413513942814177,0 31.30260215466575,-25.41315193781162,0 31.30280033736574,-25.412882190660525,0 31.303927962205762,-25.411585351182964,0 31.304191216251695,-25.41116669158953,0 31.30439146559371,-25.410784654188376,0 31.30456518133809,-25.410262659793887,0 31.304664119353674,-25.409925878076763,0 31.304763152697376,-25.40920325392699,0 31.304738185718747,-25.40823084667619,0 31.304664119353674,-25.40773634635525,0 31.304515618800792,-25.407171349977773,0 31.304166525364906,-25.406290751816698,0 31.30391859306866,-25.405770975150347,0 31.303609497880075,-25.40529669518628,0 31.303420339876823,-25.405005198830793,0 31.30314784439753,-25.404598671091776,0 31.302749120075873,-25.403967256183876,0 31.302303027562743,-25.403151819301,0 31.30206275029576,-25.402790878196413,0 31.30145796521299,-25.401888845593703,0 31.300588150822534,-25.400714595402235,0 31.30009009188427,-25.399993661977874,0 31.299859340236424,-25.39957175223452,0 31.299718118796193,-25.39931606868157,0 31.29959431002942,-25.398954034001406,0 31.299517900031105,-25.39852475521326,0 31.299344469371817,-25.398097849735905,0 31.299072062026084,-25.397534285079132,0 31.298823868027114,-25.397104257155718,0 31.298499556309537,-25.396269565787804,0 31.29845596167337,-25.39608544129004,0 31.298227059031603,-25.395432382398496,0 31.298127905178717,-25.395073626646536,0 31.298053492574695,-25.394960595355144,0 31.29792952732589,-25.39471078257651,0 31.297258060211334,-25.393876939269262,0 31.297059683257828,-25.393514064622366,0 31.296933717916772,-25.393199256040816,0 31.296883712013766,-25.392519722906854,0 31.296735498344617,-25.391842593660726,0 31.29658630891106,-25.39150647114667,0 31.296388119016513,-25.39132528923068,0 31.29596480812944,-25.39109878328219,0 31.295691781150822,-25.390829133257853,0 31.295444117751856,-25.390354222869064,0 31.295369685362743,-25.39008410070062,0 31.295070429656676,-25.389270566783182,0 31.294972899979427,-25.388864691052618,0 31.294747623404135,-25.38791535141229,0 31.294648557684866,-25.387736130018368,0 31.294623716611284,-25.387602720988752,0 31.294450180731303,-25.387173539327307,0 31.29442558697133,-25.386856161382696,0 31.294474775390597,-25.38665188307789,0 31.294475028999443,-25.3856379118601,0 31.29440080525302,-25.38545522357964,0 31.294026592853015,-25.385096222312768,0 31.29387843763982,-25.385006907942397,0 31.293704212879163,-25.384754969166465,0 31.293655212418173,-25.384521812731407,0 31.293655212418173,-25.384484720193655,0 31.29365515216358,-25.38443575660483,0 31.29365490485003,-25.384012566226886,0 31.293803561884943,-25.383606098742405,0 31.2940270281249,-25.383131002193977,0 31.294150963696097,-25.3827931260019,0 31.29417565458283,-25.38209425744401,0 31.29412593466418,-25.381775785024388,0 31.29417533982013,-25.380400536355637,0 31.294274966716387,-25.37965537699398,0 31.29435108623369,-25.37942965705298,0 31.294499743268602,-25.378886380202232,0 31.2945265313744,-25.378485814068995,0 31.294573967015026,-25.377758875871393,0 31.29467330882619,-25.37739746981731,0 31.294970968235646,-25.376517282646432,0 31.29509483725701,-25.37604247118304,0 31.295245935951243,-25.37529940814113,0 31.29529496698916,-25.375050286041812,0 31.295419217323058,-25.37466519184511,0 31.295444156422718,-25.374033625851098,0 31.2954191201963,-25.373897970315056,0 31.295369841844774,-25.37362891114526,0 31.29514465430242,-25.373267250583126,0 31.294549589991618,-25.372703506061896,0 31.294351183360448,-25.37231815016247,0 31.294126122622515,-25.37184437831536,0 31.293704526742545,-25.371393449248217,0 31.293256496190395,-25.37109856784457,0 31.292386464164053,-25.37067134760457,0 31.291593247730248,-25.37019775562186,0 31.291392998388233,-25.369949344886322,0 31.2913680898655,-25.36972172287915,0 31.291326337940177,-25.36958915201768,0 31.291243779277067,-25.369496594692066,0 31.290847556869323,-25.36940788016949,0 31.290475493848987,-25.36927313025069,0 31.290275245406292,-25.369067376158455,0 31.289977788344288,-25.368460201577022,0 31.289555900184723,-25.36782525233349,0 31.289256443030467,-25.3675322208353,0 31.289157318855246,-25.367487630649578,0 31.288934025285073,-25.367419780398507,0 31.288388778919057,-25.367353877179653,0 31.28785690007595,-25.36731200564452,0 31.28746937231375,-25.36710622187462,0 31.287120277978488,-25.366788619099452,0 31.287021123226282,-25.366607160192245,0 31.286723307334796,-25.366246786559884,0 31.28650021611213,-25.366066817829335,0 31.286301936285383,-25.36584072377036,0 31.286277124889466,-25.36559284543341,0 31.28635177581384,-25.365342538926996,0 31.28662455637823,-25.36491668925379,0 31.28674834176263,-25.364439720316796,0 31.28674099610015,-25.364316630108362,0 31.286698975277545,-25.363674849614597,0 31.286624369319213,-25.363380005982435,0 31.286550249894162,-25.36274647137253,0 31.28645096833759,-25.362499940220005,0 31.286277245398594,-25.362297376023037,0 31.285878370890146,-25.362069627211497,0 31.284909462002133,-25.36179966242446,0 31.284587373408613,-25.361619910430477,0 31.284089434979478,-25.361190503938587,0 31.28322187518944,-25.360760879810698,0 31.282897651605367,-25.360670907136637,0 31.282153712623767,-25.360580813953334,0 31.281779717859763,-25.360580753698798,0 31.280637152582585,-25.3607609697429,0 31.280042374256197,-25.360829757087572,0 31.2798670262423,-25.360851595324846,0 31.279172253196975,-25.36085113127467,0 31.27897428003905,-25.360829187816705,0 31.278426869004875,-25.360716260846743,0 31.2777302757317,-25.360421972096276,0 31.277234433622255,-25.360174257435972,0 31.276786244789434,-25.35981203389821,0 31.27646987138752,-25.359181038074382,0 31.27631515472069,-25.358571438021386,0 31.276166309727444,-25.35818596970671,0 31.276116621285098,-25.357961755230747,0 31.275868867953932,-25.35726250356163,0 31.275571374019762,-25.356653000635447,0 31.275222467642834,-25.356043753116694,0 31.274949715856735,-25.355365815380026,0 31.274875162958438,-25.35507106887468,0 31.27477246577672,-25.35491437639729,0 31.274627433009698,-25.354688035024765,0 31.2744037428385,-25.354371129224205,0 31.27415421604428,-25.35383125181079,0 31.273984498685707,-25.353211159367447,0 31.273931057372465,-25.353018564155377,0 31.273559151733537,-25.352116531552667,0 31.27345968221863,-25.35184537606324,0 31.273335843774248,-25.351595475150987,0 31.27313759362511,-25.351032913238328,0 31.272515929166843,-25.349902719934505,0 31.27221837407876,-25.349134037905458,0 31.2720199971252,-25.348389724805884,0 31.27172203104692,-25.34782512592875,0 31.271425091095125,-25.347487168797784,0 31.271026060104646,-25.346718755666018,0 31.27097662527109,-25.346561815875077,0 31.270814119576016,-25.34619944394916,0 31.270654274075525,-25.34583916114832,0 31.270032122184716,-25.34473141222486,0 31.26958633723973,-25.343671399315554,0 31.269362842221426,-25.34306294499885,0 31.269189029350287,-25.342541723121997,0 31.269115186916395,-25.342226764353654,0 31.269115150044172,-25.341710754047995,0 31.26918940436758,-25.341368474775265,0 31.269214311990936,-25.341008319678167,0 31.269488875011632,-25.34028631695992,0 31.269662246315647,-25.339968474965076,0 31.27030711957798,-25.33922659633032,0 31.270581682598618,-25.33902056524687,0 31.27164978401038,-25.33841318921725,0 31.272096281218467,-25.338232606249733,0 31.273065063302056,-25.338051820035446,0 31.27485208905273,-25.337917160048846,0 31.275225957012367,-25.337757972852103,0 31.275747118634683,-25.337306847732805,0 31.275895648865173,-25.33703500426202,0 31.275870620732633,-25.336719909696058,0 31.27567215384687,-25.336426534656823,0 31.275399837332657,-25.336134409675196,0 31.27525061822149,-25.33584769231709,0 31.275250587644564,-25.335499975743232,0 31.275300779707266,-25.33536515837534,0 31.27535012460862,-25.33484681882561,0 31.2752510903656,-25.33435128518363,0 31.275052405843894,-25.33373934779263,0 31.274978121842878,-25.33317537934022,0 31.274828992663913,-25.332543101982537,0 31.274680463332743,-25.332204755445048,0 31.274588811624426,-25.3320542853769,0 31.274232273600603,-25.331777474950457,0 31.274034091799933,-25.331730818122708,0 31.273215868817317,-25.331821539932093,0 31.2719721873666,-25.332138851326874,0 31.27142684297445,-25.332205256367445,0 31.27063137283966,-25.332182632122738,0 31.26993699729462,-25.33206997405,0 31.269538655184817,-25.331911752725148,0 31.269191402661136,-25.331686033683468,0 31.268893997759847,-25.3313928681863,0 31.268596495731742,-25.330918002763553,0 31.268497124242913,-25.3306692251046,0 31.268472117694103,-25.33053356776992,0 31.26842281056429,-25.330399125419262,0 31.268422495801588,-25.329667760758525,0 31.26842271343753,-25.328976815227804,0 31.268595994809345,-25.32737347240777,0 31.268670713182928,-25.326923500219323,0 31.268670412809342,-25.325770412874192,0 31.268546686780212,-25.32487002872881,0 31.26839777523719,-25.324282664413374,0 31.268100526817932,-25.323718072730856,0 31.26777780959827,-25.323356502100864,0 31.267181060857297,-25.322904942608943,0 31.26626362376726,-25.32245288219474,0 31.26519537306808,-25.32200131640758,0 31.264499183590488,-25.32175187774692,0 31.263904405264157,-25.321459409224303,0 31.263358318931353,-25.321164625846734,0 31.262587750124624,-25.32062259905365,0 31.262042151224364,-25.320103474395808,0 31.262007402319796,-25.32006559405187,0 31.261933686690327,-25.31998522164065,0 31.261743150925724,-25.31977222620725,0 31.261594305932533,-25.319606598965322,0 31.26122212420171,-25.31906578535768,0 31.26085030759566,-25.318457600837576,0 31.26005718199343,-25.317598038718472,0 31.259633436733793,-25.3171695387432,0 31.259507403943587,-25.31700876424304,0 31.25922598808893,-25.316649627178492,0 31.258889431202363,-25.316220191008938,0 31.25841868467461,-25.315452938901956,0 31.25814365040918,-25.31493434574344,0 31.25794531032784,-25.31434703268934,0 31.257844749035996,-25.31384488543307,0 31.257796525589242,-25.31360259997996,0 31.257823718389943,-25.31303825561099,0 31.25807124599129,-25.31211343508693,0 31.25819546664752,-25.311705911798356,0 31.258294562044455,-25.31093844295475,0 31.258344310741393,-25.310216004964616,0 31.258269593267187,-25.30935806792047,0 31.258208624628367,-25.30900660027436,0 31.258197257197708,-25.307845035919627,0 31.258201180939807,-25.30782688220478,0 31.258247088632288,-25.307598100072198,0 31.258221993050597,-25.30518322162834,0 31.25822230691398,-25.30446088166434,0 31.25839568631193,-25.30335338095375,0 31.258670368942433,-25.302158026371785,0 31.25906724335863,-25.30071234909559,0 31.25934168587014,-25.29965160233951,0 31.259762996665017,-25.29832137732967,0 31.259961748635817,-25.297914879268205,0 31.26003405502769,-25.29770946961628,0 31.260188374194172,-25.297271444021874,0 31.260335744299198,-25.296853878004015,0 31.260534060998168,-25.296355317244036,0 31.260855931955746,-25.29556607041775,0 31.26130430784758,-25.29432431261688,0 31.26170130996752,-25.29337659805151,0 31.26232312461258,-25.291639755370397,0 31.2625955607366,-25.291030005130608,0 31.262677558222776,-25.29080850211062,0 31.26279381088574,-25.290488907337135,0 31.263068590643,-25.290013630924307,0 31.263341656292482,-25.289540719728393,0 31.263564619811405,-25.2892474723929,0 31.264285215090638,-25.288636569222263,0 31.26450871820282,-25.28847780920347,0 31.26540346269968,-25.287847412328176,0 31.266047961844038,-25.28726250316197,0 31.266370402072425,-25.286809663035456,0 31.266543586317482,-25.286426816244557,0 31.266818590905302,-25.28570253644284,0 31.267140905228644,-25.284574440358085,0 31.267289681873365,-25.283896570070624,0 31.267508997742084,-25.28328937390546,0 31.267713247268603,-25.282723224597078,0 31.267936247659748,-25.281956631693163,0 31.26801043363463,-25.2815514754202,0 31.26803537273429,-25.281233969771847,0 31.26808518168582,-25.280850231752765,0 31.268035462666546,-25.280329937976205,0 31.2678618071767,-25.279788563191573,0 31.26753971768386,-25.279225163110766,0 31.26716731831715,-25.27877400111919,0 31.266520999844317,-25.27809594377277,0 31.26591440172831,-25.2775798138573,0 31.265777218244068,-25.277462939762813,0 31.26471093706016,-25.276627627862695,0 31.264064287636813,-25.276290629408948,0 31.263370249337584,-25.276041034266257,0 31.261159687869338,-25.27552278464873,0 31.260283837229338,-25.275311069849977,0 31.25892621707129,-25.27477681679659,0 31.258416865346135,-25.274527409612233,0 31.258231871203918,-25.274437473810337,0 31.25728727908472,-25.273805002199026,0 31.256648808096088,-25.273205003308192,0 31.25634496314956,-25.272811221660504,0 31.25604746921539,-25.272111970890705,0 31.255799805816423,-25.271367815172482,0 31.255750085897773,-25.27114131731787,0 31.255625926395453,-25.270779349187592,0 31.255303905251083,-25.270215851080593,0 31.254844182613,-25.269831715561168,0 31.252225498008386,-25.2684983159445,0 31.251431713203033,-25.26815916001715,0 31.24982617603723,-25.267358507089398,0 31.248879620698006,-25.266396254983135,0 31.24816471812727,-25.26571916440787,0 31.247947123560948,-25.265480472645663,0 31.24776212222423,-25.265273940639815,0 31.247514279860184,-25.264958224642328,0 31.24738806001102,-25.264528976431052,0 31.2473883738744,-25.263784191187426,0 31.247487311889984,-25.263447468825575,0 31.247640156168302,-25.26319562807572,0 31.247859150079762,-25.262835255342736,0 31.248031218266135,-25.262338005794277,0 31.248031031207177,-25.261458657690866,0 31.24795456005495,-25.2611190377134,0 31.247682087058706,-25.260418596241152,0 31.247233905420444,-25.259722070417183,0 31.24663690217136,-25.25909090911813,0 31.24611621898839,-25.258774721875852,0 31.245917714331085,-25.25859347161139,0 31.245791868599895,-25.25841328614422,0 31.24556909213993,-25.25793928227199,0 31.24554171228027,-25.25717113174227,0 31.245616685161963,-25.256788448627958,0 31.24571552515141,-25.256628970050883,0 31.245988561123227,-25.25633556533404,0 31.246335617594752,-25.255749187574907,0 31.246633216749615,-25.25552197116201,0 31.24702952908956,-25.255386442430336,0 31.247309873851634,-25.255375306125416,0 31.247624593400303,-25.255362626583917,0 31.248320932165313,-25.25545284027629,0 31.249116274596474,-25.25572453356034,0 31.249825809113872,-25.255805161379044,0 31.2505395587537,-25.255934930852334,0 31.251018183342524,-25.255921128956913,0 31.251510400284815,-25.2557990351973,0 31.252057212370516,-25.25554190733311,0 31.25337174780799,-25.25459534479927,0 31.254712750293265,-25.253376167176327,0 31.25488830784917,-25.253150163049554,0 31.25501183962473,-25.253016408680253,0 31.25530993340675,-25.252587189247322,0 31.255734875664018,-25.251795284025093,0 31.255805774616874,-25.251661723909365,0 31.256026432274098,-25.25058116059205,0 31.25620208695682,-25.249881849567657,0 31.256350744890995,-25.249475382083176,0 31.25640065186866,-25.24911406596135,0 31.256524841947964,-25.24868647160332,0 31.25657427678152,-25.24819055485017,0 31.256623869895748,-25.247465819092213,0 31.256774624149614,-25.246767690676336,0 31.256749902685897,-25.246203534265646,0 31.256650538391682,-25.24575281384125,0 31.25660068357473,-25.24518760072715,0 31.256427371625932,-25.244397222553744,0 31.256377622928994,-25.244128194860252,0 31.256330150416147,-25.24351800305334,0 31.256255806160596,-25.243225443699203,0 31.25610677410839,-25.242907249170173,0 31.256032371396884,-25.24209644109783,0 31.2560822181199,-25.24108003721392,0 31.256180968177205,-25.24069850792978,0 31.256205936954473,-25.2403809654092,0 31.25633218738062,-25.23968172093464,0 31.256456025825003,-25.239343786286668,0 31.25660459292766,-25.23891497064932,0 31.256629381840526,-25.238689445861212,0 31.256678989343925,-25.238577193382696,0 31.256753400149364,-25.238216948353454,0 31.256753556631395,-25.237629126283082,0 31.256703739585987,-25.23751712741347,0 31.25665624459009,-25.23722321997559,0 31.256457531290096,-25.236658442133376,0 31.256284181569754,-25.236321225144366,0 31.256160403379965,-25.236185755767963,0 31.25588778019693,-25.235799412412916,0 31.25561468486984,-25.235574627766823,0 31.255218028089587,-25.23512243964882,0 31.254597845714045,-25.2344677862593,0 31.253928340920254,-25.233858096274105,0 31.253705211926047,-25.233767726099643,0 31.252886937682092,-25.23300137960996,0 31.25261462116788,-25.232662096878244,0 31.252193280695394,-25.23212138129668,0 31.251523775901603,-25.231489253226414,0 31.250903742813534,-25.230879345605274,0 31.2504821550275,-25.23060784567548,0 31.249835371605172,-25.230338039169112,0 31.24919080591104,-25.230020997570932,0 31.24732927762409,-25.22903052833618,0 31.246734153958073,-25.228533945185404,0 31.246409773892026,-25.228150033597103,0 31.246062433234783,-25.22778966176344,0 31.245690774010086,-25.22745290972398,0 31.24514374518776,-25.2270706618815,0 31.244746780839307,-25.226665594641418,0 31.24424918685054,-25.225944475057418,0 31.243926499308543,-25.22535634631828,0 31.243602463682805,-25.224523781846983,0 31.243404057051634,-25.223709881006187,0 31.243352276786197,-25.22337360111078,0 31.243228123579115,-25.222989129244866,0 31.242705650745222,-25.22197531540843,0 31.24240827732018,-25.221592438040545,0 31.241986778567025,-25.22082503664609,0 31.241786648834818,-25.220329847444475,0 31.241588250297582,-25.219652784748178,0 31.241511562408732,-25.218727694427514,0 31.24146024709279,-25.21791356875616,0 31.241336618190417,-25.21746403183954,0 31.24086321326672,-25.21651734969589,0 31.240640093265768,-25.21626778513013,0 31.240317898552235,-25.21577156890271,0 31.240243780925823,-25.21548121918289,0 31.240216812056303,-25.215004722390006,0 31.240266374593546,-25.214827350901487,0 31.24039043067387,-25.214576940073698,0 31.240710744005696,-25.213899908853648,0 31.2408592436592,-25.21344862725232,0 31.240584996300583,-25.21218750255116,0 31.24018777744402,-25.211396474167884,0 31.24013846222033,-25.211239532578304,0 31.239690152878325,-25.210652910203578,0 31.238646968083174,-25.209592095099083,0 31.238017753816337,-25.20908806825969,0 31.237605872413155,-25.20889456563168,0 31.23690921079151,-25.208265845991946,0 31.236636805244416,-25.20788175633794,0 31.23633912335191,-25.20722740871787,0 31.236289531137004,-25.207023318371398,0 31.236237931635287,-25.206933845720357,0 31.236163902142437,-25.206708537668817,0 31.236138963942096,-25.206234138094942,0 31.236088937354623,-25.20605478270204,0 31.236064155636313,-25.205625256600285,0 31.235963150978705,-25.205060193672978,0 31.235690714854684,-25.20461103896821,0 31.235392935835364,-25.204452413847775,0 31.235367023669255,-25.204445972903272,0 31.235165493692648,-25.20444031886558,0 31.230171969360924,-25.16384303402873,0 31.208698435084784,-25.162391471589103,0 31.197177749153866,-25.156902411816816,0 31.197311249015,-25.155328941777213,0 31.197447848839204,-25.155025965575817,0 31.197453436327066,-25.155013563924797,0 31.20041468439024,-25.148445782646718,0 31.203857529301615,-25.147759188036048,0 31.200569249970954,-25.138181069200925,0 31.18738350434529,-25.127254443937375,0 31.18719655507698,-25.127100005161083,0 31.185430341437154,-25.125631344810643,0 31.17650371487457,-25.11916959360184,0 31.174703156125815,-25.110289506055835,0 31.178061150901442,-25.08322609530802,0 31.179906808852195,-25.068351255605933,0 31.185402152187635,-25.051895250365476,0 31.18992658744213,-25.03834660760981,0 31.190206998754036,-25.037117979011498,0 31.19303977866292,-25.020076683292245,0 31.19544471060499,-25.019115959134183,0 31.199694432651995,-25.018683018306604,0 31.202715779709536,-25.01925902238594,0 31.20377628005133,-25.01946117379407,0 31.207579692848583,-25.01928192362186,0 31.21195146278984,-25.019196143587124,0 31.21508912276488,-25.01918851283955,0 31.22009218080956,-25.019135146170015,0 31.22433812120738,-25.019117988904043,0 31.22499809228816,-25.019119613978944,0 31.22499896912717,-25.019119455698274,0 31.22766287164427,-25.01912539482106,0 31.227851558402733,-25.019144708661315,0 31.227990712301562,-25.019126152050205,0 31.228616436299546,-25.019127521717735,0 31.230585992949273,-25.01893020776282,0 31.23064974678846,-25.018942489804033,0 31.230792810040214,-25.01896924103761,0 31.23089577701853,-25.01898830126902,0 31.231044560857868,-25.01903599141781,0 31.231113251075726,-25.01904933735699,0 31.231387904028622,-25.019102770576353,0 31.231637775263152,-25.01915236279126,0 31.23168736837738,-25.019161897403592,0 31.231796100909378,-25.019182865996413,0 31.231895279043954,-25.019215271267683,0 31.232072685606,-25.01924961637667,0 31.232200434302626,-25.019274397195602,0 31.23230346873015,-25.019295396365408,0 31.23250374774983,-25.019314455697554,0 31.232768875083593,-25.019346860968824,0 31.232868060412727,-25.01933733534969,0 31.233161809569935,-25.019333545606628,0 31.23327052861208,-25.019331642641134,0 31.233373525268007,-25.019327800737358,0 31.23342693600432,-25.019314455697554,0 31.233476529118548,-25.01930493007842,0 31.233594780974386,-25.019280110588568,0 31.233688243917356,-25.019280110588568,0 31.233825592876883,-25.019306840238414,0 31.234006774792874,-25.019322117022057,0 31.23409452434288,-25.019339237415807,0 31.2342204366239,-25.01932589867124,0 31.23427955625658,-25.01933733534969,0 31.2343386821845,-25.01932589867124,0 31.234489369888536,-25.01931636585755,0 31.234626717948743,-25.019320178083717,0 31.23473543609157,-25.019322117022057,0 31.23485750017352,-25.019327800737358,0 31.23490518312775,-25.01933733534969,0 31.234952842699556,-25.019331642641134,0 31.23500818697829,-25.019343087413517,0 31.235067304812333,-25.019352613032595,0 31.23515315229622,-25.019352613032595,0 31.235198902607294,-25.019360206908004,0 31.2352199017771,-25.019354522293327,0 31.23528856141803,-25.019367868232507,0 31.23534768734595,-25.019360206908004,0 31.235410618305423,-25.019373581625473,0 31.235435435996635,-25.019358333620175,0 31.235559394950144,-25.019354522293327,0 31.23575586983759,-25.01932589867124,0 31.235908495580645,-25.019308742304588,0 31.23603055966265,-25.01931448627448,0 31.236108745822037,-25.019304959756028,0 31.236158338036944,-25.019295396365408,0 31.236225088417143,-25.019272516713215,0 31.236284214345062,-25.019259141995747,0 31.236467343293327,-25.019219113171516,0 31.23657609201308,-25.019194332352527,0 31.236629465877172,-25.01918476806253,0 31.23669240403126,-25.019159987243597,0 31.236772529128984,-25.01912376974616,0 31.23687552578491,-25.019077989757363,0 31.237003341031425,-25.019036021095474,0 31.237092999842105,-25.01900551789032,0 31.237234123256258,-25.018967362353862,0 31.237298962577086,-25.01895591758148,0 31.2373829008003,-25.018929212213322,0 31.23744013185666,-25.01892349072648,0 31.237483995390107,-25.01893111517876,0 31.237548873381854,-25.018942579736233,0 31.237598458402204,-25.018929212213322,0 31.237745309598438,-25.01886817702473,0 31.237804436425677,-25.01886055257239,0 31.237827336762223,-25.01884720663321,0 31.237861652193544,-25.018833861593407,0 31.23795893455724,-25.01883001968963,0 31.238067683276995,-25.01880905109681,0 31.238136342917926,-25.018797615317624,0 31.2382145578556,-25.018793803091512,0 31.238288931788816,-25.01878427027782,0 31.238317524833974,-25.01876711211247,0 31.238370937368927,-25.018759457982583,0 31.238462498245724,-25.0187251443499,0 31.238607462664334,-25.01869079924097,0 31.238721903193323,-25.018662175618886,0 31.238802028291047,-25.01862977124688,0 31.238889747264068,-25.018624086632258,0 31.238959185717874,-25.01860845731443,0 31.24251955583287,-25.01881861358811,0 31.24419337132707,-25.018652072635007,0 31.244838964047005,-25.018587854745647,0 31.249300429671166,-25.018358981781546,0 31.250687093434692,-25.017952731933008,0 31.25183917623707,-25.01728710591516,0 31.252508651353253,-25.016636757580272,0 31.253016026368584,-25.014670436691233,0 31.25199368336183,-25.01347838441984,0 31.250517339203896,-25.012705911748355,0 31.249912680925547,-25.01236641857531,0 31.249475867617264,-25.01215851600267,0 31.248730087723402,-25.01153296377521,0 31.248569889688724,-25.009909932996948,0 31.249166901031685,-25.00907644761992,0 31.249607525666818,-25.008799885406347,0 31.250622274798218,-25.008019871919487,0 31.25194218098693,-25.006701996399954,0 31.252817715964852,-25.005452726562055,0 31.25305996364648,-25.005321136860914,0 31.253164840784848,-25.005103700575262,0 31.253296468257474,-25.004863384637474,0 31.253481462399634,-25.004670811908397,0 31.253584496827102,-25.00426074983369,0 31.25379621162591,-25.00368284278892,0 31.25390115531411,-25.00337004059486,0 31.25397931089651,-25.003057276172285,0 31.254030842949078,-25.002408808319785,0 31.254004122292486,-25.002216168141615,0 31.25410905878607,-25.001878568940754,0 31.254063277898013,-25.00127970139704,0 31.253658900437983,-25.00027269542852,0 31.251474931922644,-24.997560623423965,0 31.25210821292376,-24.993790011599685,0 31.254664184204785,-24.990316994433726,0 31.255163933868516,-24.986025708419675,0 31.254305601122667,-24.98340518110416,0 31.254746248240792,-24.98137963626118,0 31.258160492912452,-24.980717882724036,0 31.26191996663323,-24.98055769997785,0 31.267583086590207,-24.981703972260448,0 31.270682619807133,-24.982369604573535,0 31.275599937387256,-24.984227305345826,0 31.279143868794563,-24.98515226076819,0 31.28196683889854,-24.986531239824785,0 31.283538525582514,-24.987326591249143,0 31.28589227800626,-24.98853385375429,0 31.287986594905476,-24.98896871193648,0 31.28821354332041,-24.988840933562187,0 31.290807639560967,-24.987378071141052,0 31.29280471186803,-24.98384784270371,0 31.298345715582343,-24.980914514992833,0 31.303703620026113,-24.980811556108392,0 31.308342434655685,-24.980912635409766,0 31.312513963348806,-24.980048670209896,0 31.31366606233894,-24.97659662073744,0 31.3130518712469,-24.974452905876888,0 31.311949402243158,-24.970157793247495,0 31.315632592769987,-24.966608454216725,0 31.32102671381182,-24.966947977067434,0 31.327046530073346,-24.96908978896255,0 31.333636591155823,-24.971923993397525,0 31.339074590120276,-24.973587121348544,0 31.344373375830685,-24.97688283717315,0 31.349109465629397,-24.97740162458524,0 31.35511782272937,-24.97569082177398,0 31.358041843356432,-24.976648265205256,0 31.35853968375943,-24.976726480142872,0 31.362009257421334,-24.97727771869171,0 31.362696931218466,-24.976899918896095,0 31.36610255588829,-24.975029089820566,0 31.36640583875851,-24.974861231360705,0 31.36967899778756,-24.971184121150202,0 31.372711742852687,-24.96887068263584,0 31.374922432024675,-24.967182757678074,0 31.379277030310732,-24.966612528145617,0 31.38376328574708,-24.967753094229863,0 31.386357337920856,-24.968847795789088,0 31.387827967786563,-24.969469587951096,0 31.390216026648375,-24.971298642618194,0 31.39268040018038,-24.972467780163868,0 31.397427924858903,-24.973015146231944,0 31.39895386932568,-24.973192531210316,0 31.404624590352626,-24.97219123233947,0 31.407405591794657,-24.97110788292241,0 31.41325943457531,-24.970968744312074,0 31.41723636886337,-24.972765371224853,0 31.420406462888025,-24.975342026912983,0 31.42534281012263,-24.980174964702826,0 31.42837365312164,-24.98336193180768,0 31.43212549609484,-24.9861655431053,0 31.433712490139385,-24.986869339948043,0 31.436153968730707,-24.98742813460069,0 31.437967903995627,-24.9868521682929,0 31.44173693481173,-24.986936120005907,0 31.44812677533048,-24.98543701040967,0 31.45229253037604,-24.986280058278,0 31.456944711629205,-24.985990150125303,0 31.466186132384166,-24.985395108297553,0 31.467348932407333,-24.986532791155355,0 31.468622563080885,-24.9868252902549,0 31.470642123834978,-24.986882139099407,0 31.47224740559335,-24.986715875137463,0 31.47321180707928,-24.986741075939847,0 31.474225089416393,-24.986317884662583,0 31.475236415728034,-24.985889467424954,0 31.47617727925808,-24.9856867467459,0 31.476901184042447,-24.98531855620638,0 31.477515899439254,-24.984792323307033,0 31.478237871580575,-24.983229152303466,0 31.478976838210542,-24.98209918293088,0 31.479957438285226,-24.981282525668007,0 31.480774499343738,-24.981298949986524,0 31.481621793810803,-24.9800507737242,0 31.482922153234824,-24.97800718128633,0 31.483264715794064,-24.977470950623854,0 31.484149118986693,-24.97682671408154,0 31.485979903949442,-24.97595160538225,0 31.48743429835423,-24.9754662781462,0 31.488867639629916,-24.975196963568976,0 31.490501688002553,-24.974902518336535,0 31.49125578122937,-24.974543291339785,0 31.49178333883009,-24.97405685613893,0 31.492318528077647,-24.973124575738552,0 31.492337182714834,-24.972513156357024,0 31.492626529690654,-24.97161201498244,0 31.493178973331,-24.970443710208997,0 31.49396858798002,-24.969291791083265,0 31.494574839857023,-24.96858563531879,0 31.495577681964505,-24.96802111917924,0 31.496626805882443,-24.967850525881033,0 31.497577936972277,-24.967773119433843,0 31.49881880984026,-24.96734329295856,0 31.499845999293484,-24.967223529342334,0 31.500262120100786,-24.967100745802725,0 31.500739464055073,-24.967268028696537,0 31.50149112281713,-24.967980917685168,0 31.50267199471682,-24.968905746303108,0 31.503732270228113,-24.969473498203342,0 31.50501896895031,-24.969611139442463,0 31.506673500281863,-24.969084321983814,0 31.507315902207154,-24.968871655702287,0 31.508521149331614,-24.968410353854722,0 31.509077967274436,-24.968309686442808,0 31.510661651813848,-24.968271431980952,0 31.51240131027231,-24.9679247424329,0 31.51349690395898,-24.967685639680496,0 31.51447329430715,-24.967662011792356,0 31.516232656911654,-24.967891873111398,0 31.517450493645413,-24.968108651093303,0 31.5186761499844,-24.968359383878408,0 31.519737938155345,-24.96875123198373,0 31.520857654357314,-24.969511362359412,0 31.521991276776077,-24.970299494026392,0 31.522572119208007,-24.970602814668098,0 31.523708310989832,-24.97098018728576,0 31.52458499979798,-24.971244115823254,0 31.52612832636123,-24.972110701647523,0 31.52779062243934,-24.973247591303277,0 31.52941702387659,-24.974251166358215,0 31.530152904033343,-24.97449849880661,0 31.53059084059487,-24.974463810156692,0 31.530936932093766,-24.97412648075243,0 31.53171319270973,-24.972584248664077,0 31.532241125327744,-24.97152031111341,0 31.532894371278246,-24.970744431810033,0 31.533381998080813,-24.97034403115208,0 31.533839091101243,-24.97010296607897,0 31.534934093033996,-24.97011689567813,0 31.5362381819466,-24.96995422630647,0 31.53727740522811,-24.969998418991793,0 31.5381057446844,-24.970143136996114,0 31.53848809055296,-24.970303791886465,0 31.540164684052968,-24.970984605654962,0 31.54157122193442,-24.9713539203471,0 31.542616557008557,-24.971484312151233,0 31.544263307405743,-24.971043873675796,0 31.544708649884342,-24.97092038686634,0 31.545327312405618,-24.97086593381573,0 31.545921245369243,-24.970576123689114,0 31.547488812258905,-24.96948496276076,0 31.548461368797177,-24.968730997237685,0 31.54912358728376,-24.967794291273492,0 31.54947746601232,-24.96668267076859,0 31.549904370590298,-24.964455618431998,0 31.55026627936536,-24.963158546929378,0 31.5505581489395,-24.962572649408173,0 31.55111252522289,-24.962091778312868,0 31.553599963667466,-24.96119209024272,0 31.556372248880223,-24.958221107018403,0 31.585431593393366,-24.956380810825692,0 31.58436343082775,-24.953769802834074,0 31.584489838635193,-24.95373630398717,0 31.586257499284216,-24.95326817988257,0 31.58742480760884,-24.956253009968407,0 31.62306093381511,-24.953987306568877,0 31.618828438281867,-24.927698179727145,0 31.61736931074512,-24.918934509420012,0 31.612513172245144,-24.891270259814576,0 31.608303592336995,-24.868702150783577,0 31.606890245688362,-24.85611635188809,0 31.604097838144753,-24.83154571166523,0 31.602117998646747,-24.813430853850775,0 31.599373342405897,-24.794101184621923,0 31.609826090601644,-24.750628027961056,0 31.609833706960046,-24.75059556962981,0 31.608448968645064,-24.74052163926217,0 31.60681052528554,-24.73131928955354,0 31.603390580710766,-24.70930235162217,0 31.601378307163202,-24.69885843207095,0 31.599560590249098,-24.692288007685363,0 31.598858649607052,-24.689566417256287,0 31.59810524616023,-24.68672085168589,0 31.597439559887846,-24.683943961944237,0 31.596737649822728,-24.681065963223602,0 31.59587358659678,-24.678289058193457,0 31.595131641412195,-24.67503727335145,0 31.59421797068285,-24.672071516986875,0 31.591042207332066,-24.661049646324102,0 31.58835279734376,-24.65044741641509,0 31.598208437069786,-24.61193504156887,0 31.557061995614674,-24.604191587371815,0 31.54072702832974,-24.60115327010726,0 31.52539918572387,-24.597760271918958,0 31.49978661795808,-24.584377144889288,0 31.448861060089882,-24.55772733774637,0 31.43586790338111,-24.54423564276067,0 31.421863836746695,-24.525251112648675,0 31.449774902589752,-24.50084648277891,0 31.449868343049616,-24.500764485292734,0 31.469907524312873,-24.482983645578713,0 31.386006881112735,-24.48431826017952,0</coordinates></LinearRing></outerBoundaryIs><innerBoundaryIs><LinearRing><coordinates>31.07646454240478,-22.449781419776684,0 31.077534561171092,-22.449129117214966,0 31.07836044367957,-22.448678974155314,0 31.079235920201597,-22.44838523938722,0 31.079892042184042,-22.448204041283418,0 31.080359874908368,-22.448197487923665,0 31.080466682891142,-22.447941895202234,0 31.08056015392799,-22.447814109633384,0 31.080647872901068,-22.44771111297746,0 31.080846242660016,-22.447501329922375,0 31.08097974971571,-22.447365891122956,0 31.081248681181762,-22.4471274466743,0 31.08166640458097,-22.44675554912925,0 31.081963937186003,-22.446494234021657,0 31.082196620577633,-22.446286331449016,0 31.082402621983476,-22.446068894263988,0 31.08257621811805,-22.44590867374626,0 31.08279555736914,-22.44567786184382,0 31.082991993585665,-22.445468078788736,0 31.08321896358433,-22.445254453829932,0 31.08344974670848,-22.445065640267046,0 31.08373015082583,-22.444832955976096,0 31.083962843210713,-22.444617392078953,0 31.084189842886985,-22.444438111329703,0 31.084430150730896,-22.444287425424307,0 31.084676210638634,-22.44414436127323,0 31.084885993693717,-22.44401851644136,0 31.085130121857674,-22.44398798985378,0 31.085408623908904,-22.44396891613252,0 31.085732869076708,-22.44397845704009,0 31.086089557287266,-22.44401277157209,0 31.086501528622705,-22.444052830073986,0 31.086976462393864,-22.444140549946383,0 31.08729118823777,-22.444180608448278,0 31.087600186299596,-22.44421114133104,0 31.087918717175114,-22.444249297766817,0 31.088242932665253,-22.44430652162862,0 31.088481339342366,-22.444323642022425,0 31.088653025316944,-22.44433892689989,0 31.088874281023323,-22.444354174005866,0 31.08911080721805,-22.444371361848823,0 31.0895551838247,-22.444398052827808,0 31.09005299634873,-22.444434270325246,0 31.09054321319877,-22.44446864421252,0 31.090899870832402,-22.444472425861704,0 31.091224124094083,-22.444495327996947,0 31.091472093262553,-22.44449342503151,0 31.091781060747394,-22.44451248526292,0 31.09199852761003,-22.44451820674982,0 31.092172056295396,-22.444510583196802,0 31.092309405254923,-22.44451248526292,0 31.092488685104797,-22.444523921042105,0 31.092807215980258,-22.4445353936934,0 31.09305137382188,-22.4445353936934,0 31.093270713073025,-22.444520108815937,0 31.093518682241438,-22.444520108815937,0 31.093715112162727,-22.444520108815937,0 31.093951623968337,-22.444516327166696,0 31.094203435040527,-22.44451248526292,0 31.094504778972407,-22.44449151577078,0 31.094850031403894,-22.44447051660103,0 31.095208591103642,-22.44446864421252,0 31.09548324405654,-22.44444573488272,0 31.095822745323517,-22.44442857761669,0 31.096208025679914,-22.444398052827808,0 31.096455994848327,-22.444380902756393,0 31.096665777903354,-22.444380902756393,0 31.09693093491478,-22.44436370771888,0 31.09721130935452,-22.444380902756393,0 31.097512653286344,-22.44439423340708,0 31.097716745431512,-22.444398052827808,0 31.09798375144902,-22.444424729417676,0 31.098311807943617,-22.44445529917266,0 31.098494464747773,-22.444466093735173,0 31.097445222119347,-22.444223229118677,0 31.0938522183053,-22.444433868328304,0 31.09082049576932,-22.444435602221233,0 31.08868693155671,-22.444228278811977,0 31.086441009644943,-22.44391675185659,0 31.085318168298897,-22.443917349006426,0 31.08430771702757,-22.444126381127546,0 31.08340985368187,-22.444856594656073,0 31.081726240973296,-22.44600421232451,0 31.080379635711665,-22.447464398363252,0 31.07892022938512,-22.448090623283576,0 31.077685292042645,-22.44850822257638,0 31.076450510282882,-22.44923856380865,0 31.075552303396137,-22.449447488011117,0 31.075000847211356,-22.448731484670247,0 31.07501113725425,-22.44878769229814,0 31.075106510357216,-22.448991776349374,0 31.075178989418873,-22.44930839706484,0 31.075373538857775,-22.44971466220187,0 31.075735933266742,-22.449916844186987,0 31.076027758774103,-22.449916844186987,0 31.07646454240478,-22.449781419776684,0</coordinates></LinearRing></innerBoundaryIs><innerBoundaryIs><LinearRing><coordinates>31.07465286263954,-22.447362899078485,0 31.07484509362621,-22.446468192353166,0 31.07469642490014,-22.44668769797886,0 31.074599149731,-22.446733478866918,0 31.074574353623575,-22.446868896082663,0 31.074477079353755,-22.44704819122103,0 31.07442939639958,-22.447387698783245,0 31.074477079353755,-22.447658540409293,0 31.074622050966923,-22.447927479069847,0 31.074859645556273,-22.448192931058884,0 31.07465286263954,-22.447362899078485,0</coordinates></LinearRing></innerBoundaryIs><innerBoundaryIs><LinearRing><coordinates>31.144593679554703,-22.440228749956816,0 31.143946423988325,-22.440744859187873,0 31.144315182000128,-22.440621488390946,0 31.144725252168712,-22.440310610746053,0 31.14495034168499,-22.43997301334383,0 31.145442402145193,-22.439488517081372,0 31.14577811996429,-22.43918717314949,0 31.14613858982409,-22.438952549020883,0 31.14643522040916,-22.4388358862671,0 31.146164213307827,-22.438872083080128,0 31.145266399424827,-22.4392898856197,0 31.144593679554703,-22.440228749956816,0</coordinates></LinearRing></innerBoundaryIs><innerBoundaryIs><LinearRing><coordinates>31.15458486060288,-22.438447238848937,0 31.154298833924088,-22.43901783800277,0 31.154328781348227,-22.438992614717336,0 31.15446418327548,-22.438878204765274,0 31.15465108667837,-22.438727517960558,0 31.15498680539679,-22.43840515327514,0 31.155223309108464,-22.438229707235166,0 31.155484624216058,-22.438017954664815,0 31.155734465773037,-22.43783105126198,0 31.15598243494145,-22.437657484805015,0 31.156131213384867,-22.437508708160294,0 31.15636961916266,-22.437321774180475,0 31.156567996116166,-22.43717110895949,0 31.156817836773826,-22.436972740099804,0 31.156985712320818,-22.436772452986247,0 31.15706005477773,-22.436661831877984,0 31.157208840415706,-22.436560767865103,0 31.15735952722048,-22.436425328166308,0 31.15765705892619,-22.436312797797314,0 31.157994694999218,-22.4363242335765,0 31.158299872740997,-22.43634520306864,0 31.158616494355783,-22.436450139562226,0 31.15886634400664,-22.436560767865103,0 31.159152462416273,-22.4366866432739,0 31.15931455532251,-22.436747672167314,0 31.159463340061166,-22.436785827703716,0 31.159886748074996,-22.436873546676793,0 31.16018621242381,-22.436909801945774,0 31.160558146841083,-22.43694986134699,0 31.160708841739734,-22.43698420465728,0 31.16105786772647,-22.43706048875049,0 31.16130009382431,-22.437142486236723,0 31.16162627882977,-22.43729508320149,0 31.161895216591006,-22.43742289125339,0 31.162112653775978,-22.437522082877763,0 31.162202274815172,-22.437567833188893,0 31.162314806083486,-22.43762886208225,0 31.162471214375103,-22.437716610732934,0 31.162719184442835,-22.43788636496373,0 31.162930891147766,-22.43803895383462,0 31.163165492793325,-22.438183896669443,0 31.16337530642528,-22.438307893394494,0 31.163420384942867,-22.438336756236254,0 31.162443424424566,-22.437501278860907,0 31.15997219356194,-22.43656548301061,0 31.158736772384202,-22.43625394886061,0 31.157950568863725,-22.43604622615237,0 31.156491762384974,-22.436777392062936,0 31.155481943337065,-22.437403878685984,0 31.15458486060288,-22.438447238848937,0</coordinates></LinearRing></innerBoundaryIs><innerBoundaryIs><LinearRing><coordinates>31.170977235211296,-22.437909469446424,0 31.171427249667886,-22.43863873598883,0 31.17154081605588,-22.43968111858868,0 31.171092575062346,-22.44041134470774,0 31.17041951884579,-22.440933307625983,0 31.16963341425071,-22.440829885590688,0 31.168734901594462,-22.440622328357733,0 31.167724106782146,-22.440414877244734,0 31.166713435176916,-22.44031167734198,0 31.16559037079901,-22.440104327852396,0 31.164804019789756,-22.439792381812936,0 31.163904546657534,-22.438750794213718,0 31.163713137651257,-22.438587107708827,0 31.163756774555566,-22.43863404782303,0 31.163871215084555,-22.438754208939542,0 31.16395134018228,-22.438906797810432,0 31.1640161498255,-22.439036516022327,0 31.16405621732065,-22.439215803966135,0 31.164081027817247,-22.43943323305723,0 31.16409437285705,-22.43953810929628,0 31.164130620032154,-22.43965448876361,0 31.16418402537255,-22.43988527098844,0 31.16433853069867,-22.440096956109585,0 31.16460362026089,-22.44023048564833,0 31.16493743691325,-22.440354467084944,0 31.165231186969777,-22.440402141945242,0 31.165450533415424,-22.440449832094032,0 31.165572589403553,-22.44044029928034,0 31.16578237155926,-22.440478454816798,0 31.166190562144777,-22.44051277024812,0 31.166415622882766,-22.440537580744717,0 31.166922997898098,-22.440583361632775,0 31.16720715398702,-22.440608143351085,0 31.16739984003067,-22.440625330294722,0 31.167750776177456,-22.44065011111371,0 31.16797580633846,-22.44070923704163,0 31.1681112460372,-22.440714989105402,0 31.168254278712027,-22.440787452878624,0 31.16854424711937,-22.440878984077813,0 31.168744503655944,-22.440936237617223,0 31.16891615185898,-22.44098770222064,0 31.169055403783887,-22.44103539326875,0 31.169166023992886,-22.441071608967547,0 31.169591371844376,-22.441115518366416,0 31.169885092223296,-22.441119329693265,0 31.170161654436868,-22.441115518366416,0 31.170466840272525,-22.441012483938948,0 31.170730026869307,-22.440903802668288,0 31.171006619659806,-22.44069589200177,0 31.17121449255484,-22.440545234874662,0 31.171328962761493,-22.440383081713833,0 31.171433839000542,-22.44023048564833,0 31.171576931929906,-22.43995583269549,0 31.171670373289146,-22.43980326630765,0 31.171708529724924,-22.439318770045134,0 31.171613149427344,-22.439044139575344,0 31.17154830920714,-22.438834326842652,0 31.17147199633564,-22.438679827811768,0 31.171414779668396,-22.438500547961894,0 31.1713079707863,-22.438267863670944,0 31.171294617652507,-22.438134334132144,0 31.170937930341267,-22.437283639328427,0 31.1709341181151,-22.436932672604712,0 31.170951305958056,-22.43680870016135,0 31.170937930341267,-22.436236484925814,0 31.170903615809266,-22.436038144844474,0 31.170799321431616,-22.435896349636778,0 31.170638476784347,-22.436346069115757,0 31.17086418683283,-22.437284076398953,0 31.170977235211296,-22.437909469446424,0</coordinates></LinearRing></innerBoundaryIs><innerBoundaryIs><LinearRing><coordinates>31.15332930900047,-22.441269986820373,0 31.1533979686414,-22.44097245511466,0 31.153460898701553,-22.440795083626142,0 31.15349905603665,-22.440621488390946,0 31.15351250000191,-22.44046755863087,0 31.15267973498186,-22.44178505913311,0 31.15189453420544,-22.442515552350812,0 31.151109112195797,-22.443037542248703,0 31.150323343947207,-22.44324677581801,0 31.14941503497596,-22.443078992901178,0 31.149426869154752,-22.443087702835157,0 31.149663403443355,-22.443236487573813,0 31.14993612375315,-22.443310892083957,0 31.150161214168747,-22.44337379876174,0 31.150409153659552,-22.443360484298864,0 31.15075821831715,-22.443247924252262,0 31.15144296302236,-22.443087702835157,0 31.15165465623744,-22.442938926190436,0 31.15209715326108,-22.442650928197736,0 31.152381368705278,-22.442349584265855,0 31.15253393599238,-22.442200798627937,0 31.152770462187107,-22.441990985895245,0 31.153016498712475,-22.441685800059588,0 31.153205342852345,-22.441468363773936,0 31.15332930900047,-22.441269986820373,0</coordinates></LinearRing></innerBoundaryIs><innerBoundaryIs><LinearRing><coordinates>31.136605681706897,-22.44389642178237,0 31.13685552416314,-22.443659926164628,0 31.137103494230928,-22.44332610861295,0 31.137278961854634,-22.443186896258226,0 31.137639462291418,-22.442912204634467,0 31.13798849637209,-22.44273867684842,0 31.138107905655374,-22.442694208071202,0 31.13763474624659,-22.442841096139603,0 31.136064082091764,-22.44419767488273,0 31.135166499334503,-22.444928186086884,0 31.134380795837103,-22.445241589028058,0 31.133706976995427,-22.445137891800243,0 31.1325839117182,-22.444930328271994,0 31.131573625922158,-22.44524390118505,0 31.130226487362563,-22.44555774839131,0 31.12876723571941,-22.44608016186993,0 31.12742008007268,-22.446393982995858,0 31.126184913403108,-22.446394960558962,0 31.124949467044303,-22.44608316110896,0 31.123826320828073,-22.445771277122674,0 31.12304012630085,-22.445563382643968,0 31.122478598608495,-22.445459560410313,0 31.12191068393099,-22.445811687259493,0 31.12213649470351,-22.445744641002364,0 31.122355842048535,-22.445685515074445,0 31.12268583928011,-22.44562448708035,0 31.123084495253295,-22.445654990285504,0 31.123301932438267,-22.445685515074445,0 31.123589930431024,-22.445725543898675,0 31.12381308910284,-22.4457694532976,0 31.123921807245665,-22.445843834425375,0 31.124070591984264,-22.44594301885519,0 31.12418309177633,-22.44602696337364,0 31.1243757769206,-22.446135680617147,0 31.124497841002608,-22.446204296191297,0 31.124843055662552,-22.446314954171726,0 31.12510052886637,-22.446410296697763,0 31.12529318523235,-22.446480859304188,0 31.1254457812978,-22.446522827066758,0 31.12565940625666,-22.44651901484059,0 31.125893999808284,-22.446517112774472,0 31.126046559001566,-22.446517112774472,0 31.126313618079053,-22.446623959428166,0 31.12649290602286,-22.446675424031525,0 31.1266664940635,-22.446688769071386,0 31.126876277118527,-22.446711640629644,0 31.126990716748253,-22.44670785898046,0 31.12719102634486,-22.446698333361326,0 31.127561029917672,-22.446671611805414,0 31.127801337761582,-22.446623959428166,0 31.128072185682868,-22.446560984401856,0 31.12831633722925,-22.446492302277875,0 31.128535682775578,-22.446427477346163,0 31.129002999289014,-22.44624436188775,0 31.129311966773912,-22.446137583582583,0 31.12995284075106,-22.445834278229313,0 31.130172187196706,-22.445750363388527,0 31.130328596387642,-22.4456950487874,0 31.130759656732835,-22.44554627214268,0 31.131030498358882,-22.44548907795854,0 31.131137307240976,-22.445458515398116,0 31.131303257339482,-22.44542039583456,0 31.13156836938481,-22.44538414236422,0 31.13174765642924,-22.44537651791194,0 31.131963182554898,-22.44535933006898,0 31.132127216198114,-22.445355548419798,0 31.13261171066199,-22.445353646353624,0 31.13296643655184,-22.44538414236422,0 31.133405130342567,-22.4454070507947,0 31.133822837553964,-22.44538605072563,0 31.134267275314528,-22.445326924797712,0 31.134393150723383,-22.445309798108667,0 31.134776529912983,-22.445279234648922,0 31.13502446940379,-22.44520295864959,0 31.13536018092765,-22.44493020866213,0 31.135634811397495,-22.444779521857413,0 31.135896156182696,-22.444605956299824,0 31.13620702573371,-22.44425883058051,0 31.136605681706897,-22.44389642178237,0</coordinates></LinearRing></innerBoundaryIs><innerBoundaryIs><LinearRing><coordinates>31.12101923275145,-22.445877662424152,0 31.11899743628271,-22.445149411216335,0 31.116413717319233,-22.443796034959007,0 31.114736221799262,-22.442960866950386,0 31.113276347825263,-22.442753397850993,0 31.112153580223605,-22.442858434169352,0 31.11136791899429,-22.443275971408923,0 31.110245815991675,-22.44421499492603,0 31.108786910587526,-22.4452584953832,0 31.10766420773706,-22.445467743341624,0 31.10350958719772,-22.44547046199216,0 31.102274288327806,-22.445262751874452,0 31.099691315801635,-22.44474311370368,0 31.098768085278948,-22.444529425792325,0 31.098826807411285,-22.444546830371905,0 31.099078587906547,-22.444611676887348,0 31.09937611961226,-22.44469751717662,0 31.09956493407452,-22.444771890210518,0 31.099715650556902,-22.444831016138437,0 31.0999425908779,-22.444928299401454,0 31.10020008656477,-22.444996958143065,0 31.10042327491425,-22.44506942191623,0 31.100663590852093,-22.445149547913275,0 31.101357869270316,-22.445275423322073,0 31.101781277284147,-22.445353646353624,0 31.102591936069018,-22.445492859607725,0 31.102971494938572,-22.44555963966559,0 31.103333874059103,-22.445609239974374,0 31.103648593607772,-22.44568361300827,0 31.10389271367785,-22.445708424404245,0 31.10406821187854,-22.445716018279597,0 31.10421699661714,-22.44571033366492,0 31.104424870411492,-22.445702673239737,0 31.104792994401237,-22.445689327300556,0 31.10513634296791,-22.445675951683768,0 31.10546055935737,-22.445654990285504,0 31.105695182586658,-22.44565883218928,0 31.10589161970256,-22.44566451590464,0 31.106175836945397,-22.445668365902293,0 31.106494367820858,-22.4456416452457,0 31.106664122051654,-22.445719860183374,0 31.106812869018768,-22.445719860183374,0 31.10706659025101,-22.445717928439592,0 31.10738509234818,-22.445698890691233,0 31.107680705799964,-22.445634020793364,0 31.107951592392112,-22.44557298470545,0 31.1081537438003,-22.445519581163694,0 31.108367368759104,-22.44544139500431,0 31.1085371229899,-22.445380359815715,0 31.10868590682918,-22.445346014706786,0 31.108876653035168,-22.4452964233912,0 31.10913983963195,-22.44519914012818,0 31.1093515562294,-22.445094234211467,0 31.109580434589418,-22.444935922954414,0 31.109855118119242,-22.4447699881444,0 31.11007824711345,-22.444584985908307,0 31.11023088095044,-22.44442857761669,0 31.110431123097896,-22.444260734445265,0 31.110675243167975,-22.444049018747194,0 31.110793524701478,-22.44393838324976,0 31.110955624802273,-22.44380870280935,0 31.1110643429451,-22.443713329706384,0 31.111295154847596,-22.443537832405013,0 31.11145727833076,-22.443390986604697,0 31.111609881590823,-22.443223141634633,0 31.111850183139495,-22.44309723744749,0 31.112090528754948,-22.44298660914467,0 31.112290807774627,-22.442929391578105,0 31.1125082449596,-22.44286261331888,0 31.11278861939934,-22.442813020204653,0 31.113089971425097,-22.442803517068626,0 31.113336030433516,-22.442818764174604,0 31.113534400192464,-22.442839733666744,0 31.113812871666767,-22.442940836350488,0 31.11402268529872,-22.443009487897484,0 31.114201965148652,-22.443070515891577,0 31.11437740309475,-22.443133483723273,0 31.114655935722908,-22.443225051794684,0 31.11479131516711,-22.44334139438979,0 31.115001119805868,-22.443358551655763,0 31.115170874036664,-22.443476789122485,0 31.115313975059962,-22.443555019348594,0 31.115703060447913,-22.443717112254888,0 31.11590902408227,-22.44381823562304,0 31.116118836814906,-22.44392311276141,0 31.11634580681357,-22.444022298090545,0 31.116597588208208,-22.44415773689002,0 31.117034371838827,-22.44437707614111,0 31.117312836118572,-22.444510583196802,0 31.117488311836155,-22.444584985908307,0 31.118003311303823,-22.44487108273421,0 31.118327555572307,-22.44500461227301,0 31.118745279870836,-22.4451686153393,0 31.119094305857573,-22.445351744287507,0 31.119422371345422,-22.445468078788736,0 31.119662716960875,-22.445542451822632,0 31.11986677762974,-22.445628268729592,0 31.120120461989757,-22.445759926779147,0 31.12037796487124,-22.445899140033248,0 31.120648805597966,-22.446000234623057,0 31.120845242713813,-22.446017391889086,0 31.121032147016024,-22.44602311427525,0 31.121306836841086,-22.446007859075394,0 31.121459404128245,-22.446004046849225,0 31.121652059594908,-22.44593920662902,0 31.121774342212177,-22.445877087757367,0 31.12101923275145,-22.445877662424152,0</coordinates></LinearRing></innerBoundaryIs><innerBoundaryIs><LinearRing><coordinates>31.140120070384967,-22.442025482989607,0 31.13977939100613,-22.442144431820054,0 31.139968342165332,-22.442088269158262,0 31.140120070384967,-22.442025482989607,0</coordinates></LinearRing></innerBoundaryIs><innerBoundaryIs><LinearRing><coordinates>31.257548742580468,-22.429640890314772,0 31.257682243340923,-22.429608455365894,0 31.25784246385865,-22.429608455365894,0 31.25809230541563,-22.429528359046515,0 31.25839371679666,-22.42942539296746,0 31.258571087385803,-22.429385333566245,0 31.258933465607015,-22.429278518388855,0 31.259244373828835,-22.429247984606775,0 31.25961058765853,-22.42917933305972,0 31.260219026686798,-22.429043894260246,0 31.260476529568223,-22.429007676762808,0 31.26079887266991,-22.42894088231583,0 31.261016280177216,-22.42882073468911,0 31.261153621942128,-22.42864713855454,0 31.26137681029161,-22.42848504744694,0 31.26160949368324,-22.428301955370898,0 31.262135899252428,-22.427941425256506,0 31.262355244798755,-22.427794580355567,0 31.262734811762186,-22.42755427161228,0 31.26300184835668,-22.42733682813207,0 31.263375716316318,-22.427123203173267,0 31.263867775877202,-22.427001146285818,0 31.264117655205666,-22.427001146285818,0 31.264687968375085,-22.426961079690045,0 31.265014093125956,-22.427014453554136,0 31.265626366863387,-22.42712701539938,0 31.265859058348894,-22.427193763980995,0 31.266103216190515,-22.427266266425022,0 31.266276744875938,-22.427323451615962,0 31.266709745958053,-22.42747417619222,0 31.267036775426902,-22.42757269512373,0 31.26567835307361,-22.426874860786143,0 31.264242292248014,-22.42654399930609,0 31.26298629278324,-22.426546051559,0 31.261731847346937,-22.42738113682998,0 31.259759976741577,-22.42838398163542,0 31.258684024248396,-22.4287189278362,0 31.25671027316065,-22.428722079959982,0 31.255095390240115,-22.428724641229167,0 31.253120129190677,-22.42789468928845,0 31.252664198094294,-22.42755718091911,0 31.25268499581597,-22.427594331013495,0 31.252799436344958,-22.427794580355567,0 31.252904342261616,-22.428000551184425,0 31.252993992978418,-22.428124547010214,0 31.253117974415034,-22.42829051869245,0 31.25328390203049,-22.428471708702375,0 31.25357381018324,-22.42865480077836,0 31.253917151555356,-22.428797864030173,0 31.254113619248187,-22.42893136299199,0 31.254308155197236,-22.42901145931137,0 31.254685812000673,-22.429150702243078,0 31.2549223381954,-22.429206045622436,0 31.255216020802777,-22.429270856165033,0 31.255593684800772,-22.42933954638289,0 31.255772995227574,-22.42938148356859,0 31.255999966125614,-22.429421551063683,0 31.25620596663208,-22.42948257905772,0 31.2566523055595,-22.429587484974434,0 31.256858277287733,-22.429600830913557,0 31.256982243435857,-22.429619928017246,0 31.257197807333,-22.429627558764764,0 31.25741905584482,-22.429638988248655,0 31.257548742580468,-22.429640890314772,0</coordinates></LinearRing></innerBoundaryIs><innerBoundaryIs><LinearRing><coordinates>31.168757842400566,-22.4337112039089,0 31.168647486592306,-22.4336857261153,0 31.168804281592372,-22.433778142247434,0 31.168757842400566,-22.4337112039089,0</coordinates></LinearRing></innerBoundaryIs><innerBoundaryIs><LinearRing><coordinates>31.16840115418995,-22.433518518764572,0 31.168223789896047,-22.433422027804284,0 31.168389507070174,-22.43353366964311,0 31.16859162700206,-22.43365280193524,0 31.16840115418995,-22.433518518764572,0</coordinates></LinearRing></innerBoundaryIs><innerBoundaryIs><LinearRing><coordinates>31.16704696404622,-22.43261635935744,0 31.166697900287943,-22.432309301133273,0 31.16640799932975,-22.43209754856298,0 31.166085685905728,-22.43180192611794,0 31.16594051464307,-22.431673495735197,0 31.16614209857903,-22.43197223972703,0 31.16710074890051,-22.432662973017727,0 31.16704696404622,-22.43261635935744,0</coordinates></LinearRing></innerBoundaryIs><innerBoundaryIs><LinearRing><coordinates>31.07764938571063,-22.436839419203807,0 31.077465816094616,-22.436413943648517,0 31.076336024787793,-22.435366021224866,0 31.075529129665654,-22.434767275089655,0 31.074571983910005,-22.434767722052698,0 31.074829940049767,-22.43480873743323,0 31.075608139604014,-22.435037616692625,0 31.076142199303092,-22.435285572371242,0 31.076966172550897,-22.43600845912306,0 31.077500231350655,-22.436685564986817,0 31.07764938571063,-22.436839419203807,0</coordinates></LinearRing></innerBoundaryIs><innerBoundaryIs><LinearRing><coordinates>31.165579732718527,-22.431138818201873,0 31.16591266084066,-22.431632216853302,0 31.16570990059148,-22.431313670689292,0 31.165616429554632,-22.431008484853635,0 31.16557828121273,-22.43087304605416,0 31.165568777177384,-22.43037333326265,0 31.165585935342676,-22.43024935902065,0 31.165751869253427,-22.42952645698034,0 31.16588730895222,-22.429421551063683,0 31.166140961835993,-22.429236548827646,0 31.166419435108878,-22.42905917104389,0 31.16662733768152,-22.428979045946164,0 31.167102277747972,-22.428870327803338,0 31.167340684425085,-22.42874064016837,0 31.167529526766316,-22.42864907209696,0 31.167872840259406,-22.428465956638547,0 31.168395462380715,-22.428216115081625,0 31.16906493659758,-22.42810167455258,0 31.169246119412946,-22.4280692396037,0 31.16978399673411,-22.42799867070204,0 31.17000527582286,-22.427958612200143,0 31.170150210563804,-22.427941425256506,0 31.17064803028245,-22.42795670293947,0 31.17094178033892,-22.42795670293947,0 31.171452936104174,-22.4279528907133,0 31.171716130794834,-22.42796623575316,0 31.171969807060975,-22.427954799973975,0 31.17264883837322,-22.42793951509651,0 31.17283574986999,-22.42793192122116,0 31.173446090964376,-22.427903297599073,0 31.173715029624987,-22.427992957309073,0 31.173949653753596,-22.428103578417392,0 31.17451993724535,-22.428452611598686,0 31.174653465884774,-22.428548015278636,0 31.175033025653647,-22.428729204389242,0 31.175374436181357,-22.428908484239116,0 31.175660524913326,-22.429013361377486,0 31.176228935117308,-22.429280389878045,0 31.176515023849333,-22.42940245396005,0 31.17696899442359,-22.429677143785113,0 31.17760796723394,-22.4299727887132,0 31.178042810127636,-22.430169204245317,0 31.1781381832306,-22.43020357903191,0 31.178346093897176,-22.430243615050756,0 31.17851202780787,-22.430285583712646,0 31.178981239192865,-22.430466765628694,0 31.179154811945068,-22.4305392671734,0 31.179295936258484,-22.430583115418415,0 31.179557281043742,-22.430710922570995,0 31.17985671481557,-22.43072426940944,0 31.179984530062086,-22.430758613619105,0 31.18069402680794,-22.430762424945897,0 31.180957243981652,-22.43071283273099,0 31.181155591257607,-22.430668954808368,0 31.181397838939176,-22.430632707633322,0 31.181823209273716,-22.430503019998355,0 31.181920469154363,-22.430462954301845,0 31.18222752737853,-22.430371423102656,0 31.18248312009996,-22.430260801994393,0 31.18275205876057,-22.430152083851567,0 31.18286649928956,-22.43007958320618,0 31.1833567161396,-22.429911767913723,0 31.18361036992269,-22.42979348638022,0 31.18387739932257,-22.429690489724294,0 31.18414253295157,-22.429597025882003,0 31.184390503019358,-22.429532171272626,0 31.184602180945944,-22.42947308311625,0 31.18476240056441,-22.429438708329656,0 31.185054210783278,-22.429265171550355,0 31.185359404712813,-22.42910492225434,0 31.185632154700215,-22.428977143880047,0 31.18605748816259,-22.42877879660415,0 31.186427528607624,-22.428496490420628,0 31.18663731076333,-22.428345802716592,0 31.187465119619617,-22.427922394702705,0 31.187665398639297,-22.4277240177492,0 31.187846588649222,-22.427378788700082,0 31.188395901749516,-22.427010671904952,0 31.188813617954168,-22.42690573631063,0 31.18951743817928,-22.426926765158044,0 31.189769181802376,-22.427020205617964,0 31.189910342988014,-22.427113646977205,0 31.19007818705876,-22.42726433378192,0 31.19028227830455,-22.427407397033676,0 31.19060843273303,-22.427521828569468,0 31.19127218726169,-22.427783143677118,0 31.191539215762248,-22.427914772049064,0 31.19163840109138,-22.42797388988305,0 31.19178905821849,-22.428036828037136,0 31.191962654353063,-22.428097863225787,0 31.192159121146574,-22.428143651308403,0 31.192483335737393,-22.428218009953127,0 31.19284768527251,-22.428330548416056,0 31.19304409271075,-22.428401139800712,0 31.1932710932864,-22.428467858704664,0 31.193494243864336,-22.42855751841472,0 31.193721244439928,-22.42863383128622,0 31.193877623053936,-22.428700580767156,0 31.194018745568712,-22.42874064016837,0 31.194211431612302,-22.428797864030173,0 31.194583337251288,-22.4289008606861,0 31.19470349926712,-22.428944708931112,0 31.19498387280754,-22.42901145931137,0 31.19529667590092,-22.429030548321123,0 31.19553702871093,-22.42899430114602,0 31.19570677484785,-22.428977143880047,0 31.19601765339206,-22.428877958550913,0 31.1964048726868,-22.428815021296145,0 31.196551717587738,-22.428794014032462,0 31.196814966237753,-22.428748270915946,0 31.19700183906366,-22.42871392670628,0 31.197398593870048,-22.428626169961717,0 31.19773240332779,-22.428574675680693,0 31.19808712112382,-22.42851745181889,0 31.19831412080009,-22.428496490420628,0 31.198710837834938,-22.428465956638547,0 31.19892065056763,-22.428431642106545,0 31.199187687162066,-22.428364892625666,0 31.199643559802496,-22.42825045299594,0 31.1998629062482,-22.428185583098127,0 31.20009940276526,-22.428097863225787,0 31.200343530029954,-22.42802158003184,0 31.200580057124,-22.427861329836446,0 31.200972961033358,-22.427563798130734,0 31.20119230837838,-22.427313925996827,0 31.20131249917256,-22.42707361005904,0 31.20143833770919,-22.426875233105477,0 31.201652000439537,-22.42652429695869,0 31.20184652829471,-22.42625726755881,0 31.201993402873313,-22.426087521421948,0 31.202220380066535,-22.425892986372162,0 31.20248356036808,-22.425850988032607,0 31.20263427685046,-22.425847175806496,0 31.20284024767932,-22.425892986372162,0 31.203156862099547,-22.426039800696174,0 31.203488746108803,-22.42623435912833,0 31.203626087873715,-22.42636408363552,0 31.203835870928742,-22.426564332977534,0 31.204013278390164,-22.426743643404393,0 31.204173498907892,-22.42690767614829,0 31.20439283815898,-22.427144171766088,0 31.204595027338712,-22.427300580957024,0 31.204818185111208,-22.42747417619222,0 31.204944061419326,-22.427561896064617,0 31.205090906320322,-22.42766489182128,0 31.20524733709499,-22.427729740135362,0 31.205575401683518,-22.42792621502275,0 31.205705089318485,-22.428034933165577,0 31.205808122846634,-22.428151267666806,0 31.20590727759884,-22.42833435974285,0 31.206103715614063,-22.428458333085587,0 31.206347872556307,-22.428534646856406,0 31.2065328747924,-22.42859186262433,0 31.206691186049454,-22.428677702014284,0 31.207236686923636,-22.42890464233534,0 31.20738165314083,-22.428887514746975,0 31.20757811993434,-22.428870327803338,0 31.207759309944265,-22.42884745624508,0 31.20808549494967,-22.42882073468911,0 31.208329622214364,-22.42881311113615,0 31.2084860314053,-22.42878639137882,0 31.20859853119731,-22.428750173881383,0 31.208791217240957,-22.428656702844535,0 31.2088999048068,-22.428582328911318,0 31.20906202829002,-22.428424018553585,0 31.209180309823466,-22.428321021897602,0 31.209323335303736,-22.428197017977936,0 31.209409181888304,-22.428113119324962,0 31.209527404066478,-22.428057796629957,0 31.20963421294863,-22.42802536168108,0 31.20987836989093,-22.427922394702705,0 31.21001953107657,-22.427876614713966,0 31.210137775737792,-22.427828924565176,0 31.210420060337583,-22.427691582800264,0 31.21051543344055,-22.427643923228402,0 31.210633685296386,-22.42759048910972,0 31.21078437210116,-22.4275313631818,0 31.210946493785684,-22.42746270264155,0 31.21106855786769,-22.427392112156213,0 31.211245935651448,-22.427373051924747,0 31.211419522792767,-22.427342548719594,0 31.21159309014905,-22.42729104724401,0 31.211720867623967,-22.427256739906568,0 31.211902057633893,-22.4271479839922,0 31.212190094297455,-22.427004920740444,0 31.212294993019555,-22.42693820903105,0 31.212438025694382,-22.426806580659104,0 31.212552495901036,-22.426650173266864,0 31.212655462879354,-22.426482328296743,0 31.212769903408343,-22.426217209056915,0 31.21271080715809,-22.42582810927979,0 31.21267646204916,-22.4257117361077,0 31.212644034294783,-22.425591582185746,0 31.2125868113323,-22.42539895729601,0 31.212533405991962,-22.425313109812123,0 31.212424679755202,-22.425126175832304,0 31.212274037916586,-22.424962173665335,0 31.21225684377839,-22.424819148185122,0 31.2122473109647,-22.42458642612263,0 31.21224350593309,-22.424412859665722,0 31.21216146258149,-22.42419923470686,0 31.211995559247725,-22.423922642815683,0 31.211982182731617,-22.423733858930404,0 31.211989807183897,-22.423342833704794,0 31.212052745337985,-22.423138764941996,0 31.212134786890942,-22.42299189036339,0 31.212159561414694,-22.42283167704022,0 31.21220724436887,-22.422709613857535,0 31.212321691193154,-22.422614232660692,0 31.212460905346575,-22.42253601772302,0 31.21267071807921,-22.422385338112804,0 31.212945400709714,-22.42223083188736,0 31.21320861788348,-22.422141202754233,0 31.213399340707042,-22.422099234991663,0 31.213555749897978,-22.4220649267549,0 31.2137503002362,-22.422108767805355,0 31.214021117580558,-22.422276619969978,0 31.214124152907402,-22.422309046824978,0 31.214293907138142,-22.422362459359988,0 31.214454119561992,-22.422419675127855,0 31.214627686018957,-22.422429208840867,0 31.214780274889847,-22.422465456015914,0 31.215007215210846,-22.422505515417186,0 31.215302875427426,-22.422564641345105,0 31.215529830137598,-22.422598963071664,0 31.215691968009992,-22.422631390825984,0 31.215815963835723,-22.422640923639676,0 31.21594946279754,-22.42264283379967,0 31.216180245022315,-22.42263330008666,0 31.216390057755007,-22.422619955046855,0 31.21659605916085,-22.422602796881506,0 31.21678109107455,-22.422579857874098,0 31.216948935145297,-22.42257608431879,0 31.21707862997482,-22.422598963071664,0 31.217311307071213,-22.42263330008666,0 31.217528744256185,-22.422665705357986,0 31.217822463735786,-22.422709613857535,0 31.218131461797554,-22.422755364168665,0 31.218333650977286,-22.422772551112303,0 31.218486247042733,-22.42279542267056,0 31.21853584015696,-22.422804956383573,0 31.218673151344888,-22.42282401571572,0 31.21886009162,-22.422839300593182,0 31.219211035860667,-22.42285454859848,0 31.219323559035047,-22.422883172220565,0 31.21949715516962,-22.42292320823941,0 31.219754649957167,-22.422963266741306,0 31.220284874047763,-22.42305101629131,0 31.22038520241523,-22.42307038499024,0 31.22027642401781,-22.422944503286146,0 31.219557942145343,-22.422445646649237,0 31.218481405092803,-22.42244710894687,0 31.217225168206994,-22.422282188572126,0 31.21525125344266,-22.422118223277323,0 31.213995031845286,-22.42195328491613,0 31.212738564733,-22.42162171926691,0 31.211842205953076,-22.422122727981446,0 31.21148461212522,-22.42295624393546,0 31.212025422135582,-22.42462164986921,0 31.212386310180136,-22.42595405303706,0 31.212387321018127,-22.426620495639327,0 31.21113181438176,-22.42695536090116,0 31.209339013184945,-22.42795736034384,0 31.207545455658305,-22.428459512996085,0 31.20664828389124,-22.428460656034417,0 31.20539129067555,-22.42779581512474,0 31.20449315663393,-22.427130514661485,0 31.20377397598827,-22.426131756375412,0 31.202876105447956,-22.425633058918493,0 31.202158148779574,-22.425467346240964,0 31.201440923260066,-22.42580146596481,0 31.20108326288232,-22.426634963033052,0 31.200188029154276,-22.427968960698934,0 31.19785565811219,-22.42813844873035,0 31.194318774691737,-22.428709041588945,0 31.1936445529538,-22.428292853332493,0 31.192408852086885,-22.427773068572208,0 31.190948597699673,-22.42725355180994,0 31.190162263777495,-22.426941731675527,0 31.189488066321246,-22.426525522734664,0 31.188926571004515,-22.426421928928846,0 31.188365503765056,-22.42663108785439,0 31.1883060549805,-22.42668642134123,0 31.187916983981665,-22.427048610704787,0 31.187019506445097,-22.4275709117681,0 31.185785900099233,-22.428614832208723,0 31.184327167364927,-22.429242004115167,0 31.182868294336345,-22.42976491312021,0 31.181633694239622,-22.430079058901413,0 31.18051109031461,-22.430184565565185,0 31.179500482561252,-22.430081448400074,0 31.17837760794032,-22.429978443650214,0 31.17702913029018,-22.42904167023687,0 31.174670216657205,-22.42810598230517,0 31.173322183272205,-22.42748193014694,0 31.17152582525671,-22.42748384840081,0 31.17017856169133,-22.4274852657324,0 31.16871952498616,-22.42790380032011,0 31.167260488280988,-22.428322319619326,0 31.166026101323553,-22.428844849110476,0 31.16546535424277,-22.429366678929057,0 31.165466471200716,-22.430304928129885,0 31.165579732718527,-22.431138818201873,0</coordinates></LinearRing></innerBoundaryIs><innerBoundaryIs><LinearRing><coordinates>31.22422242342617,-22.422106017678516,0 31.222967787333573,-22.422940810669843,0 31.222071730725816,-22.423608487141905,0 31.221713668351185,-22.424108809673783,0 31.221362695332175,-22.42394645776278,0 31.221366343881698,-22.42395126643777,0 31.221513180688817,-22.42405045806214,0 31.221631463121582,-22.424132486125302,0 31.221764992660326,-22.42418207834021,0 31.221938529439626,-22.424229737912015,0 31.222091118310516,-22.42427933102624,0 31.222253277766583,-22.424294607809884,0 31.222468775113953,-22.424277420866247,0 31.222581343254433,-22.42427360864008,0 31.222724367835383,-22.424243114428123,0 31.222857904568684,-22.424149643391274,0 31.22295515006016,-22.424069518293607,0 31.223115370577943,-22.423953198181493,0 31.22326796844203,-22.423775797914686,0 31.223334717023647,-22.4236594562189,0 31.223435811613456,-22.423506859254132,0 31.22359412287051,-22.423199808224524,0 31.22371430736945,-22.423073895044183,0 31.22376005678126,-22.422986146393498,0 31.22386687285797,-22.422909863199607,0 31.223969870413214,-22.42283167704022,0 31.22397240110547,-22.422829864906305,0 31.22408431004294,-22.42274967235943,0 31.22420637412489,-22.42267335858861,0 31.22433990276437,-22.42257608431879,0 31.22446196684632,-22.422478801055775,0 31.22457833911909,-22.422391082082754,0 31.224732807573048,-22.422223238011952,0 31.2249292761652,-22.422156457954145,0 31.225041805634874,-22.422085897146417,0 31.225152426743136,-22.422085897146417,0 31.225331713787625,-22.42201914676616,0 31.225469055552537,-22.422013425279317,0 31.225673153992886,-22.42196764529058,0 31.225892493244032,-22.42190851936266,0 31.226119432665712,-22.42183604659624,0 31.22635405769364,-22.421742546781047,0 31.226527623251286,-22.421679608627016,0 31.226687835675136,-22.42163957980273,0 31.226865214358213,-22.421618580632924,0 31.22700827671065,-22.421595709074666,0 31.227107462039783,-22.42155567305582,0 31.227275306110528,-22.421525109596075,0 31.22739165590025,-22.421506079941594,0 31.227591906141583,-22.421511757361657,0 31.227788372935095,-22.421475547058833,0 31.228099280257652,-22.42144883359674,0 31.22826330490767,-22.42147170605432,0 31.228387279149672,-22.421475547058833,0 31.228522717949147,-22.421488892997957,0 31.2286867129215,-22.421519425880774,0 31.228789747349026,-22.421542290244474,0 31.22891371259783,-22.421578551808693,0 31.229092993347024,-22.421605265270728,0 31.229247498673203,-22.421631925672784,0 31.229417239414147,-22.42167583417239,0 31.229720530378245,-22.42170633018293,0 31.229995182431765,-22.42174639587944,0 31.230111525026928,-22.421744485719387,0 31.230212618717417,-22.421742546781047,0 31.230311811241165,-22.42179214708989,0 31.230748586777906,-22.421912301011844,0 31.23107281036198,-22.4219886138834,0 31.231198716347706,-22.421982861819572,0 31.231318870269718,-22.421982861819572,0 31.231528683002352,-22.421969547356696,0 31.231683182033294,-22.42194854818689,0 31.23187393543384,-22.422015327345434,0 31.231967367799825,-22.422059168395833,0 31.23211043105158,-22.422135489361324,0 31.23221724712829,-22.42220414090832,0 31.232444217126954,-22.42225945461007,0 31.23260442955086,-22.422276619969978,0 31.232724591566694,-22.42228236393987,0 31.232898179607332,-22.42228236393987,0 31.233037401854688,-22.42228236393987,0 31.233188088659404,-22.422270891288576,0 31.23331777629437,-22.42225945461007,0 31.2335447759707,-22.422318581437366,0 31.233872840559172,-22.422404428021878,0 31.234046370143915,-22.422455922302902,0 31.23423331131829,-22.42247307956893,0 31.234446936277152,-22.422522671783838,0 31.234643373393,-22.42256273927893,0 31.23475974476645,-22.422606579430067,0 31.234940934776375,-22.42270577195376,0 31.235116432977065,-22.422782076731437,0 31.23534340387505,-22.42286983437532,0 31.235463557797004,-22.422892705933577,0 31.235658092846734,-22.422883172220565,0 31.23584881567035,-22.422892705933577,0 31.23602621683648,-22.422892705933577,0 31.236178805707368,-22.422892705933577,0 31.23629515459777,-22.422890795773583,0 31.236548838957788,-22.422932771630087,0 31.236705248148724,-22.42298233416733,0 31.23697608887545,-22.423012859855532,0 31.237513966196616,-22.42310251776695,0 31.23763793234474,-22.423163546660305,0 31.237780994697175,-22.423211236809095,0 31.237964086773218,-22.423249393244873,0 31.23829406242112,-22.42335998377621,0 31.238467619884773,-22.42336573583998,0 31.238738468705435,-22.423386711627415,0 31.239028368764252,-22.42337908087984,0 31.23937362119574,-22.423291332229155,0 31.239489934113237,-22.423266551410165,0 31.23970358785033,-22.423199808224524,0 31.239930558748313,-22.42311014221923,0 31.240113650824355,-22.423049114225194,0 31.240313945132527,-22.422972801353637,0 31.240453151192014,-22.42292320823941,0 31.24057715511168,-22.422862173050817,0 31.240689684581355,-22.42279542267056,0 31.240867055170497,-22.422696238240746,0 31.240970059920357,-22.422612330594518,0 31.241252374197757,-22.42237201465673,0 31.24132865019709,-22.422291889559006,0 31.24144881131366,-22.422165983573223,0 31.24160521241066,-22.42196189322675,0 31.241671961891598,-22.42183604659624,0 31.241765432928446,-22.421679608627016,0 31.241855062061518,-22.421479359284945,0 31.241982869214098,-22.42129051604445,0 31.242123992628194,-22.421118859747537,0 31.24226134158772,-22.42102157738384,0 31.242377684182827,-22.420884266195856,0 31.24245396737672,-22.42079270531906,0 31.242694304898293,-22.420664926944767,0 31.24286787135526,-22.420598146886903,0 31.243108187293046,-22.420592455077667,0 31.24335046465228,-22.420628671675786,0 31.243541181180603,-22.42069923428221,0 31.243796744224426,-22.420912859241014,0 31.243895936748117,-22.420996765987923,0 31.24409239634707,-22.421181797901625,0 31.244260247612374,-22.42124283309022,0 31.244409025156415,-22.42130195182358,0 31.24454633724372,-22.421364889078347,0 31.244782870633003,-22.42144883359674,0 31.245009818148617,-22.421542290244474,0 31.2452406228565,-22.421622392859092,0 31.245702216983773,-22.421744485719387,0 31.246188592829355,-22.421868459961388,0 31.24664824801829,-22.42192948795548,0 31.246991590289724,-22.42199436594717,0 31.247540903390018,-22.422143112914284,0 31.2476934625833,-22.4221831723155,0 31.247893748797537,-22.42224992089706,0 31.24811118598251,-22.422295701785174,0 31.248290465832383,-22.422385338112804,0 31.248490744852063,-22.422480733698876,0 31.24870052790709,-22.42257608431879,0 31.248794028621603,-22.42264283379967,0 31.248984745149926,-22.42273248541585,0 31.249349056913502,-22.42289648668344,0 31.249455843312546,-22.422959455414514,0 31.249638965066254,-22.4230395814115,0 31.249644241388694,-22.423042461940042,0 31.24934286508119,-22.422735649230788,0 31.24826544129712,-22.422237485971152,0 31.247188010318496,-22.421739296631188,0 31.245752045720394,-22.421408265179252,0 31.244675213690186,-22.421243288147195,0 31.243777236130597,-22.420744813722138,0 31.24252041558475,-22.4202468797896,0 31.241803018294718,-22.420414569176955,0 31.24108648974976,-22.42108207387855,0 31.240729084779503,-22.421915652785117,0 31.240012531952857,-22.42258317007719,0 31.238218869205525,-22.422919044378375,0 31.23696260713865,-22.422754284082885,0 31.233731871828468,-22.422092549431568,0 31.231577944266746,-22.421595815194678,0 31.229962873387933,-22.421431511754804,0 31.22852722175395,-22.42126693582037,0 31.226912149975817,-22.421102608098863,0 31.225477313127556,-22.42143783398882,0 31.22422242342617,-22.422106017678516,0</coordinates></LinearRing></innerBoundaryIs><innerBoundaryIs><LinearRing><coordinates>31.251746589233733,-22.425885332242217,0 31.25182496784805,-22.425989396393504,0 31.2511404057052,-22.424565579837576,0 31.250232449268196,-22.423641272826444,0 31.250518244821194,-22.4240962389502,0 31.25058880742756,-22.424176334370316,0 31.25070518599557,-22.424353727442508,0 31.250817717263885,-22.42450060921567,0 31.250977900010128,-22.424662738994186,0 31.251078993700673,-22.42478098365541,0 31.25114196243169,-22.42492020500339,0 31.251195374067322,-22.425027050757762,0 31.251275462292824,-22.42515673929205,0 31.251426156292155,-22.42542182795495,0 31.251496717999203,-22.42554965129534,0 31.251620713824934,-22.425715578011477,0 31.251746589233733,-22.425885332242217,0</coordinates></LinearRing></innerBoundaryIs><innerBoundaryIs><LinearRing><coordinates>31.386491370180636,-24.4834981513186,0 31.389608059764214,-24.475720515689204,0 31.38743420862187,-24.4763228591126,0 31.38415905939314,-24.477230381177094,0 31.38415671486058,-24.47723102509167,0 31.383239269676608,-24.477730716299448,0 31.380538394231564,-24.480484727288285,0 31.37953319320235,-24.4797637947633,0 31.37885225173011,-24.47922976564115,0 31.37841737106487,-24.4796340990344,0 31.37748655116343,-24.480543837927712,0 31.376309679448184,-24.48144593708031,0 31.3751061077607,-24.482479649316303,0 31.37392733397934,-24.483696444635143,0 31.373307428595012,-24.48432200495654,0 31.37257688771325,-24.484856025085435,0 31.373305513039043,-24.48552356126328,0 31.386006881112735,-24.48431826017952,0 31.386491370180636,-24.4834981513186,0</coordinates></LinearRing></innerBoundaryIs></Polygon></Placemark></Folder><Folder><name>Main Roads</name><Folder><name>H1-1 - Pretoriaskop to Skukuza</name><Placemark>
  <name>H1-1 - Pretoriaskop to Skukuza</name>
  
  <styleUrl>#style_MAIN_ROADS</styleUrl>
  <LineString><tessellate>1</tessellate><coordinates>31.26169430916091,-25.1579651139561,0 31.2641796374675,-25.15627446141065,0 31.26434825772654,-25.15615753292438,0 31.26478847294386,-25.15594612721833,0 31.26541130766951,-25.15577041179687,0 31.26571303167393,-25.15575928428281,0 31.26641844434089,-25.15579581945736,0 31.26983071425248,-25.15631431682607,0 31.27059692824437,-25.15621652468396,0 31.27130902774954,-25.15597984408962,0 31.27413533719948,-25.15485436866181,0 31.27474089140857,-25.15467888853086,0 31.27882252688829,-25.15398109467183,0 31.27981308828254,-25.15381388448517,0 31.28355360917231,-25.15318976615507,0 31.28431680116791,-25.15297175689914,0 31.28580159226464,-25.15233731625283,0 31.28657871782803,-25.15204293411262,0 31.28709222687715,-25.15193727784134,0 31.28764729725209,-25.15191501743602,0 31.29800023491655,-25.15262362484529,0 31.29894054585102,-25.15261710550959,0 31.29957811992764,-25.15247987806271,0 31.30014425354502,-25.15223147803727,0 31.3006849104335,-25.15183092293706,0 31.31222012613635,-25.13943469906291,0 31.31268717044187,-25.13904206713441,0 31.31318797922386,-25.13875497395571,0 31.31364735615039,-25.13859597400832,0 31.31408121640067,-25.13851786448331,0 31.31712869206979,-25.13838544114894,0 31.31767944415197,-25.13832347401732,0 31.31859815038336,-25.1381436304217,0 31.32569392258997,-25.13656604508516,0 31.32623675853996,-25.13646402733166,0 31.32678870693009,-25.13641659143477,0 31.32735171468712,-25.13639465203561,0 31.33125771905675,-25.13671840122748,0 31.33177029803572,-25.1367262038298,0 31.33228473467636,-25.13667389642094,0 31.3328884992006,-25.13655005168049,0 31.33330494363754,-25.1364171385492,0 31.33619877197597,-25.13539630941662,0 31.33670432146844,-25.13525162211629,0 31.33702907237037,-25.13517539222391,0 31.33745149075688,-25.13511057711195,0 31.33789016634312,-25.13508394536071,0 31.34469779774789,-25.13503267061911,0 31.34557240007165,-25.13489867513601,0 31.34629655301126,-25.13467556353136,0 31.34712076853218,-25.13435111695792,0 31.34819688046272,-25.13367402320381,0 31.34898322979949,-25.13284097122873,0 31.35016289191906,-25.13122414855689,0 31.35068873032246,-25.1306119294819,0 31.3512113845724,-25.13016284467376,0 31.35181751975227,-25.12978643891971,0 31.35308743237014,-25.12912994339158,0 31.35460299141813,-25.12839083634311,0 31.35553530309858,-25.12769971957579,0 31.35602468295301,-25.12697821809307,0 31.3563416370915,-25.12605427650032,0 31.35636372490197,-25.12505620326074,0 31.35623567669748,-25.12449466315368,0 31.35464473967398,-25.12046183429435,0 31.35440643466208,-25.11954626033074,0 31.35437067174373,-25.11874772951601,0 31.35436016266171,-25.11791845207529,0 31.35444795442552,-25.11698447587149,0 31.35463603363832,-25.11605273213032,0 31.35493510077323,-25.11518386027034,0 31.35542336813615,-25.11439660313578,0 31.35596931702171,-25.11358468508433,0 31.35660202500058,-25.11288131100889,0 31.35726449208866,-25.11228729760502,0 31.35785841251704,-25.11182519498959,0 31.35853551111849,-25.11138271125895,0 31.3594164065539,-25.11092964039536,0 31.36045944070088,-25.11052892275402,0 31.3613039874898,-25.11032503347234,0 31.36213585539124,-25.11012338144259,0 31.36296411620431,-25.10985940939842,0 31.3635677378232,-25.10959275312163,0 31.36433481143477,-25.10917587783002,0 31.36740911065261,-25.10723714004182,0 31.3681410474993,-25.1067898538323,0 31.36866175887078,-25.10657539299062,0 31.36924350341978,-25.10646986922356,0 31.36980690538574,-25.10645080328796,0 31.37996184716603,-25.10780348101754,0 31.38082051357155,-25.10795744734615,0 31.3813138405558,-25.10811553277695,0 31.38180923189678,-25.10832603935906,0 31.38222342837921,-25.10858101578531,0 31.38865999646277,-25.1131481030144,0 31.38935087999476,-25.1135743583428,0 31.39009632990003,-25.11389937350755,0 31.39064537971609,-25.1141121159908,0 31.39144530251432,-25.11428522144292,0 31.40166965145899,-25.11501255562891,0 31.40279350585147,-25.11508159681168,0 31.40351527260665,-25.11509262352681,0 31.40415099008433,-25.11502302095633,0 31.40464122567,-25.11492753606602,0 31.40524737445271,-25.11474978830328,0 31.40606334120164,-25.11438816385953,0 31.41412529024065,-25.10954937814538,0 31.41451775270084,-25.10926845679499,0 31.41483731186423,-25.10895197821706,0 31.41508548062125,-25.10858271675862,0 31.41531971606323,-25.10815752835017,0 31.41588526321952,-25.1054482532594,0 31.41597238157959,-25.10502096285008,0 31.41611049488526,-25.10463763223251,0 31.41631763370895,-25.10425031509184,0 31.41674612347688,-25.10370055773644,0 31.41741849142347,-25.10322332836245,0 31.41781509731792,-25.10306847657069,0 31.41817399025172,-25.10295271740561,0 31.43308752665313,-25.09999631426479,0 31.43372586174704,-25.09988794579585,0 31.43433614359793,-25.09978886621302,0 31.43476199928649,-25.09972275978053,0 31.4353515040128,-25.09968624346882,0 31.43595807493589,-25.09971271803451,0 31.43641362438815,-25.0997739514639,0 31.43684897047151,-25.09985887024605,0 31.43729341402823,-25.09999237195056,0 31.44069380832882,-25.10110967306029,0 31.44133579164723,-25.10128359748348,0 31.44180856340061,-25.10136806120116,0 31.45633861485118,-25.10214117198827,0 31.45675350698239,-25.10213695105152,0 31.45723388810463,-25.10210705754765,0 31.45771788361506,-25.10202763880889,0 31.45823512509976,-25.10189510502075,0 31.45871245525656,-25.10173205082289,0 31.46837925832101,-25.09744447505386,0 31.46901310938882,-25.09717069744166,0 31.46966856495796,-25.0969396183278,0 31.47017893707715,-25.09682696381589,0 31.47072541023543,-25.09675441477436,0 31.4713264413062,-25.09675968428685,0 31.47186366967114,-25.09681902491619,0 31.47234979232049,-25.09694016040362,0 31.47290079587036,-25.09712542054863,0 31.47337742728923,-25.09735853969723,0 31.47392628782589,-25.09770762735398,0 31.47495815276413,-25.09860231756516,0 31.4753061014444,-25.09888277398007,0 31.4756506116499,-25.09913347681458,0 31.47619648902466,-25.09949894107196,0 31.47690394589916,-25.09990516339476,0 31.47752581074865,-25.10021162890661,0 31.47812122654934,-25.10047592299512,0 31.47874429764777,-25.10071266899862,0 31.47942870622113,-25.10093472782511,0 31.4805044596614,-25.10118568687812,0 31.48501906996724,-25.10199514335348,0 31.48606097758355,-25.10219776454751,0 31.48666778885761,-25.10237784992072,0 31.48840422526897,-25.10301686988106,0 31.48956643655804,-25.10347782584769,0 31.49001451706801,-25.10368672546685,0 31.49042570160175,-25.10398170725709,0 31.49079436799247,-25.10433565669112,0 31.49163784412387,-25.10549174017417,0 31.4918375794062,-25.10573028015363,0 31.49214865555312,-25.10597733164207,0 31.49254719883581,-25.10622483852945,0 31.49299284074078,-25.10642886283688,0 31.49579949843893,-25.10752699183935,0 31.49624215167639,-25.10764526274111,0 31.49661912059407,-25.10771376733488,0 31.49930494035351,-25.10789540314277,0 31.49981719532705,-25.10788525369656,0 31.500442861021,-25.10777333940434,0 31.5015479214298,-25.10752679857115,0 31.50197404895533,-25.10744620693399,0 31.50246406961028,-25.10741936366132,0 31.50950065254015,-25.10747764458572,0 31.50998442842696,-25.10742578238786,0 31.51054213656412,-25.10727161401216,0 31.51091936614936,-25.10713717901971,0 31.51142782586472,-25.10687308969864,0 31.51263827153116,-25.10598111370694,0 31.5130830386911,-25.10572995449629,0 31.51334752930555,-25.10561645817302,0 31.51536878932239,-25.10492302287737,0 31.51574666202006,-25.10476387925798,0 31.51610264061544,-25.1045577254382,0 31.51647031049085,-25.10430364140194,0 31.51670449013028,-25.10411626973882,0 31.52041469515012,-25.10062261130073,0 31.5208273635358,-25.1003052090441,0 31.52132528308691,-25.09996236405574,0 31.52182828043522,-25.09971027515528,0 31.52230225534237,-25.09952042700451,0 31.52310200609131,-25.09928371841252,0 31.52472017253753,-25.09889003797205,0 31.52514353086106,-25.09873310381268,0 31.52551772464782,-25.09855392186905,0 31.52794600138094,-25.09710809000776,0 31.53339691644496,-25.09377201129941,0 31.53375493586653,-25.09357496461337,0 31.53416479098596,-25.09340246686812,0 31.53449830030817,-25.09332427366423,0 31.53487348638012,-25.09326999820581,0 31.53747032142238,-25.09307910865689,0 31.53781050428473,-25.09300646600362,0 31.53810882178294,-25.0929030319386,0 31.53842997789695,-25.09276016174933,0 31.53873384797279,-25.092551982268,0 31.5397705222593,-25.09156056347132,0 31.53996328334478,-25.0914157656579,0 31.54026923204577,-25.09126745484728,0 31.54069471969119,-25.09118976447131,0 31.54105524110307,-25.09120690917425,0 31.54139281865031,-25.09128635901597,0 31.54170574406816,-25.09144371498184,0 31.54190382707806,-25.09160983811405,0 31.54210056297501,-25.0918005523696,0 31.54236168482513,-25.09199388760585,0 31.54258816426182,-25.09212617973193,0 31.54290655574557,-25.09220706001185,0 31.5431743491291,-25.09223685312112,0 31.54480317173542,-25.09220613406942,0 31.54530306695985,-25.09216263663208,0 31.54573508930875,-25.0920032236389,0 31.54610056135357,-25.09174912142141,0 31.54636790308359,-25.09140766906547,0 31.54657399715632,-25.0910317845283,0 31.54666358990525,-25.09053172207666,0 31.54660099546149,-25.09001808168898,0 31.5464985584867,-25.08903074761463,0 31.54641483135232,-25.08826239532558,0 31.54629377850311,-25.08760276894843,0 31.54614137808671,-25.08722228493544,0 31.54504801830639,-25.08537971367869,0 31.54486849280181,-25.0849683750043,0 31.5447843003804,-25.08442866714436,0 31.54484670724745,-25.08387517418252,0 31.5449640456062,-25.08359497085293,0 31.54620689252964,-25.08057029261421,0 31.54635346159336,-25.08016340194721,0 31.54644636730373,-25.0796478994391,0 31.54656385617192,-25.07678440677141,0 31.54660724661907,-25.07644443463206,0 31.54670982159167,-25.07601641125862,0 31.54687288488594,-25.0756617238778,0 31.54815198780499,-25.0739116333341,0 31.54843389793543,-25.07349337192262,0 31.54861919435445,-25.07308611464172,0 31.54874365283919,-25.07262021070191,0 31.54877818849137,-25.07223076640386,0 31.54874762494757,-25.07165391012914,0 31.54832366404337,-25.06880577365107,0 31.54826965769257,-25.06832907790693,0 31.54830860402981,-25.06774068172119,0 31.54844101649405,-25.06723518120716,0 31.54881937259562,-25.06660902822318,0 31.55069542485518,-25.06377715012983,0 31.55103985956907,-25.06333462697561,0 31.55142793590835,-25.06300948839928,0 31.55178598486114,-25.06279154705891,0 31.55226511126275,-25.06263097993721,0 31.55423456000836,-25.06234520234033,0 31.55480424900032,-25.06223602723599,0 31.55554283357526,-25.06204181957317,0 31.55658100579157,-25.06166057035761,0 31.55744246492099,-25.06122966373201,0 31.55988588568968,-25.05975394476436,0 31.56028698634817,-25.05952190995115,0 31.56071203353308,-25.0594054973581,0 31.5609877689973,-25.0593581760721,0 31.56804320357965,-25.05899996335436,0 31.56851721173755,-25.058962952083,0 31.56913468621396,-25.05886616177245,0 31.56997010420895,-25.05859307822915,0 31.57050965742187,-25.05835136686953,0 31.57112003696139,-25.05798391125615,0 31.57112001736886,-25.05797895385882,0 31.57169545974039,-25.05750139583959,0 31.57227412184672,-25.05686562275785,0 31.57263064861587,-25.05630908504046,0 31.57423919247636,-25.05305492724496,0 31.57446426990613,-25.05272354019891,0 31.57470656689588,-25.05236593585852,0 31.57497231582677,-25.05206599204001,0 31.57554231561436,-25.05155039652654,0 31.57613549211757,-25.05116533431738,0 31.57703636112878,-25.0507696420918,0 31.58565115186887,-25.04847484991408,0 31.58604796367442,-25.04832795009223,0 31.58640524201687,-25.04818687203081,0 31.58677513222825,-25.04799507389951,0 31.58709483821254,-25.04780579746985,0 31.58756660667498,-25.04748852249124,0 31.58789028272784,-25.0472102008263,0 31.58828025818131,-25.04684363631834,0 31.58881590858164,-25.04619127090295,0 31.58919598359524,-25.04553271243946,0 31.58941510807449,-25.0450424873992,0 31.58963243255294,-25.04425970522074,0 31.58969963328961,-25.04377562575164,0 31.58972829175354,-25.04343652019597,0 31.58971010445503,-25.0428594008563,0 31.58966390107922,-25.04214017524791,0 31.58953166250499,-25.04035279968251,0 31.58939817358609,-25.03957849930436,0 31.58840514505953,-25.03614755761715,0 31.58830374170181,-25.03548786339031,0 31.58772579480975,-25.02926996053344,0 31.58768701806258,-25.0289193767686,0 31.58760191813621,-25.02848755496105,0 31.58679929220991,-25.02613408309273,0 31.58675696202259,-25.02579780783751,0 31.58677936410686,-25.02547597783677,0 31.58759731180749,-25.02037346481894,0 31.58817524499106,-25.01672510427639,0 31.58874128947667,-25.01356395744232,0 31.58884420670443,-25.01300159163881,0 31.58899275302951,-25.01227796057601,0 31.58911887969028,-25.01161560020803,0 31.58922992563526,-25.01129736870503,0 31.58944564435701,-25.01089044436832,0 31.5897337965858,-25.01055760850796,0 31.59002137512433,-25.01030318047094,0 31.59244562059658,-25.00821308907343,0 31.59286248589589,-25.00780908164349,0 31.59310479069418,-25.00755477561016,0 31.5934926261869,-25.00706654214742,0 31.59384261817345,-25.00666165515428,0 31.59410736468742,-25.00631090628619,0 31.59432046082092,-25.00597365154153,0 31.59448149698557,-25.00554469492182,0 31.59459855260275,-25.00478565894392,0 31.59456166457492,-25.00402327862811,0</coordinates></LineString>
</Placemark>
<Placemark>
  <name>H1-1 - Pretoriaskop to Skukuza</name>
  
  <styleUrl>#style_MAIN_ROADS</styleUrl>
  <Point><coordinates>31.44746631194728,-25.10166723947755,0</coordinates></Point>
</Placemark></Folder><Folder><name>H1-2 - Skukuza to Tshokwane</name><Placemark>
  <name>H1-2 - Skukuza to Tshokwane</name>
  
  <styleUrl>#style_MAIN_ROADS</styleUrl>
  <Point><coordinates>31.7838627140713,-24.86463194096599,0</coordinates></Point>
</Placemark>
<Placemark>
  <name>H1-2 - Skukuza to Tshokwane</name>
  
  <styleUrl>#style_MAIN_ROADS</styleUrl>
  <LineString><tessellate>1</tessellate><coordinates>31.59203021402767,-24.99650725298659,0 31.59215193778359,-24.99823602076947,0 31.59439428444628,-25.00322392626459,0 31.59447111277613,-25.00341704253042,0 31.59453454198898,-25.00365877675979,0 31.59454562537101,-25.00379935740337,0 31.59456463269262,-25.00402430313962,0 31.59509694594504,-25.00407702354059,0 31.59546493748037,-25.00408990330673,0 31.59652753143655,-25.00410912915352,0 31.59738452421185,-25.00406845490197,0 31.59781468028606,-25.0040785445916,0 31.59933062382927,-25.00410555053588,0 31.6002199946725,-25.0041191987166,0 31.60082780119073,-25.0040729046871,0 31.60158958681982,-25.00395401465991,0 31.60212784284968,-25.00381801898503,0 31.60298701391502,-25.00351281314594,0 31.60369134106932,-25.00315897832477,0 31.6042412466258,-25.00282519164102,0 31.60486437039497,-25.00235810626828,0 31.60868054074533,-24.99919277083457,0 31.60912853116014,-24.99875208544582,0 31.60956048659796,-24.99825354968474,0 31.60980636631209,-24.99786738712472,0 31.61016635042335,-24.99721372218872,0 31.6103448310526,-24.9967124766811,0 31.61052766340496,-24.99595069773454,0 31.61059249038232,-24.99533327621502,0 31.61059226690713,-24.99481671508426,0 31.61053664496901,-24.99429419202433,0 31.61018450182882,-24.9917693083233,0 31.60908278449686,-24.9920882704599,0 31.60883966917277,-24.99212489448275,0 31.60856797206198,-24.99215941692642,0 31.6083617633872,-24.99216636160387,0 31.60810407251394,-24.99214455611661,0 31.60759268585515,-24.99208141703074,0 31.60707913275937,-24.99201694415518,0 31.60492715303877,-24.99170852059756,0 31.60439365604241,-24.99168687072757,0 31.60399192440688,-24.9917156896805,0 31.60354262739456,-24.9918104274298,0 31.60219518860707,-24.9922530873096,0 31.60178226048505,-24.99237684716134,0 31.60169392347781,-24.98912586245288,0 31.60156095148685,-24.98521436098241,0 31.60156104531747,-24.9850628253467,0 31.60160588803382,-24.98474781201737,0 31.60169037261123,-24.98438909155713,0 31.60189529356486,-24.98391442505825,0 31.60232686137868,-24.98334235914345,0 31.60294567801713,-24.98285929564682,0 31.60370431689917,-24.98253142103689,0 31.60423702808035,-24.98243402660876,0 31.6084401130206,-24.9820731908849,0 31.60888822697998,-24.98199184753123,0 31.6095768894661,-24.98178522415897,0 31.61011069726317,-24.98148965929379,0 31.61060485938637,-24.9811072452199,0 31.61086264295468,-24.98082703368711,0 31.61300917007521,-24.97815244271521,0 31.61325727273326,-24.97792938828422,0 31.6135298684592,-24.97774480735856,0 31.61379578750422,-24.97757677526237,0 31.61413690969921,-24.97741323795179,0 31.61449512925931,-24.97729575528586,0 31.61500806697409,-24.97716196186925,0 31.61521158389573,-24.97713939507098,0 31.61585080521386,-24.97709747044969,0 31.62289372299028,-24.97691235932729,0 31.62326042938547,-24.97689971543477,0 31.62363478364013,-24.97684414347245,0 31.62419324344343,-24.97666386271409,0 31.62472444101902,-24.97631570764688,0 31.62497329312991,-24.97606990603251,0 31.62514213097981,-24.97584907243827,0 31.62532223984685,-24.97553831089562,0 31.6254751256906,-24.97494691433333,0 31.62551529922765,-24.97430558967573,0 31.62568322928406,-24.96857236336172,0 31.62566038915757,-24.96801997570116,0 31.62559139840568,-24.96760941865849,0 31.62554958010965,-24.96728820691728,0 31.62545302705068,-24.96682649257141,0 31.62534309790811,-24.96619392001712,0 31.6252989042308,-24.96551328131739,0 31.62540881790232,-24.96495782773491,0 31.62557635517291,-24.96454641248547,0 31.62571623526129,-24.96428791265993,0 31.62595196861353,-24.96395953032998,0 31.62667909822057,-24.96335485912329,0 31.62736696430079,-24.96305280190574,0 31.62786086117752,-24.96295249842927,0 31.628288568937,-24.96291832470319,0 31.62855871663405,-24.96292163099097,0 31.6398679038991,-24.96348192077658,0 31.6403984579238,-24.96345420022088,0 31.64098205205406,-24.96332368646653,0 31.64154764376175,-24.96307578562458,0 31.64206860140673,-24.96270106234271,0 31.64248874540185,-24.96223997466975,0 31.64295717506087,-24.96149404951794,0 31.6442366738338,-24.95938521778094,0 31.64459697610848,-24.95890953631869,0 31.64504024322109,-24.95836585660113,0 31.64563260507546,-24.95773122408096,0 31.64630959634193,-24.95710421664139,0 31.64630384062635,-24.95710425538364,0 31.64687329495775,-24.95666236921622,0 31.65021532382858,-24.95446189750891,0 31.65076292466512,-24.95410165058386,0 31.65143756719837,-24.95370061398305,0 31.65185134967054,-24.95344559343379,0 31.65248411017819,-24.95312993418915,0 31.65334535131122,-24.95277448265329,0 31.65713666883195,-24.95129870317684,0 31.65811863629639,-24.95094481428533,0 31.65857449999187,-24.95081685815084,0 31.6598537845627,-24.95044040307442,0 31.66070282378631,-24.95010190314326,0 31.66137629217482,-24.9497596908589,0 31.66361673245496,-24.94854404351305,0 31.66422985084484,-24.9482352011166,0 31.66479017413003,-24.94797670262136,0 31.6654399083926,-24.9477303685536,0 31.6691110323909,-24.94650068719921,0 31.66958092850296,-24.94632039205455,0 31.67012490190092,-24.94606255386378,0 31.67080772659445,-24.94569752859318,0 31.67141463189837,-24.9452721235563,0 31.67255041526444,-24.9444171246322,0 31.67313491068962,-24.94402048499134,0 31.67357240246497,-24.94376483701732,0 31.67395439690253,-24.94359236997842,0 31.67442380967614,-24.94341333949236,0 31.67637682514425,-24.94278488894841,0 31.6793059730179,-24.94171654391868,0 31.67985492091858,-24.94150503737417,0 31.6803974573734,-24.94123986496057,0 31.6807797394969,-24.94102157462287,0 31.68136902912985,-24.94056282191692,0 31.68184318049634,-24.94009745583455,0 31.68299063016985,-24.93880463636134,0 31.68376464195398,-24.93792473714558,0 31.68414478051795,-24.93753766735869,0 31.68462883926895,-24.93711317933395,0 31.68514260821226,-24.9367403311326,0 31.68588039943469,-24.93621153958137,0 31.68817549975847,-24.93463538005944,0 31.68934333229236,-24.93382833887445,0 31.68995636832032,-24.93343754081779,0 31.69055054114815,-24.93313565765714,0 31.69137120591665,-24.93282431655059,0 31.69572245489909,-24.93158225841091,0 31.69880951658587,-24.93073176565278,0 31.69989831727208,-24.93040570938394,0 31.70043641344784,-24.93018930123227,0 31.70092414384307,-24.92992330621554,0 31.70141070293191,-24.92960654340727,0 31.70200245181922,-24.92907159561162,0 31.70237227937248,-24.92865684326789,0 31.7027256177478,-24.92813953912994,0 31.70295976725081,-24.92768852811915,0 31.70312431318654,-24.92733177048456,0 31.70323421624688,-24.92694883773583,0 31.70361098042473,-24.92529820966605,0 31.70419259685547,-24.92272477124918,0 31.7045648104161,-24.92110681994245,0 31.70485092073198,-24.92006985539805,0 31.70511546157417,-24.91942316199658,0 31.70542310878868,-24.91877581003461,0 31.70575765184342,-24.91816062678152,0 31.70613813298471,-24.91756897016585,0 31.70646292800447,-24.91710105932393,0 31.70690389950733,-24.91655114198638,0 31.70726046577332,-24.91614863983531,0 31.70768142134935,-24.91571530565813,0 31.70817729939378,-24.91526822592274,0 31.70877361837629,-24.91479749806598,0 31.70942311168095,-24.91435224197957,0 31.71003648898502,-24.91398030406685,0 31.71419081970091,-24.91151908386233,0 31.71753831055093,-24.90946637980977,0 31.71783612507145,-24.9092713687442,0 31.71808063043173,-24.90909118093216,0 31.71840860924034,-24.90884928583602,0 31.71875120219599,-24.90857065867551,0 31.71900395416259,-24.90832096863159,0 31.71929871522498,-24.90803604154028,0 31.71956563535736,-24.90774282866154,0 31.71981505971702,-24.90742345768922,0 31.72005055960214,-24.90710463698334,0 31.72026393353066,-24.90679611273941,0 31.72048620207907,-24.90647227571336,0 31.7210947310308,-24.90556990479935,0 31.72222728705754,-24.90389962080962,0 31.72253007945813,-24.90345647996942,0 31.72271061973965,-24.90321021078062,0 31.7229087821686,-24.90297730825218,0 31.72307123081156,-24.9027937372241,0 31.72332404413059,-24.90252749441602,0 31.72356211845819,-24.9023086323517,0 31.72384854381436,-24.90206689159902,0 31.72420396953224,-24.90179327481532,0 31.72461741592648,-24.9015211503664,0 31.72497943145184,-24.90130288975205,0 31.72539419828468,-24.90109653440535,0 31.72583702688139,-24.90090858265459,0 31.72622507312897,-24.90076626873523,0 31.7267276761364,-24.90061499284921,0 31.72729590275522,-24.90047986837748,0 31.72772091661442,-24.90041231408205,0 31.72839543037245,-24.90034770344893,0 31.72916715212217,-24.90035042707675,0 31.72998049350352,-24.90041602535486,0 31.73208210558218,-24.90066203572842,0 31.73265019039531,-24.90069855460492,0 31.73306322135357,-24.90069424078929,0 31.73351029755441,-24.90066641757173,0 31.73416432950764,-24.90058595693258,0 31.73495696652431,-24.90040566145027,0 31.73590843722708,-24.90011213662258,0 31.73670408041149,-24.89986152138645,0 31.7373096176732,-24.8997506888859,0 31.73795511056126,-24.89974280391824,0 31.73861829523006,-24.89981922542818,0 31.73920937888532,-24.89999021924522,0 31.7396054630924,-24.90014470352154,0 31.74008656616644,-24.90043009208377,0 31.74042881985049,-24.90067705016763,0 31.74071810387377,-24.90095563701908,0 31.74141060541658,-24.90172802503355,0 31.74192266728075,-24.90231999691196,0 31.74219860975328,-24.90259152821235,0 31.74242865302291,-24.90282211717277,0 31.7427128265008,-24.90303510118791,0 31.743014506407,-24.90326318912615,0 31.74336523070892,-24.90348085180686,0 31.74375044460036,-24.90368601936487,0 31.74421041472655,-24.90387357275831,0 31.74469254410291,-24.90405201936786,0 31.74530594007931,-24.9042097319257,0 31.74589154439824,-24.90429420827955,0 31.74630923307396,-24.90430980788672,0 31.74691543342565,-24.90430276814334,0 31.7473305309977,-24.90425132840081,0 31.74784144624911,-24.90416067761753,0 31.74841697516463,-24.90400963712649,0 31.75201642107864,-24.90299250944955,0 31.75233277310256,-24.90290773975628,0 31.75271215152719,-24.90280951800808,0 31.75297260603337,-24.90271357298439,0 31.75322763890709,-24.90260160956002,0 31.75347781670943,-24.90247223787847,0 31.7537525506271,-24.90229908247958,0 31.75396778502497,-24.90213449111968,0 31.75417732454674,-24.90193374238309,0 31.75434887156271,-24.90175979262623,0 31.75451218039019,-24.90156079269421,0 31.75462784400949,-24.90139765133112,0 31.75479565559648,-24.90111097342695,0 31.75491862425708,-24.90084197574139,0 31.75502156073812,-24.90054176730006,0 31.75508533592912,-24.90032207541415,0 31.75513865693909,-24.89997222289382,0 31.7551467601118,-24.89968703920294,0 31.75513975718986,-24.89946337227806,0 31.75511737056203,-24.89924933915617,0 31.75505268020732,-24.8989672257854,0 31.7549642035743,-24.89868344225586,0 31.75487336828275,-24.89847679746211,0 31.75472235752537,-24.89813579055103,0 31.75459343086644,-24.8979088167067,0 31.7535361294542,-24.89599258521363,0 31.75339562461939,-24.89573744856615,0 31.75326824745642,-24.89543183773764,0 31.75306899937019,-24.89492912472622,0 31.75293587828649,-24.89445765564234,0 31.75283689971591,-24.89400658784647,0 31.75277730844221,-24.89357627048172,0 31.75276416593801,-24.89328573219358,0 31.7527511454268,-24.89296160496563,0 31.75275681796443,-24.89252793528938,0 31.75280965462462,-24.8920921783289,0 31.75288026086378,-24.89168526797855,0 31.75293540526802,-24.89145126522115,0 31.75301693167988,-24.89114885354955,0 31.75311773310457,-24.89078898185984,0 31.75328373433062,-24.8903920256193,0 31.75349710669791,-24.88994417297047,0 31.75376412336865,-24.88948481186464,0 31.75597866981119,-24.88587235983567,0 31.75635116655039,-24.88528534373076,0 31.7566661185882,-24.88477814817611,0 31.75698229831398,-24.88424696708553,0 31.7575260974744,-24.88338433172247,0 31.7576515421125,-24.88322807213605,0 31.75786702390125,-24.88294496597587,0 31.75817386105157,-24.88260853677748,0 31.75846484279478,-24.88233368890272,0 31.75891053766331,-24.88193667880718,0 31.75953480802537,-24.88150218657722,0 31.76000891762879,-24.88121686222334,0 31.76081324695151,-24.88084086260314,0 31.76150319567854,-24.88060210941446,0 31.76223687499245,-24.8804051580644,0 31.76425328315772,-24.88004116231828,0 31.76452843660985,-24.87997577295434,0 31.76478412178984,-24.87989931970236,0 31.76534010440065,-24.87967873296187,0 31.76584338241275,-24.87942089569342,0 31.76614018356003,-24.87921519547691,0 31.76642499110506,-24.87897231405419,0 31.76675942527034,-24.87863684532559,0 31.7670536884828,-24.87825802752126,0 31.7673398005165,-24.87779847119374,0 31.76760731309189,-24.87731918695552,0 31.76794486961134,-24.8767544496543,0 31.76832172577091,-24.87612251091121,0 31.76861557266804,-24.87572911762335,0 31.76885638301611,-24.87544816236909,0 31.76926869644978,-24.87500000705336,0 31.76950298935424,-24.87476310054733,0 31.76990831228312,-24.87442382281093,0 31.77041662912152,-24.87402918140134,0 31.7707329514427,-24.87382434688339,0 31.7736451563054,-24.87207239260317,0 31.77631405559605,-24.87040302074437,0 31.77830047585109,-24.86916009037199,0 31.77904214999567,-24.86866352404655,0 31.77975391684839,-24.8681526320056,0 31.78049461799517,-24.86758323963875,0 31.78094873673604,-24.86720355502533,0 31.78204529462403,-24.86623876873134,0 31.78295541089951,-24.86543029194245,0 31.78355102733872,-24.86489935093362,0 31.78438082971127,-24.86421010866837,0 31.78484722559189,-24.86383803727012,0 31.78573282369908,-24.86318570068353,0 31.78647881738862,-24.86268108882378,0 31.78757186856913,-24.86199572937017,0 31.78840969269916,-24.86148668043211,0 31.7891370006897,-24.86109130322366,0 31.79024641403135,-24.86050972961614,0 31.79068822002412,-24.86024921148228,0 31.79135057693767,-24.85980849064693,0 31.79226616500944,-24.85918453751243,0 31.79279580480787,-24.85876419953938,0 31.79333643642259,-24.85830658580166,0 31.7938276538324,-24.8578753209719,0 31.79436402548909,-24.85734610442157,0 31.79496332304469,-24.85669818168567,0 31.79556312161524,-24.8559725511832,0 31.79596973450606,-24.85543451924846,0 31.79630125526664,-24.85494650383794,0 31.79675326979607,-24.85425235902772,0 31.79716314709099,-24.85357335745683,0 31.79773639734826,-24.8523146500214,0 31.79811625408498,-24.85139980985984,0 31.79842982801552,-24.85074822406791,0 31.79874006275744,-24.85023145741278,0 31.79925297401021,-24.84949457683917,0 31.7997251673457,-24.84895133177766,0 31.80026923371046,-24.84843724212234,0 31.80087973178627,-24.84793657873174,0 31.80147060693696,-24.84754188129767,0 31.80206939566846,-24.84720593761073,0 31.80392409931127,-24.84626654061806,0 31.80458797546947,-24.84592388007706,0 31.80550578817745,-24.84537780320005,0 31.80609630560958,-24.84498636154126,0 31.80672164582673,-24.84454085350822,0 31.80745515110139,-24.8439274360051,0 31.80790054008924,-24.84353077991029,0 31.80843553370458,-24.8430380106301,0 31.80897821914032,-24.84253689323231,0 31.80998207084044,-24.84162010687056,0 31.81049184857261,-24.84116762284605,0 31.81108215387603,-24.84069401836444,0 31.81173388554296,-24.84018688710269,0 31.81223460574922,-24.83986374050863,0 31.81336320795973,-24.83916662715778,0 31.81415922168746,-24.83874645678904,0 31.81495046511736,-24.83837418313456,0 31.81598842848212,-24.83795406384303,0 31.81659817563219,-24.83773150736924,0 31.81835414721683,-24.83721232586925,0 31.81940061370699,-24.8369086962465,0 31.8199947637197,-24.83672347979509,0 31.82090476409985,-24.83634832432437,0 31.82136400468673,-24.83611956987496,0 31.82192001903471,-24.83583781036612,0 31.82255011135343,-24.83544442426837,0 31.82309256683786,-24.83508118189468,0 31.82379845312259,-24.83452827800151,0 31.82464744188738,-24.83382957683722,0 31.82550000664948,-24.8331371068363,0 31.82635117948906,-24.83245243503401,0 31.82685424267856,-24.83204446475472,0 31.8275341033988,-24.83158196625821,0 31.82823209042768,-24.83114509074692,0 31.82942610719273,-24.83050082385939,0 31.83051247590544,-24.8299157472443,0 31.83139493740632,-24.82942516407899,0 31.83189564873759,-24.82912539000668,0 31.83301670206199,-24.8283655513356,0 31.83421098231528,-24.82747653857735,0 31.8349882351156,-24.8268947088565,0 31.83584851738198,-24.82636261768965,0 31.83664601295094,-24.82594662844058,0 31.83761918595862,-24.82547636219111,0 31.83840786623417,-24.82513963036375,0 31.83889890630442,-24.82491197944419,0 31.83929394664803,-24.8247017545921,0 31.83979483726428,-24.82433966256721,0 31.84013406859081,-24.82402993543087,0 31.84054992432724,-24.82356181132699,0 31.84078774055123,-24.82323710485046,0 31.84101348223339,-24.82290302617819,0 31.84124113030249,-24.8224459578794,0 31.84142713098275,-24.82192517918735,0 31.84155165842564,-24.82135530873784,0 31.84161572958504,-24.820881681415,0 31.8416594253575,-24.82044646746782,0 31.84179407735938,-24.81930576428274,0 31.84188088351977,-24.81879454117018,0 31.84199675451791,-24.81828540918555,0 31.84216395704617,-24.81779464832218,0 31.84239590064548,-24.81720878542773,0 31.84263689489831,-24.81671908307427,0 31.84323938262084,-24.81578508417181,0 31.84370798383298,-24.81520184138543,0 31.84423041844929,-24.81466341159458,0 31.84464745571622,-24.81428413540538,0 31.84628728177606,-24.81289809638818,0 31.84695864589756,-24.81232668690725,0 31.84737796456351,-24.81196260602367,0 31.84795577035712,-24.81137587496361,0 31.84851104041142,-24.81078426539469,0 31.84906688686668,-24.81011318427916,0 31.84967415433108,-24.80928133229754,0 31.85004511456439,-24.80870744109166,0 31.85036233019967,-24.80820229683484,0 31.85072832232945,-24.80758288571644,0 31.85118082046929,-24.80685273092984,0 31.85161790822654,-24.80621231691535,0 31.85204689734791,-24.80565280187593,0 31.85261237690018,-24.80498403690015,0 31.8531361159182,-24.80441742199756,0 31.8535807541647,-24.80397212365095,0 31.85390255011605,-24.8036666623371,0 31.85439519702392,-24.80323332380348,0 31.85518888769154,-24.80261016773189,0 31.85595570816181,-24.80207334530995,0 31.85683514706651,-24.8015174512506,0 31.85748653411577,-24.80108536395155,0 31.85822365248131,-24.80062574152285,0 31.85881442045319,-24.80022602956292,0 31.85931224766295,-24.79987243633141,0 31.85993701722609,-24.79935959506273,0 31.86070581391638,-24.7986937704476,0 31.86132315850899,-24.79805109559189,0 31.86178739009836,-24.79749654136314,0 31.86258673040344,-24.7964976786656,0</coordinates></LineString>
</Placemark></Folder><Folder><name>H1-3 - Tshokwane to Satara</name><Placemark>
  <name>H1-3 - Tshokwane to Satara</name>
  
  <styleUrl>#style_MAIN_ROADS</styleUrl>
  <Point><coordinates>31.78926369186175,-24.5968319578203,0</coordinates></Point>
</Placemark>
<Placemark>
  <name>H1-3 - Tshokwane to Satara</name>
  
  <styleUrl>#style_MAIN_ROADS</styleUrl>
  <LineString><tessellate>1</tessellate><coordinates>31.86258318850269,-24.79650016247917,0 31.86447904971001,-24.79401722122662,0 31.86482670429547,-24.79359915706556,0 31.86507561870824,-24.79317634126574,0 31.86518702468082,-24.79284429504374,0 31.86526686504504,-24.79246601035841,0 31.86524459630157,-24.79203111643794,0 31.86515812767873,-24.79164231417305,0 31.86495349588704,-24.79125493106274,0 31.86474166761182,-24.79095001044392,0 31.86443823634681,-24.79069717509536,0 31.86412346095064,-24.7904727153606,0 31.86391277004129,-24.79037070954296,0 31.86088690715858,-24.78929146126357,0 31.86046969911788,-24.78910362378573,0 31.85996913695903,-24.78875169706275,0 31.85964098843251,-24.78832215614062,0 31.85941126549574,-24.78790183516212,0 31.85930672098995,-24.78739862146099,0 31.85935160816624,-24.78685562903561,0 31.85951756325778,-24.78638747973321,0 31.85967933085185,-24.78605700715612,0 31.85992769329998,-24.78577384746757,0 31.86021530028605,-24.78551153875043,0 31.86048605228599,-24.7852990574213,0 31.86097302171075,-24.785017617557,0 31.86137549787273,-24.7847740132619,0 31.86172321452498,-24.78453502800474,0 31.86213433290501,-24.78419789042034,0 31.86247543478562,-24.78388900449964,0 31.8628724641812,-24.78351949775345,0 31.86327282641954,-24.78318222581951,0 31.86364224354282,-24.78290365167198,0 31.86394505171204,-24.78271049573428,0 31.86418690729903,-24.78255036404,0 31.864424797187,-24.78241976764493,0 31.86471730772911,-24.78225596573667,0 31.86509154038627,-24.78208766421223,0 31.86561087603404,-24.78187198203826,0 31.86768427891858,-24.78103743280899,0 31.86812179637598,-24.78084597768384,0 31.86839660734041,-24.78070995052356,0 31.86882295346535,-24.78045185426336,0 31.86925649406701,-24.78012754893001,0 31.86966843048553,-24.77971940389528,0 31.87005137403912,-24.7792469382693,0 31.87034615900088,-24.77874825119819,0 31.87058126191549,-24.77825055505791,0 31.87074499243715,-24.77770740863348,0 31.87082757322144,-24.777139875846,0 31.87082401587661,-24.77653609414218,0 31.87075506929968,-24.77598992193082,0 31.87061449166968,-24.77545022336503,0 31.87019073344365,-24.77399627286523,0 31.86991017035182,-24.77300555127483,0 31.86980564132174,-24.77253152196091,0 31.86973349686671,-24.77199455347428,0 31.86968082662595,-24.77148896582097,0 31.86967773909316,-24.77102131552373,0 31.86970635861297,-24.77048826413618,0 31.86974718843907,-24.76996448918087,0 31.86987051681224,-24.76928358358143,0 31.87004306321051,-24.76868519730097,0 31.87022123624188,-24.76813259763432,0 31.87039726651879,-24.76770884349396,0 31.87057868043448,-24.76733705844001,0 31.8708070735074,-24.76688581751188,0 31.87114644526683,-24.76634562041431,0 31.8715177885015,-24.765845370549,0 31.87194166313411,-24.76533036455085,0 31.87238811947914,-24.76490531414294,0 31.87285567430346,-24.76442846534666,0 31.87328327905373,-24.76393094641799,0 31.873665008297,-24.76341066813179,0 31.873874325086,-24.76303373502163,0 31.87413037281388,-24.76247828534274,0 31.87430319375192,-24.76201282845332,0 31.87442084834182,-24.76141897275943,0 31.87449322479741,-24.76087859316176,0 31.87450368889994,-24.7603035096062,0 31.87447056778188,-24.75988167002603,0 31.87438960878573,-24.75938259587768,0 31.87428724835906,-24.75898766181221,0 31.87416578565836,-24.75861872966638,0 31.87399233309469,-24.75822736683791,0 31.87386718426091,-24.75794353468167,0 31.8736718461199,-24.75763112106445,0 31.8734008745826,-24.75722497292934,0 31.87316479340831,-24.75691653267264,0 31.87278175015728,-24.75651415546513,0 31.87224618790747,-24.75602720436224,0 31.87176945599296,-24.75568965646115,0 31.87122533870192,-24.75537073202206,0 31.87060067343305,-24.75509873287712,0 31.87000818738992,-24.75489779783993,0 31.86934219242562,-24.75473664519732,0 31.86869590375924,-24.75465271809554,0 31.86811222770185,-24.75463461075647,0 31.8670567954759,-24.7546418561188,0 31.86644031844713,-24.75463887294176,0 31.8658638454186,-24.75460343168319,0 31.86549298049291,-24.75456849305119,0 31.8647453699264,-24.75446802441951,0 31.86418725066917,-24.75437641345297,0 31.86374026879649,-24.75428476864175,0 31.86322787595687,-24.75416784669903,0 31.86257384105965,-24.75399595197572,0 31.86191938885454,-24.75380030950803,0 31.86051481771818,-24.75338104359032,0 31.85818116139334,-24.75268503801262,0 31.85586255243777,-24.75199522729673,0 31.85451396806318,-24.7516054383649,0 31.8534125903814,-24.75123652573176,0 31.8527118109187,-24.75090041848057,0 31.85203769012502,-24.750528755968,0 31.85134827721358,-24.75005668564663,0 31.85080470220364,-24.7496141276197,0 31.85041986694638,-24.74923725875555,0 31.84991344784942,-24.74867580008229,0 31.84941577258925,-24.74803359560936,0 31.84901404232672,-24.74735832538955,0 31.84872269828631,-24.74673086809011,0 31.8485707200847,-24.74633832692765,0 31.84843257646588,-24.74591235560725,0 31.84831273879077,-24.74545933843668,0 31.84821807377047,-24.7450226207047,0 31.84810129269376,-24.74446748493691,0 31.84800899197086,-24.74401930110386,0 31.8478522437945,-24.74327468468506,0 31.84769771382282,-24.74253918485501,0 31.84751094337723,-24.74183730525714,0 31.84734372287081,-24.74135869909248,0 31.84718120228586,-24.74097298265295,0 31.84687324934633,-24.74040146731585,0 31.84654638858413,-24.7398787118421,0 31.84625336579013,-24.73949301184077,0 31.84572822106608,-24.73888832117406,0 31.84525160660141,-24.73845261119651,0 31.84470891316649,-24.73800712299278,0 31.84397673179516,-24.7374616716865,0 31.84325764204698,-24.73691127115173,0 31.84262802510205,-24.73635229362121,0 31.84202239351527,-24.73573477989221,0 31.84157270242515,-24.73521813881704,0 31.84115267081585,-24.73466539374335,0 31.8408254861082,-24.7341887370944,0 31.84042110549261,-24.73353493507434,0 31.84012135445414,-24.73296705763332,0 31.83988985595627,-24.73244600846986,0 31.8395584659415,-24.73155706314013,0 31.83935485878729,-24.73098073839554,0 31.83919676754385,-24.73051767011804,0 31.83899056915123,-24.73000181658088,0 31.83841889634574,-24.72870021804705,0 31.83823789969127,-24.72830600763809,0 31.83800879278181,-24.72786061948508,0 31.8377253369691,-24.72730574526106,0 31.83724219114979,-24.72643877727748,0 31.83691437547613,-24.72590342132287,0 31.83660749088897,-24.72538557700356,0 31.8362185035086,-24.72476608026692,0 31.83540746517461,-24.72354513257562,0 31.83525040862622,-24.72330676811723,0 31.83494171158547,-24.72284354799877,0 31.83450113668351,-24.72219760264455,0 31.8340931625393,-24.72159367485401,0 31.8337594175381,-24.72109604116594,0 31.83308145896884,-24.72008381578969,0 31.83253171048267,-24.7192260851502,0 31.83199783016733,-24.71833993139383,0 31.83162775382238,-24.71767015642378,0 31.8312120630794,-24.71683469472592,0 31.83079984817746,-24.71597910171414,0 31.8304128585023,-24.71518736105695,0 31.83000257126891,-24.71432177853057,0 31.82965494142486,-24.71361224444054,0 31.82924226575792,-24.71273611523673,0 31.82884300433114,-24.71200159377331,0 31.82856675727647,-24.71154679066613,0 31.82811222351666,-24.71090133021954,0 31.82762212439345,-24.71032411866358,0 31.82724378584502,-24.70992823844195,0 31.82698792415373,-24.70965970786526,0 31.82659066709156,-24.70929773703331,0 31.82624875732626,-24.70900828974953,0 31.82580276038257,-24.7086761738497,0 31.8253058161221,-24.70833755661609,0 31.82481851689202,-24.70802994254461,0 31.82349116242596,-24.70726792235704,0 31.82307769566316,-24.70699960984994,0 31.82246005164068,-24.70656937164019,0 31.82177445773345,-24.7060838418146,0 31.82118884647531,-24.70563826222729,0 31.82052533692059,-24.70508452385738,0 31.8198721533002,-24.70447455782927,0 31.81910414983128,-24.70369820811048,0 31.81848355833731,-24.70301164373751,0 31.81804654480648,-24.70249324112806,0 31.81737712510979,-24.70161435237442,0 31.81683139483867,-24.70079483894921,0 31.8164172246849,-24.70015726115536,0 31.81587675575395,-24.69918037631819,0 31.81552169980143,-24.69844159989943,0 31.81516969314881,-24.69766585809953,0 31.81489793887786,-24.69693354938015,0 31.81465557132082,-24.69621210183908,0 31.81449004599639,-24.69561305494603,0 31.81431369011961,-24.69475466527152,0 31.81426898042236,-24.6941661176756,0 31.81425326765767,-24.69370230620797,0 31.81426405796346,-24.69288502031255,0 31.81436171925759,-24.69211187616326,0 31.81448177658903,-24.69146408303741,0 31.81473310359689,-24.69059253744648,0 31.81501304491638,-24.68984190927412,0 31.81528446017201,-24.68915970191901,0 31.81547602420629,-24.68859977075411,0 31.8155545461115,-24.68812240055353,0 31.81554900546683,-24.68761275364185,0 31.81546526038889,-24.68716049019388,0 31.81531860729466,-24.68672218056203,0 31.8151111919219,-24.68636786636554,0 31.81488934545846,-24.6860554400193,0 31.81468229887569,-24.68581918888982,0 31.81430109958567,-24.68547828811722,0 31.81353701923534,-24.6849299300168,0 31.81300263900356,-24.68453911288749,0 31.81258376136398,-24.68416933627432,0 31.81202613309143,-24.68366397569138,0 31.81145541437934,-24.68303981708641,0 31.81076960908314,-24.68221037830621,0 31.81031952894852,-24.6815403395138,0 31.80997693743934,-24.68098791466543,0 31.80960575621902,-24.68045794381446,0 31.80915962366814,-24.67989362180905,0 31.80858600015469,-24.67933540898499,0 31.8081541396447,-24.67895611211885,0 31.80754070989558,-24.67856074332323,0 31.80680974792561,-24.678192752508,0 31.80617032973321,-24.67790714557708,0 31.8043287584774,-24.67711500436015,0 31.80378377089902,-24.67686360370544,0 31.80335201010574,-24.67665627439252,0 31.80259237010296,-24.67623812114393,0 31.80200893342769,-24.67587265808551,0 31.80160485243754,-24.67558259432273,0 31.80124456300341,-24.67531539434321,0 31.80084872234912,-24.67498207984554,0 31.80044409412882,-24.67461768933284,0 31.80003128494902,-24.67421638145421,0 31.7996168612084,-24.67375427006222,0 31.79923035070976,-24.67329061768134,0 31.79886633723094,-24.67280255527135,0 31.79857094050252,-24.67233389063015,0 31.79829995197606,-24.67188409406345,0 31.79805330997287,-24.67140525826411,0 31.79783289886371,-24.67091947828297,0 31.79759185838024,-24.67033787329362,0 31.79744304717522,-24.66987708745938,0 31.79720692282923,-24.66900633806221,0 31.79708330436526,-24.66835648916495,0 31.79701020063002,-24.6677240463972,0 31.79697044450091,-24.66725364017691,0 31.79696979266368,-24.66665225106244,0 31.79699397278699,-24.66604382572178,0 31.79705303550247,-24.6654839015433,0 31.79712193792691,-24.66500286674285,0 31.7972125961022,-24.66432064147203,0 31.79732578311736,-24.66351951462773,0 31.79744712039946,-24.66266393001168,0 31.79757397213086,-24.66173366579116,0 31.79761777294576,-24.66120451512054,0 31.79759995928844,-24.66069595033118,0 31.79753239954155,-24.66026428271236,0 31.79742163251416,-24.65984284286773,0 31.79726690123945,-24.65945396904924,0 31.79709447134007,-24.65908443838066,0 31.79688490326843,-24.65874475541717,0 31.7966035151303,-24.65837723358709,0 31.79628994906291,-24.65803389281235,0 31.79590991878954,-24.65767037766701,0 31.79560622638162,-24.65732808317379,0 31.79521666790522,-24.65683684233603,0 31.79494780662336,-24.65646362662822,0 31.79468576711945,-24.65597783553544,0 31.79454500017037,-24.65556935176183,0 31.79444565063243,-24.65513361638802,0 31.79443361759457,-24.65472263419013,0 31.79449731506921,-24.65416701504728,0 31.79459735587662,-24.65369330865517,0 31.79472265005273,-24.65314618469508,0 31.79484012829083,-24.65258072891731,0 31.79493375792735,-24.65214166184236,0 31.79503214554183,-24.65170154523675,0 31.79516104297704,-24.65114059808285,0 31.79526177556728,-24.6506841214941,0 31.79547074582928,-24.65006021130302,0 31.79569992468821,-24.64958690473411,0 31.79590813329777,-24.6491979973172,0 31.79624390167025,-24.64871582941893,0 31.79658537329524,-24.64835610106189,0 31.79700514419207,-24.64792244944816,0 31.79747154665086,-24.64751718638475,0 31.79803661887426,-24.64705701476676,0 31.79859971185766,-24.64658072534561,0 31.79909619039989,-24.64607844585208,0 31.79942523488161,-24.64569359884053,0 31.79977694229497,-24.64520360545274,0 31.80009544350429,-24.64466473792843,0 31.80039428868622,-24.6440610194422,0 31.80059859772668,-24.64350154046976,0 31.8007573619192,-24.64290070814605,0 31.80085717706834,-24.64240625284544,0 31.80090174099133,-24.64194859397339,0 31.80091554854585,-24.64143660949283,0 31.80090492425654,-24.64091572895449,0 31.80086060954272,-24.64058602882065,0 31.80076476470822,-24.64003642923097,0 31.80064806513155,-24.63957372424511,0 31.80047858189146,-24.63908745758486,0 31.80027888111308,-24.6386352117335,0 31.8000745154368,-24.63822647442927,0 31.79982430130323,-24.63779386497441,0 31.79953607281153,-24.63738135009474,0 31.79924780499419,-24.637010866168,0 31.79890362269893,-24.63660613612147,0 31.79846099948335,-24.63608106066058,0 31.79804696507671,-24.63558022114728,0 31.79770252318452,-24.6351608234591,0 31.79738111172695,-24.63474116338699,0 31.79710803063869,-24.63432225171188,0 31.79684012811615,-24.63387684379742,0 31.79660905539475,-24.63343633687512,0 31.79635295998621,-24.6328359806896,0 31.79618316622229,-24.63239609815783,0 31.79604131247579,-24.63185766993393,0 31.79588146317559,-24.63113542442397,0 31.79581759799013,-24.63054239234064,0 31.79577293214443,-24.62989848824364,0 31.79579514029591,-24.62927119194043,0 31.7958460518679,-24.62787118539431,0 31.79588592562894,-24.62669776413225,0 31.79591437841413,-24.6260374512314,0 31.79593602430473,-24.62540207486742,0 31.79596317545246,-24.62478391680806,0 31.79599209921991,-24.62407449745283,0 31.79598678328696,-24.6236212134314,0 31.79596582936585,-24.6232768469726,0 31.7959046456617,-24.62289340067522,0 31.7958288348733,-24.62252298023769,0 31.79572477653142,-24.62213326779737,0 31.7955873551437,-24.62171666538097,0 31.79541460318119,-24.62133079995716,0 31.79522729094287,-24.62098003857029,0 31.79501981714563,-24.62064437223073,0 31.79455488615784,-24.61991566831732,0 31.79410622369931,-24.61921367295131,0 31.7937960202774,-24.61872325671149,0 31.79354414271857,-24.61832413999282,0 31.7933525380295,-24.61806516984867,0 31.79307566917522,-24.61772615264251,0 31.79279926503456,-24.61743336302455,0 31.79247601608979,-24.61711095593598,0 31.79224666039204,-24.61689281024817,0 31.79168008367016,-24.61646203022958,0 31.79140504775128,-24.61618673288084,0 31.79113962182449,-24.61583140850856,0 31.79094256537944,-24.61547070969121,0 31.79081621639109,-24.61509489304765,0 31.79073384279938,-24.61463077312902,0 31.79075241122651,-24.61421047466719,0 31.79082388569516,-24.61382080132859,0 31.79097543400132,-24.61342556003132,0 31.7917649580324,-24.61164578703898,0 31.79214637667448,-24.61074210119265,0 31.79230520272919,-24.61038832874599,0 31.79246454286356,-24.60991852701151,0 31.792612334037,-24.60933006208409,0 31.79269487773797,-24.60879837031423,0 31.79274133112731,-24.60829397066456,0 31.79272558376234,-24.60772118839086,0 31.79270591916701,-24.60730088409699,0 31.79261742423668,-24.60675782517128,0 31.79255224192321,-24.60640838846517,0 31.79239286507917,-24.60587974380489,0 31.79223792217185,-24.60546657050017,0 31.79202965854576,-24.60500464301637,0 31.79163039568179,-24.60433023970822,0 31.79116116266353,-24.60365500632109,0 31.79075680023789,-24.60306401314384,0 31.79041502457674,-24.60250201505863,0 31.79004470287585,-24.6017658273442,0 31.78978529547139,-24.60112559970525,0 31.789626970351,-24.60063441428503,0 31.78949165403587,-24.60007264694532,0 31.789380435207,-24.59954875041945,0 31.78928517297338,-24.59880882079931,0 31.78925367328216,-24.59831539356064,0 31.78925982351233,-24.59776239313413,0 31.78926557845593,-24.59713327650462,0 31.78925997518186,-24.59663902121692,0 31.78920875654082,-24.59591914302753,0 31.78915299494072,-24.59551002446443,0 31.7890698800324,-24.59505330242213,0 31.78897035321977,-24.59453803409469,0 31.78879644506296,-24.59394252071138,0 31.78865753279925,-24.5935105367364,0 31.78846182197833,-24.59302742080559,0 31.78823600296541,-24.59253254389881,0 31.78794188665148,-24.59196450399542,0 31.78753998048252,-24.59138206054833,0 31.78695113857546,-24.59040179729529,0 31.78656076979055,-24.58967235154871,0 31.78623466985239,-24.58895744531342,0 31.78592687673876,-24.58819299430031,0 31.78564631478972,-24.58733186263401,0 31.78541763467308,-24.58637872174526,0 31.78522973638253,-24.5854388518152,0 31.78508932279068,-24.58462040098104,0 31.78494641850923,-24.58378553244316,0 31.78483689778488,-24.58312367987095,0 31.78474617815348,-24.58260447529221,0 31.78461471016268,-24.58183662569698,0 31.7844651530866,-24.58093276709029,0 31.78429889531699,-24.57999074487981,0 31.78413812069913,-24.57908825444647,0 31.78399191202326,-24.57824714067086,0 31.78378178620999,-24.57742697077403,0 31.7835143002402,-24.57648797285398,0 31.78311926929369,-24.57533555399321,0 31.7828852556015,-24.57467784052921,0 31.78254344355355,-24.57390659248445,0 31.78220858173813,-24.57318466739901,0 31.78173063567409,-24.57227510930812,0 31.78131715460739,-24.57154714326265,0 31.78090950469404,-24.57087996622317,0 31.78045853001922,-24.57021982620094,0 31.7798922205742,-24.56943841131417,0 31.77920962052993,-24.56858557999723,0 31.7782809731908,-24.56753924285085,0 31.77778711118817,-24.5670409862464,0 31.77666813263347,-24.56597601404884,0 31.77595661082069,-24.56535999192952,0 31.77525527793794,-24.56474855537881,0 31.77497860160282,-24.5644851761448,0 31.77453028028079,-24.56402574081482,0 31.7740794046213,-24.56351817103553,0 31.77366645790776,-24.5630138682072,0 31.77310824506295,-24.5622940380125,0 31.77263437233742,-24.56159134235574,0 31.77220560676153,-24.56088510535112,0 31.77178996154133,-24.56013673080509,0 31.77140400888987,-24.55933214544477,0 31.77093477518965,-24.55814720015442,0 31.77067969520336,-24.55741625174994,0 31.7704709611005,-24.55663831992222,0 31.77028290922451,-24.55584061066279,0 31.77013072736117,-24.55497846313062,0 31.77003973094831,-24.55445049713716,0 31.76991509857645,-24.55366089001712,0 31.76982812172984,-24.55307596879506,0 31.76968767946492,-24.5522769420708,0 31.76955262883573,-24.55160341014402,0 31.76938740076682,-24.55086540480545,0 31.76922714299311,-24.55017635474492,0 31.76901007326615,-24.54937601136064,0 31.76883672044248,-24.54885933420182,0 31.7686663120456,-24.54836576423947,0 31.76845974827993,-24.54774440548832,0 31.76824986790669,-24.54719080747983,0 31.76786466198465,-24.54623017642242,0 31.76749581472987,-24.54538378703242,0 31.76717674681732,-24.54454650935256,0 31.76686714354246,-24.54357402119454,0 31.76667806937858,-24.54285999904334,0 31.76650956445826,-24.54207753216753,0 31.76637160920836,-24.5412565181094,0 31.76630017339501,-24.5406476961214,0 31.76624230538667,-24.53996908032537,0 31.76623251684313,-24.5393137547956,0 31.76623079537916,-24.53858757111022,0 31.76625279550228,-24.53796320464681,0 31.76631141480472,-24.53717366665899,0 31.76640805288653,-24.53647523815648,0 31.76653158509983,-24.53575084177217,0 31.76673362936809,-24.53484560720981,0 31.76696109998369,-24.5339114862047,0 31.76713912087736,-24.53321609068264,0 31.76735289928893,-24.53234866429639,0 31.76752139118822,-24.53150753532924,0 31.76764452623268,-24.53059075232533,0 31.76769910389226,-24.53001322951769,0 31.76775073294445,-24.52924073184302,0 31.76776111662926,-24.52848232584057,0 31.76772585130954,-24.527460180679,0 31.76765111077172,-24.52665248730397,0 31.76752878920694,-24.52576299022444,0 31.76733577384641,-24.5247857922964,0 31.76722412337747,-24.52429923011316,0 31.76699727945237,-24.52347740392397,0 31.76662477087938,-24.52240626889098,0 31.76626038482364,-24.52148318749205,0 31.7657476001412,-24.52023690653392,0 31.76518982004928,-24.51882645480922,0 31.76461896428381,-24.51741104287534,0 31.76433171674427,-24.51650799709852,0 31.76407285288427,-24.51555712586825,0 31.76386390376755,-24.51435902721325,0 31.76374162299069,-24.51299796444766,0 31.76374435506864,-24.5117597234259,0 31.76387709201143,-24.51029997136205,0 31.76411173326112,-24.50911295889344,0 31.76440322204168,-24.50804129199636,0 31.76477083818368,-24.50699413166198,0 31.76527990788486,-24.50584556935835,0 31.7658146888399,-24.50489252429563,0 31.76636183664568,-24.50402968840768,0 31.76710671925381,-24.5029792308821,0 31.7676554279402,-24.50212627995836,0 31.76832440656775,-24.50098114454556,0 31.76878404503848,-24.50005401146342,0 31.76923098874952,-24.49906777868127,0 31.76947609651962,-24.49833951861243,0 31.76979705680483,-24.49749079877589,0 31.77000954488822,-24.49678015002343,0 31.77022109000898,-24.49605021283705,0 31.77044517384717,-24.49506458360629,0 31.77061173073387,-24.49424317880231,0 31.77074913829046,-24.493504836168,0 31.77089102654463,-24.49273512724271,0 31.77107963143098,-24.49194564870501,0 31.77128738073348,-24.49127930445606,0 31.77156687611701,-24.49054602578917,0 31.77191390112512,-24.48985004464325,0 31.77220727502907,-24.48929512463537,0 31.77248167695354,-24.48886009011355,0 31.77274337825201,-24.488490874603,0 31.77310899683758,-24.48800889660609,0 31.77368828983691,-24.48733057338631,0 31.77424530169912,-24.48675144649111,0 31.7748214991073,-24.48623741935799,0 31.77538925362309,-24.4857430277951,0 31.77590601646878,-24.48529459400981,0 31.7763462453416,-24.48487839753122,0 31.77683891591899,-24.48439399335135,0 31.77741232162225,-24.4838069140117,0 31.77794646257873,-24.48322075334153,0 31.7786975134371,-24.48233580788258,0 31.7791911591371,-24.48170968295337,0 31.77956106829722,-24.48119454616542,0 31.77993455635448,-24.48068359568825,0 31.78028038231565,-24.48017628697727,0 31.78075238572095,-24.47942082431881,0 31.78099700365983,-24.47902885568623,0 31.78126438456433,-24.47853926837066,0 31.78153766954901,-24.47803983239327,0 31.78187990139314,-24.47735118429763,0 31.78218935421448,-24.47672654061491,0 31.78247079539572,-24.47610515842225,0 31.7827786360122,-24.47531368957193,0 31.78301385712681,-24.47471820018425,0 31.78321804830751,-24.47411464874248,0 31.78345929056662,-24.47335140861762,0 31.78367797644854,-24.47258450381689,0 31.78388667068786,-24.47173621327416,0 31.78404864900803,-24.47102539603441,0 31.78414110578159,-24.47045612529693,0 31.78426896843387,-24.46965642586263,0 31.78441159793567,-24.46882666566901,0 31.78455785118312,-24.46784901250636,0 31.78469210135536,-24.46699632881555,0 31.78481240703274,-24.46623622615677,0 31.78491905310917,-24.46557233913803,0 31.78505175522658,-24.46465425026472,0 31.78518416739477,-24.46393837715324,0 31.78541177870403,-24.462881289403,0 31.78559552026108,-24.46225988987476,0 31.78578385288022,-24.46168185946062,0 31.78593846583408,-24.46124774979487,0 31.78612518341458,-24.46079825426541,0 31.78636796397434,-24.46026930326794,0 31.78663361930223,-24.45974103327054,0 31.78689930655677,-24.45924654915714,0 31.78720606428738,-24.45867540313942,0 31.78754718775202,-24.45807867237708,0 31.78789147498696,-24.45744880376535,0 31.78824218340115,-24.45682097013043,0 31.78848648515004,-24.45636048951426,0 31.78869548159549,-24.45588784452101,0 31.78895412748344,-24.45529452440062,0 31.78917272287265,-24.45474147254131,0 31.78938333739309,-24.45408335278163,0 31.78953130088615,-24.45352004018219,0 31.78970989689137,-24.45273453704549,0 31.78983279793532,-24.45196645072262,0 31.78992371176544,-24.45123813428487,0 31.78996419681923,-24.45068285568643,0 31.78998195958804,-24.45007901345289,0 31.78998167112749,-24.44946502938815,0 31.78994689014386,-24.44881335761874,0 31.78988683165483,-24.44815758111309,0 31.78979339374309,-24.44757149181451,0 31.78969637452449,-24.4470262980566,0 31.78953751522192,-24.44630050380628,0 31.78939562500422,-24.4457777530322,0 31.78921299127134,-24.44520721072101,0 31.78901426689175,-24.44453639682816,0 31.78872175147113,-24.44363271787606,0 31.7884725195041,-24.44284372009585,0 31.7881823547714,-24.44196459657962,0 31.78796914720348,-24.44119116008459,0 31.78779043462944,-24.44043322344049,0 31.78766758087593,-24.43964256070337,0 31.7875832555602,-24.43879475619081,0 31.78756009067045,-24.43792831926235,0 31.78757390956542,-24.4372362810778,0 31.78761162045509,-24.43660114696503,0 31.78774185035098,-24.43521087871645,0 31.78796926139439,-24.43313542579848,0 31.78805885224645,-24.43205727126987,0 31.78809280274237,-24.43151046441132,0 31.78806322710905,-24.4309653397489,0 31.78796427325122,-24.43029050240093,0 31.78783990470446,-24.42972885261528,0 31.78767745426857,-24.4290391890473,0 31.78752611884414,-24.42843258134346,0 31.78733609090192,-24.42767491693551,0 31.78710472813474,-24.42684194579108,0 31.7868596932196,-24.42620925604807,0 31.78655675628742,-24.42567436783305,0 31.78618455345312,-24.42513959664776,0 31.78576533302345,-24.42456727807805,0 31.78544619101799,-24.42398673842328,0 31.78518218894553,-24.42339046356881,0 31.78494132337508,-24.42273117731463,0 31.78463746974322,-24.42195750655133,0 31.78434431512256,-24.42128575763813,0 31.78392976790731,-24.42043328758668,0 31.78348162114701,-24.41953661824894,0 31.78301978862976,-24.41852721985214,0 31.78272454380691,-24.41773204566058,0 31.78248602156195,-24.41682883578442,0 31.78235054447507,-24.4159215034854,0 31.7823320987011,-24.41500997838102,0 31.78239934338258,-24.4142381320646,0 31.78254829297574,-24.41332114250357,0 31.78276141574647,-24.41257967745471,0 31.78296988392187,-24.41200632568865,0 31.78324228306381,-24.41140024486794,0 31.78518930748501,-24.40756962523257,0 31.78616137327547,-24.40558630537357,0 31.78636088603752,-24.40518773954035,0 31.78664591902375,-24.40445310692252,0 31.7869521063746,-24.40340922323498,0 31.78708492853877,-24.40271001608722,0 31.7871729843465,-24.40207543102959,0 31.78721354892981,-24.40138502500704,0 31.78720977749413,-24.40075874256825,0 31.78714216698527,-24.39994718978613,0 31.78700899243405,-24.39907761746262,0 31.78683117083179,-24.3983759393981,0 31.78665381457427,-24.3977852867498,0 31.78644458140409,-24.39724039360374,0 31.78613275140227,-24.39656152654009,0 31.78586520593038,-24.39607635901644,0 31.7855316958572,-24.39551992189537,0 31.78518328519136,-24.39502019112997,0 31.78474113072788,-24.39444093691749,0 31.784509211628,-24.39415866181354,0 31.78416661573758,-24.39379515027825,0 31.78389918113373,-24.39353858721151,0 31.7835574748571,-24.3932245241779,0 31.78302950431072,-24.39279419554587,0 31.78244521738452,-24.3923574683282,0 31.78204394368289,-24.39210841240902,0 31.78157160097418,-24.39180596602002,0 31.78080863851805,-24.3914312844582,0</coordinates></LineString>
</Placemark></Folder><Folder><name>H1-4 - Satara to Olifants</name><Placemark>
  <name>H1-4 - Satara to Olifants</name>
  
  <styleUrl>#style_MAIN_ROADS</styleUrl>
  <LineString><tessellate>1</tessellate><coordinates>31.78080397728794,-24.3914296583867,0 31.78044461323759,-24.3912570139742,0 31.77776502325643,-24.39006588799148,0 31.77708129127775,-24.38975350936967,0 31.7763831890083,-24.38938888716082,0 31.77637438987068,-24.38938624792652,0 31.7756471115982,-24.38897333504043,0 31.77505831055917,-24.38858807599872,0 31.77442069759479,-24.3881212710071,0 31.77376285291436,-24.38758949923619,0 31.7732085307043,-24.38708123033791,0 31.77255410551922,-24.38641009702217,0 31.77197415986326,-24.38572935323244,0 31.77131266997326,-24.38478774893865,0 31.77079996849692,-24.38396443158166,0 31.77023530460076,-24.3828502582491,0 31.76983813198736,-24.3818604082782,0 31.76953267307698,-24.38087196470774,0 31.7693672125294,-24.3800255948606,0 31.76921704948032,-24.37918734165883,0 31.76905620831001,-24.3783128514259,0 31.76886768551073,-24.37729483151081,0 31.76863457131,-24.37596538084263,0 31.76828718028592,-24.37452654750656,0 31.76788296972667,-24.37323510269239,0 31.76742265421365,-24.37190035675746,0 31.76656338366058,-24.3699632304212,0 31.7656403551586,-24.36815676732915,0 31.76461872063706,-24.3663726029655,0 31.76397202676937,-24.36455742172917,0 31.76367950668907,-24.36312066211547,0 31.76352123705961,-24.36164856645324,0 31.76352583208431,-24.36083270625074,0 31.76365808831068,-24.35972845751293,0 31.76392012714667,-24.35838003784172,0 31.76412007678298,-24.35686989081211,0 31.76424289617233,-24.35559256551167,0 31.76427120054157,-24.35446902660935,0 31.76422972044245,-24.35338411674949,0 31.76416094995991,-24.35278778770756,0 31.76393657684022,-24.35143095115869,0 31.76358830198506,-24.35010537686602,0 31.76328152049281,-24.34912624800078,0 31.76286829424713,-24.34811039805317,0 31.7623086155549,-24.34695218913772,0 31.76180839840372,-24.3460529906417,0 31.76128888054207,-24.34522465971234,0 31.76088225892263,-24.3446513245491,0 31.76036182982953,-24.34391379121947,0 31.75997832459009,-24.3433080711576,0 31.75901098557863,-24.34168657055714,0 31.75826233325454,-24.34016722195792,0 31.75790602638305,-24.3393153201184,0 31.75754713023104,-24.33838399720073,0 31.75724655571428,-24.33750189674188,0 31.75693500376524,-24.33637352981818,0 31.75672892864699,-24.33537310443913,0 31.75656531246633,-24.33450433039553,0 31.75644457805873,-24.33363089300651,0 31.7563423251736,-24.33275904273597,0 31.75622236527038,-24.33181481282956,0 31.75608460513494,-24.33084502470222,0 31.75590398232528,-24.32997241854626,0 31.75563738759211,-24.32907547169374,0 31.75531854030474,-24.32817165290433,0 31.75477133558919,-24.32695065940404,0 31.75430862999885,-24.32614640066004,0 31.75363162437007,-24.3251156599035,0 31.75277644668489,-24.32406519813847,0 31.75185516039113,-24.32298493070905,0 31.75120351425121,-24.32207737388209,0 31.75064069378799,-24.3211732386207,0 31.75013163844919,-24.32018973401349,0 31.74967954478087,-24.31911339961409,0 31.74936272133003,-24.31813719836366,0 31.74909977349948,-24.31707332520801,0 31.74897433026892,-24.31611888544253,0 31.74885956447915,-24.31512587250882,0 31.7487251028262,-24.31412318459028,0 31.74864495246862,-24.31357260436824,0 31.74849360974223,-24.31288750010403,0 31.7483260708171,-24.31207208180812,0 31.74802663627228,-24.31102957536843,0 31.74773157247585,-24.31018103406958,0 31.74749446932206,-24.3094937054193,0 31.74690829164812,-24.30779032965674,0 31.74668835422378,-24.30704062865809,0 31.74650974853766,-24.30627444832456,0 31.74635859872485,-24.30539760838531,0 31.74627330934054,-24.30456885178637,0 31.74624849428125,-24.30382290321063,0 31.74627390167252,-24.30301734895679,0 31.74632411175376,-24.30225524951453,0 31.74650179086868,-24.30118844568056,0 31.74667946524493,-24.29998973109489,0 31.74685425594878,-24.29888462115191,0 31.74691656058525,-24.29806689413178,0 31.74692006971632,-24.29730140959065,0 31.74686918424532,-24.29642241563149,0 31.74675901060107,-24.29558047146731,0 31.74664103257452,-24.29488897632895,0 31.74647360518535,-24.29423923219502,0 31.74623585074182,-24.29349682282264,0 31.74596957614952,-24.29279970540805,0 31.74571139417876,-24.29219800246942,0 31.74535109542461,-24.29147039330298,0 31.74483211299374,-24.29061654806024,0 31.74398272202498,-24.28944015743529,0 31.74320029177886,-24.28840768614193,0 31.74273948495347,-24.28762615730694,0 31.74218632167137,-24.28656325740294,0 31.74179983856389,-24.2856242203852,0 31.74150685066499,-24.28471320530217,0 31.74083974647846,-24.28226546206276,0 31.74052124747908,-24.28137506266543,0 31.74022861230119,-24.28062858943311,0 31.7398621296574,-24.27985761696528,0 31.73931869139855,-24.27886835900996,0 31.73885020650243,-24.27816162530906,0 31.7381945462736,-24.27727961071786,0 31.73740347081596,-24.27634099890173,0 31.73671727222291,-24.27562448140143,0 31.73581877891544,-24.27482781983073,0 31.7349553945679,-24.2741504009373,0 31.73382611506973,-24.27341508022859,0 31.73265758078609,-24.27273207457322,0 31.73196877481661,-24.27226950921941,0 31.73127217916705,-24.27161135597612,0 31.73084337908942,-24.27104829138123,0 31.73054054084192,-24.27051667872405,0 31.73031574926387,-24.26999916389709,0 31.73011944550176,-24.26927038734479,0 31.73002846181083,-24.26865528833125,0 31.73002630811246,-24.26784738342598,0 31.73012613941899,-24.26716884783316,0 31.73067000336656,-24.26430752704384,0 31.7307329523888,-24.26387282501139,0 31.73072805840378,-24.26330941882161,0 31.73064423941811,-24.26257182642645,0 31.73049864679781,-24.261989076027,0 31.73025782360208,-24.26141378975119,0 31.72995747444182,-24.26082303642225,0 31.72961104670858,-24.26032424547169,0 31.7291905988113,-24.25987259309787,0 31.72863638195735,-24.25936746762626,0 31.72797211870307,-24.25893208262138,0 31.72739285171621,-24.25863591823818,0 31.7259073947073,-24.25792113634732,0 31.72553330941312,-24.25772011334956,0 31.7250776237387,-24.25745149025771,0 31.72447070376506,-24.25700032613257,0 31.72393697886211,-24.25652506655121,0 31.72348729487592,-24.25604388685769,0 31.72305591682836,-24.25549133778608,0 31.7226832227245,-24.25490641112782,0 31.72245410530776,-24.25443296467667,0 31.72223260159777,-24.25392845903795,0 31.72202699345593,-24.25329447698101,0 31.72187221522556,-24.25244548278866,0 31.72181110499862,-24.25176007058031,0 31.72177253872087,-24.2510408630511,0 31.72173064946453,-24.25008288275275,0 31.72168057941998,-24.24910825196593,0 31.72163134103843,-24.24805701261567,0 31.72157939009134,-24.24709000195404,0 31.72151079905067,-24.24640414658399,0 31.7214649883969,-24.24589510882278,0 31.72137876090408,-24.24533542156216,0 31.72131365087645,-24.24481649141914,0 31.72121580393018,-24.24425689541545,0 31.72100218977024,-24.24323149918796,0 31.7207546076718,-24.24229128389728,0 31.72043439552712,-24.24119468503907,0 31.72013127206681,-24.24015737706995,0 31.71995686228678,-24.23934067388457,0 31.71985428173154,-24.23861321198919,0 31.71979220917161,-24.23796742235705,0 31.71976005590052,-24.23734109788939,0 31.71975721117611,-24.23675940578343,0 31.71979434935413,-24.23620656562494,0 31.71984659210524,-24.23562535259716,0 31.71993925849688,-24.23500838976527,0 31.72006659092363,-24.23438454300861,0 31.72022363684118,-24.23373857291039,0 31.72042386383308,-24.23313063714613,0 31.72064609618904,-24.23249795571099,0 31.72086651371675,-24.23196668008726,0 31.72108959280197,-24.23136649343267,0 31.72125589285248,-24.2308475539492,0 31.72139995387634,-24.23030460294104,0 31.72155426830699,-24.22966793039017,0 31.72166537240919,-24.22897870544864,0 31.7217476617247,-24.22818650317475,0 31.72178421170989,-24.22741726644672,0 31.72175883442212,-24.22651606640266,0 31.721691731622,-24.22578911814581,0 31.72159706854792,-24.22517509091387,0 31.72148945089967,-24.22463804903198,0 31.7213520181565,-24.22407935682051,0 31.7211730062784,-24.22346963072945,0 31.72098070478409,-24.22292535919441,0 31.72062223313781,-24.22195240966257,0 31.72030056886217,-24.22091463743497,0 31.72016786183492,-24.22041327726934,0 31.72000959258204,-24.2196746767151,0 31.71989574865296,-24.21901751157449,0 31.71980581177155,-24.21822393416645,0 31.71975798400517,-24.21749427921003,0 31.7197524722483,-24.21680581073841,0 31.71978109765214,-24.21611032216964,0 31.71984216171745,-24.2154261885382,0 31.71992132271704,-24.21451923551942,0 31.71997211757978,-24.21353327231234,0 31.71996982065813,-24.2125650881082,0 31.7199130926119,-24.21119893822273,0 31.71983932191314,-24.21016988966568,0 31.7197076014452,-24.20875634525397,0 31.71963154163393,-24.20800294839172,0 31.71952310176673,-24.20685552922468,0 31.71942204102609,-24.2057984282254,0 31.71927515670304,-24.20430344639219,0 31.71911010507598,-24.20252651859121,0 31.71897981505185,-24.20108441121596,0 31.71889384374596,-24.19995357145001,0 31.71882301582885,-24.19860185339306,0 31.71882098215472,-24.19730551863551,0 31.71886148910657,-24.19591157039774,0 31.71892982380602,-24.19478243761298,0 31.71900160477602,-24.19400287442357,0 31.71911040181084,-24.19312634314812,0 31.71920028063176,-24.19255776468049,0 31.71930738540242,-24.19177162789988,0 31.71942380904806,-24.19110904717334,0 31.71956142904705,-24.19042107906816,0 31.7196931261699,-24.18976533841121,0 31.71979201727709,-24.18924454003811,0 31.71990271796532,-24.18854066299715,0 31.72001457193971,-24.18772781513989,0 31.72004378988999,-24.18682951282318,0 31.72006610760484,-24.18614735409755,0 31.72004650251329,-24.18560488438265,0 31.72000998803421,-24.18500121077215,0 31.71996492808712,-24.18441758709977,0 31.71988594419319,-24.18381491597759,0 31.71976577620971,-24.18312209483755,0 31.71963833054027,-24.18258294469812,0 31.71950808673509,-24.18200719950551,0 31.71929356628243,-24.18128728395435,0 31.7191043713387,-24.18070655812315,0 31.7189190938054,-24.18016893979692,0 31.71868992192355,-24.17962580353773,0 31.71847239823149,-24.17911138104061,0 31.71817692076895,-24.17844164644836,0 31.71786720986297,-24.17774233705348,0 31.71759411401676,-24.17705328962338,0 31.71737820732279,-24.17635436676983,0 31.71720497170556,-24.17559382313004,0 31.71705545972471,-24.17463196791745,0 31.71700056369936,-24.1739448437662,0 31.71701015490982,-24.17314774101661,0 31.7170559458509,-24.17245527949756,0 31.71718224275634,-24.17154099137577,0 31.71737346903986,-24.17067165435764,0 31.71758988758741,-24.16994597918667,0 31.71785701846179,-24.1692552062799,0 31.71833142768927,-24.16826845912842,0 31.71874257962555,-24.16754998438954,0 31.71919342561229,-24.16675769943835,0 31.71966661457562,-24.16586638667961,0 31.71983925853935,-24.16541185650706,0 31.72004197624673,-24.1647292298407,0 31.72015988025698,-24.16399906576547,0 31.72021243098503,-24.16322582945897,0 31.72016827035706,-24.16204940172938,0 31.72013939517539,-24.16111757574138,0 31.72016451498461,-24.15987479451421,0 31.72025446432438,-24.15898095879075,0 31.72039334562756,-24.15804295684514,0 31.72057721754397,-24.1571661311259,0 31.72078447261454,-24.15638289317332,0 31.72097594918196,-24.15543955797634,0 31.72108343468566,-24.15448746525085,0 31.72109278363901,-24.15357478427846,0 31.72098276051952,-24.15258951261847,0 31.72078205511912,-24.15174222566648,0 31.72047714434637,-24.15088312015506,0 31.7200372254156,-24.14998817712878,0 31.71970920697323,-24.14943321536622,0 31.71921869798744,-24.14876607461365,0 31.71873037561189,-24.1481801578411,0 31.71807251576455,-24.14754992271205,0 31.71730761780555,-24.14682964498164,0 31.71641335865175,-24.14599442616699,0 31.71576674019399,-24.14537883036585,0 31.71503636405976,-24.14462588901887,0 31.71439911658369,-24.14387020735628,0 31.71381186027571,-24.14313732163026,0 31.71325702053448,-24.14231226967505,0 31.71283236350252,-24.14163317457198,0 31.71244864530415,-24.14097776979915,0 31.7121158448584,-24.14030832336685,0 31.71173482926795,-24.13943980972488,0 31.71149460977549,-24.13883105531012,0 31.71128000703883,-24.13825713534354,0 31.71032758855355,-24.13553326376192,0 31.71004328371959,-24.13487271121565,0 31.70975280142248,-24.1342777263165,0 31.7094625302021,-24.13377101135014,0 31.70920906772525,-24.13329960866245,0 31.70886388009959,-24.13279687568738,0 31.70847335337847,-24.13228022775585,0 31.70815770110966,-24.13186856436243,0 31.70746630892884,-24.13112290762386,0 31.70688908393717,-24.13049364020137,0 31.70643178039126,-24.12991063045517,0 31.70611379441265,-24.12946611295415,0 31.70573087230986,-24.12890126063311,0 31.70544829990275,-24.1283915280024,0 31.70529398412835,-24.1281187537111,0 31.70506191805815,-24.12767825924209,0 31.70490871782767,-24.12733981600631,0 31.70473609018446,-24.126932083093,0 31.704560647092,-24.12646201357368,0 31.70432693107981,-24.12572150701182,0 31.70408521589005,-24.12480980349226,0 31.70394941519236,-24.12435019808187,0 31.70380579609958,-24.12402991309846,0 31.70358349730064,-24.12354914623335,0 31.70339889761776,-24.1232097560967,0 31.70324491772186,-24.12297553687152,0 31.70301676064062,-24.12266989131758,0 31.70279296494142,-24.12238721629176,0 31.70243481073811,-24.12198784343678,0 31.70193894741706,-24.12155346015431,0 31.70142758675805,-24.12117837725976,0 31.70085551539497,-24.12083928597468,0 31.70021877338161,-24.12052320799391,0 31.69924337932805,-24.12005848665972,0 31.69851929055329,-24.11970704795675,0 31.6978829875486,-24.11939063031011,0 31.69715108309336,-24.11901540256279,0 31.69657936502876,-24.11865261226211,0 31.69600905353697,-24.1182758349049,0 31.69543199919498,-24.11786554328781,0 31.69488239370061,-24.1174283453143,0 31.69432799281047,-24.11694565227732,0 31.69380328218243,-24.11643173275095,0 31.69337163774485,-24.11598120839645,0 31.69291703249545,-24.11543482389097,0 31.69262157608019,-24.11505071325293,0 31.69226339863645,-24.11454139754501,0 31.69177743101514,-24.11377087670849,0 31.69144653330565,-24.11318684033389,0 31.69120011523365,-24.11268479675426,0 31.69096389123308,-24.11216018402149,0 31.690710893005,-24.11149638423884,0 31.69042871623061,-24.11066210005784,0 31.69028109332507,-24.11005693041219,0 31.69013577899744,-24.10941567912727,0 31.69002922694887,-24.10864509964078,0 31.68995566413094,-24.10790203026023,0 31.68993049290797,-24.10713155714689,0 31.68994823334383,-24.10630015231929,0 31.69002565252616,-24.10553274786792,0 31.69014951820381,-24.10474031275713,0 31.69030551425075,-24.10403856507357,0 31.69047339584602,-24.103406595239,0 31.69070093925112,-24.10272220495882,0 31.69091593876257,-24.10216929734884,0 31.69114961993614,-24.10159956030333,0 31.69153402804475,-24.10069351731901,0 31.69173564539686,-24.10012062243512,0 31.69190441297659,-24.09952691456567,0 31.6920914596275,-24.09875870740574,0 31.69223466726943,-24.09787363736234,0 31.69233659035579,-24.09690812865934,0 31.69234561133812,-24.095712332996,0 31.69226274131705,-24.09479269657173,0 31.6921034303683,-24.09380005018393,0 31.69193382462105,-24.09304649560903,0 31.69170955476466,-24.09228517509554,0 31.69144874399948,-24.09157215942878,0 31.69116762930458,-24.09087072653291,0 31.69092831748392,-24.09029686690634,0 31.69071294358794,-24.08971682384729,0 31.69050898464804,-24.08906269257527,0 31.69029281433719,-24.08827774126776,0 31.69013450902479,-24.08754562559761,0 31.69004345752769,-24.08706254331576,0 31.68995062636537,-24.08643002588016,0 31.68988434091407,-24.08582093690498,0 31.68983247731045,-24.08513067260735,0 31.6898100427344,-24.08438247168031,0 31.68983054762951,-24.08359450788837,0 31.68988162477093,-24.08284620344705,0 31.68994727584511,-24.08204772818777,0 31.69002889707851,-24.08121616382574,0 31.69010348162818,-24.08041235376125,0 31.6901686558,-24.07969004747805,0 31.69021020511323,-24.07913459221493,0 31.69024838511665,-24.07838302380275,0 31.69026474083707,-24.07774855771248,0 31.69025272650903,-24.07714428253921,0 31.69021923092829,-24.07634358349407,0 31.69017515499694,-24.07569491331687,0 31.69009109600361,-24.07478582179982,0 31.68999871983184,-24.07408084953743,0 31.68989637852761,-24.07345902579053,0 31.68976055360001,-24.07270723964164,0 31.68956976454581,-24.07185674894799,0 31.68936092099518,-24.07105251129495,0 31.68916846898389,-24.07037846280794,0 31.68891279672303,-24.06950471245518,0 31.6886974662744,-24.06862574605623,0 31.68862016498844,-24.06816809014127,0 31.68851005128817,-24.06731163918039,0 31.68847848271597,-24.06636798689586,0 31.68851851604858,-24.06541551408817,0 31.68858339388539,-24.0648855139783,0 31.68876011784849,-24.06393454237959,0 31.68893933251557,-24.06309001454612,0 31.68967266983492,-24.05959127125886,0 31.68981900837525,-24.05887813906528,0 31.68996518364723,-24.05817276628416,0 31.69001613223905,-24.05764335124854,0 31.69002211137048,-24.05705493507417,0 31.69000099946083,-24.05655192240758,0 31.68992438968908,-24.05601452269206,0 31.68981144999712,-24.05551617316945,0 31.68967569502196,-24.05507141939221,0 31.68943454754888,-24.05444970038931,0 31.68926108476729,-24.05410245749485,0 31.68892951328382,-24.05354675119502,0 31.68869891811846,-24.05321647834333,0 31.68835440771849,-24.05276036034843,0 31.68803227367488,-24.05235018485721,0 31.68774703643039,-24.05196980920563,0 31.6874655971855,-24.05150195764191,0 31.68726356987557,-24.05102853032337,0 31.68708540280964,-24.05049401971836,0 31.68694013503067,-24.04980283175083,0 31.68690825694896,-24.0491450144305,0 31.68693251584527,-24.04854719700733,0 31.68699247434805,-24.04801520084392,0 31.68708392843536,-24.04732381598522,0 31.68711297874,-24.04683828667942,0 31.68713853796687,-24.0462853265018,0 31.68713359249092,-24.04567282681117,0 31.68711102466654,-24.0451582752322,0 31.68706493254105,-24.04464013416416,0 31.68697370096093,-24.04398869034761,0 31.68686941243827,-24.04343314092081,0 31.68673779337187,-24.04285340603133,0 31.68661081552295,-24.04235778725586,0 31.68642968078516,-24.04182664580397,0 31.6862624395004,-24.04132838736502,0 31.68606276144792,-24.04083151624326,0 31.68576794753518,-24.04021067965577,0 31.68547195321525,-24.03964270483265,0 31.68525002016777,-24.03924029231078,0 31.68496010707304,-24.03887301452834,0 31.68455070264656,-24.03848533191681,0 31.68394605435055,-24.03810796232189,0 31.68325132355595,-24.03786290350106,0 31.68274046023637,-24.03778712034104,0 31.68216126554016,-24.03778654734143,0 31.68112484988457,-24.03779968215947,0 31.68078028920266,-24.03777964224311,0 31.6802848905044,-24.03771828669208,0 31.67982113807062,-24.0376081525862,0 31.67938054304774,-24.03747156598109,0 31.67887430962999,-24.03725312843297,0 31.67845731401599,-24.03702326462366,0 31.67804295017731,-24.03673465158324,0 31.67750824412637,-24.0362628244732,0 31.67703374184101,-24.03568756239871,0 31.67670073694553,-24.03507865069845,0 31.6765008169709,-24.03460071330792,0 31.67623671722085,-24.03376883766327,0 31.67604488220805,-24.03319294404339,0 31.67584418352344,-24.03260951038026,0 31.67560413091075,-24.03189504100875,0 31.67542320914532,-24.03139676308845,0 31.67522037958905,-24.0307948746072,0 31.67495351667908,-24.02997261611503,0 31.67475276378869,-24.02930037246674,0 31.67460336235738,-24.02869342021446,0 31.67447623953554,-24.02806616142794,0 31.67436105479935,-24.02747750828458,0 31.67425619200472,-24.02694497360105,0 31.67412431202109,-24.02633347410351,0 31.67397219710478,-24.02573610743446,0 31.67373027907659,-24.02509780504629,0 31.67347252350964,-24.02457925186771,0 31.67314765277093,-24.02401010554027,0 31.67291592718093,-24.02368043727841,0 31.67234550195416,-24.02290522251089,0 31.67194372532568,-24.02235168777351,0 31.67157878997046,-24.02180161805621,0 31.67130085905794,-24.0213130381126,0 31.67103152109906,-24.02065809964687,0 31.67088733620614,-24.02021138530609,0 31.67072533271433,-24.01959174903809,0 31.67054684761285,-24.01885544370283,0 31.6703286704993,-24.01797320982531,0 31.67022132008528,-24.01749918695678,0 31.67006043536118,-24.01701881015546,0 31.66985744218769,-24.0165919828675,0 31.66960905969528,-24.0161952259788,0 31.6692821730807,-24.01578330425605,0 31.66903637228738,-24.01551611001028,0 31.6684268656703,-24.01500408241079,0</coordinates></LineString>
</Placemark>
<Placemark>
  <name>H1-4 - Satara to Olifants</name>
  
  <styleUrl>#style_MAIN_ROADS</styleUrl>
  <Point><coordinates>31.71907031932195,-24.20215303910084,0</coordinates></Point>
</Placemark></Folder><Folder><name>H1-5 - Olifants to Letaba</name><Placemark>
  <name>H1-5 - Olifants to Letaba</name>
  
  <styleUrl>#style_MAIN_ROADS</styleUrl>
  <LineString><tessellate>1</tessellate><coordinates>31.66842605702623,-24.01500420830017,0 31.66777415924226,-24.01463287879727,0 31.6671307424157,-24.01437163319125,0 31.66644581351224,-24.01419124504027,0 31.66586619828825,-24.01413072173835,0 31.66505904150292,-24.01411784247335,0 31.66434489236462,-24.01422243634106,0 31.66356192603364,-24.01430287686686,0 31.66297704938861,-24.01432388605814,0 31.66055297639209,-24.01402096582143,0 31.65994659673774,-24.01395100027622,0 31.65897659288718,-24.01395162853125,0 31.6579700105244,-24.01394719401601,0 31.65720551785089,-24.01388335572165,0 31.65655451023912,-24.01377869848489,0 31.65608585672411,-24.01373793878043,0 31.6556480156075,-24.01371011449241,0 31.65503927032444,-24.01369730641127,0 31.65456396829987,-24.01369693531935,0 31.65422229234191,-24.01373717270559,0 31.65377273423145,-24.01379738170632,0 31.65253542631535,-24.01400352961082,0 31.65230367282853,-24.01404385004578,0 31.65201746548023,-24.0140555319932,0 31.65173510400311,-24.01397858076656,0 31.65151422746443,-24.01385929004722,0 31.65133975918147,-24.01371542575999,0 31.65122082682716,-24.01354737624769,0 31.65115843572344,-24.01340099635024,0 31.65110588081096,-24.01319184631116,0 31.65101999118053,-24.01293137707255,0 31.65095625976263,-24.01275663025708,0 31.65085914727318,-24.01256979960271,0 31.65070558574828,-24.01233622871228,0 31.65059179328765,-24.01217512242222,0 31.65043670126394,-24.01199795227675,0 31.65025959667928,-24.01180967144919,0 31.64980387115101,-24.01132307526585,0 31.64964330795133,-24.0111160666642,0 31.64945607070269,-24.01084070534581,0 31.64933182768338,-24.01060612260882,0 31.64924859615719,-24.01041438848679,0 31.64916126946809,-24.01015804929358,0 31.64908402934103,-24.00985785228731,0 31.64903803350165,-24.0095713933546,0 31.64898396196229,-24.00923466712698,0 31.64890706834365,-24.00885305464647,0 31.64884483711634,-24.00846370390677,0 31.64880766534402,-24.00805897224117,0 31.64880786740479,-24.00765475414784,0 31.64883137969726,-24.00728554502753,0 31.64887847499746,-24.00695161043863,0 31.64896131203146,-24.00656200004443,0 31.64901739297826,-24.00623994499131,0 31.64903533025181,-24.00596140149803,0 31.64900479409926,-24.00565754309723,0 31.64895880430915,-24.00544378212552,0 31.64887410105312,-24.00519739402052,0 31.64875119576341,-24.00498760880876,0 31.64853377117809,-24.00468062262858,0 31.64839493474283,-24.00453499433142,0 31.64818864912675,-24.00437066562573,0 31.64801895359929,-24.00426799491687,0 31.64586754958493,-24.00305690755834,0 31.645587978532,-24.00289674287156,0 31.64526588527971,-24.00267797682357,0 31.6450230799911,-24.00245154426228,0 31.64481736810487,-24.00223242633138,0 31.64460509847382,-24.00192263236528,0 31.64446457881951,-24.00163683818839,0 31.64433687899878,-24.00130319344009,0 31.64428047446233,-24.0010299602482,0 31.64377480543394,-23.9969060059207,0 31.64373053191547,-23.9965134816328,0 31.64368493133226,-23.99607253920863,0 31.64361723853607,-23.99566754875016,0 31.64356955008136,-23.99529950369306,0 31.64347146524319,-23.9948722435204,0 31.64336510126075,-23.99440911216397,0 31.6432528321041,-23.99392833419081,0 31.64314379470467,-23.99354671203811,0 31.64297079341731,-23.99301067702389,0 31.64279862537347,-23.99252478368975,0 31.64261215016346,-23.99198417902925,0 31.64224146239334,-23.99092194982206,0 31.64216014201163,-23.99050761483191,0 31.64210136934799,-23.99000768248658,0 31.64207516826527,-23.98944537671905,0 31.64209823350717,-23.98897636738345,0 31.64216170036012,-23.98851845526906,0 31.64227852096785,-23.98800590433485,0 31.64240890996271,-23.98749160072521,0 31.64253225558501,-23.98702032576658,0 31.64267072731291,-23.98649585111982,0 31.64281954931661,-23.98575968598785,0 31.64290170309133,-23.98533833653367,0 31.64297111609676,-23.98489692328103,0 31.64305122246873,-23.9840784826646,0 31.6431094741143,-23.98334497723126,0 31.64315016543537,-23.98263178682643,0 31.64315414874587,-23.98220922487352,0 31.64310384790316,-23.98188613077423,0 31.64306544119005,-23.98165755662221,0 31.64294660098707,-23.9813157484834,0 31.64283696402327,-23.98106895484048,0 31.64265590710153,-23.980722502577,0 31.6424861737709,-23.98047242934073,0 31.64222477037555,-23.98016882573807,0 31.64201561446476,-23.97995829496819,0 31.64181554648788,-23.97977829742372,0 31.64141468836698,-23.97950375047431,0 31.64095912010974,-23.97924825090898,0 31.64056179820782,-23.9790914114784,0 31.63957001715384,-23.97869966007432,0 31.63938473721598,-23.97861491126301,0 31.63912683876333,-23.97848496246449,0 31.63886031438211,-23.97833287345424,0 31.63867320141359,-23.9782144784674,0 31.6383658076353,-23.97800169067214,0 31.63799858948613,-23.97771109453386,0 31.6376993111352,-23.97740905640301,0 31.63741567578408,-23.97708578614663,0 31.6371965812003,-23.97680918859098,0 31.63454241826531,-23.97244452017699,0 31.63434986460759,-23.97217772661039,0 31.63416571414284,-23.9719601060623,0 31.63393317052957,-23.97172722244008,0 31.63366025406224,-23.97153342173769,0 31.63335684461574,-23.97135368879602,0 31.63311322885985,-23.97124953367196,0 31.63285250244801,-23.9711603694427,0 31.63252754488215,-23.9710873800373,0 31.63217580679825,-23.97104481066897,0 31.63180487843395,-23.97103406563611,0 31.63071208165354,-23.97104331583219,0 31.63039556080118,-23.97102438073109,0 31.63004797653404,-23.97094840461599,0 31.62974303038853,-23.97083607454048,0 31.62943862755089,-23.97062739485487,0 31.62917245353667,-23.97039779706604,0 31.62890217102012,-23.97001836426993,0 31.62878020985127,-23.96968299870112,0 31.62867197500682,-23.96927297718746,0 31.62834475954518,-23.96779906683424,0 31.62825458121755,-23.96739740352469,0 31.62814262176033,-23.96704335304637,0 31.62798681285097,-23.9667152145657,0 31.62782153173392,-23.96645172250537,0 31.62677920374424,-23.96482520550801,0 31.62645806152059,-23.96425557386274,0 31.62594718409373,-23.96320828754477,0 31.62575814782525,-23.9627064305597,0 31.62558405650051,-23.96226384632583,0 31.6253982083332,-23.96171536701798,0 31.62420109312535,-23.9581604181037,0 31.62406198774977,-23.95775947119371,0 31.62380001313641,-23.95698529898166,0 31.62356945273348,-23.95642606334107,0 31.62334648045085,-23.95593639426312,0 31.62306848601711,-23.95542856274525,0 31.62267930791801,-23.95480600000153,0 31.62235148347378,-23.95432600489198,0 31.62190909659343,-23.95378713207625,0 31.62146931169023,-23.95331694262593,0 31.62100643955784,-23.95285653855484,0 31.62040021764304,-23.95226773158174,0 31.61978518133701,-23.95168016356256,0 31.61923269597791,-23.95113860360888,0 31.61866760375726,-23.95061293542688,0 31.61793110648791,-23.94990339475303,0 31.61731197937435,-23.94931463457536,0 31.61663855818987,-23.94867379636323,0 31.61588460336494,-23.94792662599645,0 31.61553659220829,-23.9474787745283,0 31.61512912630133,-23.94683894896372,0 31.61496409031835,-23.94645251079923,0 31.61470543324182,-23.94570278832964,0 31.61447070340655,-23.94494233996109,0 31.61429123463662,-23.94438658540705,0 31.61410657628467,-23.94388060566829,0 31.61388355245217,-23.94335859247467,0 31.61357710127454,-23.94274781005884,0 31.61333112791921,-23.94228581878388,0 31.61300525834271,-23.94173325064712,0 31.61260639290457,-23.94111135245036,0 31.6123320416501,-23.94060366827865,0 31.61209789167559,-23.94011589427894,0 31.61181413257673,-23.93942174939575,0 31.61172470601461,-23.93914557953411,0 31.61151693019399,-23.93848356665972,0 31.61133897018873,-23.93782834915148,0 31.61116215669593,-23.9371197163053,0 31.61102780208559,-23.9366288148132,0 31.61082055822428,-23.936164418615,0 31.61047510931716,-23.93565206105986,0 31.61005721175388,-23.93519658222417,0 31.6095345095083,-23.93480337485325,0 31.60897063705141,-23.93450145434887,0 31.60820241134526,-23.93421447469901,0 31.60642067813263,-23.93358802086968,0 31.60501740791792,-23.93309873670755,0 31.60421158216752,-23.93271621018178,0 31.60339144199468,-23.9321929868447,0 31.60284489390078,-23.93172983748189,0 31.60233918997972,-23.93122198066415,0 31.60182957420678,-23.930553068774,0 31.60140655937415,-23.92984635453353,0 31.60111845988541,-23.92917079156855,0 31.60090093558494,-23.92842541886221,0 31.60082649305222,-23.92796510820976,0 31.60078792307963,-23.92734965541112,0 31.60078489796972,-23.9268063040042,0 31.60088144194638,-23.92604245701276,0 31.60100127870899,-23.9252019612672,0 31.60116579418703,-23.92417357962958,0 31.60128141768765,-23.9233631085988,0 31.60137841084955,-23.92295445788723,0 31.60155809060262,-23.92257546662743,0 31.60177947333321,-23.92223840348106,0 31.60206279663803,-23.92191258449817,0 31.60241814215096,-23.92162527235577,0 31.60280091893341,-23.92136547709111,0 31.60331243683561,-23.92100542959329,0 31.60371338467426,-23.92067592184263,0 31.60402370965487,-23.9203589783378,0 31.60430555931182,-23.91997791887459,0 31.60455059012051,-23.91956585021834,0 31.60472111842912,-23.91914299510413,0 31.60483766191047,-23.91878233528055,0 31.60492658426261,-23.91841677454217,0 31.60497422994547,-23.91781232347965,0 31.60493217401729,-23.91726931495307,0 31.60484853299748,-23.91686449532433,0 31.60472931897578,-23.9164933962074,0 31.60453921127364,-23.9160418774351,0 31.60435273921191,-23.9155994393134,0 31.60413147598325,-23.91510801988083,0 31.60387436713076,-23.91450158702829,0 31.60369268860132,-23.91408812153578,0 31.60350274722208,-23.91367968819434,0 31.60272384991517,-23.911885414794,0 31.602519862877,-23.91146432579014,0 31.60230360810777,-23.91107110119076,0 31.60207985603354,-23.91067972254963,0 31.60183932198796,-23.91033753261204,0 31.60105752673627,-23.90933652097326,0 31.60083400342874,-23.90910918206167,0 31.60045402901893,-23.90871511418219,0 31.60006473451355,-23.90837859839773,0 31.59958019591371,-23.90799999062644,0 31.59903594481654,-23.90761885149361,0 31.59858135987831,-23.90732671679761,0 31.5981210971734,-23.90707346672572,0 31.5976646978602,-23.90684547088577,0 31.59398134889859,-23.90512683390299,0 31.59352107984577,-23.90490586692273,0 31.5931044967634,-23.90470703891342,0 31.59261753254764,-23.90441785996723,0 31.59221363479198,-23.90418125519688,0 31.59180804271352,-23.903910112451,0 31.59136783890978,-23.90360750328773,0 31.59089453835585,-23.90325361172179,0 31.5905244878902,-23.90295548844652,0 31.59001024107796,-23.90252726009829,0 31.589539685524,-23.90208787463952,0 31.58915096022857,-23.90168440915967,0 31.58874451538195,-23.90125006960284,0 31.58830243291762,-23.90071447684887,0 31.58793183974982,-23.90022857883962,0 31.58761897425059,-23.89977718268907,0 31.58731709675311,-23.89932381505822,0 31.58707090297943,-23.89895018506298,0 31.58685934127999,-23.89864632437916,0 31.58648424019925,-23.89808377042266,0 31.58612374433343,-23.89754849966088,0 31.58574590605183,-23.89698093943129,0 31.58531525825928,-23.89632782992151,0 31.58486449449555,-23.89565112930541,0 31.58421894610281,-23.89465003382129,0 31.58381359560542,-23.89395607524222,0 31.58349130095727,-23.89333679064642,0 31.58326800963343,-23.89288108836271,0 31.58303452307883,-23.89234651180476,0 31.58282858464832,-23.89186824460984,0 31.58263093491764,-23.89134380525742,0 31.58246144793839,-23.89085969586973,0 31.58223061381495,-23.89015705935631,0 31.58209786808891,-23.88966141672255,0 31.58198858852757,-23.88929345202409,0 31.58182971089419,-23.88880839923954,0 31.5816299486748,-23.8883247639682,0 31.58140250596592,-23.88784513446213,0 31.58115726761039,-23.8873686492097,0 31.58096135754674,-23.88701674446914,0 31.58073567639342,-23.88663557402036,0 31.58029048715756,-23.88598508115709,0 31.58003724858226,-23.88559901999505,0 31.57985212800329,-23.88517096283279,0 31.57969658112611,-23.88466958498526,0 31.57964323588326,-23.88429023324158,0 31.57962764559029,-23.88379819940403,0 31.57968342807952,-23.88332858828839,0 31.5797948453999,-23.88289114972035,0 31.5799981578293,-23.88244618266105,0 31.58013522066086,-23.88219988404805,0 31.5804501829867,-23.88175991266476,0 31.58073799519694,-23.88140522268657,0 31.58102177107382,-23.88107732736901,0 31.5813229718276,-23.8807024723333,0 31.58248278096971,-23.87932866031853,0 31.58324100025894,-23.87842430736196,0 31.5837676694965,-23.87777491533261,0 31.58403774242327,-23.8773088881775,0 31.58428134950627,-23.8767575480798,0 31.58442726915935,-23.87620743539055,0 31.58452109802901,-23.87557551659175,0 31.58447978150061,-23.87487117038521,0 31.58433115870798,-23.87415923940743,0 31.58411461767679,-23.8732663033457,0 31.58394100316596,-23.87273449236005,0 31.58365945426814,-23.87198448234664,0 31.58337921621706,-23.87134986523526,0 31.5830798682364,-23.87077436922034,0 31.58273912148962,-23.87019745016663,0 31.58226045167803,-23.86948395817133,0 31.58177460100444,-23.86887335177294,0 31.58129256723388,-23.86835066701837,0 31.58067078655096,-23.86773537784588,0 31.58007780495261,-23.86723997062136,0 31.57918546791925,-23.86654440061775,0 31.57855108171626,-23.86611557909208,0 31.57776660502474,-23.86567513086115,0 31.57701843636685,-23.86531125773811,0 31.57612970311144,-23.86497052613595,0 31.5752012849552,-23.8646821516383,0 31.57401151918728,-23.86441094044055,0 31.57377438159783,-23.86434851519438,0 31.57328671077353,-23.86415520105138,0 31.57278399192816,-23.86385008538817,0 31.5723713650398,-23.86349546230778,0 31.57211536632813,-23.86320971849004,0 31.57175665166568,-23.86272051403822,0 31.5712696134703,-23.86203234927353,0 31.56928454864704,-23.85929137885391,0 31.56903411080988,-23.85887579846519,0 31.56877554712462,-23.85835573648858,0 31.56852278197946,-23.85763436124949,0 31.56838331739933,-23.85695612911438,0 31.56833162701602,-23.85620782551972,0 31.5683363824823,-23.85582688863405,0 31.56840578776458,-23.85542629514402,0</coordinates></LineString>
</Placemark>
<Placemark>
  <name>H1-5 - Olifants to Letaba</name>
  
  <styleUrl>#style_MAIN_ROADS</styleUrl>
  <Point><coordinates>31.61442124132336,-23.94477943370482,0</coordinates></Point>
</Placemark></Folder><Folder><name>H1-6 - Letaba to Shingwedzi</name><Placemark>
  <name>H1-6 - Letaba to Shingwedzi</name>
  
  <styleUrl>#style_MAIN_ROADS</styleUrl>
  <LineString><tessellate>1</tessellate><coordinates>31.5684113681903,-23.85542844351821,0 31.56843583254357,-23.85517586756882,0 31.56853611667645,-23.85473709807112,0 31.56866579664693,-23.85433011938425,0 31.56888689836596,-23.8538172402478,0 31.56916445319736,-23.85318576411565,0 31.56942221716329,-23.85259205593986,0 31.56956713114789,-23.85203607659995,0 31.56964757928961,-23.85136792888446,0 31.56967468685415,-23.85060126190195,0 31.56967094512964,-23.84998018295283,0 31.56970112930154,-23.84925231139749,0 31.56981649113352,-23.84865046242817,0 31.5699821174908,-23.84815483023073,0 31.57024229919695,-23.84763273394058,0 31.57053488152452,-23.84718205388094,0 31.57086838360679,-23.84678493227425,0 31.57123534358347,-23.84637348127543,0 31.57166216924749,-23.84589812415387,0 31.5720688235498,-23.84547083678485,0 31.57246367160793,-23.84502468018492,0 31.5730155670208,-23.84442536646517,0 31.57626820424178,-23.84088377262184,0 31.57875099976114,-23.83814489916635,0 31.57979046303466,-23.83707982298532,0 31.58093527263979,-23.83595298302453,0 31.58173271577331,-23.8351710856216,0 31.58279840586651,-23.83412570727158,0 31.58356296752125,-23.83337750740847,0 31.58463239117956,-23.83233989869581,0 31.5850266256094,-23.83195752155483,0 31.5852889063847,-23.83167621010728,0 31.58553088270668,-23.83140388306144,0 31.5857903188409,-23.83105327068152,0 31.5860741399655,-23.83059861906156,0 31.5863898165706,-23.82992112422566,0 31.58653622124962,-23.8293947588634,0 31.58663831281014,-23.82885719413887,0 31.58668508723156,-23.82825721741354,0 31.58663407743948,-23.82738818016314,0 31.5865044657638,-23.82686245868923,0 31.58628058536897,-23.82622062589518,0 31.58606693338928,-23.82565357162329,0 31.58536926912375,-23.82386408608485,0 31.58491589119339,-23.82268894311165,0 31.58440822633509,-23.82137010124685,0 31.58386140418989,-23.81995181014235,0 31.58358482830779,-23.8190302832014,0 31.58343109733414,-23.81834427642364,0 31.58337140703846,-23.81773396643613,0 31.58335134582758,-23.81710288989139,0 31.58334638530765,-23.81643943489767,0 31.58332600802709,-23.81583331285967,0 31.58330765854777,-23.81559525265734,0 31.58326618110201,-23.81525586584132,0 31.58317305594139,-23.81472830087012,0 31.58300554516562,-23.8141109082075,0 31.58278947122594,-23.81353275858516,0 31.58143511613592,-23.81009412972049,0 31.58127323864648,-23.80965925308061,0 31.58101773900534,-23.80894807234721,0 31.58088119433425,-23.80845590422483,0 31.58076296183706,-23.80785462964413,0 31.58065119964436,-23.80717961582801,0 31.58061068221519,-23.80626519529827,0 31.58063856850878,-23.80552030464903,0 31.58068505911803,-23.80512512187296,0 31.58079709148115,-23.80424573383708,0 31.58090617590754,-23.80335191087845,0 31.580948956893,-23.80255062818339,0 31.58095274254159,-23.80198407549714,0 31.58092968339954,-23.80144068301125,0 31.58085517266114,-23.80065085666888,0 31.58076253296109,-23.79995618864666,0 31.58064844317547,-23.79929146418472,0 31.58043821150559,-23.79854942119497,0 31.58031668688393,-23.79808122821223,0 31.58006630709603,-23.79739735019208,0 31.57982372125815,-23.79678639008072,0 31.57952296460296,-23.79610515533952,0 31.57915454064395,-23.79535048324379,0 31.57864340516109,-23.79425803328378,0 31.57833462935155,-23.79359952041098,0 31.57801423333227,-23.79283026612731,0 31.57779655135855,-23.79220660901341,0 31.57759381645702,-23.7914287773712,0 31.57747734450238,-23.79078065133712,0 31.57737756663805,-23.79008749095709,0 31.57732546196889,-23.78947714721285,0 31.57732155928148,-23.78875341979505,0 31.57726745841643,-23.78746160310822,0 31.5772191559205,-23.78640021907447,0 31.57715560414622,-23.7858988864195,0 31.57708374735824,-23.78543967682371,0 31.57695463249341,-23.78500077686994,0 31.57677697078078,-23.7844638327903,0 31.57652690868003,-23.78392923803022,0 31.57625656429591,-23.7834638086382,0 31.57594665644737,-23.78295981697197,0 31.57545291403618,-23.7821923018363,0 31.57497080739942,-23.78143136164829,0 31.5742896191266,-23.78051864909471,0 31.57385153427862,-23.78001824141948,0 31.57337177522731,-23.77953991121091,0 31.57284764952166,-23.77911057598568,0 31.57225508426949,-23.77868097810847,0 31.57166776824493,-23.77831282243809,0 31.57112357943644,-23.77801114540098,0 31.57039939911419,-23.77768205910562,0 31.56770885901637,-23.77645504557389,0 31.56673012401905,-23.77598631464161,0 31.56593210573493,-23.77553017313337,0 31.56496781263274,-23.7748770092786,0 31.564169091105,-23.77426527790033,0 31.56331228046335,-23.7734755875711,0 31.56235178446158,-23.77249426044184,0 31.56145088173653,-23.77152521139608,0 31.56056443646147,-23.77063842638199,0 31.55994195561652,-23.7700954582049,0 31.55935130325207,-23.76966822860762,0 31.55871626168946,-23.7692642547547,0 31.55786773579916,-23.76882070208588,0 31.5569465262879,-23.76843595625285,0 31.55565433886246,-23.76805305155,0 31.55474374050292,-23.76782257601099,0 31.55391957210518,-23.76760029775081,0 31.55344018415238,-23.76744966998984,0 31.55264389433426,-23.76712659380273,0 31.55222308306141,-23.76691171791086,0 31.55133861659093,-23.76640309031328,0 31.55074926666764,-23.76594624909089,0 31.5500882409543,-23.76535727751625,0 31.54956991956759,-23.76478905142996,0 31.54909795651465,-23.76416731599198,0 31.548274891893,-23.76278408675905,0 31.54778946390746,-23.76191964345533,0 31.5467741254175,-23.7601362208249,0 31.5461197625612,-23.75900552087965,0 31.54579177481364,-23.75838239882986,0 31.54558111419625,-23.75787490196011,0 31.54533254962884,-23.75722618070154,0 31.54516237336396,-23.75658667977167,0 31.54503260437209,-23.75599605246535,0 31.54497718848333,-23.7554448436204,0 31.54492626888595,-23.7547523571231,0 31.54494110239033,-23.75402549703332,0 31.54503728194711,-23.75316804552589,0 31.54517476815044,-23.7525203590061,0 31.54537710938282,-23.75180762922507,0 31.54566308760856,-23.75099620447174,0 31.54603332607755,-23.75003602069195,0 31.54674502114541,-23.74815248275094,0 31.54698062383856,-23.74741573179074,0 31.547167182396,-23.74669426951453,0 31.54729860936485,-23.74588899783153,0 31.54739478217331,-23.74509216312959,0 31.54740869870749,-23.74427994978236,0 31.54737200465602,-23.74349804611927,0 31.54722919537272,-23.74258030537255,0 31.54704842257485,-23.74172925865452,0 31.5467796471907,-23.74087352022044,0 31.54645285408276,-23.74003760206557,0 31.5460698853767,-23.73922389027225,0 31.54565525788919,-23.73837022515087,0 31.54522347563996,-23.73747788678501,0 31.54487116982667,-23.73665259296564,0 31.544623199441,-23.73594583004897,0 31.54437108371351,-23.73513510646315,0 31.54417875565835,-23.73430329973629,0 31.5440390797413,-23.73347673517212,0 31.54395942110893,-23.73283667323521,0 31.54389741581991,-23.73208859940786,0 31.54389341748674,-23.73109376207337,0 31.54391783274767,-23.73039927681036,0 31.5439687608864,-23.7297727621406,0 31.54410131243178,-23.72883345707674,0 31.54425014163916,-23.72780712867565,0 31.54437601105999,-23.72702233966302,0 31.5445211281598,-23.72598894215431,0 31.54465168965532,-23.72511408952471,0 31.54478582081104,-23.72413529540222,0 31.54492377663392,-23.72322579900249,0 31.54500647204414,-23.7223924750976,0 31.54499136982414,-23.72165554030187,0 31.54492224505596,-23.72105179980243,0 31.54478448381201,-23.72039641456829,0 31.5445603020887,-23.71969517385031,0 31.54431135306637,-23.71912282796284,0 31.54390317713313,-23.71839849871419,0 31.54343534347068,-23.71775272873138,0 31.54287117522592,-23.71708435168986,0 31.54231630396158,-23.71642458408254,0 31.5418110437165,-23.71581799972302,0 31.54139478786466,-23.71528911182049,0 31.54114319378209,-23.71488764073224,0 31.54096850788646,-23.71452794469539,0 31.54080081620038,-23.71413435277128,0 31.5407391153734,-23.71386525620579,0 31.54065024851025,-23.71354531523944,0 31.54060253242185,-23.71309902264882,0 31.54058816145694,-23.71262718462604,0 31.54061468584587,-23.71213331414455,0 31.5406998827508,-23.71173290312533,0 31.54082793007243,-23.7112847231242,0 31.54096669486465,-23.71095165211505,0 31.54179301761603,-23.70910481486314,0 31.54210670522876,-23.70846130253606,0 31.54230052848282,-23.70805664414064,0 31.54254987192214,-23.70749329314858,0 31.54287734401862,-23.70680246682007,0 31.54321357619344,-23.7060596688961,0 31.54351147420086,-23.7054166829487,0 31.54389578198612,-23.70462133686014,0 31.54422708571149,-23.70387877990196,0 31.5445253184497,-23.70321785565643,0 31.54494216325277,-23.70231843878591,0 31.54535885967666,-23.70147625075596,0 31.54591687701287,-23.70046420764782,0 31.54632416136268,-23.69978166908449,0 31.54678747755699,-23.69902858454503,0 31.54726459929379,-23.69833255809823,0 31.54769229777733,-23.69775823585357,0 31.54805675157666,-23.69727496315011,0 31.54840734017721,-23.69676526775535,0 31.54871718181792,-23.69624211326751,0 31.5489884680933,-23.69557290584604,0 31.54913852406411,-23.69484758443537,0 31.54918298627442,-23.69405804705134,0 31.54911098052648,-23.69336480574176,0 31.54896178508166,-23.69274667180383,0 31.54872922099689,-23.69212980848651,0 31.54841181151294,-23.69139727079628,0 31.54809892138926,-23.69071868905968,0 31.5477747657691,-23.69001465450834,0 31.5475676782836,-23.68943768507869,0 31.5474121752296,-23.68889154273725,0 31.5472826528754,-23.68830178849483,0 31.54718545336248,-23.68760681502962,0 31.54716450458893,-23.687059853688,0 31.54713335953235,-23.68640512489846,0 31.54704472495016,-23.68516604022038,0 31.54695370779803,-23.68456568140418,0 31.54679623966419,-23.68400830338942,0 31.54662553474987,-23.6835038297988,0 31.54643098836914,-23.68303463731725,0 31.54608997585785,-23.68239003707023,0 31.54570637980767,-23.68175928046475,0 31.54501358292641,-23.68060214717159,0 31.54462327465121,-23.67994855918642,0 31.54418491559573,-23.67920866747011,0 31.54376669208673,-23.67852042448274,0 31.54251586906559,-23.67642719574083,0 31.54225943148226,-23.67605074256212,0 31.54202754849461,-23.67575758839229,0 31.54175282497062,-23.67545971660222,0 31.54144852893317,-23.67515339513588,0 31.54106577663637,-23.67482895651689,0 31.54048677935895,-23.67441840339999,0 31.54001680985566,-23.67414031356628,0 31.53928141101136,-23.67379835284556,0 31.53856862527185,-23.67354116309112,0 31.53771683094539,-23.67334940208044,0 31.53713369721555,-23.67327224303549,0 31.53648630249931,-23.6732392888191,0 31.53287190009814,-23.67327952935394,0 31.53085610337036,-23.67330548463121,0 31.53046470398306,-23.67330853879543,0 31.52993166124112,-23.67331585581556,0 31.52942267128667,-23.67330573677773,0 31.52893888901473,-23.67325892655453,0 31.52850946513805,-23.67318896768258,0 31.52807689130084,-23.67309195980358,0 31.52763905133562,-23.67296566356468,0 31.52723370826319,-23.67282699961731,0 31.52675938197298,-23.67262786515485,0 31.52635236495805,-23.67242481066594,0 31.52601650081641,-23.67222634616248,0 31.52574859846783,-23.67206483703295,0 31.52537716895694,-23.67178950907553,0 31.52501000742474,-23.67145908336882,0 31.52465413045489,-23.67112025171821,0 31.52437633274132,-23.67080419785893,0 31.52403914981867,-23.67036176772134,0 31.52380016681719,-23.66996310540736,0 31.5235555232554,-23.66952461870206,0 31.52335174378937,-23.66908167456585,0 31.52310682303122,-23.66855634193796,0 31.52288453115294,-23.66808088778415,0 31.52262822141268,-23.66752887826945,0 31.52239238443859,-23.66701529656928,0 31.52216132224645,-23.66655846743407,0 31.5219342913707,-23.66617423304204,0 31.52160497719299,-23.66567898972972,0 31.52124662667283,-23.66517668316731,0 31.52083201309676,-23.66468126898061,0 31.52059791896744,-23.66444667868447,0 31.52020792592969,-23.66405949132078,0 31.51978377859944,-23.66370026218187,0 31.51945590242494,-23.66344625967811,0 31.51904705854286,-23.66314777488752,0 31.51842352318453,-23.66275190604121,0 31.51779547623854,-23.66242048291218,0 31.51709484462831,-23.66210326170209,0 31.51625827651631,-23.66180507593542,0 31.51544615825669,-23.66159225894956,0 31.51501160566631,-23.66149833473678,0 31.51399479263498,-23.66130335404635,0 31.51329380924431,-23.66116236079423,0 31.51270130562938,-23.66100794296341,0 31.51200707387641,-23.66079931751623,0 31.51125252073076,-23.66051475971945,0 31.51064573200358,-23.66024243305141,0 31.51012857303793,-23.65995497038961,0 31.50959003102657,-23.65964319610542,0 31.50898420778581,-23.65924434541956,0 31.50853317223612,-23.65889479871701,0 31.50820956534032,-23.65863168650106,0 31.5078504573993,-23.65830021604391,0 31.50745069717672,-23.65790993458892,0 31.50717680390199,-23.65760557912105,0 31.50681973034105,-23.65720308851892,0 31.50517990075793,-23.6553855715542,0 31.50481226909478,-23.6549621338673,0 31.50441188177638,-23.65452378282933,0 31.50363420021407,-23.65363964835449,0 31.50273751565082,-23.65270365021814,0 31.50207136146961,-23.65212895718488,0 31.50100786147373,-23.65134922594927,0 31.49993064756389,-23.6507041514732,0 31.49886970809648,-23.65020054939799,0 31.49791441523452,-23.64982415063172,0 31.49740410126972,-23.64966630605908,0 31.49182874406492,-23.6480920479925,0 31.49074619740115,-23.64777174476479,0 31.48987266560939,-23.6474675616769,0 31.4893065240944,-23.64723927146137,0 31.48885589292886,-23.64702852424969,0 31.4884404397786,-23.64681708862397,0 31.48810529749771,-23.64665329876601,0 31.48777427766029,-23.64645370535011,0 31.48718167326222,-23.64610512542747,0 31.48662034689962,-23.64570252567296,0 31.48615785469993,-23.64537388360262,0 31.48568884822963,-23.6449710562111,0 31.48536134099751,-23.64469366386441,0 31.48479082164789,-23.64413653729438,0 31.48438678300744,-23.64374295485513,0 31.48329640976431,-23.6426268230501,0 31.482521834929,-23.64181795996418,0 31.48166287390077,-23.64094558039231,0 31.48108304901257,-23.64031374857688,0 31.48053277886259,-23.63959982244929,0 31.48005435024534,-23.63889857904349,0 31.47956593446853,-23.63804364455207,0 31.47911888354396,-23.63710493249857,0 31.47885115099437,-23.63646057972136,0 31.47869110955047,-23.63594988345415,0 31.47853216698572,-23.63532090614735,0 31.47834534877538,-23.63435804148617,0 31.47823415308337,-23.63341878438115,0 31.47816957675408,-23.63244357399794,0 31.4780799380057,-23.6310108781662,0 31.47803204616265,-23.62980264062194,0 31.47796117477277,-23.62861505853768,0 31.47789352053726,-23.6274428205959,0 31.47784685200408,-23.62658079308914,0 31.47779706082647,-23.62608446750554,0 31.47767832400097,-23.62550546139373,0 31.47752218426081,-23.6250663143795,0 31.47728691154991,-23.62450082169663,0 31.47701677721529,-23.62405938583755,0 31.47665225067854,-23.62356154772056,0 31.4763294229069,-23.62319222796361,0 31.4757934539821,-23.62272359480272,0 31.47526003250609,-23.62234439683261,0 31.47455219876169,-23.62196567349358,0 31.47376890100418,-23.62168489417177,0 31.47270470632,-23.62145456116409,0 31.46896596259235,-23.62085561711301,0 31.46779456852037,-23.62063531705282,0 31.46664837643143,-23.62023126807465,0 31.46566460149641,-23.61974815634365,0 31.46472501607687,-23.61915452592217,0 31.46402943042562,-23.61859314842251,0 31.46354682681174,-23.61812528754769,0 31.45673384773648,-23.61088606865087,0 31.45648841293967,-23.61058200900833,0 31.45612060592328,-23.61009652887199,0 31.45585321990258,-23.60971319457646,0 31.45563019274344,-23.60932170420283,0 31.45528963636219,-23.60865611235121,0 31.45509646524365,-23.60816884543418,0 31.45486992784742,-23.60749234916568,0 31.45472500853178,-23.60696015601332,0 31.45461848352964,-23.60638608244041,0 31.45454773184799,-23.60573903417072,0 31.45454539127387,-23.60500334798909,0 31.4545815576751,-23.60433362376259,0 31.45465369292889,-23.60374799391351,0 31.45475009030913,-23.60305236072211,0 31.45499903095567,-23.60127568890086,0 31.45505391121337,-23.60083615831729,0 31.45513512842472,-23.59977124023044,0 31.45515519949421,-23.59886500324602,0 31.45511781244793,-23.59792818288391,0 31.45501854848081,-23.59720320724475,0 31.45491945530376,-23.59652366523713,0 31.4547880999828,-23.59588308288563,0 31.45465602497569,-23.5952929917851,0 31.45445833486179,-23.59459114525283,0 31.45426324560162,-23.59404000111733,0 31.45401324744697,-23.5933787807545,0 31.45373674204243,-23.59275041971697,0 31.45326334848052,-23.59179546237963,0 31.45149017665374,-23.58845129410562,0 31.45127504791485,-23.58799951268879,0 31.45103552255413,-23.58742704352142,0 31.45082974826048,-23.58685033411447,0 31.4505806692503,-23.58602995956965,0 31.45040877583836,-23.58522913617008,0 31.45030070823335,-23.58464059695125,0 31.45021283767445,-23.58380049624435,0 31.45021758176598,-23.58281280620743,0 31.4502738353635,-23.58189953253296,0 31.4503973560544,-23.58097863104305,0 31.45051864610984,-23.5801689103854,0 31.45064656317408,-23.57920229888713,0 31.45077217743561,-23.5783793823581,0 31.45195367880921,-23.56999159417911,0 31.4522484553791,-23.56806012794287,0 31.45235548532949,-23.5670730964834,0 31.45239223121788,-23.56627000864895,0 31.45237211725992,-23.56523911540516,0 31.45226979699742,-23.56425532856684,0 31.45206901970946,-23.56331942966193,0 31.45181640765589,-23.56236497493434,0 31.45157003514697,-23.5616334832471,0 31.45121433799418,-23.56081943444234,0 31.45063005380565,-23.55972223990382,0 31.45012589283881,-23.55891952044446,0 31.44951615396478,-23.55809942732083,0 31.44879560713518,-23.55726670994677,0 31.44787884871293,-23.55637350666157,0 31.44686987062185,-23.55556426077025,0 31.44597258599327,-23.5549520177375,0 31.44469430685059,-23.55423363704542,0 31.44347865833636,-23.55370974895028,0 31.44207042661231,-23.55322540341794,0 31.44061407171641,-23.55287964989526,0 31.43918941172551,-23.55266562792345,0 31.43549953032523,-23.55218095541909,0 31.43385663741601,-23.55194396769526,0 31.43270261556145,-23.55163219664023,0 31.43182117011534,-23.55123759825497,0 31.43091783763329,-23.55066171545839,0 31.43017724150428,-23.55002517787731,0 31.42953834567864,-23.54927009730475,0 31.42905020426209,-23.54847616480188,0 31.4287542641728,-23.54781401340026,0 31.42850152677517,-23.54695192667676,0 31.42836646717025,-23.54610446488051,0 31.42818765131417,-23.54506280840148,0 31.42805489737222,-23.54445262767615,0 31.42776673579109,-23.54367851529582,0 31.42740842302159,-23.54299282586642,0 31.42684262316235,-23.54215756562468,0 31.42632932913892,-23.54155859589754,0 31.42561212297579,-23.54093265754592,0 31.42478034218718,-23.54025086023366,0 31.42409423483912,-23.53965145057656,0 31.42353185474043,-23.53915190208772,0 31.42297047595605,-23.53857728448325,0 31.42240400715221,-23.5379737856102,0 31.42184580126026,-23.53730802597651,0 31.42127552978258,-23.53661571178666,0 31.42068436996081,-23.53574933681848,0 31.42025660989098,-23.53512543654328,0 31.41987745221874,-23.53448765096862,0 31.4195422778344,-23.53392209140322,0 31.41921101700859,-23.53324946769231,0 31.41882134578887,-23.53244185840513,0 31.41841136012711,-23.53146085237124,0 31.41809596036297,-23.53067925954297,0 31.41764327065697,-23.52959197376421,0 31.41722868813282,-23.52859855253334,0 31.41673691507891,-23.52733517098604,0 31.41625335858612,-23.52618039489395,0 31.41582406089413,-23.52511335892751,0 31.41540755585733,-23.52409837236562,0 31.41486880708846,-23.52280133837534,0 31.41433415633467,-23.52150540333043,0 31.41387908379014,-23.52044440560949,0 31.41352736061859,-23.51969595364329,0 31.41316874640203,-23.51900085325203,0 31.41270575007169,-23.51814978828232,0 31.41230798594967,-23.51749128570165,0 31.41184429317939,-23.51675985439571,0 31.41122667065185,-23.51586535844692,0 31.41063113936186,-23.51510745139884,0 31.41001807583013,-23.51431836710895,0 31.40930066157637,-23.51346965521115,0 31.4085738259296,-23.51264685208402,0 31.40808551202732,-23.51201990969243,0 31.40750694986173,-23.51125314531633,0 31.40710361813859,-23.51061151100986,0 31.40664694999909,-23.50981634213423,0 31.40624904929318,-23.50906819616306,0 31.4058692451098,-23.50826553402067,0 31.40555498522698,-23.50748917782302,0 31.4052071974519,-23.50650751446292,0 31.40493006980259,-23.50571750384492,0 31.40464782553226,-23.50490696348607,0 31.40438578250368,-23.50422021583205,0 31.40410106615379,-23.50355769726716,0 31.40370199571413,-23.50280918797485,0 31.40332441560172,-23.50210833843567,0 31.40301035160456,-23.50158940071602,0 31.40270231098505,-23.5010978783299,0 31.40176769636702,-23.49987019994708,0 31.40143046379123,-23.49944881575551,0 31.40096802986886,-23.49892863007693,0 31.40041690156436,-23.49836603509798,0 31.39957665362823,-23.49758678060276,0 31.39867221401255,-23.4967424423752,0 31.39729379935963,-23.49548732037104,0 31.39628325206921,-23.49462264605077,0 31.39465844502658,-23.49335314465354,0 31.39388582601063,-23.49279951721863,0 31.39290477977736,-23.49212366847362,0 31.39180963285343,-23.49142863410794,0 31.39088147308571,-23.49084363508935,0 31.38985538625095,-23.49018451264838,0 31.38895763735115,-23.48960023567856,0 31.38800646371901,-23.48900439787571,0 31.38697230865425,-23.48835523738845,0 31.38582485063947,-23.48762244084784,0 31.38464261739422,-23.48686509006438,0 31.38309352724576,-23.48590644191207,0 31.38189353414744,-23.48512797528452,0 31.3806324194765,-23.48424284061299,0 31.37957757333977,-23.4834383215161,0 31.37869044469051,-23.4826721551082,0 31.37795949258968,-23.4820149840238,0 31.37727159832691,-23.48132875602676,0 31.37669238025363,-23.48072913669353,0 31.37609697679163,-23.48005696458803,0 31.37550550980183,-23.47940693512282,0 31.3750399647773,-23.47886027368307,0 31.37440775354715,-23.47815009127798,0 31.37380411484696,-23.47745944417463,0 31.37320650805856,-23.4767706718715,0 31.37267847972271,-23.47616002683408,0 31.37220633833219,-23.47563579707583,0 31.37170060004248,-23.47509520197481,0 31.37123057261217,-23.47462817851168,0 31.37072925318374,-23.47415438580612,0 31.37008626205022,-23.47359289663234,0 31.3694037759774,-23.47303227759299,0 31.36871405300649,-23.47252469898598,0 31.36786323728811,-23.47193842453297,0 31.36714638951453,-23.47147907089087,0 31.36638197397732,-23.4710269899605,0 31.36539975893664,-23.47051078464065,0 31.36445695375277,-23.47001857508641,0 31.36338542355918,-23.46946471373442,0 31.36226858479821,-23.46887768475903,0 31.36090125140709,-23.4681798418911,0 31.35957917638562,-23.46749354756014,0 31.35731595171085,-23.46631248377495,0 31.35639465873949,-23.46580214990983,0 31.35553962510326,-23.46526781582756,0 31.35472991363225,-23.46469610831164,0 31.35417044834869,-23.46424629512939,0 31.35354526305333,-23.46368429800038,0 31.35295272022735,-23.46308876513573,0 31.35238301408916,-23.46247440385612,0 31.35182572055093,-23.46177855546147,0 31.35124152502585,-23.46095015201361,0 31.35077232387164,-23.46018074807875,0 31.35032445896232,-23.4593221407351,0 31.349957774388,-23.45852953542567,0 31.34970330907807,-23.45788653013662,0 31.34941998922771,-23.45705897156089,0 31.34672317350464,-23.44922534393882,0 31.34623237144129,-23.44786686654038,0 31.34577171265804,-23.44668776783509,0 31.34527267221588,-23.44549399953407,0 31.34455188746286,-23.44397014747939,0 31.34395158726532,-23.44278524034393,0 31.3432581196107,-23.44156021450384,0 31.34219987238815,-23.43971812235654,0 31.3375064632832,-23.43150468305549,0 31.33671428616555,-23.43009292725045,0 31.33634774554092,-23.42936800605087,0 31.33600777385753,-23.4284144528125,0 31.33578916968684,-23.42746671377211,0 31.33570994497336,-23.42674842654352,0 31.335680481325,-23.42580975818199,0 31.33575655136033,-23.424952521189,0 31.33588634611389,-23.42425395226327,0 31.3359880284666,-23.42387266074524,0 31.33616963844509,-23.42324549408545,0 31.33645229086148,-23.42259073162082,0 31.33675187434839,-23.42198871891504,0 31.33712154379181,-23.42138958829693,0 31.3384135091367,-23.41945743249624,0 31.33882293000507,-23.41876984481935,0 31.33914641206664,-23.41810379921677,0 31.3393950459804,-23.41739348300589,0 31.3395528320612,-23.41676625831177,0 31.33965004528347,-23.41597064946081,0 31.33966169930007,-23.41507111218382,0 31.33951983674518,-23.41418429538912,0 31.33929524307854,-23.41343533315307,0 31.3390777935134,-23.41284972939982,0 31.33889054561254,-23.41244824649937,0 31.33864558218492,-23.41199800259516,0 31.33841324807432,-23.41165002156417,0 31.33809773021254,-23.41121329806149,0 31.33778176012781,-23.41083320070469,0 31.3373637323431,-23.41035033402003,0 31.3363334054215,-23.40914158189639,0 31.33480755348856,-23.40732383808714,0 31.3343813991977,-23.40679184263648,0 31.33396479681871,-23.40621221912495,0 31.33364117678112,-23.40568350611685,0 31.33332409524683,-23.40512074316454,0 31.33302110517646,-23.40445139427046,0 31.33280440987334,-23.40385384428459,0 31.33258201911269,-23.40315431079071,0 31.33241837595613,-23.40249695413029,0 31.33231612078146,-23.40179997977998,0 31.33226464458317,-23.40102107309915,0 31.33225401344672,-23.4001940172744,0 31.33225184294508,-23.3994062160478,0 31.33223579429414,-23.39858553003895,0 31.33219712246208,-23.39793526002083,0 31.33216155818158,-23.39732049373427,0 31.33209308639062,-23.39681963613603,0 31.33201177742856,-23.3961951678908,0 31.33191300571407,-23.39553899488951,0 31.33180529144887,-23.39498061317919,0 31.33168104004232,-23.3943704615343,0 31.33147580636797,-23.39349754281108,0 31.33132862079819,-23.39294314536849,0 31.33111033118735,-23.39220030789293,0 31.33090108841324,-23.39157118224934,0 31.33064687924285,-23.39085398963208,0 31.33033458453569,-23.39008363365539,0 31.32996317102003,-23.38922360956146,0 31.32949902976472,-23.38826894686413,0 31.32895304633957,-23.38723873456576,0 31.32804229143711,-23.38568189314966,0 31.32754434622913,-23.38484815371755,0 31.3271696074978,-23.38422259537618,0 31.32668959444717,-23.38341183682381,0 31.32599035366434,-23.38223591591746,0 31.32515591807647,-23.38085894518471,0 31.32473103441913,-23.3801340174453,0 31.32421713078679,-23.37928159244975,0 31.32356461848777,-23.37816758299939,0 31.3230223966045,-23.37722582143687,0 31.32271137087511,-23.37666750155877,0 31.322388787046,-23.37602606908639,0 31.32198140862422,-23.37516333356317,0 31.3214882984387,-23.37399516722867,0 31.32121990054435,-23.37323301989045,0 31.32098033759625,-23.37254843161112,0 31.32075171206766,-23.37176972999363,0 31.32055062857205,-23.37105411399034,0 31.32039026248524,-23.3704113340773,0 31.32022116441157,-23.36959058239092,0 31.32005543848279,-23.36861561679174,0 31.31994513886308,-23.3677801488612,0 31.31989451472257,-23.36721888913839,0 31.31979829902508,-23.36611969246622,0 31.31973465280905,-23.36529613733054,0 31.31966969124816,-23.3645621401982,0 31.31960670731739,-23.36383270978985,0 31.31954435678139,-23.36305353524828,0 31.3194915407808,-23.36243078131776,0 31.31940663699406,-23.3613459188334,0 31.31933629810277,-23.36062726517863,0 31.31927991114203,-23.35998224833362,0 31.31923157746602,-23.35927077444623,0 31.3191643660142,-23.35844750088982,0 31.31907024091603,-23.35729486493221,0 31.31899921321287,-23.35639694657207,0 31.31892612993572,-23.35550101581653,0 31.31882904187021,-23.35433956912162,0 31.31874403038871,-23.35291214692522,0 31.31874407145902,-23.35218830957374,0 31.31876177453964,-23.35137509407265,0 31.31883988390018,-23.35056668720599,0 31.31893889170556,-23.34973427094409,0 31.31908561042563,-23.34878303985834,0 31.31926253581065,-23.34796378504741,0 31.31952051534517,-23.34697404103465,0 31.31983232411585,-23.34600236914226,0 31.32009346100824,-23.34527778145138,0 31.32033607648097,-23.34467844372623,0 31.32074014238511,-23.34377020977671,0 31.32113670386196,-23.34295650960803,0 31.32148351428744,-23.34222938724113,0 31.32187127531785,-23.34129738676583,0 31.32240974487533,-23.33973966416325,0 31.32277143703641,-23.3383876123155,0 31.32299946170786,-23.33739816688035,0 31.32318636962204,-23.33623637275917,0 31.32331889240857,-23.33503369427039,0 31.32336575840387,-23.33423949076899,0 31.32338775277741,-23.33331809207615,0 31.32337558493508,-23.33235738479808,0 31.32331848679594,-23.33162388755243,0 31.32321745233149,-23.33061063314272,0 31.32312167829868,-23.3298435207374,0 31.32298503040928,-23.32914376348522,0 31.32041708675604,-23.31744495088376,0 31.31910019696177,-23.31144255716518,0 31.31821513237489,-23.30739068501091,0 31.31808755440688,-23.30674506003206,0 31.31797024464815,-23.30609131326162,0 31.31788239704783,-23.3052914691321,0 31.31782409649004,-23.30447798617629,0 31.31779861428277,-23.3040480015892,0 31.31781456713847,-23.30310247973086,0 31.31784441697601,-23.3024917639795,0 31.31793553507598,-23.30155252109759,0 31.31803952291467,-23.30071004961078,0 31.31814498657774,-23.29974306410952,0 31.31821435832934,-23.29919213587659,0 31.31832362891266,-23.29835486093515,0 31.31844020426226,-23.29742936864181,0 31.31857986073676,-23.29623215680331,0 31.31869459861544,-23.29522056390904,0 31.31880415722057,-23.29436949336697,0 31.31891008936992,-23.29349717396751,0 31.31903843294103,-23.29238837868649,0 31.3191155806678,-23.29134006281038,0 31.31914213841242,-23.29045718865109,0 31.31913346432262,-23.28953115753907,0 31.31909462051986,-23.28871836741001,0 31.31904713100358,-23.28820800163274,0 31.31896501934459,-23.28753751692199,0 31.31889315975009,-23.28703694148261,0 31.3187858863845,-23.28641971406352,0 31.31864868721772,-23.28577081271224,0 31.31848508977496,-23.28510962790183,0 31.31830748318829,-23.2845134324852,0 31.31805689738967,-23.28372476262351,0 31.31776196952904,-23.28290452883559,0 31.31742540456522,-23.28210994491243,0 31.31706372442936,-23.28127253622433,0 31.31673010990642,-23.2805293582655,0 31.31415825609372,-23.27473110817631,0 31.31357347320139,-23.27342781139381,0 31.31298629318058,-23.27210701356135,0 31.31239465959284,-23.27073836380416,0 31.31184310780274,-23.26947453428278,0 31.3116958413667,-23.26911779201225,0 31.31143416379081,-23.26834956057323,0 31.31116765283289,-23.26732679413434,0 31.31103690075092,-23.26662557186205,0 31.31093825952388,-23.2659123494621,0 31.31088369805693,-23.26520803011321,0 31.31086147407867,-23.2646148315884,0 31.31086315188095,-23.26397936189884,0 31.31089724062706,-23.26331738486358,0 31.31101888072148,-23.26236939594736,0 31.31113858688989,-23.26169468479712,0 31.31132274934572,-23.26094534595623,0 31.31149819275096,-23.2603498904822,0 31.31184316536346,-23.25938588610002,0 31.31215520611649,-23.25867910905069,0 31.3126234059954,-23.25763192903008,0 31.31323645882908,-23.25626725374574,0 31.31393438860106,-23.2547187812837,0 31.31436234765625,-23.25373655469489,0 31.31471942386889,-23.25295287825199,0 31.31517843059298,-23.25192382170553,0 31.3155486968644,-23.25102686423589,0 31.31578373496482,-23.250331336346,0 31.31597606087074,-23.24969404925644,0 31.31608623460983,-23.24908592819964,0 31.31615661615878,-23.24859856618051,0 31.31621213319537,-23.24812557113694,0 31.31626421566691,-23.24756659051906,0 31.31628106123553,-23.24709940667141,0 31.31625914424597,-23.24659569179039,0 31.31623266485628,-23.24592443435559,0 31.31616941006788,-23.24535865241398,0 31.31608568203511,-23.24486663080104,0 31.31582552746544,-23.24374848373327,0 31.31560991024209,-23.24307862595003,0 31.31532079871301,-23.24221930562387,0 31.31429541992161,-23.23919260599985,0 31.31415502568052,-23.23871377494255,0 31.31405509192877,-23.2383197514116,0 31.31387963976141,-23.2374450765726,0 31.31374232502929,-23.23671033819217,0 31.3136487822777,-23.23587245401976,0 31.3136009988605,-23.2351205076972,0 31.31358168318568,-23.23426732972472,0 31.31359579678313,-23.23350266249654,0 31.31363107735614,-23.23297412428214,0 31.31373190587837,-23.23206351418806,0 31.31384886416063,-23.23135878076612,0 31.31456123776983,-23.22733531781288,0 31.31508387537864,-23.22438825857639,0 31.31584968691259,-23.22004586031803,0 31.31625404898947,-23.21778059288128,0 31.31640019931465,-23.21696097260455,0 31.31646794684414,-23.21638332298761,0 31.31647433728737,-23.21584903172712,0 31.31646987169913,-23.21537465456885,0 31.31639813393478,-23.21485582114051,0 31.31631742042848,-23.21447488919821,0 31.31620860786077,-23.21400975184816,0 31.31607746815695,-23.21362578010663,0 31.31584734303939,-23.21305777437386,0 31.31556943888482,-23.21252312395314,0 31.31533915640891,-23.21215510299527,0 31.31511859030493,-23.21184515137763,0 31.31482986050074,-23.21147169848591,0 31.3144330837407,-23.21103343254232,0 31.31392560989028,-23.21056411203502,0 31.31339795210959,-23.21015624421732,0 31.31272245309698,-23.20973852800774,0 31.31187244813641,-23.20928103226962,0 31.31092921087501,-23.20875837066869,0 31.31043362563067,-23.20843478190392,0 31.30978557887497,-23.20795477208296,0 31.30929876836852,-23.20749785791329,0 31.30877797725809,-23.20693462831888,0 31.30848200615949,-23.20655497220463,0 31.30820836796721,-23.20611636422627,0 31.30790778770891,-23.20555659007842,0 31.30766346614363,-23.2049780824272,0 31.3074091060775,-23.20423603679462,0 31.3072830951775,-23.20350175286526,0 31.30721946476127,-23.20272461968644,0 31.30723024464995,-23.20225307046124,0 31.30729448975361,-23.20171768832247,0 31.30740562175417,-23.20106894992734,0 31.30759777358228,-23.20039659917019,0 31.30790543266369,-23.19969233226786,0 31.30824428776613,-23.19906602400813,0 31.30874059755204,-23.19836235322838,0 31.30921698617646,-23.19782751506774,0 31.30964766548114,-23.19739678884845,0 31.31027396859427,-23.19686421417684,0 31.31145826543508,-23.19585756745292,0 31.31216749686305,-23.19525776269084,0 31.31273536530618,-23.19476152830175,0 31.31344203551689,-23.19416422047693,0 31.31557164695209,-23.19232849188352,0 31.31609694384835,-23.19174821031147,0 31.31646989050325,-23.19126240912903,0 31.31680678632213,-23.19076188604616,0 31.31716662175372,-23.1901645991074,0 31.31750065893385,-23.18946089946812,0 31.31774981357432,-23.18874047395,0 31.31794625110972,-23.18804771770595,0 31.31810192825029,-23.18734704446273,0 31.31824105088485,-23.18679093005146,0 31.31834014160862,-23.18635203627908,0 31.31859149909782,-23.18531793720791,0 31.31877424391054,-23.18455193677143,0 31.31894571121611,-23.18385173204686,0 31.31904154461177,-23.18351222974345,0 31.31921462730271,-23.18305121472266,0 31.31947101264657,-23.18250713866816,0 31.31970336871363,-23.18206405807673,0 31.31997947137377,-23.18165297202047,0 31.32034215310889,-23.18119227880328,0 31.32055553486973,-23.18095833136341,0 31.32095036825438,-23.18055389630919,0 31.32150898400284,-23.18007245246981,0 31.32222580536866,-23.17958550830155,0 31.32285842197754,-23.17923861695753,0 31.32386581374701,-23.17883168168146,0 31.32470880205159,-23.17853170542841,0 31.32539944425719,-23.17829521855784,0 31.32584716001692,-23.17810818361641,0 31.32642347589746,-23.17780961358005,0 31.32697122013456,-23.17745033200601,0 31.32749805058985,-23.1770130192484,0 31.32792402851576,-23.17654837197493,0 31.32828264953977,-23.17605181954683,0 31.32860970538216,-23.17548581822522,0 31.32942616508807,-23.17358941902149,0 31.32972460904865,-23.1728751423066,0 31.33008325423334,-23.17204169027365,0 31.3302670053839,-23.17166305261969,0 31.33059024273554,-23.17118715819037,0 31.33091033402551,-23.17079707758394,0 31.33129605027362,-23.17039613394294,0 31.33166052396346,-23.170076229566,0 31.33221257336907,-23.16970390946921,0 31.33281289458171,-23.16939779734108,0 31.33343002406205,-23.16914995437444,0 31.33402089202745,-23.16897451783595,0 31.33451294492831,-23.1688778218366,0 31.34310741331666,-23.16722008854667,0 31.34379200868563,-23.16708375457346,0 31.34426633268377,-23.16697569436802,0 31.34499912220334,-23.16669259219328,0 31.34566291456775,-23.16636340225388,0 31.34618998870349,-23.16602898913778,0 31.34665343278404,-23.16563278452186,0 31.34699324595644,-23.16527496124924,0 31.34731516786647,-23.16491536600482,0 31.34758810368685,-23.16452945048239,0 31.34782432866929,-23.16408377014603,0 31.34808960725669,-23.16347983676132,0 31.34826658058538,-23.16288121233079,0 31.34834347618996,-23.16231628890467,0 31.34861491349625,-23.16026692621646,0 31.34873782674877,-23.1593139568352,0 31.34883795487984,-23.15856915235938,0 31.34894859646725,-23.157687072776,0 31.34904393802713,-23.15690054533462,0 31.34909774608235,-23.15645428242449,0 31.3491659524759,-23.1560561034923,0 31.34925255826772,-23.15568101122429,0 31.34939230894421,-23.15525045478316,0 31.34958126127835,-23.15476915785735,0 31.34971931258184,-23.15446553743185,0 31.35006156061692,-23.15384948470962,0 31.350334574669,-23.15344761212229,0 31.35226922741676,-23.15061260589507,0 31.3532918434158,-23.14911452930734,0 31.35459348545587,-23.14720203099559,0 31.35513127998095,-23.1464376828553,0 31.35542802856147,-23.14606087669338,0 31.35578460670005,-23.1457017064638,0 31.35619118808297,-23.14531129052868,0 31.35667684406682,-23.14491370136394,0 31.35714333262291,-23.14457004150564,0 31.35785027667636,-23.1441525000907,0 31.35851794910973,-23.14382832817814,0 31.35909298588977,-23.1435950573506,0 31.35976047575487,-23.14338239228022,0 31.36041099311253,-23.14322266606921,0 31.36089625824116,-23.14313982666458,0 31.36416125452123,-23.14269516984955,0 31.36737217758149,-23.14225714293146,0 31.36872127503644,-23.142068530529,0 31.36942823003852,-23.14196699859979,0 31.37013062464244,-23.14180426059675,0 31.37075644531846,-23.14162943702297,0 31.37136329026971,-23.14142313981223,0 31.37206610829857,-23.14114185123603,0 31.37276629990736,-23.14081252138612,0 31.37337351233008,-23.14046182407627,0 31.37381857237464,-23.14017207697319,0 31.374286147543,-23.13984202046862,0 31.37470656555622,-23.13951537972421,0 31.3751027608766,-23.13918200736006,0 31.37540787260432,-23.13887763693773,0 31.3760681163,-23.13814632997817,0 31.37645153783232,-23.13768555850161,0 31.376800236144,-23.13717615053886,0 31.37730084600265,-23.13634293069638,0 31.37777111023317,-23.13531035400606,0 31.37817731439839,-23.13434722337107,0 31.37863463898232,-23.13323269397191,0 31.37921823941955,-23.13180282532852,0 31.37959791465067,-23.13090389895327,0 31.38018567625192,-23.1294641183819,0 31.38076036702898,-23.12807734054923,0 31.38132237929589,-23.12670076295441,0 31.38205724732435,-23.12494024696128,0 31.38261120791685,-23.12357136420967,0 31.38307895531904,-23.12240280412252,0 31.3834693236988,-23.12122001190134,0 31.38372176455393,-23.12034991724548,0 31.38399096719766,-23.11927397603807,0 31.38413468166893,-23.11858050737753,0 31.38426686721206,-23.11787630797661,0 31.38439121104877,-23.1169711756185,0 31.3845089335176,-23.11599420976614,0 31.3845680564829,-23.115200662048,0 31.38462722030784,-23.11412602047874,0 31.38518715849639,-23.10380265157292,0 31.38524381448867,-23.10302315038122,0 31.38536617588041,-23.10240778370083,0 31.38554367006612,-23.10177206500686,0 31.38575917568665,-23.10121398907384,0 31.3859802638396,-23.10074985796777,0 31.38624510860162,-23.10026602665899,0 31.38654102719832,-23.09984605853139,0 31.38711059897349,-23.099163455562,0 31.38763127761899,-23.09864589108961,0 31.38824432014529,-23.09816841855647,0 31.38899804094869,-23.09769448756214,0 31.38996252685005,-23.09724064165354,0 31.39101709347533,-23.09690287627374,0 31.39220261198563,-23.09671546864776,0 31.39322110127661,-23.09667149012955,0 31.39376976115051,-23.09670309973743,0 31.40712483552077,-23.09782739741849,0 31.40832119041497,-23.09792771196943,0 31.40897543303037,-23.0979427545844,0 31.40991417051816,-23.09790351814656,0 31.41091872822228,-23.09779392384602,0 31.41167265699641,-23.09764750920213,0 31.41246787050241,-23.09745761088061,0 31.41321568477995,-23.09721020379067,0 31.41395254381466,-23.09692779532275,0 31.41505188428974,-23.09637956200933,0 31.41603578107866,-23.09577621447305,0 31.41677710860182,-23.09521026822612,0 31.41739068934526,-23.09468837516175,0</coordinates></LineString>
</Placemark>
<Placemark>
  <name>H1-6 - Letaba to Shingwedzi</name>
  
  <styleUrl>#style_MAIN_ROADS</styleUrl>
  <Point><coordinates>31.36351887243461,-23.46952253351616,0</coordinates></Point>
</Placemark></Folder><Folder><name>H1-7 - Shingwedzi to Punda Maria</name><Placemark>
  <name>H1-7 - Shingwedzi to Punda Maria</name>
  
  <styleUrl>#style_MAIN_ROADS</styleUrl>
  <LineString><tessellate>1</tessellate><coordinates>31.41738837583652,-23.09469108999472,0 31.42002917300953,-23.0923196656176,0 31.42041241039987,-23.0919236177688,0 31.42087735795647,-23.09128995074134,0 31.42118833520294,-23.09073719297322,0 31.4215260380103,-23.08988525824067,0 31.42166990341077,-23.08929257231363,0 31.42177004618527,-23.08822921669417,0 31.4216738795194,-23.08725842854206,0 31.42151402642975,-23.08665954903092,0 31.42115035507416,-23.08574931277026,0 31.42083601656006,-23.08522936791541,0 31.42026105558014,-23.08448895095351,0 31.41985177194186,-23.0840792820382,0 31.41270943826083,-23.07785098186415,0 31.40997600836974,-23.07544228816545,0 31.40941828976566,-23.07490238082537,0 31.40904051839057,-23.07451229540195,0 31.40845951735002,-23.07384739496289,0 31.40791274248411,-23.07318806581575,0 31.40745807592521,-23.07255449737076,0 31.40667321895094,-23.07136469656135,0 31.40437264650613,-23.06765968991684,0 31.40265920611144,-23.06489533102145,0 31.40058422103041,-23.06157148031319,0 31.3992244992766,-23.0593815993362,0 31.39684919315031,-23.05553949890761,0 31.39641573566224,-23.05484570080123,0 31.39612173920706,-23.05431425097206,0 31.39585591743743,-23.05369662289778,0 31.39568424510907,-23.0531986331278,0 31.39553429148066,-23.05259526101403,0 31.39479018802011,-23.04933789648401,0 31.39468574399738,-23.04883945694451,0 31.39457005362158,-23.04834646092272,0 31.39442297513163,-23.0477022718655,0 31.39416822424983,-23.04659973693915,0 31.39396915486185,-23.04569471436764,0 31.39382608735793,-23.04518940569985,0 31.3936717604661,-23.04474760936111,0 31.39347113415679,-23.04424813252021,0 31.39327852531274,-23.04381805937599,0 31.3929990261602,-23.04328124065954,0 31.3927375967465,-23.04283410747867,0 31.39243464925965,-23.04235377665421,0 31.39074063992052,-23.04003638270451,0 31.38970724364411,-23.03857280239323,0 31.38827091615283,-23.03660725472774,0 31.38570771072436,-23.03306211017638,0 31.38494885323231,-23.03190912133935,0 31.38466301174397,-23.03139863915574,0 31.38440789969677,-23.03094995561276,0 31.38406887561244,-23.03036039594783,0 31.38361097972078,-23.0294227820565,0 31.38333801354773,-23.02884353652488,0 31.38301296959182,-23.02816623270255,0 31.38222922232534,-23.02647754566149,0 31.38177703074469,-23.02556376782215,0 31.38137393273035,-23.0247066798017,0 31.38068582869036,-23.02324940074796,0 31.38020713103139,-23.02220851694052,0 31.37978613279521,-23.02134493377546,0 31.37932455583206,-23.0203588728797,0 31.37890719199615,-23.01948034479298,0 31.37856272912828,-23.01875399863635,0 31.37817102644399,-23.01790975497736,0 31.37763209256795,-23.01677852388261,0 31.37722279459715,-23.01605467134856,0 31.3768594145265,-23.0155263635086,0 31.3764941550387,-23.01507119493407,0 31.37604393212391,-23.01458877013734,0 31.37555663581537,-23.01412733972069,0 31.37504549231805,-23.01370043065508,0 31.37426220692963,-23.01315445310958,0 31.37335386554888,-23.01265217727246,0 31.37266679528791,-23.01235659769596,0 31.37180139036323,-23.01202696139921,0 31.36950023629784,-23.01115997121728,0 31.3671291182544,-23.01026428386597,0 31.36596133602693,-23.00982046870023,0 31.36492104996877,-23.00939186500987,0 31.36426896099567,-23.00909349408056,0 31.36347109980719,-23.00869475904727,0 31.36281815587111,-23.00835998239723,0 31.3621753954399,-23.00800084712548,0 31.36154413028506,-23.00763546430023,0 31.35785226474689,-23.00549839094761,0 31.35661234265583,-23.00477635481376,0 31.35499625652825,-23.00382590901075,0 31.3526465123725,-23.00245865080424,0 31.35092088971055,-23.00144733800386,0 31.34991889350648,-23.00087897865824,0 31.3493520718356,-23.00058438831357,0 31.34869800663994,-23.0002743814073,0 31.34791573741116,-22.99996173036693,0 31.34715757639432,-22.99970855141044,0 31.34643270798758,-22.99950049331034,0 31.34581038895726,-22.99934903737583,0 31.3446674650493,-22.99914690761796,0 31.34387949617559,-22.9990577039807,0 31.33868966623023,-22.99853853262427,0 31.33807528424411,-22.9984672730567,0 31.33735650285432,-22.99839229998149,0 31.33637634095889,-22.99829286130078,0 31.33271712345514,-22.99791657365195,0 31.32987181087794,-22.99763205702121,0 31.32754580147639,-22.9973958128079,0 31.32513308941629,-22.9971566500299,0 31.32442858566378,-22.99706180739511,0 31.32384898684539,-22.99691978147393,0 31.32315653348918,-22.99670019424544,0 31.3225284833812,-22.99644799814561,0 31.32188017778711,-22.99610887511165,0 31.32128035053263,-22.99572552973203,0 31.32070886613994,-22.99528836961919,0 31.32019918025148,-22.99479796495929,0 31.31973308393748,-22.994278199944,0 31.31921468101059,-22.99361527967806,0 31.31743633547346,-22.99133089258114,0 31.31717128178121,-22.99098727385057,0 31.31670055399665,-22.99038398566194,0 31.3160467917516,-22.9895403680272,0 31.31552754737084,-22.98892018294338,0 31.31494406336369,-22.98826621412708,0 31.3143148802042,-22.98762669836018,0 31.31342086747721,-22.9867947284198,0 31.3126348116767,-22.98613536310919,0 31.3118226751377,-22.98551989947414,0 31.31107565346586,-22.98499813389178,0 31.31044716854498,-22.98458309254125,0 31.30734499121614,-22.98263236997841,0 31.30568233537287,-22.98159000370642,0 31.3040101076746,-22.98054020574086,0 31.30279667903089,-22.97978104923802,0 31.3014903424039,-22.97895894451173,0 31.30092863658219,-22.97859070828353,0 31.30040462599683,-22.97820433971046,0 31.29988461259692,-22.97777994686743,0 31.29927714932784,-22.9772180264969,0 31.29862001189597,-22.97648792633813,0 31.29810798741074,-22.97581599399734,0 31.29765513797229,-22.97511148159684,0 31.29723366144656,-22.97432943405325,0 31.29689539222106,-22.97355257772177,0 31.29646979240723,-22.9724993813289,0 31.2962469512528,-22.97192164173869,0 31.29595383736855,-22.97123160373676,0 31.29567397450455,-22.97053273319095,0 31.29538382121053,-22.96981003049201,0 31.29488671337536,-22.96860237912173,0 31.29455896085812,-22.96777238321582,0 31.29420479735529,-22.96692509448337,0 31.29385778033198,-22.96605663489284,0 31.29340708537592,-22.96495975827865,0 31.29311220462766,-22.96421222080831,0 31.29284377927122,-22.96355891560941,0 31.29255257331603,-22.96283307309851,0 31.29225088258006,-22.96209798205971,0 31.29195850709585,-22.9613907857842,0 31.291601536608,-22.96050529450696,0 31.29131570403225,-22.95980661610404,0 31.2909330156067,-22.95886325712073,0 31.29065303199241,-22.95815317920692,0 31.29046795347038,-22.95768919083797,0 31.29011709076398,-22.9568298958627,0 31.28977714299502,-22.95601503250946,0 31.28953970293424,-22.95535120597215,0 31.28926058202007,-22.95454321635311,0 31.2889636661922,-22.95357586332865,0 31.28877374897573,-22.95284173460826,0 31.28856350034616,-22.95203062464915,0 31.28839034226871,-22.95131056265733,0 31.28821722691142,-22.95065617184335,0 31.28813497589485,-22.95028762796237,0 31.28802910605087,-22.94984528517306,0 31.28787307677293,-22.94925683046314,0 31.28771763331924,-22.94860334238108,0 31.28757519657612,-22.94804469943027,0 31.28740891614168,-22.94736026767352,0 31.28724584461897,-22.9466869011603,0 31.28710829913036,-22.946269354802,0 31.28690222243475,-22.94573601059948,0 31.28671686196172,-22.94534662901771,0 31.28649764647083,-22.94494978617988,0 31.286123828821,-22.94439778082784,0 31.28587308265683,-22.94406793505057,0 31.28553638407353,-22.94370535732908,0 31.28523741748025,-22.94339355410082,0 31.28486576960962,-22.94305901065522,0 31.28430167902173,-22.94265546128363,0 31.28386660281214,-22.94237327112256,0 31.28346216644076,-22.94214847655496,0 31.27824162941147,-22.93938149396549,0 31.27237816442281,-22.93627012334778,0 31.26993143832598,-22.93496011667632,0 31.26894185999391,-22.93442898776391,0 31.26815848460053,-22.93394055186816,0 31.26732680359864,-22.93340122355689,0 31.26647168682016,-22.93280323638982,0 31.26559183456532,-22.93214927400394,0 31.26473116278474,-22.93142209968384,0 31.26391713809347,-22.93070808326115,0 31.26313832988348,-22.92995536895345,0 31.26258376859239,-22.92938522696693,0 31.26187450815505,-22.92861335548596,0 31.26126184302225,-22.92787918432631,0 31.26095126575744,-22.92750347001666,0 31.26053326419907,-22.92694426822601,0 31.26001534847417,-22.9262372473714,0 31.25558405193828,-22.91994451296023,0 31.254928494828,-22.91899079808843,0 31.25438067234972,-22.91806170636339,0 31.25408824656225,-22.91746401871797,0 31.253835341973,-22.91685248211391,0 31.25356698040567,-22.91604422948179,0 31.25335736488583,-22.91518816421051,0 31.25321433928897,-22.91438787427026,0 31.25314770432046,-22.91351266033775,0 31.2531293855291,-22.91231590610317,0 31.25312141557381,-22.91105301130896,0 31.25308812471388,-22.90654834077995,0 31.25307818014629,-22.90431169116791,0 31.25305074213858,-22.90266998961274,0 31.25304287383693,-22.90196985001735,0 31.25296042444102,-22.90104362949949,0 31.25282486210638,-22.90026356040344,0 31.25264023453485,-22.89957695690005,0 31.25241364819838,-22.89887122915083,0 31.25211390471203,-22.8981329227653,0 31.25159957347243,-22.89712734653624,0 31.25119387321624,-22.89647268728566,0 31.25085220775537,-22.89600928446468,0 31.25049930656746,-22.89556657183966,0 31.24966800984634,-22.8945452293591,0 31.24880551984444,-22.89349220435411,0 31.2477435626794,-22.89218621198269,0 31.24588666785487,-22.88990198259362,0 31.24534746502883,-22.8891479548951,0 31.24497506808928,-22.88853076254247,0 31.2445673811097,-22.88773421335785,0 31.24423757089922,-22.88691229701785,0 31.24396629515332,-22.8860674589108,0 31.24379981517072,-22.88538571111108,0 31.24369902439251,-22.88473415647571,0 31.24362993142788,-22.88409128353518,0 31.24360960387412,-22.88306010396143,0 31.24364203370119,-22.88237018804567,0 31.24373939418344,-22.88167078499583,0 31.24384969664241,-22.88108602543437,0 31.24400131879465,-22.88032827514335,0 31.24413091209507,-22.87967875439619,0 31.24438993730242,-22.87844601105469,0 31.24494321715315,-22.87576215446234,0 31.24547024995013,-22.87322094009712,0 31.24618619097552,-22.86970890911626,0 31.24626565604279,-22.86921557978246,0 31.24630501249077,-22.8688561288618,0 31.24634009835202,-22.86835604399451,0 31.24635608478092,-22.86779691319723,0 31.24632683002778,-22.86710350796787,0 31.24627047156533,-22.8665737494935,0 31.24620193427608,-22.86610406406264,0 31.2461322336955,-22.86558648996573,0 31.2460730743937,-22.86513383162287,0 31.24600722881145,-22.86469528152059,0 31.24594742253437,-22.86425820629974,0 31.24587248005032,-22.86370688924948,0 31.24580611846655,-22.8632393157918,0 31.24570758644739,-22.86257956995332,0 31.24563561450383,-22.86204267322278,0 31.24554468283671,-22.86139368480857,0 31.24484268903488,-22.85641584780989,0 31.24417715718091,-22.85165617476166,0 31.24413047618003,-22.85133607398545,0 31.24406815093493,-22.85087295433392,0 31.24398006312314,-22.85030698264185,0 31.24388819692197,-22.84981360172126,0 31.24376694285081,-22.84921801487768,0 31.24362318564923,-22.84855426806381,0 31.24343837584027,-22.84785862940906,0 31.24323933925682,-22.84716522479165,0 31.24305416542986,-22.84659330158932,0 31.24286683519724,-22.84604687896247,0 31.24264977011145,-22.84546610338212,0 31.24244167911028,-22.84493751619937,0 31.24224640097986,-22.84445754483701,0 31.24202087718502,-22.84394145809941,0 31.24175809027185,-22.84340641614629,0 31.24154708914917,-22.84296657743821,0 31.24113733074239,-22.84220201804081,0 31.24070412423994,-22.84139975174942,0 31.24039518215164,-22.84082136445729,0 31.24010830360117,-22.84031202880674,0 31.23972700526201,-22.83960439491322,0 31.23924545906219,-22.83873674436883,0 31.23639846773876,-22.83354940715642,0 31.23598780311585,-22.83280601445737,0 31.23557602525798,-22.8321342902083,0 31.23520329296567,-22.8316415628743,0 31.23480752344164,-22.83118827761218,0 31.23440392705555,-22.83080464841533,0 31.23398663926835,-22.83045697578616,0 31.23345782932237,-22.83008332614527,0 31.23286717717894,-22.82973510690272,0 31.23204153510892,-22.82936404157992,0 31.23121579018275,-22.82908620684961,0 31.23020472022519,-22.82887625480069,0 31.22963509903687,-22.82878591352255,0 31.22560668388566,-22.82822601759948,0 31.22451129668577,-22.82806655746433,0 31.22341378015685,-22.82790836605204,0 31.22212062872667,-22.82772111794516,0 31.22143421053387,-22.82759838772886,0 31.22085106390852,-22.82744203206782,0 31.22013544017855,-22.8271767814039,0 31.21941404043824,-22.826837825198,0 31.2186775765868,-22.82638519129118,0 31.21807154589273,-22.82592215447068,0 31.21741196693334,-22.82529102186329,0 31.21696595440947,-22.82476149539323,0 31.21656913410525,-22.8241936842373,0 31.21628890462085,-22.82370953769386,0 31.21608093760327,-22.82326009891763,0 31.21585921946302,-22.82267961783789,0 31.21575115707814,-22.82232707765042,0 31.21540262334464,-22.8209447675264,0 31.21518145930762,-22.8200451282469,0 31.21489832178683,-22.81888639342985,0 31.21459347347512,-22.81767440940181,0 31.21440156042762,-22.81684733178265,0 31.21421843831743,-22.8161160057471,0 31.21406477145004,-22.81548484814757,0 31.2139099767988,-22.81483412523004,0 31.21377751599547,-22.81434767980775,0 31.2136435002108,-22.81384380798098,0 31.21348475395394,-22.81329075256197,0 31.21337589450853,-22.81294194625853,0 31.21324796501223,-22.81256046439945,0 31.21312474308699,-22.81220833311959,0 31.21297754750361,-22.81182632058837,0 31.21285778588586,-22.81149575818673,0 31.21269730859736,-22.81108012073276,0 31.21250941953807,-22.81058506370225,0 31.21232482344934,-22.81012856125164,0 31.21215497054543,-22.80970061181177,0 31.21202355100027,-22.80936981919449,0 31.21186209503619,-22.80894877909122,0 31.21170242619294,-22.80854463878224,0 31.2113860670022,-22.8077253071841,0 31.20594055520046,-22.79382957783496,0 31.20574242956704,-22.793313506933,0 31.20551549806925,-22.79272480320942,0 31.20524859386149,-22.79206810182505,0 31.20492473878927,-22.79136463006831,0 31.2046408688741,-22.79083159392173,0 31.20436437895316,-22.79040434734776,0 31.20413785396124,-22.79007167566828,0 31.20381407930163,-22.7896600314646,0 31.20348374883674,-22.78927616408973,0 31.20309408621166,-22.78888704809195,0 31.20271050647077,-22.78852642960865,0 31.2022187678644,-22.78812998630819,0 31.20186466074443,-22.78787618487339,0 31.20130856252116,-22.7875222116398,0 31.20063539014116,-22.78710790038544,0 31.19995911891714,-22.78670303384897,0 31.19897404247469,-22.78609912056704,0 31.19850258100797,-22.78578584683919,0 31.19797844802329,-22.78535199213883,0 31.197524670484,-22.7849132973085,0 31.19714291808173,-22.7844734439474,0 31.19681057287703,-22.78402352188257,0 31.19651576309097,-22.78357030398789,0 31.19618420173076,-22.78291991570081,0 31.19602554573724,-22.78251914645378,0 31.19590281852467,-22.78217070221148,0 31.19578506306956,-22.78174148449494,0 31.19569880992174,-22.781332976195,0 31.19563150386535,-22.78088929975391,0 31.1955806322384,-22.78035699735684,0 31.19554154185503,-22.77990098449356,0 31.19549662918974,-22.77923098154848,0 31.19488196023283,-22.77093067191066,0 31.19487166016583,-22.77077455833047,0 31.19485240630127,-22.77058386665316,0 31.19483366022583,-22.77035236675301,0 31.19481268125475,-22.77013456634225,0 31.19478976918709,-22.76995923386114,0 31.19475632789865,-22.76969369531753,0 31.19467207730927,-22.76919118774689,0 31.19463136821829,-22.76896753689369,0 31.19455703928774,-22.76863835832283,0 31.19448655645247,-22.76832664029097,0 31.19441674230031,-22.76805464369738,0 31.19434733211189,-22.76781069131192,0 31.19426868228496,-22.76753901299067,0 31.19417833191591,-22.76725759194314,0 31.19408953029162,-22.76700987306555,0 31.193995972132,-22.76674528243634,0 31.19387993078865,-22.76645645921617,0 31.19377861984529,-22.76619128778702,0 31.19364748286912,-22.76587397105198,0 31.19341040423683,-22.76532772368388,0 31.19297672937961,-22.76453048017741,0 31.19249701339132,-22.76371304208421,0 31.18659642838223,-22.75403012461187,0 31.18628906047011,-22.75354134226763,0 31.1859210873476,-22.75301889691413,0 31.18555690782916,-22.75251558876034,0 31.18518834517916,-22.75204142149764,0 31.18486428511479,-22.75162481975877,0 31.18455253352421,-22.75125162230884,0 31.18418996976649,-22.75082002885139,0 31.18375598221624,-22.75033773927176,0 31.1833251048417,-22.74989088697646,0 31.18289819850951,-22.74946028137835,0 31.18254916471788,-22.74911690769276,0 31.1820998426866,-22.7486899439341,0 31.17503698831451,-22.74229550279185,0</coordinates></LineString>
</Placemark>
<Placemark>
  <name>H1-7 - Shingwedzi to Punda Maria</name>
  
  <styleUrl>#style_MAIN_ROADS</styleUrl>
  <Point><coordinates>31.275578287652,-22.93796517753944,0</coordinates></Point>
</Placemark></Folder><Folder><name>H1-8 - Punda Maria to Pafuri</name><Placemark>
  <name>H1-8 - Punda Maria to Pafuri</name>
  
  <styleUrl>#style_MAIN_ROADS</styleUrl>
  <LineString><tessellate>1</tessellate><coordinates>31.1750379551244,-22.74229639098665,0 31.17142467252042,-22.73903418287085,0 31.17054754745876,-22.73821599932359,0 31.17020976414487,-22.73791082951194,0 31.16978655717049,-22.73751718511233,0 31.16915359760899,-22.73687420551872,0 31.1686672974576,-22.73629300753358,0 31.1681489542071,-22.73560218604173,0 31.16768573427633,-22.73487377049771,0 31.16727283852148,-22.73412236053289,0 31.16690428510671,-22.73333833871924,0 31.16658424926191,-22.73247826092591,0 31.16629575887433,-22.73143681569577,0 31.1661364046435,-22.73061034858501,0 31.16603232008181,-22.72974193392138,0 31.16599200584534,-22.72877520272841,0 31.16600481705669,-22.7280982405604,0 31.16606963556986,-22.72745112864657,0 31.16615790410609,-22.72683877785369,0 31.16625108151436,-22.72628502858878,0 31.16660104330001,-22.72428435648833,0 31.16671316848195,-22.72349306148172,0 31.16680542483195,-22.7228111959753,0 31.1668860963366,-22.7220529632406,0 31.16694994103031,-22.72117747605147,0 31.1670114952273,-22.72035525166795,0 31.16705645130314,-22.71953033348475,0 31.16708036552996,-22.71847098301849,0 31.16708290604993,-22.71737101319324,0 31.16706358581484,-22.71637680362353,0 31.16702637177902,-22.71537787594631,0 31.16696367321564,-22.71428579664497,0 31.16687176274757,-22.71338141515684,0 31.16678432293987,-22.7124698029534,0 31.16666240186226,-22.71154444023929,0 31.16649332105748,-22.7105246853261,0 31.1663174267544,-22.70947251197007,0 31.16608775601172,-22.70834265317685,0 31.16594018992151,-22.70766249014076,0 31.16576711524506,-22.7069736904298,0 31.16560533406327,-22.7063469920387,0 31.16536428022213,-22.70545555690278,0 31.16512402294758,-22.70462593023435,0 31.16488497299893,-22.703842896453,0 31.16471500447551,-22.70321421420208,0 31.16453890691668,-22.70249150358087,0 31.16441866336021,-22.70191208341696,0 31.16429247730027,-22.70123680812618,0 31.16420925137335,-22.70070650710489,0 31.16412805674871,-22.70020475085591,0 31.16405302282196,-22.69966221886913,0 31.16398982511501,-22.69902717343744,0 31.16393440536012,-22.6983871326448,0 31.16389260237563,-22.69775248164305,0 31.16387370319645,-22.69720763201714,0 31.16386200729462,-22.69656579199629,0 31.16384997273862,-22.69600523293996,0 31.16388037468069,-22.69540341973337,0 31.16390441611386,-22.69489963145323,0 31.16393493401239,-22.6943794492782,0 31.16397383930775,-22.6938784244536,0 31.16403185404305,-22.69331309110078,0 31.1640855060645,-22.69286032219815,0 31.16415438426924,-22.692397768779,0 31.16423945323315,-22.69186807511588,0 31.16434334784946,-22.69126673468575,0 31.1644462667987,-22.69072489134463,0 31.16468198612204,-22.68969517210799,0 31.16483764101741,-22.6890627151603,0 31.16518672878669,-22.68795439581995,0 31.16547126313319,-22.6870252903595,0 31.16580620084256,-22.68581636976999,0 31.16605462785732,-22.68486402656942,0 31.16631524650024,-22.68372610828731,0 31.16677563378394,-22.68154501084421,0 31.16701139015503,-22.68035265312912,0 31.16726542210684,-22.67854990506928,0 31.16746886442949,-22.67667703864641,0 31.16763961908442,-22.67487078030759,0 31.1676970629842,-22.67338496025902,0 31.16771650341275,-22.67046522322538,0 31.16771971253959,-22.66973239998886,0 31.16771446849807,-22.66909884971863,0 31.16770893944541,-22.66841249078532,0 31.16770619773412,-22.66785073729457,0 31.16770522116177,-22.66730771884895,0 31.16772375480733,-22.66675650141264,0 31.16774847471975,-22.66623551633452,0 31.16777022055308,-22.66574316185807,0 31.16779905196514,-22.6652712518287,0 31.16784024913675,-22.66484072040799,0 31.16787608568588,-22.66445464824786,0 31.1679384254631,-22.66395150479283,0 31.16800027694696,-22.66344581025278,0 31.16806472918388,-22.66298917424552,0 31.16811894155224,-22.66264522204094,0 31.16819699792838,-22.66218314046895,0 31.168294769052,-22.66166341285753,0 31.16843773746551,-22.66089816428948,0 31.16854723681512,-22.66045174955725,0 31.16869037334313,-22.65990232199336,0 31.16889225254062,-22.65914853448566,0 31.16916873560954,-22.65821358260893,0 31.16958656330321,-22.65693833593623,0 31.17001401796252,-22.65581045922759,0 31.17022324651818,-22.65530639222681,0 31.17043709305374,-22.65485494852572,0 31.17065555825694,-22.65435157020171,0 31.17109194419475,-22.65343366040084,0 31.17133465012183,-22.65295827614767,0 31.17162796292097,-22.65238887052718,0 31.17208346905367,-22.65158703402331,0 31.1725889853379,-22.65073703786921,0 31.17312432487486,-22.64991364773429,0 31.17376085565896,-22.64899575831932,0 31.17426447123189,-22.64828572640354,0 31.17489177964738,-22.64749335177516,0 31.17549872621676,-22.64675590351344,0 31.1760479210177,-22.64610026365055,0 31.17656628333525,-22.64543656156573,0 31.17709904499366,-22.64470173207548,0 31.17753294058431,-22.64405056612181,0 31.1779830814266,-22.64329290531953,0 31.17835323532089,-22.64258929399479,0 31.17873056620381,-22.64181240074165,0 31.17895722485406,-22.64128939100155,0 31.17924461582298,-22.64055139570792,0 31.17945864771947,-22.63993225587302,0 31.17966700176203,-22.63931055269509,0 31.17981771375002,-22.63873122564297,0 31.17992756084943,-22.6382726044916,0 31.18013689953224,-22.6371738222939,0 31.18022687071197,-22.63646509313743,0 31.18029922921809,-22.63576236802837,0 31.18035648762569,-22.63500518865863,0 31.18035682623837,-22.63414332190843,0 31.18033556106574,-22.63341033284727,0 31.18027789624329,-22.63264672924193,0 31.18019299697289,-22.63191046781773,0 31.18008751356177,-22.6312593468863,0 31.17997106325589,-22.63060377474541,0 31.1798283787741,-22.62995927710028,0 31.17965313850462,-22.62931911517574,0 31.17943117467954,-22.62862890814268,0 31.17917707192426,-22.62789990398011,0 31.17899056136553,-22.62743746502677,0 31.17830849463525,-22.62585703864156,0 31.17783100894962,-22.624756843115,0 31.17746331676137,-22.62391777686506,0 31.17703017985007,-22.62292867042621,0 31.17666597726282,-22.62207799353861,0 31.17626676078926,-22.62115250243679,0 31.17584751621886,-22.6201698590823,0 31.17544428517451,-22.61923208876064,0 31.17509112317079,-22.61841771091977,0 31.17475971043863,-22.61759486905388,0 31.17454044393945,-22.61689001727557,0 31.17432747187817,-22.61614702900274,0 31.17416062227811,-22.61545720685275,0 31.17402530522723,-22.6147964190553,0 31.17392564497144,-22.6141999698809,0 31.17384486224127,-22.61352068740986,0 31.17378843807685,-22.61290063554608,0 31.17376259542685,-22.6122521861209,0 31.17375039927929,-22.61163341867201,0 31.17376308083177,-22.6109706527384,0 31.17380839959986,-22.61026478660277,0 31.17384768769238,-22.6097525043882,0 31.17393511406171,-22.60911756437492,0 31.17401019148377,-22.60861465017047,0 31.1741139056086,-22.60808504279538,0 31.17420656975072,-22.60767304956852,0 31.17434390869537,-22.60713955961603,0 31.17457364636312,-22.60635242988117,0 31.17481379373241,-22.60564412310286,0 31.17504688486869,-22.6050284116102,0 31.17531782690012,-22.60437907126782,0 31.17559211454543,-22.60378261730778,0 31.1758832872022,-22.60323738373244,0 31.17619320696768,-22.60266224135209,0 31.17653419010879,-22.60210145902158,0 31.17692769290932,-22.60148759808679,0 31.177583459612,-22.60054434479451,0 31.17794799679743,-22.59997806387918,0 31.17829246849466,-22.59935017877061,0 31.17857649577428,-22.59874500895413,0 31.17880926729675,-22.59810987634057,0 31.17897999720067,-22.59754733916668,0 31.17915940200954,-22.59677726919482,0 31.17925388967888,-22.59615550702487,0 31.17932547889716,-22.59540540813199,0 31.17941171471059,-22.59487669465307,0 31.17958174021552,-22.59412805208963,0 31.17966980979831,-22.59379948582209,0 31.17979788188564,-22.59336479875738,0 31.17995069384731,-22.59297826505384,0 31.18011694365715,-22.59256649848646,0 31.18028337465173,-22.59218327077191,0 31.18055748983576,-22.5916536611749,0 31.18072668888054,-22.59133127677175,0 31.18118680350094,-22.59038887218392,0 31.18145635991643,-22.58970312796309,0 31.18169540925761,-22.58902300858716,0 31.18189705746757,-22.58832677278846,0 31.18215360807007,-22.58713435170572,0 31.18230442577077,-22.5864466786734,0 31.18243089225838,-22.58592127921854,0 31.18261372808687,-22.58519183057467,0 31.18271183019319,-22.58487656449081,0 31.18298797113223,-22.58405833471858,0 31.18334987456199,-22.58306951404806,0 31.18370552913956,-22.58228033355312,0 31.18388901628094,-22.58186643088382,0 31.1841303418578,-22.58140170699152,0 31.18430796041762,-22.58104919144446,0 31.18460845340881,-22.58051354314186,0 31.18494078731277,-22.57993766305417,0 31.18526101907544,-22.57943773109298,0 31.18549879950017,-22.5790733918669,0 31.18572474414292,-22.57875943732816,0 31.18614642768325,-22.57816526270535,0 31.18639889328751,-22.57782454059581,0 31.18682410541684,-22.57719470170186,0 31.18744694824045,-22.57631760534568,0 31.18798440313362,-22.57557491764383,0 31.18833124000067,-22.57507442561449,0 31.18895562613495,-22.57417311168114,0 31.18938227161157,-22.57353194102982,0 31.1895963114106,-22.57321590570772,0 31.18989606090057,-22.57268893204327,0 31.19024580872819,-22.57203159931591,0 31.19046024379931,-22.57159637482935,0 31.19083127384282,-22.57075451342477,0 31.19111956016787,-22.56995287860128,0 31.19139819560034,-22.56912181197075,0 31.19160091096715,-22.56838011934976,0 31.19170290589295,-22.56793376679747,0 31.19184171757043,-22.56720563500265,0 31.19198193470224,-22.56621516630134,0 31.19206417697526,-22.56528033869413,0 31.19213452265518,-22.5647111098265,0 31.19229263434027,-22.56382579887454,0 31.19243809162586,-22.5631469639565,0 31.19264742221569,-22.56236151289784,0 31.19280349222019,-22.56192382692388,0 31.19311162011231,-22.56104927277921,0 31.19331033269739,-22.56055420468304,0 31.19355195614127,-22.55994692273943,0 31.19385028074345,-22.55910334896736,0 31.19400838092471,-22.5586224011197,0 31.1942181564082,-22.55786320949244,0 31.1944434777142,-22.55678779888223,0 31.19454364629189,-22.55611035054239,0 31.19462076476877,-22.5553643085789,0 31.19466519171114,-22.5548749789544,0 31.19469525726172,-22.55430715409966,0 31.19468896779418,-22.55361794750713,0 31.19468353673346,-22.55309909936526,0 31.19464325397938,-22.55245156146495,0 31.1944389626621,-22.55089976006223,0 31.19431207216795,-22.55028058353511,0 31.19398599067518,-22.54888830088806,0 31.19380801070806,-22.54797598793222,0 31.19361852428347,-22.54690796696354,0 31.19344839193084,-22.54569365342346,0 31.19338867200679,-22.54516842716485,0 31.19328057719515,-22.54402039249059,0 31.19320856840322,-22.54264005964851,0 31.19318397494585,-22.54137374793766,0 31.19320729367582,-22.54017150548771,0 31.19321641149978,-22.53851207815747,0 31.19322715347468,-22.53716959626984,0 31.19322723596508,-22.53615337814077,0 31.19323896378274,-22.53525818939299,0 31.19321807753093,-22.53439884179459,0 31.1931930908047,-22.53388859681402,0 31.19310404199329,-22.53311984806244,0 31.1929384554775,-22.53213334159133,0 31.19273322721232,-22.53122673195366,0 31.19247584596881,-22.53030724722872,0 31.19228513780092,-22.52973160301231,0 31.19198154630927,-22.52881162113561,0 31.19164563919865,-22.52773977107874,0 31.19151909995644,-22.52728877260955,0 31.19129692919583,-22.52635597374108,0 31.1911643069314,-22.52557105229497,0 31.19107170311739,-22.52478048345611,0 31.19101813495289,-22.52416572027031,0 31.19099222550801,-22.52354266435548,0 31.1909947889122,-22.52306969135187,0 31.19102948731617,-22.52200339852564,0 31.19114873223682,-22.52095881121188,0 31.19119769700385,-22.52044510453443,0 31.19123517813339,-22.51983177909504,0 31.19123906013357,-22.51939349208005,0 31.19121272547012,-22.51880090081869,0 31.19115663915191,-22.51824653910865,0 31.19111660948915,-22.51787512008734,0 31.19103442837318,-22.5174421925918,0 31.19095668124836,-22.51703526520239,0 31.19081726185333,-22.51652349641941,0 31.19062719123145,-22.51593075477648,0 31.19020507021322,-22.51489284206853,0 31.18986709128454,-22.51422092917083,0 31.18948658303395,-22.5135584927932,0 31.18919740341486,-22.51303872175627,0 31.18900737868555,-22.51267251570231,0 31.18892126832869,-22.51247612428957,0 31.18868137276014,-22.51185729274245,0 31.18847973402933,-22.51120008239677,0 31.18833799726174,-22.51058500656516,0 31.18825080948393,-22.50997165763706,0 31.18822268856987,-22.50956669247962,0 31.18820185259244,-22.50919637666014,0 31.18820725241363,-22.50857645225899,0 31.18827701286821,-22.50790208757197,0 31.18835516762489,-22.50747805284787,0 31.18846465298975,-22.50700587791636,0 31.18859680414531,-22.50652084808849,0 31.18874254217903,-22.50610444856157,0 31.1889680068982,-22.50554685146194,0 31.18928346795566,-22.50494378532888,0 31.18958134217569,-22.50444740903662,0 31.18989999744446,-22.50397140072514,0 31.19031873944722,-22.50344018064088,0 31.19068278385547,-22.50305644761857,0 31.19109677819178,-22.50263802913351,0 31.19190636920639,-22.50189400338706,0 31.1925503749002,-22.50131907183711,0 31.19362736395538,-22.50034514148574,0 31.19597150222216,-22.49820960999004,0 31.19698079766842,-22.49729473200014,0 31.19745367114214,-22.49683685644,0 31.19789477825405,-22.49634027999817,0 31.19829118320763,-22.49586626146801,0 31.19858539982129,-22.49553511660503,0 31.19892147002327,-22.49524840293208,0 31.19934572103086,-22.49496264702946,0 31.19967020089373,-22.49479470102742,0 31.20029182460486,-22.49457344565536,0 31.20054804148017,-22.49451387907002,0 31.20103943672575,-22.49443355054441,0 31.20148155980574,-22.49438129320086,0 31.20197301080496,-22.49430926368133,0 31.20227418123551,-22.4942455299428,0 31.20260429210343,-22.49416509778747,0 31.20303382142251,-22.49399805510915,0 31.2033014948565,-22.49387221885432,0 31.2037224691039,-22.49360926906679,0 31.20399291590428,-22.4933959002388,0 31.20494304726337,-22.49251221561944,0 31.20622877169521,-22.49133294637322,0 31.20661959587489,-22.49099083686384,0 31.20684001672288,-22.49081718400194,0 31.20727611512685,-22.4904870141705,0 31.207572917131,-22.49027064608534,0 31.20810152386585,-22.48989862616704,0 31.20850442819669,-22.48962447859209,0 31.20899919474492,-22.48928363352529,0 31.20939632674287,-22.48896543826964,0 31.20988029711594,-22.48851969170726,0 31.21037364995388,-22.4880319132494,0 31.21077185867386,-22.48761238369233,0 31.21133657524871,-22.48704050474626,0 31.21174545541613,-22.48662999119043,0 31.21215685006997,-22.48621792683099,0 31.21252390171833,-22.48588352959186,0 31.21289024196508,-22.48558910981213,0 31.21331648993735,-22.48526478642653,0 31.21357297502293,-22.48510293864107,0 31.21387301215953,-22.48490375471839,0 31.2143335455367,-22.48459027900377,0 31.21480303098038,-22.4842962526745,0 31.21542934409544,-22.48387201680966,0 31.21578026537851,-22.48364329840241,0 31.21607419786762,-22.48344247305977,0 31.2165069457527,-22.48310436619443,0 31.21684928131782,-22.48282201449459,0 31.2173199929597,-22.48242448907713,0 31.218361157528,-22.48151387101544,0 31.21910920505084,-22.48086413139841,0 31.21950007370565,-22.48047200068764,0 31.2198929036767,-22.47989445879904,0 31.22027027485021,-22.47910996248465,0 31.22064123316466,-22.47813612894936,0 31.22083921560822,-22.47737351801842,0 31.22098288621163,-22.47650928414223,0 31.22117541612515,-22.47493965285761,0 31.22131101585241,-22.47364596137622,0 31.22154248780184,-22.47166055998336,0 31.22159108856813,-22.47116021740174,0 31.22160343923582,-22.47059270946805,0 31.22157037894194,-22.46998825136847,0 31.22147162145735,-22.46937471159094,0 31.22128033271672,-22.46865644410454,0 31.22070708622027,-22.46679823833809,0 31.22034849604128,-22.46561077229458,0 31.219941229086,-22.46433393427191,0 31.21954979350357,-22.46302513129768,0 31.21916511540459,-22.46181038037785,0 31.21894556293181,-22.46107095404582,0 31.21884510378114,-22.46062695101411,0 31.21877507439211,-22.45985501691722,0 31.21879862597191,-22.45919851289422,0 31.21895073776496,-22.45726661571307,0 31.21907602090256,-22.45573233651189,0 31.21920678331496,-22.45385633125879,0 31.21926202564351,-22.45313278850662,0 31.21924869251767,-22.45209119826964,0 31.21920801169941,-22.45136369785944,0 31.21914232972253,-22.45075290254833,0 31.21900554217994,-22.44993810879483,0 31.21884075662844,-22.44912949161756,0 31.21862478897236,-22.44837396827019,0 31.21831308149607,-22.44744683367467,0 31.21807477850437,-22.4468432145147,0 31.21779727415635,-22.44619651455092,0 31.21762644841729,-22.44565481228588,0 31.21751919597896,-22.44518580939354,0 31.21740145546612,-22.44448068908008,0 31.21737243213513,-22.4438041347652,0 31.21738654308028,-22.44327450869709,0 31.2174376461408,-22.4427596560429,0 31.21753508454834,-22.44223939263231,0 31.2176960074889,-22.44163796095573,0 31.21784132244376,-22.44123296699422,0 31.21803911928377,-22.44076213585718,0 31.21829221381812,-22.44025569416265,0 31.21858067050622,-22.43980226437297,0 31.21911562644662,-22.43906694821757,0 31.21940725785874,-22.4386593049497,0 31.21966715207783,-22.43820232989132,0 31.21987464437423,-22.43778290568847,0 31.2201204933172,-22.43725813424353,0</coordinates></LineString>
</Placemark>
<Placemark>
  <name>H1-8 - Punda Maria to Pafuri</name>
  
  <styleUrl>#style_MAIN_ROADS</styleUrl>
  <Point><coordinates>31.19116174221458,-22.56982095584584,0</coordinates></Point>
</Placemark></Folder><Folder><name>H10 - Lower Sabie to Tshokwane</name><Placemark>
  <name>H10 - Lower Sabie to Tshokwane</name>
  
  <styleUrl>#style_MAIN_ROADS</styleUrl>
  <LineString><tessellate>1</tessellate><coordinates>31.92426273236507,-25.12389977324978,0 31.9241123817711,-25.12325694613899,0 31.92420965480934,-25.12270575959056,0 31.9254719902717,-25.11870517663107,0 31.92633909967398,-25.11741500872864,0 31.92742718872598,-25.1166579870745,0 31.92823778181867,-25.11640839773435,0 31.92963993094505,-25.11595002529164,0 31.93062654921352,-25.11508848206069,0 31.93132195589634,-25.11369977047697,0 31.93121563545297,-25.11214404935739,0 31.93079045888985,-25.1114268700658,0 31.92905460540286,-25.10931864877197,0 31.92833213417618,-25.10888291557082,0 31.92734439064964,-25.10867066853069,0 31.92642756879014,-25.10842329371352,0 31.92577256472427,-25.10796379532878,0 31.92539351712962,-25.10726483005439,0 31.92519002685039,-25.10581099655254,0 31.92488591302733,-25.10309647518037,0 31.92457087428853,-25.10231065511653,0 31.92381283873514,-25.10140974681208,0 31.92297570801274,-25.10095146983384,0 31.92212393693191,-25.10059349127882,0 31.92124390776523,-25.1001979501098,0 31.92031243601842,-25.09950839583545,0 31.91980578957704,-25.09883725029216,0 31.9194946822477,-25.09804081263628,0 31.9185821167869,-25.09002335279637,0 31.91861820711269,-25.08873553326565,0 31.91893990152116,-25.08404214747853,0 31.91901797248985,-25.08142750094607,0 31.91886637711983,-25.07905420545001,0 31.91799529770863,-25.07355548558925,0 31.91785726604827,-25.0721347915703,0 31.91792123719965,-25.07076635673298,0 31.91815864362155,-25.06952958816761,0 31.91854337172754,-25.06814461750781,0 31.91909692875943,-25.0663689963587,0 31.91933403456029,-25.06517014468795,0 31.91948069091297,-25.06421775973928,0 31.91940709679169,-25.06297633830417,0 31.91922201251479,-25.06192917037156,0 31.91894095215902,-25.06098606403526,0 31.91818040577483,-25.05883402421879,0 31.91758469091277,-25.05742397030074,0 31.9166388217226,-25.05537862560444,0 31.9156447867307,-25.05369020335034,0 31.9147858236397,-25.05253501210433,0 31.91390135228711,-25.05134237314801,0 31.91312333047257,-25.05049762062022,0 31.91225467713795,-25.04958827523045,0 31.91088170915792,-25.04837010762963,0 31.90980082567792,-25.04744978510829,0 31.90911110766522,-25.04681290080538,0 31.9084562065274,-25.04613907282158,0 31.90809624230387,-25.04552574004327,0 31.90788307136681,-25.04509203579124,0 31.90767770196894,-25.04445476437186,0 31.90746531011406,-25.04363754610231,0 31.90745590747801,-25.04287583946717,0 31.90753353815352,-25.0420194554149,0 31.90780690059176,-25.0411160696633,0 31.908113548703,-25.04046180920394,0 31.90854605802444,-25.03962683078511,0 31.90885872017461,-25.03875665469582,0 31.90896949079471,-25.03759203212372,0 31.90893197490637,-25.03694221027158,0 31.90879450604578,-25.03635449834848,0 31.90856808253514,-25.03567766130028,0 31.908351939438,-25.03514885227451,0 31.9077836944209,-25.03427234238683,0 31.90691042959732,-25.0332906050862,0 31.90616697737362,-25.03231371617869,0 31.90558055848493,-25.03154890300381,0 31.90522290214936,-25.03092965069164,0 31.90488113634179,-25.03020114663091,0 31.90459982388766,-25.02944223592058,0 31.90429870814052,-25.02846701990373,0 31.90415924547293,-25.02768231118769,0 31.90403751105178,-25.02665548456078,0 31.9040305754117,-25.02599679851197,0 31.90407758840142,-25.02511113092062,0 31.90422161744387,-25.02416190397946,0 31.90442661301897,-25.02347576756278,0 31.90494955849853,-25.02208958595098,0 31.90538771303434,-25.02124762605443,0 31.90596055466625,-25.02040317112784,0 31.90670624719645,-25.01947211469684,0 31.90766852610401,-25.01858804537293,0 31.90880920759898,-25.01765547815508,0 31.91006555809065,-25.01690158558391,0 31.91526461931493,-25.01392190128566,0 31.91573019035191,-25.01347665367974,0 31.91605549599084,-25.01301281119047,0 31.91611731558264,-25.012207950846,0 31.91590715151499,-25.0116005975839,0 31.91538341601629,-25.01105753851456,0 31.91358829634368,-25.00923532064806,0 31.91296497060885,-25.00840065045624,0 31.91264260818214,-25.00776758117145,0 31.91235947053639,-25.00703218318066,0 31.91079017331308,-25.00191200082243,0 31.91064278927005,-25.00100675480007,0 31.9106783481799,-25.00002943690498,0 31.91075743338127,-24.99933588784708,0 31.91091060638921,-24.99850610894089,0 31.9110840825583,-24.9970553156471,0 31.91093890551557,-24.99601372247916,0 31.91033167188907,-24.99476028502118,0 31.90963392371895,-24.99397476681114,0 31.90698860090237,-24.99159807177965,0 31.90649425208221,-24.99109784329565,0 31.90588768738664,-24.99046714254203,0 31.90549312517078,-24.98973264473652,0 31.90500112609604,-24.98880285575858,0 31.90463702341705,-24.98760328907577,0 31.90451779619582,-24.98626303620914,0 31.90483722670244,-24.98492415944433,0 31.90540657291527,-24.98386518426881,0 31.90576338082564,-24.98264518153149,0 31.90568181021087,-24.98186543486627,0 31.9054509026497,-24.98116498337496,0 31.90402886740794,-24.97828282063643,0 31.90378324956648,-24.97750405117255,0 31.90368776858661,-24.97693002522601,0 31.90364694132898,-24.97611083854698,0 31.90367768156033,-24.9754841797594,0 31.90458757063762,-24.97086740577961,0 31.90459213678328,-24.97038504598346,0 31.90456520319543,-24.97000489244358,0 31.90416254813933,-24.9659641891952,0 31.90422733514599,-24.96522704965048,0 31.90438448990888,-24.96461111584461,0 31.90472009869821,-24.96386874378811,0 31.90504584115696,-24.9633221104399,0 31.90556340211766,-24.9626815360756,0 31.90609357781225,-24.96224702167075,0 31.90662610168711,-24.96185882949186,0 31.90713935357274,-24.96157565457819,0 31.90773914194617,-24.96133474185522,0 31.90846081836623,-24.96113253550756,0 31.90933993306173,-24.9610452347531,0 31.91012954211065,-24.96104804585492,0 31.91067870457598,-24.96111270586499,0 31.91304815649934,-24.9617996182978,0 31.91378085420312,-24.96186083507391,0 31.91423572422516,-24.96187408019852,0 31.91485935365394,-24.96174876593846,0 31.91537288891673,-24.96159327261301,0 31.91582794057739,-24.96142629254555,0 31.91663155273393,-24.96093941104111,0 31.91759251419419,-24.96028356596018,0 31.91823363927416,-24.95968702585849,0 31.91863807374655,-24.95921718337175,0 31.91938470466758,-24.9575216217727,0 31.91969335496626,-24.95713743772172,0 31.92007069170331,-24.95678852544801,0 31.92133041684919,-24.95567791775452,0 31.92135475333318,-24.9556274149449,0 31.92175383440599,-24.95501228309959,0 31.92215695543464,-24.95434105948181,0 31.92245665438434,-24.95330689755808,0 31.92252064794677,-24.95249966609904,0 31.92240414381729,-24.95119337930632,0 31.92211827865311,-24.95040684315913,0 31.92177583435581,-24.94982097025067,0 31.91970722330477,-24.94743985028144,0 31.91916477968565,-24.94671569548412,0 31.91884948687579,-24.9458991317392,0 31.91872306180532,-24.9450561233004,0 31.91878905302061,-24.94381223619741,0 31.91888911399995,-24.94264204081517,0 31.91874508712846,-24.94177474274716,0 31.91841238001147,-24.9411331961384,0 31.91796563682646,-24.94048827406414,0 31.91774839221916,-24.93997836047893,0 31.91771732227785,-24.93948621756267,0 31.91780831873401,-24.9388867874975,0 31.91803699346908,-24.93816492491113,0 31.91805435937835,-24.93739321879331,0 31.91798689349673,-24.93688879462125,0 31.91781771838654,-24.93637969349944,0 31.91533894485615,-24.93209899249147,0 31.91503441910022,-24.93148895579779,0 31.91482783901767,-24.93066424537652,0 31.91479843994882,-24.9300705688847,0 31.91488368224914,-24.92949569250492,0 31.91503653194076,-24.92903555631056,0 31.91524844449892,-24.92868435353786,0 31.91550492970226,-24.9282658172448,0 31.91577864842549,-24.92799494352682,0 31.91609535408908,-24.927698271542,0 31.91659881893314,-24.92741322040378,0 31.91686332826569,-24.92731521878699,0 31.91866139215999,-24.92688515472788,0 31.91910324642954,-24.9266404210963,0 31.91941633294528,-24.92651027472648,0 31.91991215424583,-24.92613792386998,0 31.92015780710391,-24.92580656473883,0 31.92052615425065,-24.92538833380291,0 31.92082878290765,-24.92497041531192,0 31.92095312925764,-24.92451588489136,0 31.92111567702361,-24.92389797044914,0 31.92115498666723,-24.92326705448391,0 31.92109971101533,-24.92297477597605,0 31.92095023784193,-24.92241465371367,0 31.92062009909116,-24.92165098601976,0 31.91952782741223,-24.92007528663423,0 31.91923502189426,-24.91972812620078,0 31.91887623894193,-24.91943596916986,0 31.91656782895266,-24.91817567930685,0 31.91598870761589,-24.91778374927614,0 31.91561420959325,-24.91743388436673,0 31.91514643622745,-24.91682665620498,0 31.91487963785973,-24.91626699954083,0 31.91468556542139,-24.9157326661196,0 31.91463555661852,-24.91520500877157,0 31.91423290997133,-24.90920503240716,0 31.91420647873269,-24.90847037494345,0 31.91417936059496,-24.90775094696686,0 31.91419597552313,-24.90709955978781,0 31.91425739382344,-24.90649087907063,0 31.91434031046507,-24.9057145958069,0 31.91442036697221,-24.90508330230516,0 31.91454220452244,-24.90449401187855,0 31.91478323333491,-24.9035824931277,0 31.91500514925819,-24.90276703132989,0 31.91514732961939,-24.90184099734405,0 31.91525324106743,-24.90084781897093,0 31.91533947313693,-24.89954556829374,0 31.91520639418859,-24.89799040236524,0 31.91504379506632,-24.89681787050886,0 31.91489329416113,-24.89613799597833,0 31.91459845768701,-24.89550331694873,0 31.91415146297614,-24.8949398990191,0 31.91288383972591,-24.89391529526346,0 31.91251067052568,-24.89357002946274,0 31.9119900779072,-24.89302435894841,0 31.91132239816677,-24.89233345861853,0 31.91085889613807,-24.89181364456515,0 31.91021644110404,-24.89128974852245,0 31.90948078346205,-24.89077454427169,0 31.90820089398331,-24.89013896070091,0 31.90552431076699,-24.88875603768177,0 31.90477503927875,-24.88824459947536,0 31.90403736286186,-24.88763437316713,0 31.90322815369958,-24.88679556267501,0 31.90254290872214,-24.88589013962599,0 31.90198969676052,-24.88488264606578,0 31.9003876486369,-24.88108092247044,0 31.90016234701456,-24.88041820530527,0 31.90009958032036,-24.87996520749973,0 31.90008318099882,-24.87953673045336,0 31.90016947000546,-24.87912888524237,0 31.90024510796459,-24.87878759389008,0 31.90093998967155,-24.87701549504477,0 31.90104289600225,-24.8764622553207,0 31.90102689649669,-24.87573079271326,0 31.90090727273487,-24.87515526692202,0 31.90064768914161,-24.87407839248863,0 31.90060599768494,-24.87351735332601,0 31.90057897067739,-24.87294249679495,0 31.90055027280639,-24.87222729127588,0 31.90042575022633,-24.87164446743023,0 31.90023115573932,-24.87119714213482,0 31.89996379194766,-24.87063030285373,0 31.8996009922327,-24.87022846232854,0 31.89916699135899,-24.86971284081033,0 31.89882081309411,-24.86924369435745,0 31.89854116043246,-24.86860642306747,0 31.89839404574877,-24.86811769386454,0 31.89831821790155,-24.86749694673184,0 31.89850590617633,-24.86209470590658,0 31.89870451349776,-24.8607024290367,0 31.89873827502843,-24.86021931666184,0 31.89857977357029,-24.85980995286275,0 31.89825922417251,-24.85939869764203,0 31.89784189317159,-24.85918560154732,0 31.89755922283189,-24.85909564147403,0 31.89711259785911,-24.85905397901881,0 31.89663051607925,-24.85913978136525,0 31.89618364367183,-24.85922356717233,0 31.89587082984499,-24.85914847670205,0 31.89561443073458,-24.85895678680033,0 31.89543376516279,-24.85875251638013,0 31.89541642195108,-24.85851626159338,0 31.89533313909627,-24.85808542925659,0 31.89523976720459,-24.85675579213964,0 31.89517070351096,-24.85643011601188,0 31.89455632236557,-24.85359504117094,0 31.89455905450984,-24.85324927623528,0 31.89458473105189,-24.85283318843235,0 31.89452535279104,-24.85259679717761,0 31.89438549746752,-24.85243586651044,0 31.8941868225229,-24.85211098047179,0 31.89405035984436,-24.85181960867308,0 31.8939640840651,-24.8514841170798,0 31.8939554806096,-24.85114054984642,0 31.89397321726388,-24.8508829678749,0 31.89416876861653,-24.84920004750844,0 31.89417545265642,-24.84898619441561,0 31.89413266983895,-24.84876538873256,0 31.89385936594343,-24.84708769868461,0 31.8938659787454,-24.84659932334481,0 31.89395067914929,-24.84625459090517,0 31.89420077071674,-24.84569466162143,0 31.8944312198066,-24.84518802572575,0 31.89451081080519,-24.84452776500066,0 31.89452000405087,-24.84380196985842,0 31.89453702351205,-24.84358396777539,0 31.89463585860083,-24.84335084533643,0 31.89549912969387,-24.84141763601287,0 31.89571551761681,-24.84113918822516,0 31.89587691703896,-24.84083684655083,0 31.89598121192221,-24.84061294587892,0 31.89601262887361,-24.84040962417235,0 31.89670532815375,-24.83722981279052,0 31.89678074470841,-24.83671920430691,0 31.89675618822448,-24.83613354225063,0 31.89664057122599,-24.83572997463158,0 31.89645533179235,-24.8352500658387,0 31.89636126082392,-24.83460747995541,0 31.8961259600218,-24.83204341493255,0 31.89602848763737,-24.83131382113215,0 31.89586373360168,-24.83054791382478,0 31.89562802879525,-24.82959747560237,0 31.89549321535222,-24.82926591896165,0 31.89534630856369,-24.82901869705536,0 31.89190684754719,-24.82542057172133,0 31.89132812153473,-24.82497039351929,0 31.89081522609895,-24.8246787235956,0 31.89039892010989,-24.82452772576122,0 31.88992163221756,-24.82438502282097,0 31.88871907298079,-24.82421203975644,0 31.88838161733323,-24.82414841655394,0 31.88795300987196,-24.82401322738854,0 31.88747583915283,-24.82378436705945,0 31.88713385259297,-24.8235642778429,0 31.88677810713021,-24.82327561629819,0 31.88640870438196,-24.82292577556394,0 31.88615876918404,-24.82251417774881,0 31.88581020014978,-24.82177244801684,0 31.88562261099775,-24.82116182790576,0 31.88559844896068,-24.82059931057734,0 31.88567991429838,-24.82016348501185,0 31.8863621050522,-24.81790019362735,0 31.88639909257982,-24.81736728603145,0 31.88643138040459,-24.81685570233798,0 31.88631717888416,-24.81630167722638,0 31.88606359334982,-24.81567912435412,0 31.88582418922209,-24.81509551075511,0 31.88566285990951,-24.81466635740689,0 31.88544474224083,-24.81406367669617,0 31.88535758871863,-24.81366132357119,0 31.88533803425816,-24.81325781104474,0 31.88538384476968,-24.81282948080164,0 31.88551193372381,-24.81235096505264,0 31.8857783488866,-24.81136781027789,0 31.88593376302144,-24.81068351178652,0 31.88592170090379,-24.81011257535799,0 31.88584521818225,-24.80966012304489,0 31.88505337569665,-24.8062073630488,0 31.88482015916059,-24.80504149698155,0 31.88456176531138,-24.80446109441801,0 31.88438251249512,-24.80407688041603,0 31.88397857884758,-24.80361806521672,0 31.88367790573803,-24.80328858694389,0 31.88322663104641,-24.80302386137991,0 31.88295971958012,-24.80287233763654,0 31.88255187935205,-24.8026691604953,0 31.88216954555185,-24.80252032500009,0 31.88179317772431,-24.80243665075327,0 31.88148610993221,-24.80240516927487,0 31.87671123910808,-24.80184210904216,0 31.87638724406227,-24.80176826974676,0 31.87606582760316,-24.80168303380437,0 31.87586027161629,-24.80160432313324,0 31.87546464425124,-24.80145425258664,0 31.87512863603481,-24.80130275075036,0 31.87511140892931,-24.80129082818295,0 31.8748840903579,-24.80115324788239,0 31.87448977119126,-24.80091042109002,0 31.87446348202084,-24.80089090224185,0 31.87176387455099,-24.79912371355983,0 31.87151783819321,-24.79898638380553,0 31.87134055143668,-24.79890699269466,0 31.87118853729228,-24.79884133191175,0 31.87095209061117,-24.79876043772021,0 31.86980398050082,-24.79838188018587,0 31.86937364435115,-24.79826969702769,0 31.8691399653935,-24.79822811212116,0 31.86696907833223,-24.79788575220466,0 31.8666082671435,-24.7978541580422,0 31.86639159235245,-24.79787490264594,0 31.86620221827663,-24.79791028920104,0 31.86596593247202,-24.79795224551137,0 31.86574988904332,-24.79799523950029,0 31.86549790045643,-24.79800950822038,0 31.86522310695052,-24.79797698501654,0 31.8648324343304,-24.79791785526754,0 31.86457384883301,-24.7978378112244,0 31.86425365965523,-24.79767002331221,0 31.86258619580501,-24.79650090035241,0</coordinates></LineString>
</Placemark>
<Placemark>
  <name>H10 - Lower Sabie to Tshokwane</name>
  
  <styleUrl>#style_MAIN_ROADS</styleUrl>
  <Point><coordinates>31.91375172199299,-24.96175776183149,0</coordinates></Point>
</Placemark></Folder><Folder><name>H12 - Sand River Crossing</name><Placemark>
  <name>H12 - Sand River Crossing</name>
  
  <styleUrl>#style_MAIN_ROADS</styleUrl>
  <LineString><tessellate>1</tessellate><coordinates>31.71774677975397,-24.95663316273191,0 31.71563225420106,-24.95225023756853,0 31.71538213041691,-24.95156340732929,0 31.71520522380295,-24.95093959126394,0 31.71516308184842,-24.9504404488802,0 31.71521057851279,-24.94905369305202,0 31.71519498405888,-24.94869344162101,0 31.71514386346543,-24.94826610511036,0 31.7150970696415,-24.94794546059078,0 31.71500561972298,-24.94756813812375,0 31.71478565362263,-24.94712559074332,0 31.71438897701911,-24.94650586983068,0 31.71395204454794,-24.94600045455167,0 31.71336512788261,-24.94535875636974,0 31.71295908451426,-24.94490477334814,0 31.71244474243357,-24.94421978386039,0 31.71208514529671,-24.94364735294272,0 31.71178242733717,-24.94311761851512,0 31.71160698223842,-24.9427602007437,0 31.71137056885288,-24.94218648042718,0 31.71074072923619,-24.94087748594572,0 31.71025654757335,-24.93985152543552,0 31.70972925550368,-24.93904222686091,0 31.70892104335722,-24.93817437715268,0 31.70826367670187,-24.93764059053949,0 31.70786792425533,-24.93736835389705,0 31.70727534387277,-24.93704247859962,0 31.70644713123358,-24.93670303977914,0 31.70594728847424,-24.93656362973323,0 31.7052201179038,-24.93636085239558,0 31.70391675781196,-24.93607423800855,0 31.70314573539555,-24.93572198646653,0 31.7024814262411,-24.93535676783324,0 31.70201575951177,-24.93504939649981,0 31.70156196317661,-24.93468732628024,0 31.70074516782069,-24.93383599646696,0 31.70033904479866,-24.93327991934739,0 31.70001458685986,-24.93274627197565,0 31.69943800825468,-24.93176675657565,0 31.69922692083156,-24.93143123262617,0 31.69882569604183,-24.93077941389068,0</coordinates></LineString>
</Placemark>
<Placemark>
  <name>H12 - Sand River Crossing</name>
  
  <styleUrl>#style_MAIN_ROADS</styleUrl>
  <Point><coordinates>31.71040232881697,-24.93976387404803,0</coordinates></Point>
</Placemark></Folder><Folder><name>H2-1 - Voortrekker Road</name><Placemark>
  <name>H2-1 - Voortrekker Road</name>
  
  <styleUrl>#style_MAIN_ROADS</styleUrl>
  <Point><coordinates>31.26471597705409,-25.16157095201298,0</coordinates></Point>
</Placemark>
<Placemark>
  <name>H2-1 - Voortrekker Road</name>
  
  <styleUrl>#style_MAIN_ROADS</styleUrl>
  <LineString><tessellate>1</tessellate><coordinates>31.19841111751122,-25.15557923326544,0 31.20034720085691,-25.15595294374935,0 31.20092570669458,-25.15612853049466,0 31.2059051280321,-25.15806363461576,0 31.20628804483409,-25.15826865176546,0 31.20670523207548,-25.15849976219268,0 31.20717573327888,-25.15886092947871,0 31.21005498486979,-25.16112650791532,0 31.21037202532965,-25.16132672511061,0 31.2106845798229,-25.16150577373968,0 31.2112588669873,-25.16167358707321,0 31.21173910612664,-25.16175132619324,0 31.21225108089623,-25.16175236055838,0 31.21257486198311,-25.16169867970086,0 31.21622924426923,-25.16081467816083,0 31.2167788747232,-25.1606833038179,0 31.21718428334728,-25.16060851544574,0 31.21762773361147,-25.1605496255975,0 31.21806313927826,-25.1605487119828,0 31.22953043067378,-25.16162914333984,0 31.23008540094693,-25.16164819707491,0 31.23036086956502,-25.16163267004465,0 31.23108126933345,-25.16159051083588,0 31.23142459508198,-25.16155008846549,0 31.23240692806274,-25.1613479579914,0 31.2327092001776,-25.16127184333246,0 31.23307959767359,-25.16114054740021,0 31.23356255605348,-25.16097401575717,0 31.23396640057324,-25.1608076885015,0 31.24260208652763,-25.15635377937047,0 31.2459002968632,-25.15463535027365,0 31.2478401081467,-25.15365050517683,0 31.248034768194,-25.15356677144871,0 31.24824677121622,-25.15349719091692,0 31.24868243115154,-25.15338607701441,0 31.24888607258158,-25.15334768321344,0 31.24923151805495,-25.15331169151547,0 31.24953176977861,-25.15330202662555,0 31.24988322839782,-25.15331621901171,0 31.25581893285479,-25.15430260433547,0 31.25633474517593,-25.15440827004268,0 31.25667012156549,-25.15449694861534,0 31.25696576888367,-25.15459870422538,0 31.25751085672554,-25.15477943543226,0 31.25797782551805,-25.1549673019503,0 31.25824466020586,-25.15510501727056,0 31.25871737824707,-25.15532818868761,0 31.25908964756306,-25.15555157187333,0 31.25995028485949,-25.15616741924675,0 31.26024818577896,-25.15639849404373,0 31.26066197555247,-25.15680563420305,0 31.26168766482337,-25.15796346618925,0 31.26826280174036,-25.16584956973454,0 31.26840325650494,-25.16605690262857,0 31.26855781253047,-25.16638788693582,0 31.26856267369824,-25.16639230410321,0 31.26868337349406,-25.16668829455282,0 31.26868333391188,-25.16669713623521,0 31.26873168395051,-25.16692634766698,0 31.26873564982809,-25.16714317889106,0 31.2687377578706,-25.16779278227582,0 31.26874889690745,-25.16847975404731,0 31.26872979681986,-25.16915558021308,0</coordinates></LineString>
</Placemark></Folder><Folder><name>H2-2 - Voortrekker Road</name><Placemark>
  <name>H2-2 - Voortrekker Road</name>
  
  <styleUrl>#style_MAIN_ROADS</styleUrl>
  <Point><coordinates>31.40584413636218,-25.22539650386741,0</coordinates></Point>
</Placemark>
<Placemark>
  <name>H2-2 - Voortrekker Road</name>
  
  <styleUrl>#style_MAIN_ROADS</styleUrl>
  <LineString><tessellate>1</tessellate><coordinates>31.52886537857371,-25.29016043533807,0 31.52922543788624,-25.2904523266598,0 31.52928702298246,-25.29065157511879,0 31.52929130699381,-25.29094990981322,0 31.52934260012345,-25.29129898767541,0 31.52945178160257,-25.29159228479211,0 31.52968271913301,-25.29200822048778,0 31.53002881433378,-25.29238816209494,0 31.5303960522726,-25.29280838429146,0 31.53076817088778,-25.29340665001496,0 31.53105285172833,-25.29395836980489,0 31.53139591394244,-25.29454512307006,0 31.53155557384336,-25.29481928482443,0 31.5317159169964,-25.29501151227574,0 31.53529523619701,-25.29853316976597,0 31.53570154827105,-25.29884046202538,0 31.53597851478322,-25.29903864386028,0 31.53635409772213,-25.29920946041969,0 31.53676840012819,-25.29931700195027,0 31.53716336285509,-25.29932610515747,0 31.53759796185608,-25.29932652189293,0 31.53814022850273,-25.29929115478347,0 31.53868396792124,-25.29922946587601,0 31.53901048799991,-25.29914955897076,0 31.53934763255681,-25.29899874409835,0 31.53969361001577,-25.29885655466509,0 31.54019920262065,-25.29875930535323,0 31.54092503770936,-25.29864449365485,0 31.54150457640276,-25.29856489632769,0 31.54198556983216,-25.29854797346489,0 31.54257538356955,-25.29859446617605,0 31.5429563280718,-25.29861343538543,0 31.54344920061142,-25.29865084953958,0 31.54385247968829,-25.29869718229168,0 31.54427430984324,-25.29877068137279,0 31.5446800728622,-25.29885998097432,0 31.5450512267829,-25.29899850150979,0 31.54668290545775,-25.30005815661877,0 31.54733630158524,-25.30046411817052,0 31.54943401723066,-25.30167976305893,0 31.54977874882965,-25.30184648364235,0 31.55086353901017,-25.30230904680253,0 31.55167410037404,-25.3027560453631,0 31.55202114792774,-25.30302223275647,0 31.55302336106742,-25.30397370738029,0 31.55389656713149,-25.30496698654285,0 31.55509721449636,-25.30619244768048,0 31.55830873711085,-25.30891921757223,0 31.55948376730365,-25.3099095636757,0 31.55967804607109,-25.31010135351398,0 31.56170981980194,-25.31254920156179,0 31.5618803697342,-25.31272274080013,0 31.56221099069033,-25.31295069849273,0 31.56265187369106,-25.31324236431415,0 31.56318775779162,-25.31357401023116,0 31.56390184704065,-25.31388299544609,0 31.56428618659081,-25.31398307933473,0 31.56497862438668,-25.31408236407432,0 31.56540838561212,-25.31425762010697,0 31.56584056353841,-25.31451670406546,0 31.56701008525662,-25.31521450125921,0 31.56735000368758,-25.31547064475635,0 31.56767038670078,-25.31576164740853,0 31.56838759682295,-25.31661524247311,0 31.56865110733884,-25.31683596084013,0 31.56894197150241,-25.31706503056479,0 31.56969254603472,-25.31745198039569,0 31.57331852509872,-25.31972892010663,0 31.5738959890256,-25.32005077653328,0 31.57428940763637,-25.3202146567483,0 31.57477176728745,-25.32042334758062,0 31.5752960252456,-25.32065600857949,0 31.57570294437177,-25.32091286066045,0 31.57589597920741,-25.32105907759462,0 31.57611945770645,-25.32125947656028,0 31.57631225190957,-25.32149527726929,0 31.57660472621619,-25.32179331881928,0 31.57691569026562,-25.32200001704215,0 31.5783553440785,-25.32291461320973,0 31.57865633765171,-25.32314449705626,0 31.57890403390505,-25.32335141104763,0 31.57919046862422,-25.32364735245102,0 31.58039142133116,-25.32482470857578,0 31.58057851736299,-25.32507726237891,0 31.58077546882555,-25.32532142421055,0 31.58116334462215,-25.32569394038801,0 31.58139325020544,-25.32591246164024,0 31.58245648516673,-25.32753228138542,0 31.58263362056944,-25.32783755711705,0 31.5827532733999,-25.32827269429248,0 31.58291394030986,-25.32884947248142,0 31.58321543130167,-25.3295624633736,0 31.58342700377797,-25.32995685053988,0 31.58367841476646,-25.33035981360401,0 31.58393633199845,-25.33071267468091,0 31.58414887978432,-25.33098035975278,0 31.58442892387911,-25.33129845861432,0 31.58606380581616,-25.33253378074281,0</coordinates></LineString>
</Placemark>
<Placemark>
  <name>H2-2 - Voortrekker Road</name>
  
  <styleUrl>#style_MAIN_ROADS</styleUrl>
  <Point><coordinates>31.55907587203749,-25.30939994391385,0</coordinates></Point>
</Placemark>
<Placemark>
  <name>H2-2 - Voortrekker Road</name>
  
  <styleUrl>#style_MAIN_ROADS</styleUrl>
  <LineString><tessellate>1</tessellate><coordinates>31.26827316924637,-25.16585628727148,0 31.26889518755959,-25.16542365700381,0 31.26927613651527,-25.16523255797442,0 31.26984637070807,-25.1651640905914,0 31.27028713076207,-25.16523590005843,0 31.27077577864534,-25.16536923939137,0 31.27121649007851,-25.16560495400437,0 31.27279152356491,-25.16658351990282,0 31.27325405768707,-25.16676060415734,0 31.27414679343661,-25.16705962481105,0 31.27466582395891,-25.16721870907693,0 31.27508179520806,-25.16731655953944,0 31.27659713888425,-25.16776037549468,0 31.27690783726432,-25.167911431166,0 31.27716463840911,-25.16812687197886,0 31.27811211117817,-25.16941266662964,0 31.27839997106272,-25.16959303381379,0 31.2788368716426,-25.16978211350951,0 31.27933413642071,-25.16986613926655,0 31.27943152336673,-25.17037240302913,0 31.27950812842126,-25.17097623500671,0 31.27964180494411,-25.17131045429477,0 31.27974831381068,-25.17162102062442,0 31.27982830591717,-25.17204225113184,0 31.27995347707499,-25.17252735017352,0 31.28011588993182,-25.17293968568645,0 31.28040194560267,-25.17360572991844,0 31.2805370302883,-25.17396423954416,0 31.28070436216818,-25.17458777547687,0 31.28072508838656,-25.17502350459241,0 31.28063469081401,-25.17542700830278,0 31.28047297961988,-25.17585125327106,0 31.28011153891633,-25.17666575850636,0 31.2791877494074,-25.17888834673585,0 31.27889844292598,-25.17986013021106,0 31.27872241378712,-25.18044375636529,0 31.27857930923785,-25.18100324042269,0 31.2785376928423,-25.18170057105704,0 31.2785050303226,-25.18286159173901,0 31.27851484844897,-25.18319063381296,0 31.27871001125872,-25.18334585360014,0 31.27890649636688,-25.18359797433838,0 31.27917187043386,-25.18396731365305,0 31.27955398712395,-25.1844069970107,0 31.27995929418479,-25.18481435151655,0 31.28077252885911,-25.1855386225733,0 31.28165819356165,-25.18617888125896,0 31.28222389482769,-25.1866307771813,0 31.28301995322647,-25.18731138940079,0 31.28347998230802,-25.18773849084508,0 31.28403608998871,-25.18830369347183,0 31.28462780835594,-25.18893736457387,0 31.28531777532261,-25.18971607398652,0 31.28641439860444,-25.19102201997671,0 31.28753995242872,-25.19242244680271,0 31.28862700035403,-25.19384440236389,0 31.28948580465978,-25.19497517212199,0 31.29015838461839,-25.19569381273825,0 31.29035145427427,-25.19582925769573,0 31.29058158022359,-25.19593533466116,0 31.29078368769237,-25.19597530563406,0 31.2915099563099,-25.19614614857728,0 31.29197756718032,-25.1962908705242,0 31.29260147215756,-25.19646035303821,0 31.29493534302241,-25.19734285317321,0 31.29514218695116,-25.19745465578293,0 31.29523467255397,-25.19754188589954,0 31.29533285670422,-25.19765495702906,0 31.29678398763518,-25.19980926022312,0 31.29696473705867,-25.20003167827519,0 31.29728720840198,-25.20037371649311,0 31.29760509629173,-25.20071480371163,0 31.29790279995881,-25.20098359271976,0 31.29813799076692,-25.20119570907718,0 31.2985179980194,-25.2014789071152,0 31.29891229850317,-25.20170957596251,0 31.29936905100905,-25.20186652580603,0 31.29963678060821,-25.20192881580976,0 31.3001418747331,-25.2020271427384,0 31.30090860109014,-25.20220280760849,0 31.30131620202288,-25.20230970662665,0 31.30162019099547,-25.20240469258004,0 31.30201865964506,-25.20250613989005,0 31.30256946144997,-25.20268093364767,0 31.30293895541387,-25.20279980936178,0 31.30440405779471,-25.20332913062432,0 31.30533794190777,-25.20377490469246,0 31.30623793794802,-25.20420560317476,0 31.30696374791747,-25.20456709414731,0 31.30778804820132,-25.20490020702013,0 31.30842523440701,-25.20515698338404,0 31.31030024693233,-25.20585134330862,0 31.31121344196439,-25.2061367125709,0 31.31616878579204,-25.20753011737025,0 31.31644813280515,-25.20758315041387,0 31.31683189966378,-25.20765346694004,0 31.31706771874896,-25.2077240194117,0 31.31719775671063,-25.20780444228799,0 31.31734540514863,-25.20788504479231,0 31.31755786574071,-25.20794698062975,0 31.3177634229824,-25.20794798002461,0 31.31791151374923,-25.20792200284705,0 31.31813109819098,-25.20785546712418,0 31.31856388396048,-25.20758424663875,0 31.31887751092537,-25.20741528470204,0 31.31913608021588,-25.2073153812469,0 31.31951904231509,-25.20721903664796,0 31.31975067888362,-25.20717825143252,0 31.32004682053622,-25.20715583284579,0 31.32184860000774,-25.2070540704649,0 31.32235774924071,-25.20697628558049,0 31.32293838599783,-25.20683804627079,0 31.32346855005351,-25.20673075220317,0 31.32391498388946,-25.20666882927129,0 31.32432502631814,-25.20667761068666,0 31.32518541847999,-25.20669353231161,0 31.32569174309367,-25.20665308931404,0 31.32675908470094,-25.20660702229276,0 31.32755317425266,-25.20659883080533,0 31.3287802364089,-25.20652629981827,0 31.32998672714979,-25.20644515058756,0 31.33158720429293,-25.20631720661888,0 31.33192302684364,-25.20631301224252,0 31.33220207708925,-25.20632445968833,0 31.33243945430914,-25.20633643983584,0 31.3328428848821,-25.20637862387101,0 31.33306709416875,-25.20641389313043,0 31.33336083797417,-25.20647139434958,0 31.3336422840263,-25.20656508068738,0 31.33546054043136,-25.20721110829695,0 31.33565962718434,-25.20730096155684,0 31.33589563987253,-25.20743727065874,0 31.33607974544304,-25.20755280551599,0 31.33633736368402,-25.20772036573679,0 31.33655371671262,-25.20783239964693,0 31.33672606634238,-25.20791973683673,0 31.33697781125918,-25.20801600879664,0 31.33715924422748,-25.20805088283987,0 31.33735020696291,-25.20805173975742,0 31.33750994227584,-25.20804989146873,0 31.3376318205287,-25.2080362642666,0 31.3377530442233,-25.2080226683719,0 31.33791225668781,-25.2079978682673,0 31.33817202471416,-25.20795169138462,0 31.33834904972431,-25.20791893404248,0 31.33853820726574,-25.20787718825746,0 31.33886436385745,-25.20776492739291,0 31.33904170604347,-25.20770237827304,0 31.33917565227736,-25.20766154044481,0 31.3393899534317,-25.20760475053766,0 31.33961691822004,-25.20759949719491,0 31.33985008167429,-25.20760629885272,0 31.34011497883719,-25.20766545384173,0 31.34387079007103,-25.20849857974112,0 31.34406780056833,-25.20852315667752,0 31.34430253192488,-25.2085352879315,0 31.34453211144499,-25.20851097466742,0 31.34475305447854,-25.20845288887243,0 31.34496086762545,-25.20840687395815,0 31.34520265406096,-25.20834757573244,0 31.34551778410323,-25.20827430875962,0 31.34572496724233,-25.2082493772217,0 31.34599097707415,-25.20823890511436,0 31.3462151124394,-25.20827277846072,0 31.34641373364004,-25.20833875183287,0 31.34670967896152,-25.20843827291312,0 31.34699090164622,-25.20853262412518,0 31.34725402636073,-25.20859674966074,0 31.34816169065348,-25.20871564212994,0 31.34864906090641,-25.20880960847998,0 31.34904629144542,-25.20889415123085,0 31.34933314484437,-25.20898064662334,0 31.34958487227095,-25.20907064061758,0 31.35113795002456,-25.20969551049983,0 31.35155337834608,-25.20990891016257,0 31.35186957526035,-25.21008302849717,0 31.35212297560877,-25.21022624467884,0 31.35245346374057,-25.21042801326039,0 31.35279302046225,-25.21058993443855,0 31.3530694465892,-25.21073031599154,0 31.35343362086136,-25.21083824759531,0 31.35371381180563,-25.21089140481213,0 31.35393788066426,-25.21092814315476,0 31.35426645982557,-25.21096350610015,0 31.35453063341378,-25.21098267653365,0 31.35478028903022,-25.21096973921233,0 31.35498676674257,-25.21089773161961,0 31.35510063733069,-25.21082896837656,0 31.35631174124806,-25.21011015395977,0 31.35641708898363,-25.21006118168686,0 31.35661030860128,-25.20997619760857,0 31.35697675960406,-25.20982612961438,0 31.35865527761357,-25.20914394000618,0 31.35885734453652,-25.20907012109501,0 31.35903180138357,-25.20902872341506,0 31.3592794150047,-25.20897291826983,0 31.35950778571466,-25.20892369655748,0 31.35966671423497,-25.20888139400865,0 31.35992403267579,-25.20880834166773,0 31.3601026015808,-25.20873724867962,0 31.36026038953043,-25.20866578675457,0 31.36041782648264,-25.20858219895968,0 31.36050999113024,-25.2085211589717,0 31.36238885691479,-25.20720418703722,0 31.36254841480077,-25.20713248786208,0 31.36268128357084,-25.20709121000459,0 31.36285350447748,-25.20704934762875,0 31.3630189240381,-25.20702074018032,0 31.36321004366713,-25.20699174648593,0 31.36340980447393,-25.20698865521468,0 31.3636811464143,-25.20700108629595,0 31.36389547475683,-25.20704113808972,0 31.36416231703049,-25.20711055893395,0 31.36437336131121,-25.20718723211424,0 31.36458915945004,-25.20727399148817,0 31.36479595198572,-25.20739146218671,0 31.36500333389155,-25.2075257749922,0 31.36514882166931,-25.20763740302633,0 31.36530009739194,-25.20777553953504,0 31.36544109617197,-25.20787763420231,0 31.36565563535669,-25.20801111028466,0 31.36582155853009,-25.20809307150545,0 31.3659993680945,-25.20815172768485,0 31.3661888633815,-25.2081969906752,0 31.36641495615145,-25.20823526065481,0 31.36661185536922,-25.2082637858895,0 31.36679497384756,-25.20832295863277,0 31.36698270272732,-25.20841265349317,0 31.36834550415701,-25.20914511499638,0 31.36948313256017,-25.20966116636695,0 31.37054373632496,-25.21023637645047,0 31.37162709722655,-25.21078294457076,0 31.37287485245869,-25.21143333699965,0 31.37363437128382,-25.21181923475225,0 31.373873318568,-25.21192150437813,0 31.37405004747557,-25.21198080449467,0 31.374279891925,-25.21204641936892,0 31.37458573710087,-25.21210437808631,0 31.37481195036089,-25.21211218728478,0 31.37503562586272,-25.21211986167281,0 31.37524005994857,-25.21213098416169,0 31.37546983261482,-25.21217526460131,0 31.37570070185739,-25.21225388893124,0 31.37601835037455,-25.21243160077203,0 31.37656425517908,-25.21276807292559,0 31.37721318933978,-25.21317171865938,0 31.3774943550951,-25.21331962524819,0 31.37764784971517,-25.21338705017214,0 31.37780462774625,-25.21349347966465,0 31.37799307099154,-25.21361263584413,0 31.3782232912246,-25.21378048591105,0 31.37957864911898,-25.21468742582696,0 31.37980198830344,-25.21483918229077,0 31.38001229716727,-25.21500012360637,0 31.38045318114419,-25.21544981135556,0 31.3807487600479,-25.21576018253475,0 31.38109498549526,-25.21610295954646,0 31.38139729563556,-25.21638130014219,0 31.38160893556188,-25.21654637215005,0 31.38175408356432,-25.21664682149813,0 31.38201968408268,-25.21678166929501,0 31.38230640699529,-25.21690676114176,0 31.38257913695243,-25.21701604678527,0 31.38340416428007,-25.21728291986267,0 31.38388985432307,-25.21739916804153,0 31.38422041151369,-25.21742190275465,0 31.38512936448262,-25.21752536020768,0 31.38580150393272,-25.21766776107527,0 31.38617701498967,-25.21774883351781,0 31.38656430712021,-25.21786256289708,0 31.38693282077606,-25.21797997434878,0 31.38721187252471,-25.21807073197203,0 31.38769260809756,-25.21824147498312,0 31.38799296144268,-25.21834699795059,0 31.3883086527916,-25.21844916396265,0 31.38868547540715,-25.21857933431645,0 31.38903212705749,-25.21870513189436,0 31.38935382823341,-25.21881303555312,0 31.38976880903591,-25.21895303472978,0 31.39035188922762,-25.21913742268598,0 31.3907562353884,-25.21924980176724,0 31.39147547424419,-25.21942985538539,0 31.39200583762287,-25.21951427388582,0 31.39249369936225,-25.21958599907721,0 31.3947625626506,-25.21977544226391,0 31.39505590876681,-25.2198254328842,0 31.39529556964866,-25.21989108923478,0 31.39552735926714,-25.21996423698149,0 31.39575059632735,-25.22006006879607,0 31.39596161035699,-25.22016675273092,0 31.39628293785671,-25.22037182826912,0 31.39675488804534,-25.22065113826957,0 31.39746547892602,-25.22110648542307,0 31.39807658153181,-25.22157470722837,0 31.39833314366963,-25.22178617159987,0 31.3985811391974,-25.22201216733474,0 31.39890468038431,-25.22235618599537,0 31.39996820996804,-25.22349419679176,0 31.40041591352789,-25.22393781865037,0 31.40067565664095,-25.22416878778089,0 31.40108933702508,-25.22445414899924,0 31.40126968352329,-25.22459022854716,0 31.40142246104756,-25.22472887133942,0 31.4016269586208,-25.22489119531801,0 31.4017864225268,-25.22499441027473,0 31.40200143067994,-25.22505318448786,0 31.40216643728707,-25.22508014410099,0 31.40241969884786,-25.22510212638274,0 31.40272920118354,-25.22514079403869,0 31.40305782314666,-25.22517574715837,0 31.40336071547069,-25.2252208369527,0 31.40364437433308,-25.22526995230707,0 31.40412077281914,-25.22533827576742,0 31.40434838109803,-25.22537197134687,0 31.40464007488497,-25.22539405690244,0 31.40508568560156,-25.22541294450952,0 31.40534247651465,-25.22541229905817,0 31.40565152462871,-25.22540386691782,0 31.40599494070241,-25.22539838089891,0 31.40633822502553,-25.22538253703263,0 31.40658374812623,-25.22537149171597,0 31.40688278121114,-25.22534630635427,0 31.40710112410291,-25.22532930644874,0 31.40743970726782,-25.22530718420605,0 31.40772725626021,-25.2252926869346,0 31.40808613650693,-25.22527086613869,0 31.40857617186732,-25.22523425422114,0 31.40902922917755,-25.22521547063405,0 31.40964812642007,-25.22521084612896,0 31.41019205339102,-25.22520554707878,0 31.41056584846354,-25.2252439905716,0 31.41103922180183,-25.22533550515774,0 31.41134250109765,-25.22543057962182,0 31.41174222358396,-25.22559240229326,0 31.41213878207738,-25.22576437433346,0 31.41270671946109,-25.22606256243099,0 31.41358703467311,-25.22638091038487,0 31.41398380828326,-25.22657492205549,0 31.4144365581365,-25.22684569110399,0 31.4147872244201,-25.22705466839726,0 31.41515298473471,-25.22725303918397,0 31.41549809635435,-25.22741156081859,0 31.41595970271687,-25.22757505895349,0 31.41664492408376,-25.22785981822318,0 31.41698658552126,-25.228003047317,0 31.41780634503954,-25.22834713405799,0 31.41834390805085,-25.22854151266765,0 31.4212585056655,-25.22993570138989,0 31.42157275559923,-25.23011682294838,0 31.4220413457044,-25.23039278718577,0 31.42247887597359,-25.23068841737126,0 31.42281893926248,-25.23097128071318,0 31.42303510138652,-25.23116755616726,0 31.42325323385731,-25.23137067785516,0 31.42343311665892,-25.23156263114567,0 31.42412238703865,-25.23241798068824,0 31.42419928547889,-25.23248244359456,0 31.42432373769852,-25.23251840268078,0 31.42458793430058,-25.23257491128839,0 31.42481780862143,-25.23257590052794,0 31.42512974317699,-25.23255408853072,0 31.42537816643226,-25.2325231468895,0 31.42559601317682,-25.23251398129338,0 31.42582746972592,-25.23252960323218,0 31.42606531740191,-25.23255448529137,0 31.42627808945244,-25.23258239554927,0 31.42910843980987,-25.23299897395755,0 31.42940623680102,-25.23307058533982,0 31.42972526892386,-25.23315572891151,0 31.42996482618361,-25.23324966085312,0 31.43018025566632,-25.23333188246457,0 31.43037998842326,-25.23343939746977,0 31.43059073850968,-25.23357992042223,0 31.4307973223119,-25.23375921021674,0 31.43103648365237,-25.23398323756859,0 31.43121437000155,-25.23415844398333,0 31.43136907559109,-25.2343286917393,0 31.431593361966,-25.23462098401218,0 31.43170728384862,-25.23481352139351,0 31.43179248902842,-25.23505077009729,0 31.4318403120019,-25.2353015786028,0 31.43186320658896,-25.23549583824758,0 31.43192297050112,-25.23566130487996,0 31.43204491869473,-25.23586402578598,0 31.43223036438895,-25.23607278015552,0 31.43241163508773,-25.23620847093612,0 31.43262442184957,-25.23638131315051,0 31.43288105146517,-25.23655091526048,0 31.43315872117827,-25.23672657175208,0 31.43345969732503,-25.2369202022475,0 31.43369194279669,-25.23707617513366,0 31.43400567672465,-25.23725580912914,0 31.43535652891567,-25.23791286825604,0 31.43551946285453,-25.23800375208678,0 31.43568950212789,-25.23813444728468,0 31.43590231067896,-25.23830099520692,0 31.43608382832699,-25.23845668234429,0 31.43629883255635,-25.23862888060563,0 31.43647444709273,-25.23880276398396,0 31.43661268363024,-25.23897343110693,0 31.43680506841506,-25.23918386591357,0 31.43699216728098,-25.23939273494754,0 31.43713412421327,-25.23952140102957,0 31.43735885150814,-25.23969067915536,0 31.43755216368091,-25.23985320423364,0 31.43775226709437,-25.23999632465436,0 31.43790311423841,-25.24013658224532,0 31.43805524557889,-25.24029939201483,0 31.43867671987268,-25.24097329295093,0 31.44025735074371,-25.24241578195756,0 31.44052902473192,-25.24260868370909,0 31.44078279080221,-25.24276614816461,0 31.4419730104136,-25.24336131366471,0 31.44212601028935,-25.24344842445654,0 31.44226518666875,-25.2435563812092,0 31.44237105054674,-25.24364776869986,0 31.44249283169276,-25.24375248575239,0 31.44264305619294,-25.2438840619321,0 31.44273885074801,-25.24398548081543,0 31.4428814486674,-25.24412728736868,0 31.442996731159,-25.24425554602652,0 31.44309654196048,-25.24436681348087,0 31.44363084767419,-25.24495923364548,0 31.4438775390744,-25.24528685680619,0 31.44405837081392,-25.2454703090856,0 31.44415551288947,-25.24554440452418,0 31.44432829908904,-25.24564243498205,0 31.44471494126048,-25.24581521969514,0 31.44485992850121,-25.2458504022399,0 31.44505199626686,-25.24582448456045,0 31.44524964576925,-25.24578515219325,0 31.44547017519664,-25.24570139877234,0 31.44665380180947,-25.24510958337744,0 31.44678269124707,-25.24506680763444,0 31.44679025790089,-25.24506327617114,0 31.44695747488187,-25.24503043220548,0 31.44717078373318,-25.24503834754085,0 31.44732810859162,-25.24505034865745,0 31.44878959680521,-25.24515854079359,0 31.44905789034379,-25.245159054311,0 31.44937540653293,-25.24516260672398,0 31.44962942303161,-25.24518076453837,0 31.45014557489322,-25.2452205000493,0 31.45118359292433,-25.24527836906977,0 31.45178866667799,-25.24533009618524,0 31.45224118858761,-25.24537664359332,0 31.4525532266449,-25.24541069106161,0 31.45298205744086,-25.24547689641491,0 31.45329658040771,-25.24553088022748,0 31.45363065836473,-25.24559814448602,0 31.45389573504126,-25.24570633053902,0 31.45415909497328,-25.24586096012667,0 31.45433065334235,-25.24599575612685,0 31.45462513571698,-25.24619779419635,0 31.45486774593685,-25.24633620685985,0 31.45507288492481,-25.24645070316183,0 31.45530000283851,-25.24658158786965,0 31.45556375871367,-25.24673572855954,0 31.45842636731791,-25.24816998725296,0 31.45988001444713,-25.2488485296142,0 31.46217651031452,-25.25003859033254,0 31.46250832661972,-25.25021131417663,0 31.46275503268026,-25.2503534147148,0 31.46298261117067,-25.25052666432616,0 31.46318530379977,-25.25068431329605,0 31.46337333106887,-25.25085754368737,0 31.46349112012264,-25.25100886329831,0 31.46362101749096,-25.25121577663042,0 31.46372100522393,-25.25141171496122,0 31.4637249472734,-25.25141901213856,0 31.46380799348708,-25.2516205144341,0 31.46394890727368,-25.25198317880806,0 31.4640955579592,-25.25218817801069,0 31.4642441668637,-25.25240369296209,0 31.46447697433188,-25.25258992810678,0 31.46474183365098,-25.25277979879889,0 31.46502364210537,-25.25297289000741,0 31.46527986606686,-25.25311037461734,0 31.46557120996089,-25.25318032216134,0 31.46603136808138,-25.25321882401365,0 31.46641190841816,-25.25321013786678,0 31.46677643701567,-25.25320375526092,0 31.46721142484648,-25.2532189095293,0 31.46851991412505,-25.25324994230618,0 31.46880430396795,-25.25328799485039,0 31.4692877024547,-25.25341039924094,0 31.46960542204059,-25.25348181461708,0 31.4716014359723,-25.2539307349594,0 31.4719319157343,-25.25402046175082,0 31.47218959597203,-25.25410751239781,0 31.47245093823734,-25.25419602068888,0 31.47273415355635,-25.25430992849433,0 31.47300147007421,-25.25443985638069,0 31.47344053368265,-25.25462700382137,0 31.47399395511109,-25.25491574408827,0 31.47416127796472,-25.25501186031278,0 31.47428441259913,-25.25514606177662,0 31.4744533779041,-25.25528328389595,0 31.47457186896534,-25.25538688363195,0 31.47468906076453,-25.25546853827818,0 31.47482645282723,-25.25550510454216,0 31.47508288860205,-25.25559094658905,0 31.47540161230897,-25.25566224190986,0 31.47564380428145,-25.25570032915505,0 31.47590194037655,-25.25574710495321,0 31.47760452433087,-25.25603027339663,0 31.47812198680394,-25.25606599302965,0 31.478329300666,-25.25608590159347,0 31.47899271802493,-25.25610120572152,0 31.47967157078175,-25.25611252638713,0 31.48010554203145,-25.25612952940521,0 31.48089824636918,-25.25616014733224,0 31.48224513225249,-25.25618498107152,0 31.48347728562316,-25.25618970036324,0 31.48368700776264,-25.25618730010045,0 31.48390040367779,-25.25617767312373,0 31.48412868711187,-25.25616791612589,0 31.48436755752168,-25.2561724049187,0 31.48513393149489,-25.25619937427918,0 31.48545576462107,-25.2562311339176,0 31.48569401073943,-25.25626712222624,0 31.48597014182799,-25.25630239068046,0 31.48626373245415,-25.25634430587966,0 31.48648344365712,-25.2563905835207,0 31.48670267132632,-25.25644001087449,0 31.4869603880834,-25.25650970611704,0 31.48715483549866,-25.25655599761944,0 31.4873713511355,-25.25663430136385,0 31.48784942341733,-25.25678137512099,0 31.48817404470522,-25.256863811906,0 31.48855706860502,-25.25696668985263,0 31.48881788025515,-25.25704315906415,0 31.48915394068136,-25.25715273784789,0 31.48942453429755,-25.25725606866882,0 31.48968184454094,-25.25736031315552,0 31.49005433073625,-25.25752051085392,0 31.4903915803138,-25.2576342471076,0 31.49072794922198,-25.25773400764034,0 31.49098926707242,-25.25781716562137,0 31.49132652217729,-25.25791546431785,0 31.49161721276143,-25.25799473916923,0 31.4919112742567,-25.25811898183573,0 31.49220646597901,-25.25823362962641,0 31.49252074079736,-25.25837611466395,0 31.49275545152821,-25.2585020585343,0 31.49295550971824,-25.25863270653946,0 31.4933034685034,-25.25887458910208,0 31.49359378456266,-25.25913186367811,0 31.4939064274487,-25.25942128772686,0 31.49429962190538,-25.25972982692865,0 31.49461681813742,-25.25997981601572,0 31.49489146892394,-25.26015255561156,0 31.49525636545288,-25.26031538614707,0 31.49560685168606,-25.2604700173246,0 31.49597584614697,-25.26060130789193,0 31.4964451002919,-25.26078796524116,0 31.4967462443424,-25.26094294944488,0 31.49696941447446,-25.26105857927054,0 31.497210034331,-25.26122130511327,0 31.49741565120716,-25.26133933901474,0 31.49779200343452,-25.2615254355167,0 31.49808468319991,-25.26165772165776,0 31.49825974227392,-25.2617351384265,0 31.4996080701365,-25.26220199262825,0 31.5000809728963,-25.26232459074623,0 31.50041903744116,-25.26235903240044,0 31.5008423533456,-25.26235408767597,0 31.5011333936756,-25.26233745681631,0 31.50157636883731,-25.26229978793892,0 31.50184841360694,-25.26226261948548,0 31.50218450646149,-25.26219588230488,0 31.50262362667912,-25.26211174988172,0 31.50299994881627,-25.26202822139817,0 31.50324109353033,-25.2619738399152,0 31.50356029719677,-25.26190248979517,0 31.50402615818071,-25.26183372223554,0 31.50425001782162,-25.26183106471117,0 31.50452083825116,-25.26187887646238,0 31.50476930572858,-25.2619460608666,0 31.505091952991,-25.26212049749931,0 31.5053241958814,-25.26224836945998,0 31.50560392160836,-25.26242016197146,0 31.50610634333351,-25.26276708421226,0 31.5064767616549,-25.26303161129075,0 31.50696286776395,-25.2633598132162,0 31.50728137173145,-25.26352732683675,0 31.50772411738535,-25.26373972213062,0 31.5080044618169,-25.26385626628839,0 31.50837175984859,-25.26402861647988,0 31.5088551732685,-25.26431052519667,0 31.50912527127074,-25.2644650369983,0 31.50942608402677,-25.26473587184194,0 31.50961929724126,-25.26497098617977,0 31.50973465618092,-25.26522130628943,0 31.50989747701001,-25.2658866127557,0 31.51040395301073,-25.26788460523407,0 31.51053099554754,-25.26805926270605,0 31.51067498516266,-25.26823730334457,0 31.5110872697232,-25.26855965076081,0 31.51152937680359,-25.26886126458157,0 31.51262674671663,-25.2695574345087,0 31.51291269918,-25.269733445198,0 31.51323567764084,-25.26996287978542,0 31.51350115215695,-25.270181608277,0 31.51377348952325,-25.27043477934667,0 31.51410104370459,-25.27080571605826,0 31.51434125130308,-25.27114723081938,0 31.5146015562627,-25.27155105575607,0 31.51477577914227,-25.27175985593885,0 31.51506328843326,-25.27210338287396,0 31.51528720397255,-25.2723337367513,0 31.51570545990264,-25.27278746747875,0 31.51597164845062,-25.27306486614144,0 31.51641495503665,-25.27355379761448,0 31.51673096770128,-25.2739153785791,0 31.51692394989237,-25.27415746098947,0 31.51707505038523,-25.27447102142919,0 31.51732839105869,-25.27509929484422,0 31.5174509543533,-25.27533176883463,0 31.51758004461852,-25.27550170324961,0 31.51786738334982,-25.2757299355336,0 31.51894783467454,-25.27646165021309,0 31.52006272093438,-25.2771034968323,0 31.52078180313643,-25.27751316281499,0 31.52114106030786,-25.27764787565438,0 31.52138580516128,-25.27771939268925,0 31.52160664287322,-25.2777412403972,0 31.52246821073008,-25.27775956123388,0 31.52306088117436,-25.27778698157856,0 31.52336954000981,-25.27782636569575,0 31.52361944974606,-25.27790683025003,0 31.52379973767932,-25.27805033566345,0 31.52392391822724,-25.27823362848288,0 31.52402450810072,-25.2784133186249,0 31.52415016667288,-25.2786556790663,0 31.5243368379917,-25.27901840746292,0 31.52449585770648,-25.27930741306028,0 31.52465404701351,-25.27955366353147,0 31.52487039448022,-25.27983070381018,0 31.5250192386004,-25.27995907808709,0 31.52523336521187,-25.28009894420915,0 31.52542679891224,-25.28026716420288,0 31.52565221211683,-25.2804712794131,0 31.5262126304533,-25.28098523932148,0 31.5269875029644,-25.28166522173483,0 31.5279306173137,-25.28248079623352,0 31.52831129965265,-25.28283538747909,0 31.528630077683,-25.28311545289312,0 31.52891919059903,-25.28333959087818,0 31.52914304794579,-25.28349184385064,0 31.52931662223045,-25.28363177463016,0 31.52959488188773,-25.28387551763268,0 31.52977682454355,-25.28403516176158,0 31.52989888882823,-25.28419209000773,0 31.53006834635594,-25.28439962003759,0 31.53025334782003,-25.28464545582897,0 31.53045247466272,-25.28488756807558,0 31.53060664859444,-25.28499557555544,0 31.53079220022494,-25.28507866057564,0 31.53095899911788,-25.28513796586886,0 31.53129258830462,-25.28521549341026,0 31.5314859668914,-25.28525486226208,0</coordinates></LineString>
</Placemark></Folder><Folder><name>H4-1 - Skukuza to Lower Sabie</name><Placemark>
  <name>H4-1 - Skukuza to Lower Sabie</name>
  
  <styleUrl>#style_MAIN_ROADS</styleUrl>
  <Point><coordinates>31.78639264995711,-25.02296583072574,0</coordinates></Point>
</Placemark>
<Placemark>
  <name>H4-1 - Skukuza to Lower Sabie</name>
  
  <styleUrl>#style_MAIN_ROADS</styleUrl>
  <LineString><tessellate>1</tessellate><coordinates>31.61018773126634,-24.99177264965792,0 31.61250770649549,-24.99104456954672,0 31.61284898363488,-24.99095740658342,0 31.61322091095965,-24.99092028234538,0 31.61362352519734,-24.99091697722324,0 31.61588031115058,-24.99116744312535,0 31.61628084463202,-24.99115118682704,0 31.61661465265868,-24.991059384626,0 31.61703133734346,-24.99086593710666,0 31.61732006817486,-24.99063599138928,0 31.61867843143206,-24.98937645708326,0 31.61905208890304,-24.98902882371872,0 31.6194739557415,-24.98872136628058,0 31.61997702473001,-24.98840085157859,0 31.62315464614514,-24.98670735014075,0 31.62540500508762,-24.98550581629664,0 31.62600860144997,-24.98521114523098,0 31.62642064101905,-24.98504184145845,0 31.62723941194155,-24.98481867447786,0 31.62789816211378,-24.98467355381136,0 31.63019611589167,-24.98414636016424,0 31.6312106563833,-24.98384178270319,0 31.63362893425238,-24.98296172479827,0 31.63411423570728,-24.98282201452943,0 31.63482544000312,-24.98262667021791,0 31.63575890727212,-24.982385590056,0 31.63713158998007,-24.9820189135937,0 31.63739175563928,-24.98191146481389,0 31.63809968372852,-24.98156921009786,0 31.63874884556817,-24.98123413303623,0 31.63949875003069,-24.98083568812696,0 31.64041238301916,-24.98037618119544,0 31.64082287935836,-24.98023919750557,0 31.64119608113948,-24.98017472858845,0 31.64158108515033,-24.98017283054279,0 31.64245797744306,-24.98020071827698,0 31.64291359420874,-24.98014344544126,0 31.64344237774195,-24.9800326503054,0 31.64625220923055,-24.97935413241189,0 31.64679920532932,-24.97924063854948,0 31.64744360658803,-24.97913123842125,0 31.64823902433206,-24.97898314588124,0 31.64856082697426,-24.97889543045319,0 31.6489637822807,-24.97874887732115,0 31.65023849070346,-24.97824997316461,0 31.65052074796298,-24.97816771848988,0 31.65086305998327,-24.97808051716235,0 31.65251638410382,-24.97764497199385,0 31.65315369681195,-24.97747907428272,0 31.65361930979654,-24.97736367064388,0 31.65400880281735,-24.97727530877719,0 31.65449716627079,-24.9771783651569,0 31.65491516950538,-24.97709581476369,0 31.65557364196745,-24.97698403782212,0 31.65618499110644,-24.97684590268104,0 31.65678567439695,-24.97662318349953,0 31.65722076163787,-24.97640942226333,0 31.65773218830706,-24.9761541635311,0 31.65840150197569,-24.97581305143088,0 31.65895770023244,-24.9755293723965,0 31.65943723176868,-24.97528882513107,0 31.65978984930056,-24.9751680737308,0 31.66005142528445,-24.97510919494942,0 31.66035472402395,-24.97508018046186,0 31.6606812404388,-24.97508842391217,0 31.66099807430152,-24.9751362801851,0 31.66129853166921,-24.97522100226329,0 31.66157652036845,-24.97531998750192,0 31.66201760401813,-24.97552492805011,0 31.66301500576378,-24.97599187131179,0 31.66339501152774,-24.97612459568291,0 31.66376843263578,-24.9762119595725,0 31.6640975936619,-24.97625521361811,0 31.6675036003985,-24.97652390435978,0 31.66778636589133,-24.97650212700959,0 31.66800130564966,-24.97640746426984,0 31.66819281521327,-24.97626913423953,0 31.66833450284829,-24.97609452104372,0 31.6684346378777,-24.97586041885139,0 31.66946959090258,-24.97241324583063,0 31.66962421279081,-24.97212992702378,0 31.66989285615145,-24.97182439267075,0 31.67015640017933,-24.97163909235554,0 31.67226894241973,-24.97059587759847,0 31.67264872317458,-24.9703424442199,0 31.67298121592845,-24.97003098493781,0 31.67338945610097,-24.96949748410481,0 31.67369157001241,-24.96908044924209,0 31.67394787086062,-24.96885001838155,0 31.67425787062268,-24.9686578743508,0 31.67477236362099,-24.96848244410847,0 31.67717000890003,-24.96781474755245,0 31.67760627677405,-24.96762274786125,0 31.67794899013534,-24.96737466692581,0 31.67862553458089,-24.96654652269085,0 31.67902075304784,-24.96615595695257,0 31.6793227210843,-24.96598168992456,0 31.67969814347671,-24.96585670478825,0 31.67995046830674,-24.9658252450986,0 31.68028787580283,-24.96581466573975,0 31.68051140561159,-24.96583928128285,0 31.68405662896767,-24.96648506915285,0 31.68441552616066,-24.9665060200816,0 31.68497463848333,-24.96646387617449,0 31.68553150739885,-24.96630860455536,0 31.6861177218954,-24.96611161340494,0 31.68738609122385,-24.96568504740537,0 31.68776726101987,-24.96558598056863,0 31.68821308637404,-24.96549142138914,0 31.68877053458292,-24.96539284086974,0 31.68998681772418,-24.96521158169576,0 31.69334684724112,-24.96492880049848,0 31.69545352497668,-24.96477099429357,0 31.69580331444481,-24.9647811793645,0 31.69623652016745,-24.9648475084818,0 31.69658290778088,-24.96495108689411,0 31.69688501312318,-24.96507443956552,0 31.69792266019962,-24.96558794053728,0 31.69959351456551,-24.96640474118378,0 31.69985450500413,-24.96651885921731,0 31.70010653175412,-24.96656825288789,0 31.70036457289439,-24.9665451196659,0 31.70057036681941,-24.96646782587526,0 31.70077650991019,-24.96633479495027,0 31.70137155182809,-24.9654446752125,0 31.70150724362907,-24.96529758255219,0 31.70173607430311,-24.96516934371061,0 31.70196445306,-24.96509647020388,0 31.70221003245274,-24.96506899823386,0 31.70248767560097,-24.96506999081955,0 31.70305123255192,-24.96507740475889,0 31.7032997693332,-24.96506752111499,0 31.70365094880352,-24.96501137730755,0 31.70397554481343,-24.96493635499066,0 31.70426581724862,-24.96482791176457,0 31.70706791588758,-24.96367785539202,0 31.7074323158282,-24.96350267440636,0 31.70775487558447,-24.96333948868347,0 31.70820870473575,-24.9630801738653,0 31.70978517971193,-24.96199487115301,0 31.71048131444589,-24.96161588075884,0 31.71098327907275,-24.96137048044603,0 31.71165073392632,-24.96104467752284,0 31.7124366567425,-24.96067190463119,0 31.71405304162338,-24.95988875825793,0 31.71435789533935,-24.95968112237522,0 31.71482426557163,-24.95920379239427,0 31.7152104872057,-24.95867856060367,0 31.71549805783733,-24.95824582580999,0 31.71593396425473,-24.95776611547734,0 31.71635233664855,-24.95737905583276,0 31.71674563124227,-24.95710191856368,0 31.71717871654717,-24.95683591634501,0 31.71771719963921,-24.95657118957727,0 31.71819286755405,-24.95640826540331,0 31.71896433426872,-24.95614084442659,0 31.71966351041641,-24.95592436915677,0 31.72029749640376,-24.95576301182032,0 31.7209501420569,-24.95563133305532,0 31.72156161204589,-24.95559239675414,0 31.72198965426554,-24.95561655958512,0 31.72243342675515,-24.95571301764078,0 31.72485535711078,-24.95629426629778,0 31.72520044018415,-24.95643699821554,0 31.72556948444986,-24.95663105582188,0 31.72592036881748,-24.95689840652557,0 31.72623000090916,-24.95711700173574,0 31.72671726401116,-24.95747767962925,0 31.72702465022987,-24.9576584843591,0 31.7274823683541,-24.95788206696848,0 31.72911014040391,-24.95869191841257,0 31.72937050234152,-24.95883781343804,0 31.72952446432752,-24.95897747357966,0 31.73016088963477,-24.95967433280254,0 31.73037425884537,-24.95984065553771,0 31.73073079879168,-24.96000717827353,0 31.73117513396963,-24.96011496771856,0 31.73144980678256,-24.96019233358554,0 31.73177573717786,-24.96035078120746,0 31.73277940819218,-24.96099305314267,0 31.73330266173897,-24.96127695220971,0 31.73410941834577,-24.96162917624183,0 31.73571219060752,-24.96235080720081,0 31.73608606539269,-24.96253018844612,0 31.73666862745924,-24.96285010730056,0 31.73714574902737,-24.96314712507348,0 31.73813292858717,-24.96376017866433,0 31.73841185238369,-24.96389278591253,0 31.73870197073725,-24.96401251091257,0 31.73918915190831,-24.96415383392712,0 31.73959518634371,-24.96423549558305,0 31.7399699751687,-24.96430656932385,0 31.74083618683322,-24.96446758967949,0 31.74123622925099,-24.964576824881,0 31.74387928788354,-24.96541777938409,0 31.74420152444512,-24.96550480478866,0 31.74448661889657,-24.96553559874905,0 31.74509559588313,-24.96558860150465,0 31.74552279123516,-24.96565769208216,0 31.74601156982502,-24.96584775996765,0 31.74650887972718,-24.96612533772192,0 31.74703092272049,-24.96643596506483,0 31.74733746453736,-24.96657601423462,0 31.7477206378745,-24.96671742262798,0 31.74808696201992,-24.96685835790596,0 31.74831091924952,-24.96700844394688,0 31.74849037719934,-24.96718550303524,0 31.74937442578664,-24.96832792458373,0 31.74974962904442,-24.96874103701874,0 31.75023668666064,-24.9691484904828,0 31.75082403013504,-24.96952333041886,0 31.75188350660118,-24.97020332627529,0 31.75226650005434,-24.97047791210731,0 31.75258473110162,-24.97076224106223,0 31.75274129227061,-24.97095256634731,0 31.75320098948618,-24.97151839456974,0 31.75351325276302,-24.97177928989307,0 31.75377050024493,-24.97191239858212,0 31.75415100009948,-24.97204756366578,0 31.75557994354425,-24.97250295782932,0 31.75597681963092,-24.97266325509072,0 31.75630221889883,-24.97284006325584,0 31.75678270143761,-24.97317619534592,0 31.75744707179088,-24.97360788089773,0 31.75778581361373,-24.97373918731918,0 31.75841362300793,-24.9739022420183,0 31.75880961887906,-24.97394262416827,0 31.76039047495274,-24.97413256755008,0 31.76070154082574,-24.97418145264887,0 31.76123260020241,-24.97429285584643,0 31.76170989857021,-24.97440391185579,0 31.76222074827549,-24.97457859136737,0 31.76274040924374,-24.97478605927996,0 31.76307133766081,-24.97492739039592,0 31.76360949892492,-24.97516738664191,0 31.76476138820402,-24.9756832491549,0 31.7656142523444,-24.97608823688142,0 31.76610030751365,-24.97631550527344,0 31.76654355758294,-24.97660506772513,0 31.76701728038838,-24.9770874956265,0 31.76733019446493,-24.97759737127432,0 31.76748274244342,-24.9780285161573,0 31.76759581827809,-24.97864269845971,0 31.76754451900109,-24.979402001442,0 31.76736186801089,-24.98163063415723,0 31.7672558130324,-24.98288834603858,0 31.76692315255835,-24.9869132622365,0 31.76685369339119,-24.98777586566336,0 31.7668457885916,-24.98800111141883,0 31.76689273811481,-24.98843404471996,0 31.76693983439706,-24.9887016621972,0 31.76704029137212,-24.98906027166102,0 31.76708754465441,-24.98943078057906,0 31.76707164402038,-24.98976516526261,0 31.76682580069799,-24.9921291040266,0 31.76681321163882,-24.99233667595076,0 31.76683337818675,-24.99264175917973,0 31.76691875811396,-24.99293830273336,0 31.76709080193641,-24.99333200562945,0 31.7673801674439,-24.99376048756279,0 31.76783750602509,-24.99446222776288,0 31.76797423654779,-24.99480653242129,0 31.76810272473001,-24.99535399326863,0 31.7681996074687,-24.99586141009847,0 31.76828198219832,-24.99616829633741,0 31.76844140903657,-24.99653871116959,0 31.76896860098097,-24.99744654509633,0 31.77020062161592,-24.99942415547528,0 31.7705978494853,-24.99989753061136,0 31.77108854452062,-25.00023237578719,0 31.77229715126742,-25.00077029894699,0 31.77272258077329,-25.00101873590291,0 31.77313983977018,-25.00132011420268,0 31.77612603430957,-25.00376085921566,0 31.77644092886746,-25.00411560255805,0 31.77674534733351,-25.00456634553536,0 31.77738901555414,-25.00558916824953,0 31.77773675843131,-25.00625760790183,0 31.77794629331559,-25.00681333444445,0 31.77865527749725,-25.00883957613972,0 31.77883834160377,-25.00924549116744,0 31.77907711547047,-25.00964293511586,0 31.77929641783624,-25.00993313996519,0 31.77966961701655,-25.01036207287801,0 31.77994102785068,-25.01071019146737,0 31.78047708916616,-25.0114383631394,0 31.78083770448135,-25.01198174952623,0 31.78203491428738,-25.01380896748191,0 31.78224149593682,-25.0141375393218,0 31.78234866265424,-25.01439499887873,0 31.78246578645592,-25.01477408768776,0 31.78251469627494,-25.01515605167079,0 31.78241086936175,-25.0196296939954,0 31.78244350736159,-25.01999339992566,0 31.7825672413872,-25.02033800944456,0 31.78276426011919,-25.02069204112286,0 31.78314778612396,-25.02112288664658,0 31.78351663584649,-25.02138156080954,0 31.78587599752012,-25.02270507476479,0 31.78627045582995,-25.02292862183595,0 31.78667192039487,-25.02316245877435,0 31.78690953859266,-25.02333536959181,0 31.78707132584614,-25.02346685384186,0 31.7872247537287,-25.02360280858813,0 31.78742703254957,-25.02383444604149,0 31.78760117038774,-25.02406779834029,0 31.78838384447849,-25.02511799308769,0 31.78878164018573,-25.02555833366153,0 31.78916111023859,-25.02593594598218,0 31.78959019588481,-25.02633594739268,0 31.79563892170613,-25.03185953196637,0 31.7966759534022,-25.0328394892742,0 31.79735391169059,-25.03354396771573,0 31.79787290555993,-25.03420272670569,0 31.79814676693761,-25.03457718240319,0 31.79868048765835,-25.03535921550652,0 31.79933610771935,-25.03630631824686,0 31.79981442504807,-25.03699206485478,0 31.80037143106919,-25.03781098570761,0 31.80155146479095,-25.03952158733314,0 31.80258508735064,-25.04104129719734,0 31.80278505685813,-25.04142911752977,0 31.80293990537464,-25.04185741976613,0 31.80303240463863,-25.04224786111701,0 31.80310096753735,-25.04289184171051,0 31.80308063667791,-25.04334140407168,0 31.80303022915719,-25.04369717507461,0 31.80289630107847,-25.04417599565486,0 31.80057647024829,-25.04972514129187,0 31.8004854251377,-25.0500032565108,0 31.80039366785017,-25.05046393906772,0 31.80037895333273,-25.05083080072074,0 31.80041086034284,-25.05108991999275,0 31.80048528519512,-25.05141568408752,0 31.80061008633495,-25.05173355350599,0 31.80070565046448,-25.05193686413723,0 31.80087338301233,-25.05220094892843,0 31.80104485115681,-25.0524551404252,0 31.80164358443157,-25.05326607695653,0 31.8018834103711,-25.05370893284852,0 31.80204725030166,-25.05411025907592,0 31.80219167357126,-25.05459496515095,0 31.80247813495262,-25.05566759388085,0 31.80348522895939,-25.05963387772045,0 31.80361887805154,-25.06006663747816,0 31.80393761528748,-25.06071930971817,0 31.80425600495243,-25.06120076129084,0 31.80457920347205,-25.061598411213,0 31.80503328836495,-25.06203767241049,0 31.80574508649375,-25.06257506654566,0 31.80953726515168,-25.06537637548768,0 31.81088011070879,-25.06636348229898,0 31.81122848817652,-25.06659194920909,0 31.8116348969021,-25.06674858051211,0 31.81198653136892,-25.06684766992751,0 31.81239456350333,-25.06688156930842,0 31.81268647792724,-25.06685928011063,0 31.81311349520028,-25.06678867641604,0 31.81442802283474,-25.06646335646294,0 31.8147026097861,-25.0664318996651,0 31.81501367743282,-25.06641801935571,0 31.815424534907,-25.06645269018102,0 31.81573254679174,-25.06650495089078,0 31.81603639326614,-25.06658481733509,0 31.816401363819,-25.06671925392125,0 31.81981700286232,-25.06802820463381,0 31.82017304564948,-25.06813428299153,0 31.8205298398788,-25.06817421286559,0 31.8209209555097,-25.0681801964157,0 31.82145750398431,-25.06806731344528,0 31.82173102117541,-25.06795076039111,0 31.82229731838765,-25.06763931320323,0 31.82401624080154,-25.06669256002162,0 31.82443999580402,-25.066562561014,0 31.82474917284038,-25.06650587428792,0 31.82529274141685,-25.06646261184837,0 31.82565126289711,-25.06647462779328,0 31.82839181375218,-25.06656990627922,0 31.82886845848471,-25.06664099867837,0 31.8294562156559,-25.06676106796576,0 31.82984885826632,-25.06690794519288,0 31.83021523639489,-25.06707369419851,0 31.8353950148685,-25.06942730026279,0 31.83597306648511,-25.06967208219426,0 31.8368186082202,-25.06999055265671,0 31.84426597444105,-25.07278269640604,0 31.84426208353582,-25.07278270504337,0 31.84658817060046,-25.07362244396749,0 31.84722398709723,-25.07381352952198,0 31.84801964755945,-25.0740222789967,0 31.85769126164905,-25.07610683736889,0 31.85843676078314,-25.07627783283134,0 31.859010271938,-25.07644971353278,0 31.85963733777938,-25.07668449284947,0 31.86023386678343,-25.07696592247284,0 31.86101230491035,-25.0774082838064,0 31.86172560433605,-25.07789581172084,0 31.8624640886595,-25.07855819266874,0 31.86612504737438,-25.08215672054528,0 31.86718001942358,-25.08342592362222,0 31.86792814385814,-25.08461838088434,0 31.86885749841778,-25.08629057530835,0 31.86912448972684,-25.08675811499472,0 31.86939367515654,-25.0871766635862,0 31.86974280737114,-25.0876313911617,0 31.87636474891542,-25.09494677808496,0 31.87686661333127,-25.09546234957782,0 31.87750302781434,-25.0960372797739,0 31.88203389577006,-25.09996763952014,0 31.88247312702712,-25.10034822150676,0 31.88277481333271,-25.10050709534523,0 31.88310755767455,-25.10066328707946,0 31.88347324388952,-25.10077134785795,0 31.88384188045057,-25.10083443552345,0 31.89004569976026,-25.10151047607998,0 31.89076451574457,-25.10158671100105,0 31.891374298754,-25.10169554793068,0 31.89269008766851,-25.10194295880194,0 31.89460260853237,-25.10232249578591,0 31.89520174700042,-25.10247330808361,0 31.89573736454894,-25.10266907910529,0 31.8961730006371,-25.10287614604582,0 31.90148089971063,-25.10551493289637,0 31.90199971767778,-25.10581493133676,0 31.90236500149294,-25.10608648136261,0 31.90268590070368,-25.10635905883981,0 31.90304889907534,-25.10673051864829,0 31.90802156693512,-25.11204223631735,0 31.9084249303629,-25.11246629722196,0 31.90888053139069,-25.11292395497729,0 31.9128570216152,-25.11673734788525,0 31.91326645649872,-25.11717968424346,0 31.91345401951758,-25.11751236244092,0 31.913589412928,-25.1179463364768,0 31.91397635653821,-25.12001994303278,0</coordinates></LineString>
</Placemark></Folder><Folder><name>H4-2 - Lower Sabie to Crocodile Bridge</name><Placemark>
  <name>H4-2 - Lower Sabie to Crocodile Bridge</name>
  
  <styleUrl>#style_MAIN_ROADS</styleUrl>
  <LineString><tessellate>1</tessellate><coordinates>31.9139779112675,-25.12002151524886,0 31.91439775210853,-25.12250437880978,0 31.91466676920629,-25.12317033042076,0 31.91511577113571,-25.12380554774198,0 31.91562886436115,-25.12429348858707,0 31.91622871463337,-25.12464617091879,0 31.91671136280228,-25.12483737818169,0 31.91726700248674,-25.12497701337255,0 31.91774640538484,-25.12502970583499,0 31.91823835642661,-25.12501185566967,0 31.92426407988659,-25.1239006988803,0 31.92592747967695,-25.12360309916073,0 31.92650130489862,-25.12353813861581,0 31.92713820807177,-25.12353817956615,0 31.92779296373452,-25.12361185963567,0 31.92822470979149,-25.12370641377848,0 31.93643895564172,-25.12568723866878,0 31.93715597123055,-25.12585576142415,0 31.93782848161028,-25.12605123143144,0 31.93837370224803,-25.12625129525827,0 31.93908275717978,-25.12656388417068,0 31.93963370401867,-25.12688034661703,0 31.940322687887,-25.127331432698,0 31.94086812144574,-25.12775832757686,0 31.94142311199602,-25.12826679088741,0 31.94215910594982,-25.12910694203884,0 31.94279154479012,-25.13009409410347,0 31.94315187957545,-25.13083661032849,0 31.94346904225581,-25.1317567038099,0 31.94363527728931,-25.13249458526644,0 31.94374712909374,-25.13352615077366,0 31.94373075948354,-25.13428449038075,0 31.94363097920192,-25.13514042625081,0 31.94348681200966,-25.13596446358346,0 31.94333114986134,-25.13686353431354,0 31.94318197380408,-25.13769807958844,0 31.94296696737522,-25.13840747072138,0 31.94260483483092,-25.13918969080478,0 31.94122254005904,-25.14191779062712,0 31.94099016160296,-25.14241353149988,0 31.94066658862921,-25.14318964640586,0 31.94039542036526,-25.14405878468044,0 31.94026076770135,-25.1445996786329,0 31.93996043926025,-25.14650332410241,0 31.93992423526051,-25.14722809620497,0 31.9398767925027,-25.14967974572743,0 31.93985600653492,-25.15046134365193,0 31.93974700924595,-25.15102657112082,0 31.93958405992621,-25.15151975888944,0 31.93916824244855,-25.15228497289678,0 31.93859211062829,-25.15295638161244,0 31.93638592918885,-25.15474551332717,0 31.93514516211478,-25.15575497006999,0 31.93271189188428,-25.15771305117393,0 31.93198860173261,-25.15840013310104,0 31.93159698611274,-25.15893381927281,0 31.93132848673515,-25.15950380855632,0 31.93115491518625,-25.16009383178752,0 31.93049451079694,-25.16223657299976,0 31.93023370360636,-25.1628679901509,0 31.92991176524371,-25.16336949304147,0 31.92947409195052,-25.16385384409357,0 31.92879875639751,-25.16439410386016,0 31.92793873193385,-25.16484293333089,0 31.92460089649093,-25.16629437195186,0 31.92186601100745,-25.16747907038971,0 31.92123525995784,-25.16778208234946,0 31.92052062889584,-25.16823342859441,0 31.91968621521499,-25.16889633310792,0 31.91890630520687,-25.1697593211428,0 31.91808943452749,-25.17083938427465,0 31.9150915176292,-25.1747802590047,0 31.91431376122558,-25.1755513011649,0 31.9136408057981,-25.17601334959701,0 31.91284198011915,-25.17639437009207,0 31.90725034315231,-25.17831241106715,0 31.90614672900745,-25.17876518073401,0 31.90480549637596,-25.17947960692153,0 31.9037577619703,-25.18019658110995,0 31.90086899774314,-25.182289062068,0 31.90031759340305,-25.18261933835859,0 31.89926950548553,-25.1831346956206,0 31.89561633651151,-25.1845449869972,0 31.89502684354938,-25.18481416180994,0 31.89416933791075,-25.18537870467703,0 31.8936228779573,-25.18594694439493,0 31.89310114388881,-25.18678122774646,0 31.89184202278583,-25.18979894898509,0 31.89145928658629,-25.19054361460107,0 31.89114306426187,-25.19106981362292,0 31.89036715021264,-25.19191648239536,0 31.8884005407908,-25.19402295561999,0 31.88776652571669,-25.19490591470434,0 31.88744402874934,-25.19562356462947,0 31.88644528891832,-25.19820458971693,0 31.88613227108191,-25.19884700864338,0 31.88573517354491,-25.19938134339319,0 31.88558287617184,-25.19955014024882,0 31.88293370133374,-25.20192153968673,0 31.88242157143473,-25.20246300300576,0 31.88192543390022,-25.20308778131303,0 31.88021661475723,-25.20543889871788,0 31.87979653943998,-25.20588889492711,0 31.87938391604435,-25.20625288614597,0 31.87899660079464,-25.20652995574882,0 31.87394856065332,-25.20927865367907,0 31.87315798034016,-25.2097246209771,0 31.87221030743611,-25.2103285422988,0 31.87140870617385,-25.21087786283922,0 31.87107707284053,-25.21113749688843,0 31.87042158078481,-25.21164999041042,0 31.86992659444306,-25.21206186695056,0 31.86895447028461,-25.21294688818775,0 31.86836514678453,-25.21355612357937,0 31.86766675997728,-25.21430873929499,0 31.86726724518895,-25.21478358133047,0 31.86671654614626,-25.21545392414175,0 31.86624468042419,-25.2160807575036,0 31.8655558873605,-25.21712799513946,0 31.86529521672701,-25.21753292987704,0 31.86447731108451,-25.21897275773477,0 31.86327875117883,-25.22074542617583,0 31.86197267715465,-25.22234321367291,0 31.86053944403337,-25.22379736115893,0 31.85941092932645,-25.22476185383209,0 31.85796216691191,-25.22584737451457,0 31.85607106238928,-25.22703046284801,0 31.85501454850112,-25.22773368196583,0 31.85438961252006,-25.22820857971279,0 31.85365238011243,-25.22887051488353,0 31.85292071831096,-25.2296882092218,0 31.85217335702403,-25.23068968210504,0 31.85154487450187,-25.23176207898177,0 31.85113617857019,-25.23266408040458,0 31.85082048586875,-25.23365721246875,0 31.85060433135306,-25.23472422796206,0 31.85047258117488,-25.2358278154422,0 31.8502521835345,-25.24226262553248,0 31.85017104775174,-25.24323907296057,0 31.85002791758583,-25.24402362186868,0 31.84992049498234,-25.24458599316064,0 31.84975538153838,-25.24524840977858,0 31.84949251172284,-25.24607266870298,0 31.84924549241651,-25.24675764786932,0 31.84896979197697,-25.24744952552576,0 31.84878452993271,-25.24790839280824,0 31.84697367650122,-25.25238954996224,0 31.84682766925321,-25.25278451138827,0 31.84667806554295,-25.25337094874963,0 31.84660212048853,-25.25402925587177,0 31.84659490425058,-25.25460734325922,0 31.84667948091127,-25.25517266075804,0 31.84681089353719,-25.25580784760272,0 31.84711060079243,-25.25718000440019,0 31.84716015622361,-25.25766825512666,0 31.84714505598706,-25.25812064201299,0 31.84710938278753,-25.25853895509508,0 31.84705134681427,-25.25899577630268,0 31.84693172413869,-25.25937649322542,0 31.84681556839452,-25.25966725065309,0 31.84678050286969,-25.25978388089887,0 31.84609873206053,-25.26146359999683,0 31.84600791844797,-25.26186164994952,0 31.84598537579561,-25.26223799321441,0 31.84601631436482,-25.26276037317607,0 31.84614170192713,-25.2631836020941,0 31.84794304608588,-25.26651936985271,0 31.84812856544898,-25.26692946519717,0 31.84829087401404,-25.26739142802141,0 31.84838594349861,-25.26780249310079,0 31.84841823956203,-25.26819712250105,0 31.84841960508633,-25.26853849936782,0 31.84840040389223,-25.26890170040517,0 31.84832655416812,-25.26992650692911,0 31.8480985751638,-25.27304991441531,0 31.84810283558194,-25.27341217010919,0 31.84817530241464,-25.27385680709687,0 31.84823550779334,-25.27415081813376,0 31.84845113450419,-25.27474035202914,0 31.84869022173222,-25.27519903669048,0 31.85014338940992,-25.27795843652858,0 31.85059471607103,-25.27873608921714,0 31.85110782025777,-25.27948724852038,0 31.85196446345233,-25.28056523115827,0 31.85286630327293,-25.28147839294912,0 31.85376056853817,-25.28227376807128,0 31.85461813266027,-25.2829125508677,0 31.8557375208929,-25.28360462375869,0 31.85688193580513,-25.28420137885201,0 31.85801629667659,-25.28466378729341,0 31.86301784625508,-25.28636600648322,0 31.8634354053502,-25.28654564380571,0 31.86381304137492,-25.28675962321462,0 31.86407852847687,-25.28694631492327,0 31.86438374142785,-25.28718711118741,0 31.86467347597123,-25.28751149136367,0 31.86498304776329,-25.28798869774593,0 31.86515310103913,-25.28835566960448,0 31.86525308311882,-25.288670831065,0 31.86533831519716,-25.28907876698335,0 31.86536672626531,-25.28944060965014,0 31.86533545291269,-25.28987023597037,0 31.86525529305156,-25.29020369521627,0 31.86514641238301,-25.29056366474608,0 31.86258474776535,-25.29548612933649,0 31.8624921500876,-25.29569516304532,0 31.8623596343515,-25.29604337015677,0 31.86229187891964,-25.29654905448054,0 31.86232791383091,-25.29700240797983,0 31.86249277124169,-25.29759495083565,0 31.86268105268651,-25.29800909365841,0 31.86299088424566,-25.29841756895011,0 31.86511001490433,-25.30012471731113,0 31.86552307060165,-25.30049660720763,0 31.86582774508955,-25.30085116246546,0 31.86619064829776,-25.30138036186554,0 31.86638521534411,-25.30180604018155,0 31.8665150561934,-25.30219573198369,0 31.86661286258163,-25.30266077149476,0 31.86705086885209,-25.30588195503988,0 31.86713966773687,-25.30637447470465,0 31.86728456671041,-25.30682849300338,0 31.8675122127572,-25.30734065441542,0 31.86771295179885,-25.30771572214387,0 31.86792618491867,-25.3080056436478,0 31.86820883451354,-25.30835857706473,0 31.86855126259953,-25.30871947688241,0 31.86897685661608,-25.30909232286548,0 31.8696161525181,-25.30950494383614,0 31.87008200019163,-25.30973011004424,0 31.8705510113545,-25.30992535274253,0 31.87693771586022,-25.31216603649895,0 31.8775998739153,-25.31241324872697,0 31.87826704791053,-25.31272917366531,0 31.87887127541216,-25.31313237007727,0 31.87931015150619,-25.31352326758865,0 31.87986693026013,-25.31413381690397,0 31.88017111634641,-25.31460215347147,0 31.88049123618181,-25.31526434579033,0 31.88064906194131,-25.31574148132245,0 31.88073907093599,-25.31619959442299,0 31.88079713014593,-25.31672051963708,0 31.88079094472699,-25.31717515123843,0 31.88072817875463,-25.3176492258396,0 31.88060241840456,-25.31820967567493,0 31.88047036640034,-25.31876952204576,0 31.88023208775264,-25.3197092722505,0 31.87961541756742,-25.3221191148263,0 31.87950400956929,-25.32283154256596,0 31.87948693595111,-25.32337901731699,0 31.87951747961547,-25.32406545277443,0 31.87958456177614,-25.32474556675337,0 31.87998705039955,-25.32780805685201,0 31.88005497383704,-25.32845879665827,0 31.88008670308857,-25.32914796756985,0 31.87997917790855,-25.33136127323185,0 31.87963665456,-25.33690970631428,0 31.87961219979623,-25.33762241605484,0 31.87962888371348,-25.33827366199679,0 31.87970924703703,-25.3388028145774,0 31.87982031931119,-25.33919177464864,0 31.88000934349775,-25.33968559874607,0 31.8803293364405,-25.34025926233166,0 31.88313547468345,-25.34391217278929,0 31.88343479966164,-25.34439390524442,0 31.8836681152042,-25.34491903676123,0 31.88381380357992,-25.34541010197082,0 31.88389296371877,-25.34595125846194,0 31.88410339328154,-25.34819173909528,0 31.88414689851939,-25.34870233803638,0 31.88430135845959,-25.34930416043395,0 31.88454282553635,-25.34980696961913,0 31.88495815318714,-25.35037582901411,0 31.88529716839292,-25.35069272103214,0 31.88866550318116,-25.35342193322755,0 31.88895563979585,-25.35366992895913,0 31.88919645786336,-25.35394634396126,0 31.88939846520485,-25.35427485067993,0 31.88954616986393,-25.3545790837614,0 31.8896789671983,-25.3549494483904,0 31.88983432266596,-25.35543598195706,0 31.89005244049077,-25.35595561933632,0 31.89025725904715,-25.35634274660371,0 31.89059994334323,-25.35675758985422,0 31.89093265677937,-25.35700842464001,0 31.89137789691893,-25.35725978782977,0 31.8931722812357,-25.35814267056061,0</coordinates></LineString>
</Placemark>
<Placemark>
  <name>H4-2 - Lower Sabie to Crocodile Bridge</name>
  
  <styleUrl>#style_MAIN_ROADS</styleUrl>
  <Point><coordinates>31.8842878914335,-25.20067602883302,0</coordinates></Point>
</Placemark></Folder><Folder><name>H5 - Old Selati Railroad</name><Placemark>
  <name>H5 - Old Selati Railroad</name>
  
  <styleUrl>#style_MAIN_ROADS</styleUrl>
  <LineString><tessellate>1</tessellate><coordinates>31.61985449012417,-25.16561986761945,0 31.62015650574957,-25.16579309684072,0 31.62959211349211,-25.17242143001488,0 31.63002089917701,-25.17268527012797,0 31.63038507854279,-25.17274715808317,0 31.63397155606338,-25.17297052557821,0 31.63437009295691,-25.17302219646905,0 31.63473753594375,-25.1730781842708,0 31.63525032016939,-25.17325867934982,0 31.63580090385865,-25.1734556163244,0 31.63864518474776,-25.17451722702218,0 31.63918519220023,-25.17476912083257,0 31.63941383979982,-25.17495800491463,0 31.63962337247911,-25.17514097954727,0 31.63993472295324,-25.17547169220027,0 31.64168075378324,-25.17732492726197,0 31.6432177720222,-25.17955213648609,0 31.64354562997745,-25.18000385126225,0 31.6438264724347,-25.18028674676827,0 31.64419736280052,-25.18071446622142,0 31.64563939571232,-25.18211063439952,0 31.64596522343764,-25.18243982713491,0 31.6463130073005,-25.18267247187739,0 31.65294836643371,-25.18732391021134,0 31.65319399351632,-25.18749717116271,0 31.6534764918296,-25.18764417224823,0 31.65380982243944,-25.18773037339145,0 31.65423064166249,-25.18780673846926,0 31.65508942880025,-25.18786733525576,0 31.65587932861992,-25.18798937957751,0 31.65735492463528,-25.18816186159953,0 31.65792608326511,-25.18816856284758,0 31.66066536725628,-25.18812293733818,0 31.66113271208367,-25.18813554222347,0 31.66163408434422,-25.18816798930481,0 31.66210079918089,-25.18823688964669,0 31.66518340997298,-25.18877909620957,0 31.66557060642784,-25.18880271139383,0 31.66589591764624,-25.18874729852369,0 31.66610980439543,-25.18866970280913,0 31.66692755022668,-25.18827408217435,0 31.66852035839566,-25.18759916756645,0 31.66956123832867,-25.18712429144517,0 31.67049205840744,-25.18674127571238,0 31.67069311548213,-25.18663770611806,0 31.67092902915467,-25.18648193833253,0 31.6744952111646,-25.18348448619102,0 31.67514741399696,-25.18287549285576,0 31.67541450271279,-25.18256709777081,0 31.6756181542242,-25.18220611177991,0 31.67582497421811,-25.18183157424262,0 31.676029449277,-25.18136141632229,0 31.67622337390639,-25.18088666390312,0 31.67639455007969,-25.18055675249005,0 31.67659784434219,-25.18031465605518,0 31.67683206235481,-25.18006832798964,0 31.6770977300653,-25.17980302775757,0 31.67803773302824,-25.17895417175524,0 31.67835923878134,-25.17878399202046,0 31.67862391995883,-25.17872297346772,0 31.67927591411294,-25.17863876428417,0 31.68072620491501,-25.17851415849057,0 31.68126932712472,-25.17837503449569,0 31.68187862908634,-25.17803343455978,0 31.68259484057423,-25.17756695215727,0 31.68466349179762,-25.17630008761564,0 31.68519892643351,-25.17586332901249,0 31.68597486894659,-25.17514942282706,0 31.68697629427655,-25.17438541710759,0 31.68790386555568,-25.17375639659103,0 31.68896849533054,-25.17304256573792,0 31.68977990433598,-25.17248778735024,0 31.69037665456599,-25.17221476713451,0 31.69083149199355,-25.17204261139132,0 31.69168491698459,-25.17176029549683,0 31.69329466551141,-25.17132672580584,0 31.69476148011201,-25.17108961490595,0 31.69649449733585,-25.17080969070357,0 31.69826155390138,-25.17051759498756,0 31.69896780902749,-25.17035821633499,0 31.69942196707626,-25.17020613646292,0 31.69971380518955,-25.17011478609704,0 31.70006647668398,-25.17007197110691,0 31.70265448916086,-25.17007335959237,0 31.70322838552235,-25.17009465619881,0 31.70384476432715,-25.17014473313395,0 31.7041847332803,-25.17019884046355,0 31.70452920376885,-25.17028685480942,0 31.70514960331878,-25.170491794282,0 31.70640903631106,-25.17090201436489,0 31.70769376959682,-25.17131990244138,0 31.70961979268971,-25.17194317364318,0 31.71290646627266,-25.1728945387565,0 31.71420014300288,-25.17318493292351,0 31.71485157773204,-25.17331100725752,0 31.71525062481616,-25.17335360997165,0 31.71604584048805,-25.17335087442979,0 31.71663429563422,-25.17330576858051,0 31.71753937149692,-25.1732256868592,0 31.71937063528972,-25.17305986234762,0 31.72158424711466,-25.17287380700424,0 31.72317848864569,-25.17275000869022,0 31.72410902518376,-25.17268951195293,0 31.72452513443158,-25.17268001718482,0 31.72508460045457,-25.17272438518092,0 31.72554189386572,-25.17278113791836,0 31.72631737222907,-25.17294335459967,0 31.72708171462151,-25.17307909371329,0 31.72762938187901,-25.17317986166594,0 31.72799633595286,-25.1732109646342,0 31.7285083989536,-25.17313902666523,0 31.72887052786792,-25.17303681570752,0 31.72999606152265,-25.17271967525925,0 31.73128958412212,-25.17240722920657,0 31.7318333442126,-25.1723030601571,0 31.73210728749718,-25.17230546713777,0 31.73232902176522,-25.17232853127837,0 31.73257797836084,-25.17236944549348,0 31.73299985026393,-25.17245979179599,0 31.73353198835472,-25.17258018306424,0 31.73396079510647,-25.17265426932459,0 31.73482209525855,-25.17280244316125,0 31.7356330627145,-25.1729489688898,0 31.73761549251731,-25.17337133956982,0 31.73785358705208,-25.17343213004836,0 31.738132955828,-25.17354150762558,0 31.73836276943776,-25.17372410401119,0 31.73855483361332,-25.1739545628772,0 31.73885715097804,-25.17440776581557,0 31.74043229457922,-25.17695166929061,0 31.74061370676697,-25.17722957650044,0 31.74081001565859,-25.17747060627358,0 31.74393729939656,-25.17995625057673,0 31.74481676142258,-25.18060224171083,0 31.74511913036025,-25.18090605497754,0 31.7453774180857,-25.18119868023201,0 31.74560339873196,-25.18148953176263,0 31.74598961815368,-25.18200834883425,0 31.74654133654533,-25.18276056728451,0 31.74732982180004,-25.18380351100468,0 31.74847554494082,-25.18534477976379,0 31.74926844807805,-25.18639018763318,0 31.7495124613586,-25.18666222067839,0 31.74989882628069,-25.18701548487926,0 31.75325182967914,-25.1898808621033,0 31.75370648902093,-25.19023053138488,0 31.75404188370344,-25.19039855367677,0 31.75447368063179,-25.19054218048064,0 31.75563379324512,-25.19083532764157,0 31.756027848311,-25.1909196044953,0 31.75636196947142,-25.19097292946741,0 31.75680676023494,-25.19097732334499,0 31.75724995422891,-25.19091262826056,0 31.75769151182771,-25.1908032564704,0 31.75802532140389,-25.19064711901687,0 31.75822067800317,-25.19046199668544,0 31.75856632368103,-25.19002537670431,0 31.75873233944213,-25.18982732926891,0 31.75898613336465,-25.18965355811447,0 31.7592941570259,-25.18952935376355,0 31.76380503773231,-25.18772698926737,0 31.76530809937282,-25.18711648763545,0 31.7660662556447,-25.18678099829357,0 31.7663574285322,-25.18666526869597,0 31.76656245867187,-25.18661879051282,0 31.76680476414807,-25.18661198731724,0 31.76710936213455,-25.18664411076056,0 31.7673525447368,-25.18669852091222,0 31.76759414330164,-25.18679612211378,0 31.7682106322083,-25.18714240265186,0 31.76854512555222,-25.18733919227661,0 31.76884003867177,-25.18754899332694,0 31.76969093290472,-25.18838368945138,0 31.76986645761377,-25.18858968310736,0 31.77005657916681,-25.18881212914559,0 31.77019782130132,-25.18907810825592,0 31.77066663000012,-25.19015513361124,0 31.77074180364221,-25.1904215423201,0 31.77083107059702,-25.19078702516435,0 31.77092668868345,-25.19133869944668,0 31.77098850960893,-25.19157082902282,0 31.77105695706631,-25.19171935368713,0 31.77116449295472,-25.19187636534406,0 31.77144303915683,-25.19215708022797,0 31.7716204733762,-25.19238594169899,0 31.77170273666119,-25.1925553397085,0 31.77179859158309,-25.19276804661712,0 31.77282748260649,-25.19516146148056,0 31.77293707414699,-25.19544159626945,0 31.77300212749785,-25.19571964817196,0 31.77301091064279,-25.19591948328253,0 31.77299811450968,-25.19616807410019,0 31.77297128698913,-25.19644039876878,0 31.77291257960112,-25.19671000780455,0 31.77287851153197,-25.19697370252699,0 31.77281005590123,-25.19747082179347,0 31.77277505993039,-25.19775057473844,0 31.77271328710541,-25.19822795503036,0 31.77266816598535,-25.19858789310082,0 31.77262699240359,-25.19888038903827,0 31.77257563843391,-25.19933056454555,0 31.7725369053108,-25.19957967899858,0 31.77243347354135,-25.20038458834781,0 31.77230189259574,-25.20130205197847,0 31.77220307610954,-25.20198002371798,0 31.77213888701584,-25.20238440296662,0 31.77212473593275,-25.20271707630368,0 31.77212535450587,-25.20327803895193,0 31.77212663187172,-25.20448370417676,0 31.77212361346216,-25.20486718221423,0 31.77210723364897,-25.20598452196988,0 31.77207519844007,-25.20643483188932,0 31.77198914243251,-25.20695734454556,0 31.77189147362895,-25.20751712338385,0 31.7718225710269,-25.20803415182992,0 31.77184475066023,-25.20879854548821,0 31.77187429178735,-25.21003449788522,0 31.77188537992892,-25.21044206301233,0 31.77195580254883,-25.21089056250106,0 31.77229826752881,-25.21190943958467,0 31.77268708266238,-25.21303145669053,0 31.7732188299993,-25.21451913731841,0 31.77365566806456,-25.21583905524207,0 31.77409621490227,-25.21715145243367,0 31.77456982022173,-25.21861022386966,0 31.77504246464663,-25.21991336184717,0 31.7754141710128,-25.22107224842919,0 31.77590271231421,-25.22251257384307,0 31.77615011586132,-25.22327011293801,0 31.77622973116069,-25.22390204496623,0 31.77626801583105,-25.22454271958305,0 31.77631058278269,-25.22573086000713,0 31.77635317467882,-25.22711939113801,0 31.77641457949979,-25.22859402637532,0 31.77645195947638,-25.22978930558225,0 31.77649178419041,-25.23107576918126,0 31.77654407338406,-25.23256710684528,0 31.77661188185666,-25.23407477128531,0 31.77664967673491,-25.23529362832143,0 31.77670396409669,-25.23680912730566,0 31.77675639634839,-25.2382254744317,0 31.7767946171402,-25.23904943703411,0 31.77682420112912,-25.23940995214969,0 31.77690549555287,-25.23970252009751,0 31.77702614953484,-25.23998737440368,0 31.77713840809223,-25.24028255300398,0 31.77803989756686,-25.24257043183356,0 31.77895996416097,-25.24499761414804,0 31.77949846603627,-25.24629389745479,0 31.77997694242246,-25.24744594562605,0 31.78013455748198,-25.24787386872436,0 31.7802993651808,-25.24813485881454,0 31.78059238905675,-25.24842607348425,0 31.78136882147599,-25.24908752682353,0 31.78209397351766,-25.24978942906622,0 31.78266550599513,-25.25045272527254,0 31.78308525772854,-25.25101194696859,0 31.783833420215,-25.25200985430896,0 31.78464030853932,-25.25302584778809,0 31.78552391405172,-25.25409119722638,0 31.78628342773836,-25.25510658831397,0 31.78655698648438,-25.25539478060532,0 31.78681471927189,-25.25552248402464,0 31.78709900516584,-25.25560982028402,0 31.78910746041216,-25.25599276428084,0 31.78951958449521,-25.25610768410973,0 31.78977223212071,-25.25626745476579,0 31.79133834425451,-25.25724701730912,0 31.79159257412401,-25.25742294136941,0 31.79180585172778,-25.25762422451801,0 31.7919859246898,-25.25783269224629,0 31.79231463287893,-25.2582567527217,0 31.79436510229625,-25.26085733050966,0 31.79457181304297,-25.26114512708637,0 31.79486061124682,-25.26166334570785,0 31.79562726221511,-25.26309647177689,0 31.79620092017773,-25.26414343055539,0 31.79628413263629,-25.26438447034483,0 31.79631792761702,-25.26465427612721,0 31.79628513516507,-25.2654273144037,0 31.79631090387905,-25.26570571996853,0 31.79644099738772,-25.26600017364726,0 31.79659273351248,-25.26621985718365,0 31.79677349483249,-25.26642824826585,0 31.79704603753456,-25.26668988552977,0 31.79732723567098,-25.26696507050362,0 31.79759672158426,-25.26721172232427,0 31.79965478437675,-25.26891386681522,0 31.80014396808494,-25.26925083329469,0 31.80060775681677,-25.26952592743484,0 31.80113956988337,-25.26973683996206,0 31.80162298968512,-25.26990189360206,0 31.80297010379115,-25.27036519022688,0 31.80443682047749,-25.27089270772342,0 31.80816174523453,-25.2721970825902,0 31.81073744861332,-25.27307594153083,0 31.81418822165307,-25.27428867086427,0 31.81626726300425,-25.2750047186246,0 31.8196422140505,-25.27615244502041,0 31.82010617944786,-25.27628437385901,0 31.82051995191893,-25.27631323475005,0 31.82097173723269,-25.27631365873138,0 31.82467216859498,-25.27623009861045,0 31.82678937036374,-25.27623122760554,0 31.8271264190026,-25.27619329069601,0 31.82743042461312,-25.27610437706906,0 31.82770982362705,-25.27596030218409,0 31.82819369366812,-25.27562200141742,0 31.82869240632687,-25.27524657859421,0 31.829029128077,-25.27495932848851,0 31.82927752435093,-25.27470971207535,0 31.82963005471049,-25.27432866825845,0 31.83024829679909,-25.27360506275797,0 31.83072694005956,-25.27295614610733,0 31.83091920562185,-25.2725875079771,0 31.83107185805672,-25.27223608703622,0 31.83124554912235,-25.27190413983327,0 31.83143936864279,-25.27153653746477,0 31.83158203248165,-25.27115535149474,0 31.83173233334225,-25.27064041924587,0 31.8318005353848,-25.27025378495969,0 31.83195447875903,-25.26990385727033,0 31.83218057004438,-25.26961209988633,0 31.83260192738934,-25.26921075887285,0 31.83309781813744,-25.26877200444796,0 31.83345354278174,-25.26851751039038,0 31.83382249991279,-25.26828673049027,0 31.83432562642136,-25.26796521523486,0 31.83503493277943,-25.26756554164276,0 31.83528609783692,-25.26736944587074,0 31.83555191241895,-25.26711206668298,0 31.83578714054882,-25.26676800000211,0 31.83599137973139,-25.26640208278632,0 31.83619990243717,-25.26607190613239,0 31.83645579874482,-25.26572090920038,0 31.8367356647591,-25.26538799689062,0 31.83690975093336,-25.26506796238047,0 31.8370929437902,-25.26474882377665,0 31.83728851267577,-25.26439441876218,0 31.837504094425,-25.26405718816569,0 31.83774180242113,-25.26365825177327,0 31.83806582133369,-25.26305989330223,0 31.83837515702357,-25.26249054462764,0 31.838585513634,-25.26210010635003,0 31.83887872717013,-25.261639534571,0 31.83924898058962,-25.26116624160797,0 31.83966068741726,-25.26076107074706,0 31.84043256812476,-25.26007787883357,0 31.84085568143049,-25.25969123410863,0 31.84129050456804,-25.25936438548795,0 31.84190844179869,-25.25904553412748,0 31.84581615183938,-25.25694122379678,0 31.84627828900835,-25.25686948571581,0 31.84702684956194,-25.25678869254383,0</coordinates></LineString>
</Placemark>
<Placemark>
  <name>H5 - Old Selati Railroad</name>
  
  <styleUrl>#style_MAIN_ROADS</styleUrl>
  <Point><coordinates>31.74800844648381,-25.18471156928998,0</coordinates></Point>
</Placemark></Folder><Folder><name>H6 - Satara to N-Wanetzi Road</name><Placemark>
  <name>H6 - Satara to N-Wanetzi Road</name>
  
  <styleUrl>#style_MAIN_ROADS</styleUrl>
  <Point><coordinates>31.87927550575962,-24.44495135879741,0</coordinates></Point>
</Placemark>
<Placemark>
  <name>H6 - Satara to N-Wanetzi Road</name>
  
  <styleUrl>#style_MAIN_ROADS</styleUrl>
  <LineString><tessellate>1</tessellate><coordinates>31.78798100320048,-24.43313294259718,0 31.79175431847316,-24.4334175413843,0 31.79292445855799,-24.43361528762825,0 31.79463368736602,-24.43410077325174,0 31.79605982172416,-24.43476600133834,0 31.7976892619874,-24.43544159458089,0 31.79894484203425,-24.4359540870035,0 31.79993887853686,-24.43622863816192,0 31.80132264667959,-24.43655350989859,0 31.80254065440769,-24.43672785395808,0 31.80382141949286,-24.43671368639282,0 31.8048849363462,-24.43664919352172,0 31.80553509445975,-24.43654712283416,0 31.80734618870035,-24.43616693458906,0 31.80838299767954,-24.43584964760986,0 31.80932188906124,-24.43559609764448,0 31.81027211930507,-24.43531786402624,0 31.81107234130358,-24.43509010054844,0 31.8117685239313,-24.43492594807094,0 31.81242422761503,-24.43482580497556,0 31.81318429946667,-24.43471223565651,0 31.8137785270614,-24.43468687242915,0 31.81386159625912,-24.43468691375739,0 31.8151984836654,-24.43461129864842,0 31.81603680974094,-24.43467302130558,0 31.81697032900495,-24.43479601328237,0 31.81808531137631,-24.43500488935974,0 31.81885822426521,-24.43519063688322,0 31.81945056190375,-24.43536501806836,0 31.82033465196183,-24.43567665443453,0 31.82133023095134,-24.43611552089041,0 31.82214317181007,-24.43648989651893,0 31.82279205091146,-24.43687769545248,0 31.82623980934677,-24.43908968005054,0 31.82706652194964,-24.43950154876504,0 31.82772796283013,-24.43971350082468,0 31.82854301210474,-24.43995143163268,0 31.82912070419029,-24.44007510391293,0 31.82983681987152,-24.44016139261865,0 31.83042878349806,-24.44022278899302,0 31.83550079124392,-24.44014204809606,0 31.83633339343759,-24.44024330283279,0 31.83698278515161,-24.44035517081598,0 31.83769197423561,-24.44056950177155,0 31.83833271341816,-24.44077155183906,0 31.8389085458116,-24.44103286689647,0 31.83942041647892,-24.44128282492832,0 31.83987783201447,-24.44160887330995,0 31.8404410647795,-24.44199728790454,0 31.84524568877244,-24.44628198122148,0 31.84556614812537,-24.44656105579993,0 31.84613874429054,-24.4469538285665,0 31.84678165871331,-24.44732170793578,0 31.84721517557838,-24.44758795329497,0 31.84764914131752,-24.44779135901887,0 31.84826400270129,-24.44800601675,0 31.84890628365823,-24.44823290038952,0 31.84936571082192,-24.44836080384603,0 31.84996403333228,-24.44848687001758,0 31.85071393208058,-24.44860066384865,0 31.85121642824346,-24.44862537018864,0 31.8520837224651,-24.44864916499619,0 31.85349706934465,-24.44856982826804,0 31.8596905258255,-24.44817486227488,0 31.86087347698357,-24.44803183244918,0 31.86163204166272,-24.44788939256758,0 31.86261407665333,-24.44769538769781,0 31.86809836905958,-24.4462588002485,0 31.86905842974271,-24.44607662595015,0 31.87017301573709,-24.4458556912778,0 31.87117375864533,-24.44569946478372,0 31.87171391502046,-24.44564613356042,0 31.87926701296014,-24.44499558958567,0 31.88066419158166,-24.44492564100263,0 31.88245008289772,-24.44464999898786,0 31.88356051298636,-24.44436022164975,0 31.88421760687395,-24.44416228193144,0 31.88764995877469,-24.44301573992031,0 31.88848996545997,-24.44280571730203,0 31.88937195228159,-24.442648742887,0 31.89018901970933,-24.44253869374087,0 31.89124635271212,-24.44250917455925,0 31.89210148037644,-24.44254673655866,0 31.89300856558205,-24.44263824718929,0 31.89386543819725,-24.44279332786732,0 31.89440583610831,-24.44295889653727,0 31.90271462774113,-24.44566728412673,0 31.90380903135406,-24.44597369226211,0 31.90438127625772,-24.44611101860641,0 31.90506936783266,-24.44629048709352,0 31.90578877660456,-24.44642926639678,0 31.90680943881413,-24.4465564735862,0 31.90762088575507,-24.44665439547478,0 31.91002542227738,-24.44672814241095,0 31.91170380596451,-24.44662282833172,0 31.91257242293688,-24.44656030209874,0 31.91359829000385,-24.4464750336387,0 31.91464146246603,-24.44643583487648,0 31.91556025940198,-24.44644251626384,0 31.91640440088537,-24.44653774377888,0 31.9170508826184,-24.44664643966225,0 31.91756580649506,-24.44674511998248,0 31.91809454003043,-24.44687216940009,0 31.91854655971398,-24.44700004185087,0 31.91906314814439,-24.44717590576269,0 31.91941485665195,-24.4473049035464,0 31.91992040194264,-24.44752210072921,0 31.92417509525806,-24.44944033806183,0 31.92460367400086,-24.44966031205116,0 31.92528290813937,-24.44991994929433,0 31.92625045861585,-24.45024675550392,0 31.92730049176342,-24.45049605804876,0 31.92842556303327,-24.45069464608802,0 31.92941856845214,-24.45076234739668,0 31.93037718799792,-24.45076964597565,0 31.93098332522413,-24.45074756825439,0 31.93174697938626,-24.45065453208982,0 31.9325413868863,-24.45057148148795,0 31.93302749291601,-24.45051179564353,0 31.93357236286475,-24.45043502782375,0 31.9339588171027,-24.45038829469262,0 31.93462235850317,-24.45036456025883,0 31.93527699435002,-24.45039280829791,0 31.93588865187649,-24.45047220359637,0 31.93637357365813,-24.45058462378266,0 31.93694788406383,-24.45074290501413,0 31.93767547796626,-24.45101754321848,0 31.93818086314386,-24.45128150890967,0 31.93917978721249,-24.45189306714475,0 31.93993774193955,-24.45237340986624,0 31.94034302478093,-24.45261537805344,0 31.94066506760512,-24.45279239060391,0 31.94106926887186,-24.452987122559,0 31.94150434632748,-24.45316952730391,0 31.94232003672109,-24.4534478695605,0 31.94292122719705,-24.45358900969529,0 31.94335118686712,-24.45365851669796,0 31.94406540436556,-24.45376682237965,0 31.94462849672498,-24.45384616582225,0 31.94520300129958,-24.45390794704312,0 31.94595403544309,-24.45404210692063,0 31.94654138401583,-24.45417192790726,0 31.94694792817139,-24.45426974985316,0 31.94749285383177,-24.45445891706982,0 31.94784851794682,-24.45459122897167,0 31.94840568196791,-24.45482181265692,0 31.94874118126231,-24.45498938242716,0 31.94908671099745,-24.45517589309804,0 31.94948574881153,-24.45543706753697,0 31.94988629137317,-24.45571914393148,0 31.95006895781937,-24.45589704611083,0 31.95045675344544,-24.45620759770296,0 31.95384459408707,-24.45907984002585,0 31.95415118548721,-24.45931767018697,0 31.95453559624018,-24.45957361441311,0 31.95491379642523,-24.45981699795708,0 31.95524373102199,-24.45999191441553,0 31.95561601127568,-24.4601561429086,0 31.95616529613074,-24.46041925606357,0 31.956841136142,-24.46063748241421,0 31.95728650803083,-24.46074251120241,0 31.95792796516923,-24.46086016309145,0 31.95835101893721,-24.46089910203206,0 31.95867869305601,-24.46093151577397,0 31.95916529062485,-24.46095002717942,0 31.95960817417554,-24.46092926401892,0 31.96011571539589,-24.46088844623877,0 31.96074365102249,-24.46080242377713,0 31.96120315287831,-24.46072352742338,0 31.96161812968273,-24.46060543654377,0 31.96899615516092,-24.45776574649319,0 31.96991831092798,-24.45742630643546,0 31.97032559049438,-24.45728341331681,0 31.97078691490413,-24.45714413235042,0 31.97149107547739,-24.45693895925524,0 31.97226436415669,-24.45674627156308,0 31.97543576136112,-24.45599947890784,0</coordinates></LineString>
</Placemark></Folder><Folder><name>H7 - Opren to Satara</name><Placemark>
  <name>H7 - Opren to Satara</name>
  
  <styleUrl>#style_MAIN_ROADS</styleUrl>
  <LineString><tessellate>1</tessellate><coordinates>31.39099906683535,-24.47578140919139,0 31.39162067893242,-24.47578978072811,0 31.39471333039655,-24.47582189607003,0 31.39611894363279,-24.47580765330614,0 31.39765256100387,-24.47556870379343,0 31.39948156064683,-24.47516042651612,0 31.40117451643698,-24.47473355074487,0 31.40489221874586,-24.47376639350592,0 31.40620185113618,-24.47347562294077,0 31.40736650378058,-24.47329169513813,0 31.40881940759447,-24.4731546401339,0 31.4110235282729,-24.47307198514675,0 31.41267707203293,-24.47303307416655,0 31.41439823634696,-24.47297634995339,0 31.41607896907821,-24.47294748471352,0 31.41754568672997,-24.47291041934737,0 31.41908983735011,-24.47286006465812,0 31.42050719071403,-24.4728206968861,0 31.42176766885332,-24.47276652060242,0 31.4238919239997,-24.47271055054859,0 31.42495535637414,-24.4726763506654,0 31.42568405064012,-24.47260225767182,0 31.42648473025182,-24.47247898300965,0 31.42721763254739,-24.47233941636107,0 31.42819245991878,-24.47209240399177,0 31.42901394708937,-24.47183278338787,0 31.42999288017126,-24.4715201287514,0 31.43170138027601,-24.47097090211918,0 31.4333300108521,-24.47045170989036,0 31.43469549004907,-24.47000230630337,0 31.435743197332,-24.46967421694742,0 31.43695042280295,-24.46928255158869,0 31.43785158408261,-24.46903180768822,0 31.4385408097287,-24.46887196083826,0 31.43930838928316,-24.46872998906164,0 31.44039333494697,-24.46860411268915,0 31.44152302999554,-24.46855973474515,0 31.44232062486481,-24.46856571964952,0 31.4470036692592,-24.46864276931652,0 31.4485438324733,-24.46867531404504,0 31.44978819423136,-24.46865334114688,0 31.45087444965846,-24.46853787044709,0 31.45206899237423,-24.46830656540833,0 31.45312592730441,-24.46799936951183,0 31.45392867968541,-24.46769577189422,0 31.45459000834315,-24.46739436292796,0 31.45512679618918,-24.46710955922904,0 31.45570862211916,-24.4667752697036,0 31.45637452093231,-24.46631462133653,0 31.45705220011226,-24.46579884188604,0 31.45773265098863,-24.46516672437052,0 31.45842950926966,-24.46443693555115,0 31.45901956688257,-24.46367674004308,0 31.45943497828443,-24.46306124077417,0 31.45979636238526,-24.46247691144574,0 31.46014417245747,-24.46175345841838,0 31.46045868673908,-24.46095451949656,0 31.46083239489156,-24.459977781054,0 31.46131785403868,-24.45866762889234,0 31.46197759959911,-24.45695936980944,0 31.46239954544249,-24.45586530274155,0 31.46277979778051,-24.45488185205148,0 31.46315574535362,-24.45386620166156,0 31.4636145218617,-24.45269837889059,0 31.46396111388902,-24.45182261993387,0 31.46413449073296,-24.45143428962602,0 31.464413905461,-24.45089350664911,0 31.46478431373311,-24.45025437993652,0 31.46524636278899,-24.44954213056414,0 31.46585576756543,-24.44873875444929,0 31.46657535694735,-24.44793630567164,0 31.46733723668099,-24.44721681001784,0 31.46781755185668,-24.44679360748755,0 31.46845867824872,-24.4462984107256,0 31.46918197697429,-24.44579311725593,0 31.46995151914746,-24.44529904839147,0 31.47097627254534,-24.44463718558242,0 31.47220033389498,-24.44385539899851,0 31.47330350141923,-24.44313725776186,0 31.47425359567258,-24.44252129036665,0 31.4753037267708,-24.44184237590962,0 31.4761885960366,-24.44126555192084,0 31.47679902971714,-24.44090651941213,0 31.47750807709326,-24.44055826690345,0 31.47826810726747,-24.44028459802494,0 31.47898499050055,-24.44009309568781,0 31.47965399815986,-24.43997460713919,0 31.48031173760679,-24.43990377276026,0 31.48089783082433,-24.43990384697516,0 31.4816578746308,-24.4399342011079,0 31.48234896420975,-24.44002533163114,0 31.48303427427587,-24.4401313624011,0 31.48410609784773,-24.44029675429101,0 31.48535050165043,-24.4404911187962,0 31.48630730196139,-24.4406300012591,0 31.48710103294409,-24.44075809192691,0 31.48775541849079,-24.44082848791088,0 31.48811083919497,-24.44080211650709,0 31.48845013553554,-24.4407088681254,0 31.48870404727303,-24.44061039749247,0 31.48894434579323,-24.44046333065374,0 31.48921915736345,-24.44020417098279,0 31.48946368290603,-24.43988502294884,0 31.48967299380816,-24.4395463973547,0 31.49015842081245,-24.43872516641352,0 31.49036169918421,-24.43844235803861,0 31.49065744513134,-24.43808973608744,0 31.49102587942975,-24.43773460969954,0 31.49141276183212,-24.43742527147682,0 31.4919057748889,-24.43713686384328,0 31.49239075014809,-24.43689549260098,0 31.49449544450477,-24.43608914877457,0 31.4958852145966,-24.43555425112475,0 31.49645525490346,-24.43529577143881,0 31.4968158037207,-24.43511905605742,0 31.49708044232793,-24.43497943713219,0 31.49750286036144,-24.43474578487873,0 31.49785431525023,-24.43451674003205,0 31.49834513971654,-24.43419257994271,0 31.49878466058053,-24.4338552867412,0 31.49920797871427,-24.43350220569949,0 31.49965774452517,-24.43307962854243,0 31.50010708027349,-24.43258553207932,0 31.50039773099891,-24.43223994438156,0 31.50073452692867,-24.43182949792594,0 31.50101796326549,-24.43142004435854,0 31.50129930572956,-24.43097719232305,0 31.50185127452295,-24.43008379154168,0 31.50220895237808,-24.42950732431776,0 31.5027477728218,-24.42860722944827,0 31.5031773891765,-24.42789739426391,0 31.50351396276786,-24.42740081553395,0 31.50379096974813,-24.42704034011343,0 31.50416842653036,-24.42660095929043,0 31.50454229253697,-24.42621227252282,0 31.50495689898793,-24.42583296893599,0 31.50557783255621,-24.42533524004941,0 31.50617495148761,-24.42493660408661,0 31.50681265231067,-24.42457307267573,0 31.50901209697125,-24.4232825516518,0 31.50947851923654,-24.42299539155783,0 31.50982041900806,-24.42274855142914,0 31.51030971173162,-24.42237152465883,0 31.51070711358864,-24.42200896765674,0 31.51106044166062,-24.42164463065251,0 31.51143985594887,-24.42123309075375,0 31.51175257941501,-24.42087608856183,0 31.51290539440248,-24.4194381036427,0 31.5136638564111,-24.41852857287037,0 31.51424230500037,-24.41781125819129,0 31.51481352856505,-24.41713137284024,0 31.51514366135138,-24.41679802198533,0 31.51555366490525,-24.4164561638216,0 31.51614253010615,-24.41609521616112,0 31.51677482707172,-24.41580346732915,0 31.51734738961561,-24.41564024297743,0 31.51796178672181,-24.41552971668471,0 31.5192665002782,-24.41530733142166,0 31.52004659082588,-24.41517977570835,0 31.5207452246803,-24.41497651988646,0 31.52147356040346,-24.41459603048165,0 31.52226765383001,-24.41392697767135,0 31.52491880037121,-24.41150596073527,0 31.52531312962196,-24.41114600954242,0 31.52585549514476,-24.41071790266026,0 31.52640370111146,-24.4103077511693,0 31.52701420704015,-24.40989031834962,0 31.52763414398513,-24.409495912194,0 31.52836608479047,-24.40907892807209,0 31.52909999916912,-24.40872143281312,0 31.52985663215233,-24.40838098029644,0 31.5308563310184,-24.408007176935,0 31.53175958287865,-24.40772035538036,0 31.53244021292935,-24.40753119057314,0 31.53319240382056,-24.40735758805181,0 31.53426239258673,-24.40715984223948,0 31.53552971434311,-24.40697615341703,0 31.53663629535113,-24.40679081207953,0 31.53820040563369,-24.40658316517297,0 31.53927354444586,-24.40644724201585,0 31.54201151276516,-24.40603236312811,0 31.54430748746944,-24.40568715908838,0 31.54577294054508,-24.40548502172085,0 31.54776411178366,-24.40519056943161,0 31.54993265434013,-24.40489324909527,0 31.5504392706927,-24.4048585381541,0 31.55090625852154,-24.40484360836196,0 31.55153204271329,-24.40487073315987,0 31.55216645760995,-24.40493420259691,0 31.55280069649052,-24.4050287032384,0 31.55349735649982,-24.40520425735571,0 31.55425670207172,-24.40541989592333,0 31.55497955098391,-24.40569650536162,0 31.55552528632776,-24.40592924750715,0 31.55618540914469,-24.40622433314756,0 31.55816594199134,-24.40713711890792,0 31.5598971171021,-24.40795622412435,0 31.56173591996709,-24.40880491666744,0 31.56392051045059,-24.40981346064866,0 31.56457567749846,-24.41009150338373,0 31.56511108411956,-24.41024891619217,0 31.56584380724427,-24.41043273945552,0 31.56657577196471,-24.41052516549034,0 31.56741939803027,-24.41055304421996,0 31.56812086461137,-24.41050225993086,0 31.56889139149909,-24.41037001268284,0 31.56965843402472,-24.41016470743086,0 31.57064047663338,-24.40980307873955,0 31.57155864218283,-24.409259333499,0 31.57244531005131,-24.40862635028424,0 31.57295854016792,-24.40826709099399,0 31.57370230872685,-24.40772897726533,0 31.57443043821708,-24.40721046673988,0 31.57505501681964,-24.40676128613543,0 31.5756035178131,-24.40637350859791,0 31.57617991469027,-24.40601532782524,0 31.57670456599158,-24.40574699164647,0 31.5779940800078,-24.40511450422928,0 31.57844022290783,-24.40485021911939,0 31.57887370015328,-24.40446667458786,0 31.5792524741609,-24.40411593513176,0 31.5796541131596,-24.40381643559161,0 31.58005374783605,-24.40355974305518,0 31.58058873886361,-24.40327901084274,0 31.58096327330533,-24.40312457180732,0 31.58154644665209,-24.40293017006867,0 31.58473559432987,-24.40200569624188,0 31.58526216566358,-24.40183621243811,0 31.58572770842668,-24.40161315596912,0 31.58622614100168,-24.4012974270748,0 31.58680373740069,-24.40093919782175,0 31.58715396779681,-24.40067927155182,0 31.58749152578759,-24.40036925850045,0 31.58782331058041,-24.400035854589,0 31.58818810234157,-24.3995568292579,0 31.58857511104799,-24.39892155730745,0 31.58913595116773,-24.39789138555457,0 31.58957621290949,-24.39732056535794,0 31.59000446741018,-24.39689524694679,0 31.59054217263285,-24.39650643604959,0 31.59122795105458,-24.39613915425248,0 31.59167360524127,-24.39596754808136,0 31.59236247254011,-24.39578086458913,0 31.6018913278465,-24.3934170225156,0 31.6023993085493,-24.39326800316664,0 31.60311530908021,-24.39303975436128,0 31.60372259602216,-24.39281033386161,0 31.60454383814805,-24.39246896434017,0 31.60572000978069,-24.39189051792801,0 31.60675875043692,-24.39129118470517,0 31.60743934638159,-24.39087016618248,0 31.60816247516448,-24.39043163424901,0 31.60892578489052,-24.3899649826845,0 31.60956959480489,-24.38956559577302,0 31.61025510542152,-24.38914970167152,0 31.61074715012188,-24.38884530417083,0 31.61137503107885,-24.38846229277262,0 31.61201185879153,-24.3880998021112,0 31.61258200318776,-24.3878312096133,0 31.61300718403114,-24.38764351045859,0 31.61364579787373,-24.38739595402725,0 31.61454382703714,-24.38711813144335,0 31.61536585928461,-24.38693017526838,0 31.61626731520382,-24.38678450481838,0 31.61709566793199,-24.3867060855075,0 31.61798429238659,-24.3866847976253,0 31.61883476586755,-24.38671708228439,0 31.61990768512736,-24.38680312105129,0 31.62125724019683,-24.38691618215303,0 31.62240217354162,-24.38700777976188,0 31.6235070760255,-24.3870989233107,0 31.62471973066797,-24.38719222608996,0 31.62581770130098,-24.38729998012246,0 31.62685705055482,-24.38745226615597,0 31.62778270774728,-24.38764792149313,0 31.62897531718344,-24.3879119395739,0 31.63005873801689,-24.38814696280917,0 31.63132198317057,-24.38842971637202,0 31.63302526092963,-24.3888161792775,0 31.63452954426574,-24.38913586015665,0 31.63531970017041,-24.38926927730718,0 31.63601332851086,-24.38934180044247,0 31.6368544561867,-24.3893988092563,0 31.63797272091232,-24.38939371688313,0 31.63893446330593,-24.38932020655479,0 31.63986918486508,-24.38919114231803,0 31.64068073190385,-24.38903301799267,0 31.64777465295126,-24.3875490661931,0 31.64855578200034,-24.38742873835398,0 31.6491159386862,-24.3873595135409,0 31.64968031140236,-24.38731603030833,0 31.65018398571421,-24.38727366735796,0 31.65078833369429,-24.38725045758006,0 31.65157097911541,-24.38725374176457,0 31.65236582723667,-24.38730554042837,0 31.65304647595782,-24.38736406847228,0 31.65384786174328,-24.38748602202512,0 31.65450090368131,-24.38760354651875,0 31.65511124355489,-24.38773127075947,0 31.65581807175303,-24.38793245082592,0 31.65651656190714,-24.38813810992156,0 31.65751781933409,-24.38851335684331,0 31.66153939505179,-24.39021509605802,0 31.66382896945807,-24.39117358865921,0 31.66481527668009,-24.39156600680631,0 31.66571591276562,-24.39189434854582,0 31.66681566551986,-24.39221245008292,0 31.66855395975706,-24.39265182982772,0 31.67227761588699,-24.39355809816443,0 31.67362449066111,-24.39389743718566,0 31.67473128683795,-24.39409013281755,0 31.6749774043754,-24.39412190165007,0 31.6757670911495,-24.39420477872072,0 31.67648277926253,-24.39424980561056,0 31.67761353878095,-24.39425594932903,0 31.67785649924392,-24.39424648043666,0 31.67869409609771,-24.39419097752383,0 31.67974175562035,-24.39405735790193,0 31.68085015695562,-24.39384578995774,0 31.68869906594741,-24.39170719425592,0 31.68998702667856,-24.39135175444794,0 31.69078933211083,-24.39116977828499,0 31.6914465215238,-24.39106154136142,0 31.69230475937053,-24.39097669353542,0 31.69316177677699,-24.39095919184969,0 31.69410230623075,-24.39100018030864,0 31.69489751106709,-24.39109668466547,0 31.69569467559466,-24.39125335705491,0 31.69649352071137,-24.39147386067717,0 31.70527788773881,-24.39412825966426,0 31.70655104309238,-24.39448843580233,0 31.70791485639804,-24.39474002286627,0 31.70927345319267,-24.39485433992824,0 31.71070086074696,-24.39485407468726,0 31.71177395078058,-24.39475417516015,0 31.71302369286821,-24.39454514162269,0 31.71429224833588,-24.39421130942834,0 31.71553125584241,-24.39376856951849,0 31.7166952592723,-24.39322994967016,0 31.71750988907176,-24.39278687503284,0 31.71829309507007,-24.39228840976088,0 31.72115642537277,-24.39044415574021,0 31.72175317705228,-24.39009900868662,0 31.72262829328269,-24.3896815649525,0 31.72351995999297,-24.38939635915602,0 31.72434608769978,-24.38919295915269,0 31.72510736584999,-24.38910125452619,0 31.72606897374077,-24.38907943175477,0 31.7270347009365,-24.3891538629408,0 31.72791742205646,-24.38933284215059,0 31.7287186343615,-24.3895693445759,0 31.72957494836245,-24.38994301719466,0 31.73049019284822,-24.3904899232605,0 31.73142270823667,-24.39121223701005,0 31.7321414610218,-24.39194658238253,0 31.73407843981886,-24.39398579312147,0 31.73463422197212,-24.39453681756005,0 31.73522412554377,-24.39506993798292,0 31.735873885513,-24.39552475958057,0 31.73661864081747,-24.39596577033119,0 31.73727853091232,-24.39629082269634,0 31.73832139177306,-24.39665824834767,0 31.73916208989522,-24.39686709431769,0 31.74005336312017,-24.39699241435534,0 31.74106606787922,-24.3970749347309,0 31.74465361556154,-24.3973270826486,0 31.74531887823038,-24.3974137999938,0 31.74609973823441,-24.39761161920826,0 31.74700333727261,-24.39793481783563,0 31.74765009233867,-24.39823698722899,0 31.74837010847676,-24.3986343328611,0 31.75048487516555,-24.39981692771998,0 31.75092355629103,-24.40006362866011,0 31.75159331854525,-24.40038183185238,0 31.75207704516799,-24.40059234313793,0 31.75262621080033,-24.40080860090129,0 31.7532383603316,-24.40102458668461,0 31.75390807888627,-24.40122740032802,0 31.7545595927632,-24.40138741411391,0 31.75534730091826,-24.40154750283402,0 31.75616103846399,-24.40169082845243,0 31.76080588951314,-24.40241852764752,0 31.76314479680326,-24.4027886006557,0 31.76500601760912,-24.40307867574255,0 31.76562913924025,-24.40318219669319,0 31.76659028580435,-24.40325961703466,0 31.76741978067338,-24.40329502883091,0 31.76823168109763,-24.40326830916489,0 31.76922945515395,-24.40318198007709,0 31.77251938686129,-24.40273270169188,0 31.77367501066606,-24.4025903375041,0 31.77441194137058,-24.4025494662937,0 31.77487092242291,-24.40255395217397,0 31.77578692274804,-24.40264386487532,0 31.77644536173781,-24.40277662024723,0 31.7772506142733,-24.40301010204862,0 31.77792509988426,-24.40328417472383,0 31.77846936701545,-24.40354585207226,0 31.77993273796928,-24.40440659912084,0 31.78041455512915,-24.40462566500925,0 31.78092716224732,-24.40479677236907,0 31.7813887595279,-24.40488848514695,0 31.78202932372577,-24.40492953417231,0 31.78311991477772,-24.404892660284,0 31.78349201188639,-24.40487284073387,0 31.78396449232621,-24.40489593481999,0 31.78439668582704,-24.40495243845984,0 31.78486805992877,-24.40507167764596,0 31.78616086242307,-24.4055872411918,0</coordinates></LineString>
</Placemark>
<Placemark>
  <name>H7 - Opren to Satara</name>
  
  <styleUrl>#style_MAIN_ROADS</styleUrl>
  <Point><coordinates>31.53948298793713,-24.40641652956633,0</coordinates></Point>
</Placemark></Folder><Folder><name>H9 - Phalaborwa to Letaba</name><Placemark>
  <name>H9 - Phalaborwa to Letaba</name>
  
  <styleUrl>#style_MAIN_ROADS</styleUrl>
  <LineString><tessellate>1</tessellate><coordinates>31.16539839897738,-23.94572658840209,0 31.16910822861843,-23.94573952778022,0 31.16980888570975,-23.94566155088103,0 31.17077653719149,-23.94530091293901,0 31.17148628577535,-23.94479810848596,0 31.17188893389838,-23.94431053670934,0 31.17239322173871,-23.94346680627126,0 31.17284114184843,-23.94282440540867,0 31.17357666892584,-23.94213920557282,0 31.17433457372815,-23.94170714467053,0 31.17526591381666,-23.94139574315894,0 31.17625393654889,-23.94125775288443,0 31.17711163881478,-23.94118024542301,0 31.17816745341067,-23.94098324881815,0 31.17928687749053,-23.94067007673782,0 31.18033785632095,-23.94026335264827,0 31.1811688196755,-23.93985081137408,0 31.18236832543641,-23.93907244634404,0 31.18519197422999,-23.93690287195791,0 31.18604892683361,-23.9363419233946,0 31.18706524239818,-23.93579779987265,0 31.18847591021596,-23.93522727078752,0 31.1900878380047,-23.93481474886266,0 31.19157828869677,-23.93463312932711,0 31.19304505171322,-23.93463246201439,0 31.19420618749448,-23.93473204565247,0 31.19559847876569,-23.93499233603614,0 31.19701219700183,-23.93537578887231,0 31.19799732613128,-23.9355794179959,0 31.19931870578427,-23.93571280326897,0 31.20080241043516,-23.93570018212407,0 31.20169217313218,-23.93556972222908,0 31.20329254541629,-23.93520721363295,0 31.20426445207603,-23.93485304387745,0 31.20542469718879,-23.93428467113217,0 31.2061478146756,-23.93382497789835,0 31.20706162137157,-23.93313802502541,0 31.20796494253444,-23.93231699370577,0 31.20969419977307,-23.93053911461847,0 31.21026651269444,-23.92999980762875,0 31.21089798437353,-23.92951092167603,0 31.21184119184422,-23.92888298766875,0 31.21300558191592,-23.92828710963728,0 31.21394970316318,-23.92792077876346,0 31.21510182676678,-23.92758362096563,0 31.21626846269534,-23.92735478908254,0 31.21731515190093,-23.92725310900911,0 31.21833108853639,-23.92724937667389,0 31.219590529661,-23.92732530684105,0 31.22056361376919,-23.92734237386458,0 31.22173756627819,-23.92728606127798,0 31.22274272444689,-23.92711937223236,0 31.22403532609769,-23.92681311680438,0 31.22584792329472,-23.92611988310413,0 31.22696173826604,-23.92551370743647,0 31.22812995419763,-23.92468980278002,0 31.23081208425748,-23.92267398679069,0 31.23169056312597,-23.9220486591158,0 31.2324287527666,-23.92154795857314,0 31.23334593949807,-23.92105657656671,0 31.2344511584679,-23.92052080233003,0 31.23607415510629,-23.91985360617624,0 31.23756610096765,-23.91937147314747,0 31.23914025802257,-23.91899604373559,0 31.24020043161405,-23.91881844232004,0 31.2412333626909,-23.91870689314101,0 31.24240735687869,-23.91861707830405,0 31.24384386589033,-23.9186160596794,0 31.24514801985839,-23.9186808485841,0 31.24636157768028,-23.91877052758328,0 31.24770826089175,-23.91878000861259,0 31.24898035420102,-23.91870989848183,0 31.25017967487599,-23.91858303839116,0 31.25196893174931,-23.918289848223,0 31.25275998077855,-23.91820327650092,0 31.25343315010793,-23.91817172577312,0 31.25410755368141,-23.91819086212852,0 31.25494668021543,-23.91826845684466,0 31.25543344678673,-23.91834949887021,0 31.2566750282072,-23.91857278720451,0 31.25734206090056,-23.91866832910602,0 31.2580144169906,-23.91870193007295,0 31.2588611148805,-23.91870059442194,0 31.25968811922213,-23.91861318416645,0 31.26032080379762,-23.91852006333214,0 31.26284012509318,-23.91808831000236,0 31.26336109486508,-23.91801484383821,0 31.26401977699037,-23.91796744300891,0 31.26453857329001,-23.91800156798394,0 31.26504004101469,-23.91807348653642,0 31.26556344108492,-23.91819684282028,0 31.26620390589454,-23.91843267716721,0 31.26663649818244,-23.91865924942701,0 31.26720209173573,-23.91903352981067,0 31.26945774373905,-23.920879786778,0 31.26966599664601,-23.92102755023755,0 31.27004949670328,-23.92126846993797,0 31.2708807232372,-23.92162704590317,0 31.27151041025293,-23.92179433762458,0 31.27215741516154,-23.92186420421511,0 31.27295822089333,-23.92183921536811,0 31.27367827891919,-23.9216840282042,0 31.27416717981204,-23.92150841990235,0 31.27798563072181,-23.92003826960289,0 31.27847120747066,-23.91989043085554,0 31.27893562066362,-23.91978512866975,0 31.27938711824126,-23.91971248798372,0 31.27982046705881,-23.91966723306273,0 31.28034146117532,-23.91962706359743,0 31.28077949453598,-23.919632732437,0 31.28123185952669,-23.91966601679487,0 31.28186732251794,-23.91973650928516,0 31.28228395116876,-23.91982123148826,0 31.28274174080622,-23.91993324322438,0 31.28339079646901,-23.92015382598622,0 31.28404979872695,-23.92042322090946,0 31.28486842561925,-23.9207824574978,0 31.28550020415737,-23.92095947204643,0 31.28600202277511,-23.9210680629961,0 31.28646592122057,-23.92113850664305,0 31.2869981586883,-23.92117513816771,0 31.28778615587917,-23.92118291726095,0 31.2882956091149,-23.92112137282444,0 31.28884577695309,-23.92102723133709,0 31.29169575550722,-23.92039867434631,0 31.2921465539053,-23.92032749236471,0 31.292759909285,-23.92024875703659,0 31.29331778844979,-23.92023053710362,0 31.29386363464167,-23.92025124724394,0 31.29457017618844,-23.92036494332186,0 31.29567500928575,-23.92068990961075,0 31.29626254252299,-23.9208776521125,0 31.29670884323852,-23.92099745433505,0 31.297322964925,-23.92114249543802,0 31.29794143336734,-23.92125373659145,0 31.29871552525505,-23.92133622362678,0 31.29950280449167,-23.92138325484236,0 31.30005215584678,-23.92138622307641,0 31.3008611410978,-23.92133280990407,0 31.30138342087383,-23.92129479252864,0 31.30181121341998,-23.92125483307375,0 31.30240489722822,-23.92123932064562,0 31.30321825571496,-23.92129925931804,0 31.30379884204719,-23.92137112526241,0 31.30429547467659,-23.92146876085813,0 31.30489577990067,-23.92162952729542,0 31.30543073385277,-23.92179704071021,0 31.30599138649994,-23.92203764557643,0 31.30655496532577,-23.92231769976273,0 31.30728990014369,-23.92276738185394,0 31.30800694659862,-23.92332199152731,0 31.30864672899232,-23.92394643273926,0 31.30930179305516,-23.92465938331043,0 31.30964209015011,-23.9249862891388,0 31.31019633289772,-23.92534318539352,0 31.31046538435082,-23.9254830096396,0 31.31104167915334,-23.9257329771454,0 31.31166519058678,-23.92587888504944,0 31.31247453740065,-23.92595966183388,0 31.31326691238823,-23.92591629173719,0 31.31389718974764,-23.9257704794913,0 31.31463901500686,-23.92547412111431,0 31.31522602914703,-23.9251495186496,0 31.31587263112055,-23.92481638808881,0 31.3165623848425,-23.92451830353157,0 31.31705107533345,-23.92434625465565,0 31.31762736936125,-23.92417046139678,0 31.31847499855484,-23.92400261583017,0 31.31919431371587,-23.92390050013666,0 31.31976318793159,-23.92387379216418,0 31.32050518229638,-23.92387285951912,0 31.3216235350898,-23.92396617380571,0 31.3226420581921,-23.92418281662015,0 31.32313526565706,-23.92431640244887,0 31.32368097285963,-23.92446730982183,0 31.32456940854891,-23.92470796785928,0 31.32597561118268,-23.92502562316633,0 31.32647833662941,-23.92512376404438,0 31.32779612686143,-23.92532580153765,0 31.32894330163109,-23.92544766920499,0 31.33065192244116,-23.92557199888086,0 31.33147205869681,-23.92562218980161,0 31.33209449646644,-23.92569354995079,0 31.33297783400124,-23.92584241882276,0 31.33419621586651,-23.92613122399138,0 31.33528943808467,-23.92647080074593,0 31.33643802626455,-23.92693796086864,0 31.33727993750136,-23.92732603105035,0 31.33808768964581,-23.92776257969324,0 31.33895212524963,-23.92830700847471,0 31.3400454101721,-23.92908969344051,0 31.34059164916004,-23.92941711249764,0 31.34138148792895,-23.92974862678107,0 31.34204709183201,-23.92993384453434,0 31.34270256597013,-23.93005219423066,0 31.34316476171647,-23.93006959707844,0 31.34665385253286,-23.92997647741537,0 31.34722719627933,-23.92994376160971,0 31.34808259608025,-23.92986141260095,0 31.34890343609383,-23.92974882993854,0 31.35017229185685,-23.92949882006939,0 31.35089894606141,-23.92931032090166,0 31.3518778829579,-23.92901359464111,0 31.3532903256565,-23.92847303193973,0 31.35491805026484,-23.9278183387813,0 31.35586914231853,-23.92748967039546,0 31.35678642687469,-23.92720197955001,0 31.35809922577304,-23.92688332594214,0 31.35928534809953,-23.92665459432879,0 31.36043423264239,-23.92647528715796,0 31.36185085931426,-23.92635452417823,0 31.36347073716875,-23.92625448609496,0 31.36580900819989,-23.92612675849273,0 31.36761996313255,-23.92597428740847,0 31.36940489416507,-23.9257471637281,0 31.37146782108455,-23.92538452715536,0 31.3724469650963,-23.92526644473688,0 31.37311788710983,-23.9252217406095,0 31.37382500246484,-23.92523908648872,0 31.37459003548375,-23.92531089710527,0 31.37534146778999,-23.92542938610111,0 31.37628837312498,-23.92566581227282,0 31.37673314974954,-23.92580882073053,0 31.3772332254235,-23.92598961396785,0 31.37773055504148,-23.92620556634897,0 31.37809016282809,-23.92638030419313,0 31.37956423501225,-23.92721221733187,0 31.38021602197023,-23.92758121323788,0 31.38086182763473,-23.92792623542526,0 31.38143460627018,-23.92815852404216,0 31.38216829717977,-23.92836209539878,0 31.38313761833407,-23.9285014641631,0 31.38390124539404,-23.9284990745107,0 31.38456998940628,-23.92841081140585,0 31.38514418006556,-23.92829908856933,0 31.38571459646048,-23.92812029718367,0 31.38825294866109,-23.92711204221799,0 31.38869878051744,-23.92698050224803,0 31.38920587596718,-23.92686747942722,0 31.38964175758837,-23.92679066722517,0 31.39001227836882,-23.92674054968364,0 31.39054479114562,-23.92670854461809,0 31.39105111535329,-23.92669739781491,0 31.39146355901761,-23.92671456831611,0 31.39189954574085,-23.92675518451017,0 31.39249862342761,-23.92683861933658,0 31.39310371069082,-23.92697758790932,0 31.39393239178185,-23.92724771120358,0 31.39480925924263,-23.92766326959758,0 31.39579185225275,-23.92823935866938,0 31.39655305165738,-23.92869038965725,0 31.3970880545751,-23.92894238799053,0 31.39751414118928,-23.92913527833315,0 31.39814627696278,-23.92933019303672,0 31.39871618646705,-23.92948468444786,0 31.39941545250093,-23.92959077925849,0 31.40003883585468,-23.92964783801309,0 31.4007419234825,-23.92965549377239,0 31.40180236267398,-23.92954974609365,0 31.40234799098733,-23.92944725252658,0 31.40328563852716,-23.92916765783513,0 31.40373168523483,-23.92900931841215,0 31.40451181550556,-23.92861873610531,0 31.40524872293421,-23.92815862999139,0 31.40619120922499,-23.92756382784297,0 31.40698666470595,-23.92710792266873,0 31.40744063498437,-23.92688539978149,0 31.40788440585798,-23.92667403857412,0 31.40860869750123,-23.9263747261761,0 31.40905158881083,-23.92621894465199,0 31.41001889671289,-23.92593143374062,0 31.41061802218752,-23.92579581973332,0 31.41164926953294,-23.92560415210508,0 31.41214337305608,-23.9255319062522,0 31.41322431952885,-23.92546040900934,0 31.41405753738618,-23.92544110531879,0 31.4148085398315,-23.92547369123525,0 31.4172253765332,-23.92559136935904,0 31.41777367193556,-23.92560998010717,0 31.41880268861702,-23.92552461688159,0 31.41947380166312,-23.92538395769152,0 31.42036238239899,-23.92508816607637,0 31.42109066400295,-23.9247693102294,0 31.42152263761843,-23.92448984136523,0 31.42229948451073,-23.92393726937421,0 31.42292104572954,-23.92333605136916,0 31.42346634883164,-23.92265061363606,0 31.42383350370604,-23.92202623967998,0 31.426143990885,-23.91742736805521,0 31.42654081497433,-23.91677370414559,0 31.42709475214196,-23.91601040254014,0 31.42754432316559,-23.9155032943481,0 31.42802427858186,-23.9150401949528,0 31.42864383218484,-23.91453334285825,0 31.42927081127171,-23.91409494762301,0 31.42968852972264,-23.91385388633844,0 31.43034382794167,-23.91353092828964,0 31.43092356566359,-23.91328732511423,0 31.43148821367778,-23.91308350521693,0 31.43204731503501,-23.91291807774169,0 31.43254955489865,-23.91279571137582,0 31.43318597551542,-23.91268084325889,0 31.43392626280513,-23.91260108669776,0 31.43448192415356,-23.91260225226656,0 31.43516230506209,-23.91261458418981,0 31.43590189499105,-23.91268124798198,0 31.4366509156065,-23.91281181050209,0 31.4373629274833,-23.91299262733857,0 31.43896411934164,-23.91344921448171,0 31.43960244745369,-23.91362974798562,0 31.44013291499328,-23.91371739198803,0 31.44076500851359,-23.91373706272873,0 31.44132810808391,-23.91369457888685,0 31.44204988745068,-23.9135454617469,0 31.44278024610671,-23.91329261898627,0 31.44308010853866,-23.91315680441,0 31.44571636891434,-23.91185926334035,0 31.44619973754864,-23.91165676206097,0 31.44688160087112,-23.91143557768224,0 31.44767526748767,-23.91124006395314,0 31.44868206675586,-23.91111644639521,0 31.4495831248973,-23.91107839253761,0 31.45034029974608,-23.9111122056932,0 31.45120846169072,-23.91123168582806,0 31.4521792817514,-23.91146519403725,0 31.45296490746666,-23.91173907411909,0 31.45383833299582,-23.91212856217602,0 31.4543991165402,-23.91244188911819,0 31.45499136581548,-23.91285122113471,0 31.45552182690462,-23.91326168045599,0 31.45621694040102,-23.91393568117076,0 31.4566178422573,-23.91438544348232,0 31.46068842402147,-23.91900255476137,0 31.46121989554043,-23.91954784283937,0 31.46173441968628,-23.91998986461802,0 31.462492158137,-23.92054205759313,0 31.46347409423635,-23.9211173516513,0 31.46451202009218,-23.92157623872429,0 31.46513058360269,-23.92179072108811,0 31.46875656458176,-23.92294480663789,0 31.46923253587514,-23.92311487983971,0 31.469671006916,-23.92328875042373,0 31.47024594902439,-23.92355222453846,0 31.47089046038554,-23.92390600726792,0 31.4712469678587,-23.92411868446263,0 31.47165143482776,-23.92440180143466,0 31.47210328595987,-23.92475686230196,0 31.47249111648103,-23.92508176464279,0 31.47309141067504,-23.92566255158121,0 31.47553478922719,-23.92811670877837,0 31.47599674783036,-23.92852157755538,0 31.4765261740726,-23.928925782243,0 31.47705417556868,-23.92928704811925,0 31.47806233353494,-23.9298369268268,0 31.4790534296676,-23.93025992720507,0 31.47993212695226,-23.93054700654144,0 31.48132546656932,-23.93083478092295,0 31.48291675941837,-23.93094721954191,0 31.483556841485,-23.93093050662673,0 31.48612362003966,-23.93087794095918,0 31.48676633289954,-23.93090705574503,0 31.48746416947968,-23.93097783611957,0 31.48822656312509,-23.93114032956986,0 31.48884678831536,-23.93133586578707,0 31.49305182233792,-23.93265316532035,0 31.49344253045836,-23.93276657807327,0 31.49388303641853,-23.9328505588851,0 31.4942319302972,-23.93286842401041,0 31.49486465018464,-23.93281047165196,0 31.4952564211571,-23.93269745996181,0 31.49556081746189,-23.93257856528135,0 31.49585162872561,-23.93240433218374,0 31.49630590808287,-23.93206749817395,0 31.49662815967409,-23.9317179660702,0 31.50091967038352,-23.92631674793573,0 31.50125435256269,-23.92586974815588,0 31.50178868130178,-23.92534631191529,0 31.50234434360585,-23.92492769390805,0 31.50284734462099,-23.92468060563476,0 31.51423186750068,-23.92027414974472,0 31.51476126939394,-23.92009313035053,0 31.51552749053134,-23.91986805061356,0 31.51624800950679,-23.91974504399791,0 31.51716220486796,-23.91965177368337,0 31.51834455050419,-23.91968873850734,0 31.51923731352702,-23.91981220807791,0 31.51988627334794,-23.91998733021404,0 31.52396637404037,-23.92116526339551,0 31.5246271915726,-23.92133547712447,0 31.52527005535683,-23.92140542811315,0 31.52608395496148,-23.92135262346747,0 31.52679743819775,-23.92116490815326,0 31.52755339245211,-23.92080565123848,0 31.52802671779283,-23.92048815302469,0 31.52836754281085,-23.92015432916406,0 31.52866049261929,-23.91979944335106,0 31.52897549269529,-23.91928271765528,0 31.52997924047243,-23.91698464843222,0 31.53039107472597,-23.9161496539967,0 31.530809357208,-23.91546085926259,0 31.53131937236994,-23.91471408622719,0 31.53153228739843,-23.91442392336438,0 31.53197863118442,-23.91388248990935,0 31.53268425503479,-23.91311714874533,0 31.53310912042248,-23.91272447705017,0 31.53412703649915,-23.91176648892545,0 31.53456727757573,-23.91130960261556,0 31.53495203343122,-23.91088149824662,0 31.53531949024836,-23.91041353261111,0 31.53576279988319,-23.90975301062976,0 31.53606104835633,-23.9091868231106,0 31.53630564692432,-23.90866540133428,0 31.53687516328223,-23.90732343416773,0 31.53732263615758,-23.90625243099434,0 31.53770824479953,-23.90547866851665,0 31.53800101813232,-23.90494114121974,0 31.5384451911005,-23.90425698010839,0 31.53985865916841,-23.90208170900424,0 31.54044059257104,-23.9011680592452,0 31.5406735751138,-23.90074148299271,0 31.5408286301065,-23.90032439508329,0 31.54099827693663,-23.8998207812724,0 31.54110585243941,-23.89925764450018,0 31.54113782537063,-23.89868545656664,0 31.54112786562459,-23.89811337775092,0 31.5410597709107,-23.89756108671858,0 31.5409277803758,-23.89702365415441,0 31.54058406354466,-23.89566826806771,0 31.54018326407019,-23.8941024532812,0 31.54006686156152,-23.89355136930884,0 31.53998219764051,-23.89294199051312,0 31.53997555595418,-23.89219907908705,0 31.54003403407017,-23.89161931472112,0 31.54013666956815,-23.8911240434833,0 31.54030291115557,-23.8905904360669,0 31.54054890640598,-23.89001204985964,0 31.54076141616807,-23.88961498205552,0 31.54247529521107,-23.88649585342823,0 31.54269204474581,-23.88596766921536,0 31.54281894475277,-23.88549895889014,0 31.5429169181675,-23.88481255908462,0 31.54296173243629,-23.88402975135534,0 31.54296689987623,-23.88312650654131,0 31.54301052612011,-23.88210775609119,0 31.54304541666553,-23.88143114007987,0 31.5431698945528,-23.88078730577061,0 31.54334000306831,-23.88029048187718,0 31.54366286934251,-23.87956544246072,0 31.54398777140617,-23.8790919544638,0 31.54446455152748,-23.87850234712612,0 31.54501519219758,-23.87798791350136,0 31.5468617819119,-23.87662659113847,0 31.54776276561039,-23.87593143282156,0 31.54824502827144,-23.87549249452045,0 31.54867815048883,-23.87500375695937,0 31.54905459134777,-23.87449510611945,0 31.54938917455213,-23.87397285714052,0 31.54967299542464,-23.87338895309497,0 31.54998064073097,-23.87262045499242,0 31.55029644378168,-23.87168999929226,0 31.55067502523261,-23.87060102030544,0 31.55084999075202,-23.87010270749021,0 31.55109926683863,-23.86945028319487,0 31.55123751991698,-23.86917657645161,0 31.55147274137786,-23.86874841371174,0 31.55170666502048,-23.86840084713623,0 31.55205257904393,-23.86800194077555,0 31.55249576519119,-23.8675258408294,0 31.55282535612861,-23.86724449456974,0 31.55644978850432,-23.86412895011961,0 31.55691195425037,-23.86371658358477,0 31.55722735506583,-23.86342279993509,0 31.55761561339442,-23.86299198469577,0 31.55802933707776,-23.86250877352579,0 31.55838973539515,-23.861995449041,0 31.55870846960006,-23.86147948918648,0 31.56006438020023,-23.85871750549993,0 31.56038496429309,-23.85820446073156,0 31.5606676304806,-23.8578195537922,0 31.56105372876066,-23.8573996242228,0 31.56141335870349,-23.85704142540315,0 31.56204931882526,-23.85651792625581,0 31.56253083125652,-23.85622742245835,0 31.56338064571833,-23.85579219634021,0 31.56442496549564,-23.85545219009772,0 31.56537223676281,-23.8552776201934,0 31.5662474442868,-23.85523403700665,0 31.56673000532345,-23.85524984440229,0 31.56840554237356,-23.85542871245797,0</coordinates></LineString>
</Placemark>
<Placemark>
  <name>H9 - Phalaborwa to Letaba</name>
  
  <styleUrl>#style_MAIN_ROADS</styleUrl>
  <Point><coordinates>31.36083967304922,-23.92642947685008,0</coordinates></Point>
</Placemark></Folder><Folder><name>S1 - Phabeni to Skukuza</name><Placemark>
  <name>S1 - Phabeni to Skukuza</name>
  
  <styleUrl>#style_MAIN_ROADS</styleUrl>
  <LineString><tessellate>1</tessellate><coordinates>31.24181720577706,-25.02496698711381,0 31.2421637368945,-25.02480260963395,0 31.24298568637524,-25.02429165645022,0 31.24345832404936,-25.02408615227726,0 31.24405493523917,-25.0239437719128,0 31.24478697230197,-25.02395966516659,0 31.24522838575484,-25.02407508720905,0 31.24563072815376,-25.0242466874619,0 31.24594303764765,-25.02443766417804,0 31.24725545141917,-25.02549910345951,0 31.24749032823864,-25.02564365350253,0 31.24779764290244,-25.02582915367893,0 31.24823128201941,-25.02599145566303,0 31.24869038002674,-25.02612799900007,0 31.24919676328756,-25.02624340910401,0 31.24963076571614,-25.0263698852678,0 31.24993469703663,-25.02646761931971,0 31.25020577342199,-25.02660147935732,0 31.25057086961451,-25.02683714666286,0 31.25173864943755,-25.0275424320344,0 31.25204692643326,-25.02769851941401,0 31.25259169648855,-25.0279441797591,0 31.2529460830546,-25.02809346977336,0 31.25348229091559,-25.028292628529,0 31.25394436549459,-25.02841843518513,0 31.25444199047709,-25.02855512532361,0 31.25491189741242,-25.02865914993521,0 31.25533416794735,-25.02872948352852,0 31.25577235750076,-25.02878025942587,0 31.25614093634189,-25.02881529218336,0 31.25650137326885,-25.02883934200657,0 31.25691074047972,-25.02884044607077,0 31.25721997167677,-25.02884182406095,0 31.25768150164745,-25.02881976256843,0 31.25797556665831,-25.02878880085415,0 31.25833480161076,-25.02874626622684,0 31.25872622911179,-25.02868430990943,0 31.25915405577287,-25.02860226961014,0 31.25949573834838,-25.02853557155316,0 31.25986214407146,-25.02844876267243,0 31.26017338034598,-25.02836544135656,0 31.26052492464958,-25.02828208675346,0 31.26083976787675,-25.02822646678989,0 31.26128288167235,-25.0281606554835,0 31.26182507245272,-25.02809835602582,0 31.26230456285886,-25.02805780572918,0 31.26308817384068,-25.02803554430422,0 31.26353610012713,-25.02805295623503,0 31.26414568639275,-25.0281069428195,0 31.26466826623815,-25.02816529060937,0 31.2651055437635,-25.02823535751401,0 31.27052998351353,-25.02915381936554,0 31.27086680713911,-25.02919554228363,0 31.27129431361112,-25.02920329179853,0 31.27164578558072,-25.02915820871168,0 31.27194388481154,-25.02910288346276,0 31.27220044703326,-25.02902702591108,0 31.27348828688425,-25.02854098402052,0 31.27366608292759,-25.02848263709444,0 31.27390781791364,-25.02841739209735,0 31.27421732223531,-25.02835492756923,0 31.27458791387445,-25.02832319163533,0 31.27487164874795,-25.02832362569124,0 31.27521026981837,-25.02835427188957,0 31.27554370656053,-25.02840967310493,0 31.27575575824882,-25.02846144372949,0 31.27600583139227,-25.02853548707002,0 31.27624102479472,-25.02862839323186,0 31.27649884006591,-25.02874791929172,0 31.28034260499334,-25.03057924070204,0 31.28055323535849,-25.03066244905592,0 31.280830527388,-25.03075804960128,0 31.28122556093736,-25.03085085871815,0 31.28157089107001,-25.03089461217782,0 31.2819789063191,-25.03090556277736,0 31.28227988273173,-25.0308849167772,0 31.28446791445853,-25.03048342781037,0 31.2846897112063,-25.03044776395592,0 31.2850105374592,-25.03042124959158,0 31.28526736593799,-25.03041149360088,0 31.28561120493177,-25.0304080098507,0 31.28595091110537,-25.03041025709145,0 31.28634456268519,-25.03044515122941,0 31.28667192380122,-25.03048724649026,0 31.2917675889485,-25.03142406951325,0 31.29217641698529,-25.03148687520837,0 31.29248987001887,-25.03153599280527,0 31.29292134857188,-25.03157853848457,0 31.29350119785457,-25.03158666587884,0 31.29395794835989,-25.03158057219476,0 31.29490292893384,-25.03145472145162,0 31.29578570410262,-25.03125880953213,0 31.29687314456352,-25.03085785912982,0 31.29764435169186,-25.03047918174063,0 31.29942910582408,-25.02956476121436,0 31.29987797714767,-25.02938169826043,0 31.30038626318635,-25.02922215728425,0 31.30104789777003,-25.02909501054498,0 31.30161951325244,-25.02906161018015,0 31.30240206131949,-25.02908313209111,0 31.30571938116707,-25.02932851798509,0 31.30646113315452,-25.0292594981407,0 31.30724848596992,-25.02905151955425,0 31.30779063437455,-25.0288005581297,0 31.30908901279905,-25.02806509453138,0 31.3094509696701,-25.0279332225153,0 31.30984858695988,-25.02783065531719,0 31.31040157921866,-25.0277394922252,0 31.3109092614469,-25.02773295861644,0 31.31167581513331,-25.02781113961314,0 31.31227206975514,-25.02799319790308,0 31.31295795547996,-25.02830665935517,0 31.31485447907165,-25.02939588305098,0 31.31530200056469,-25.02962884369058,0 31.31580592449538,-25.02983437957063,0 31.31649514046847,-25.03006287764276,0 31.31711222595762,-25.03014364952858,0 31.31785605310939,-25.03017051464753,0 31.3185532239787,-25.03009350671677,0 31.31939864652787,-25.02988171080793,0 31.32018817342385,-25.02954878869012,0 31.32067186219826,-25.02922099827989,0 31.3221975174659,-25.02816008941927,0 31.32257822726469,-25.02795712018271,0 31.32305252492892,-25.02776810439499,0 31.32357776384186,-25.02758979433823,0 31.324994274385,-25.0272298747691,0 31.32558106867722,-25.0270245207698,0 31.32632398352364,-25.02665626673117,0 31.32671155788676,-25.02641642684168,0 31.32979651333977,-25.02420815933445,0 31.33029441469306,-25.02390899994357,0 31.33066045143562,-25.02373759541624,0 31.33105397983952,-25.02359013370094,0 31.33165082921157,-25.02342388551674,0 31.33219198033642,-25.02331489044004,0 31.3325666226059,-25.02325884115209,0 31.33590880108353,-25.02290699305199,0 31.33640945152754,-25.02289132405494,0 31.33698375267951,-25.02295903304431,0 31.33764176088494,-25.02314231195243,0 31.33810987589813,-25.0233507822785,0 31.3392591190573,-25.02412927763881,0 31.33958549088373,-25.0243133037796,0 31.33999145191924,-25.02448322622002,0 31.34058860899674,-25.02467764844765,0 31.3411766321398,-25.02481219055109,0 31.34202049456985,-25.02501555685531,0 31.34279624227411,-25.02532268818424,0 31.34336537058407,-25.02565165059557,0 31.34452996040293,-25.02640288440411,0 31.34519168507888,-25.0267944927139,0 31.34587445310584,-25.0271742875568,0 31.3466106066473,-25.02752803512262,0 31.34749481865588,-25.02790358503583,0 31.35139189774467,-25.02945429819678,0 31.3517614933316,-25.02955836606586,0 31.3523163892291,-25.02966805416081,0 31.35290697590778,-25.02970365573738,0 31.35335371563908,-25.02967348860587,0 31.35378948640688,-25.02960492679986,0 31.35633258700632,-25.0288349973432,0 31.35664526253487,-25.02877158882626,0 31.35701898408589,-25.02869951544993,0 31.35745522302225,-25.02867800226973,0 31.35805569096961,-25.02866923630521,0 31.35847634539564,-25.02868698904228,0 31.36050208744681,-25.02889337404476,0 31.36115247066567,-25.02893563968315,0 31.36173979455343,-25.02892336383814,0 31.36216950608123,-25.0288945127513,0 31.36254770950441,-25.02885326487538,0 31.36417479959801,-25.02861690356042,0 31.36456090751128,-25.028561299115,0 31.36513393639797,-25.02853496405136,0 31.36561222869784,-25.02852890719854,0 31.36605391299468,-25.02854628647188,0 31.36653947316381,-25.028591699345,0 31.36703887770476,-25.02867678680073,0 31.36754095439058,-25.02873355242457,0 31.36805763919478,-25.02872491513086,0 31.36849026854263,-25.02865872646542,0 31.36891798395979,-25.02852619515151,0 31.37080190658449,-25.02764767610347,0 31.37110221944189,-25.0275177849104,0 31.37145407664293,-25.02741246119768,0 31.3718006091259,-25.02731849877294,0 31.37226491124697,-25.02722205879947,0 31.37265239990169,-25.02715408112277,0 31.37307638631385,-25.02711288088758,0 31.37353865015975,-25.02709551191665,0 31.37409672921362,-25.02709029527732,0 31.37456506252993,-25.02712941450826,0 31.37511059359195,-25.02720490760157,0 31.37555567851159,-25.02727992767486,0 31.37606995182937,-25.02740068414736,0 31.37667546902873,-25.02753160076641,0 31.37783093237565,-25.02781292921193,0 31.37820366165943,-25.02788142359346,0 31.37852831730345,-25.02789869340144,0 31.3789082132622,-25.02788224549786,0 31.37932622286052,-25.02780691722257,0 31.37974326799212,-25.02767689746482,0 31.38011590465542,-25.027499441247,0 31.38012984309546,-25.02749944588641,0 31.38041831257838,-25.02729573510836,0 31.38066590691283,-25.02710377420382,0 31.38084897541263,-25.02690299126823,0 31.38205325585796,-25.02535877406897,0 31.38228110385664,-25.02513013767694,0 31.38261940171561,-25.0248499023228,0 31.38298158235765,-25.02459669036473,0 31.38345422577737,-25.02435847182506,0 31.38381195551606,-25.02421082120043,0 31.38418139196564,-25.02410325717603,0 31.38418138904275,-25.0240989938783,0 31.38449130567939,-25.02404679475954,0 31.389121445511,-25.02326066964964,0 31.3895020803262,-25.02316940441647,0 31.38990176310731,-25.0230304011032,0 31.3901837299506,-25.02289746308062,0 31.39044384599994,-25.02274867645927,0 31.39085611355174,-25.0224405015858,0 31.39111753957091,-25.02226484220303,0 31.39148661126098,-25.02208639329951,0 31.39188659650383,-25.02197200007326,0 31.39218251342679,-25.02192733697449,0 31.39257417298054,-25.02192004836959,0 31.39414443744746,-25.02200675369337,0 31.39454609697775,-25.02199469012498,0 31.39492039363174,-25.02197866212098,0 31.39523511611252,-25.02194802301256,0 31.39557807943542,-25.02190346321799,0 31.39590258640168,-25.02185496059703,0 31.39627102845022,-25.02175019611358,0 31.3974742864364,-25.02141174273853,0 31.39777639787544,-25.02134367812139,0 31.39813303782334,-25.02127143344861,0 31.3986434846696,-25.02117067546294,0 31.39899927985031,-25.02110981475203,0 31.39944776471565,-25.02105265265147,0 31.4035734103217,-25.02058287946652,0 31.40430756739417,-25.02053696318562,0 31.40494738619152,-25.0205194519183,0 31.40593010197514,-25.0205779464811,0 31.40633090178213,-25.02059671202388,0 31.40675065278175,-25.02056776688729,0 31.40720249133606,-25.02048064766198,0 31.40760582423092,-25.02035448681118,0 31.40795262724119,-25.02022298522183,0 31.40824246909569,-25.02006351070843,0 31.41130884622358,-25.01815784529164,0 31.4117559371816,-25.01788146310008,0 31.41216706144587,-25.01767846452645,0 31.41251652404871,-25.01749728384372,0 31.41302771808998,-25.01727113426104,0 31.41356977739884,-25.01704965927807,0 31.41404879915841,-25.01687846419319,0 31.41491057128432,-25.01657936161266,0 31.41526495531128,-25.01648056630834,0 31.41566173123604,-25.01642231914168,0 31.41612311139915,-25.01639072801376,0 31.41655443187609,-25.01639173795702,0 31.41698266843698,-25.01643252483791,0 31.41746065586909,-25.01646065303975,0 31.41796834979631,-25.01645135411335,0 31.41843650334246,-25.01636867412612,0 31.4189767329524,-25.01623917376584,0 31.41932699788762,-25.01609074542946,0 31.41986017418867,-25.01582149471869,0 31.42044925643831,-25.01550111759089,0 31.42118731863903,-25.01513380226897,0 31.42156067393553,-25.01500098164921,0 31.4219175746183,-25.01489344524381,0 31.42246938638448,-25.01483366932419,0 31.42302441036663,-25.01480314856511,0 31.42350073180033,-25.01485237047736,0 31.42702901592291,-25.01523041856741,0 31.42744619551325,-25.01531228138443,0 31.42777691820622,-25.01538440493688,0 31.42810905466703,-25.01548198853786,0 31.42851542406794,-25.01564931362453,0 31.42901099625297,-25.01591252099001,0 31.4295245044739,-25.01621345661758,0 31.42994930341722,-25.0164438837148,0 31.43032873210802,-25.01659102896558,0 31.43085950536689,-25.0167022303429,0 31.43137820195875,-25.01675134770466,0 31.43183345570025,-25.01670967660481,0 31.4322667461161,-25.01660067637748,0 31.43263646330808,-25.01644913735879,0 31.43297171887213,-25.01625040997249,0 31.43345196508045,-25.01588820751949,0 31.43575210555108,-25.01345562110218,0 31.43731584088152,-25.01165817273424,0 31.43786376757726,-25.01111674778307,0 31.43834075664053,-25.01075380318708,0 31.43887131805683,-25.01043156444807,0 31.43961197863469,-25.01007520584687,0 31.44021211368789,-25.0098090839352,0 31.4408975644039,-25.00951788122941,0 31.44171892484754,-25.0093361700895,0 31.44262402519689,-25.00932680552347,0 31.44340711668386,-25.00941847793772,0 31.44418472405345,-25.00957639283933,0 31.44498138882616,-25.00980424276612,0 31.44706011016274,-25.01044670676763,0 31.44766799481027,-25.0106174317752,0 31.44855320161435,-25.01084530624,0 31.44950171014974,-25.01107816580246,0 31.45019013885007,-25.0112557012462,0 31.45107905552523,-25.01153876886757,0 31.45158230782087,-25.01173723396627,0 31.45204434728468,-25.01194288782315,0 31.45256673362512,-25.01212469340159,0 31.45314504773974,-25.0122432799543,0 31.45362484930648,-25.01230491256862,0 31.45542597734949,-25.01235089728895,0 31.45826283657929,-25.01236510154601,0 31.45878793007008,-25.01230427235539,0 31.45924919702148,-25.01219219442336,0 31.45968331756225,-25.01206258942418,0 31.4602882608954,-25.01180685138634,0 31.46098408860208,-25.01148929368483,0 31.46153870284589,-25.01125142477851,0 31.46210052707724,-25.01104528898466,0 31.46256413384092,-25.01088910645786,0 31.46303207521423,-25.01074650318063,0 31.46346288967686,-25.01061651988742,0 31.46409293731496,-25.01040360681503,0 31.46469256207446,-25.01008595745297,0 31.46513350562887,-25.00980428125708,0 31.46878776872757,-25.00660415909126,0 31.469126434272,-25.00637717402142,0 31.46948095832477,-25.00620154944135,0 31.46989520180994,-25.00607146108521,0 31.47032415678824,-25.00598309055807,0 31.47069156321577,-25.0059471078679,0 31.47141844054551,-25.00585524688739,0 31.47239638053623,-25.00563157966694,0 31.4734863083537,-25.00523733713262,0 31.4738647452716,-25.00508777476895,0 31.47451981220821,-25.00487501177367,0 31.47499984875015,-25.00477246112441,0 31.47541541945286,-25.00471407603995,0 31.47592647118795,-25.00467354321671,0 31.47632488401852,-25.00466980277964,0 31.4779521323794,-25.00474385913606,0 31.4784895486053,-25.00469232723729,0 31.47896636033858,-25.00462280360036,0 31.47951835860656,-25.0044899981705,0 31.48011695964291,-25.00431195355993,0 31.48062402733702,-25.00413129665434,0 31.48098534731392,-25.00397385038867,0 31.48133554145784,-25.00378899450613,0 31.48472055688548,-25.00108944479737,0 31.48504240407036,-25.00085677868966,0 31.48566460922325,-25.00045077141469,0 31.48626322509592,-25.00005416494032,0 31.48701049232685,-24.99956444560361,0 31.48762297794829,-24.99912908620153,0 31.48788097170767,-24.99887214608483,0 31.48912094808302,-24.99751814504741,0 31.48944493063893,-24.997203525829,0 31.4898610760879,-24.99693752978457,0 31.49022964145701,-24.99677778599073,0 31.49061440495805,-24.99664126335847,0 31.49276352478749,-24.99633622047884,0 31.49367864238053,-24.99624837942713,0 31.49495422566308,-24.99628394619031,0 31.49670351470196,-24.99607848850476,0 31.49724603766285,-24.99607809005221,0 31.49866496148585,-24.9961659452347,0 31.49920608885946,-24.99613502292544,0 31.50001779505194,-24.9959433570483,0 31.50060966939613,-24.99586297480478,0 31.50359622663635,-24.9955557026417,0 31.50406506149041,-24.99552105461644,0 31.50454288520149,-24.99555802067352,0 31.50490022865577,-24.99563025774365,0 31.50759546165646,-24.99633708183876,0 31.50786178827987,-24.99638962462098,0 31.50939908173776,-24.99651821988108,0 31.50981614459046,-24.99656174212447,0 31.51165717523589,-24.99688751681883,0 31.51210961880402,-24.99694245459671,0 31.51239300997451,-24.99695922581448,0 31.51275992736922,-24.99697175274436,0 31.51335879522886,-24.99694893342568,0 31.5141176295752,-24.99688705775089,0 31.51487739579022,-24.9967148058758,0 31.51540516222612,-24.99656215964653,0 31.51596679113739,-24.99628206476815,0 31.51642175293822,-24.99591595429273,0 31.51683287730749,-24.99542047899354,0 31.51832312530148,-24.99286600066643,0</coordinates></LineString>
</Placemark>
<Placemark>
  <name>S1 - Phabeni to Skukuza</name>
  
  <styleUrl>#style_MAIN_ROADS</styleUrl>
  <Point><coordinates>31.44261918241329,-25.00930777145877,0</coordinates></Point>
</Placemark></Folder></Folder><Folder><name>Gates</name><Placemark>
  <name>Crocodile Bridge Gate</name>
  
  <styleUrl>#style_GATES</styleUrl>
  <Point><coordinates>31.89239081469355,-25.35950856642478,0</coordinates></Point>
</Placemark>
<Placemark>
  <name>Giriyondo Gate</name>
  
  <styleUrl>#style_GATES</styleUrl>
  <Point><coordinates>31.65950075771886,-23.58443412321277,0</coordinates></Point>
</Placemark>
<Placemark>
  <name>Kruger gate</name>
  
  <styleUrl>#style_GATES</styleUrl>
  <Point><coordinates>31.48484,-24.98109,0</coordinates></Point>
</Placemark>
<Placemark>
  <name>Malelane Gate</name>
  
  <styleUrl>#style_GATES</styleUrl>
  <Point><coordinates>31.53224,-25.4623,0</coordinates></Point>
</Placemark>
<Placemark>
  <name>Numbi Gate</name>
  
  <styleUrl>#style_GATES</styleUrl>
  <Point><coordinates>31.19791,-25.15545,0</coordinates></Point>
</Placemark>
<Placemark>
  <name>Orpen Gate</name>
  
  <styleUrl>#style_GATES</styleUrl>
  <Point><coordinates>31.38981838656444,-24.47576448941462,0</coordinates></Point>
</Placemark>
<Placemark>
  <name>Pafuri Gate</name>
  
  <styleUrl>#style_GATES</styleUrl>
  <Point><coordinates>31.04157,-22.39992,0</coordinates></Point>
</Placemark>
<Placemark>
  <name>Phabeni Gate</name>
  
  <styleUrl>#style_GATES</styleUrl>
  <Point><coordinates>31.241813,-25.024971,0</coordinates></Point>
</Placemark>
<Placemark>
  <name>Phalaborwa Gate</name>
  
  <styleUrl>#style_GATES</styleUrl>
  <Point><coordinates>31.16540000000001,-23.94573000000001,0</coordinates></Point>
</Placemark>
<Placemark>
  <name>Punda Maria Gate</name>
  
  <styleUrl>#style_GATES</styleUrl>
  <Point><coordinates>31.00874,-22.73831,0</coordinates></Point>
</Placemark>
<Placemark>
  <name>Pafuri Port Entry</name>
  
  <styleUrl>#style_GATES</styleUrl>
  <Point><coordinates>31.3157186284482,-22.44908892560074,0</coordinates></Point>
</Placemark>
<Placemark>
  <name>H1-9 - Pafuri Gate Road</name>
  
  <styleUrl>#style_GATES</styleUrl>
  <Point><coordinates>31.13392581193114,-22.38713402147672,0</coordinates></Point>
</Placemark>
<Placemark>
  <name>H1-9 - Pafuri Gate Road</name>
  
  <styleUrl>#style_GATES</styleUrl>
  <LineString><tessellate>1</tessellate><coordinates>31.04156498741745,-22.39991316351412,0 31.04293693592861,-22.40015711075073,0 31.04371198993066,-22.40033209351967,0 31.04434608754494,-22.40051768629715,0 31.04499398565207,-22.40070949981157,0 31.04567921296012,-22.40091163138809,0 31.04739075742402,-22.40144084912014,0 31.06093373444369,-22.40560137925527,0 31.06163597864504,-22.40577338667519,0 31.06246537727889,-22.40589709232507,0 31.06351007699768,-22.40596999814448,0 31.06427185773847,-22.40596389174483,0 31.06483558396401,-22.40592533608952,0 31.06597096118257,-22.40572797222553,0 31.06649081929735,-22.40559495478964,0 31.06745570103183,-22.40531608835629,0 31.06878098311252,-22.40495578225831,0 31.06947261694604,-22.40474892976086,0 31.07126591904288,-22.40425551467849,0 31.07350108842183,-22.40362000800484,0 31.07420971248229,-22.40344387020611,0 31.07525983358407,-22.40327635994842,0 31.07588432520277,-22.40320597657967,0 31.07698942248121,-22.40317034616706,0 31.07803534933314,-22.40321834619211,0 31.07884579659394,-22.40330187764565,0 31.07967771228228,-22.40343269028208,0 31.08096951306722,-22.40369774892855,0 31.08166120948001,-22.40384328204497,0 31.08217816320206,-22.40391002037648,0 31.08259187028667,-22.40393457881553,0 31.08357464265481,-22.40393764057431,0 31.08419915210445,-22.40386240108512,0 31.08530505766362,-22.40364107387097,0 31.08590382895783,-22.40353001765865,0 31.08671041727805,-22.40342737230053,0 31.0873964280058,-22.40340000670579,0 31.08815099211957,-22.40343426268091,0 31.08876749405235,-22.40349163410808,0 31.08968970790474,-22.40365896188846,0 31.09027306087641,-22.40381534640424,0 31.09071994077356,-22.40395286796677,0 31.09163302233726,-22.40432360749158,0 31.09238511815082,-22.40472150816944,0 31.09329708801953,-22.40532143344281,0 31.09416994619552,-22.40606909521003,0 31.09474487410502,-22.40668563554714,0 31.09510724565985,-22.40705423639877,0 31.0958187929982,-22.40768361052837,0 31.09646001367975,-22.40814157490546,0 31.09759198133508,-22.40878992262326,0 31.09820056466597,-22.40903859112557,0 31.09908225099939,-22.40934079474114,0 31.09987134322655,-22.40952239494889,0 31.10111874126789,-22.4097014767451,0 31.1018293663367,-22.40971681092268,0 31.10262042275131,-22.40968468040512,0 31.10325266056148,-22.4096133862294,0 31.10414932353559,-22.40942357022765,0 31.10484326454123,-22.40923688665628,0 31.10622644884538,-22.40863749849157,0 31.10685289516106,-22.40829410932511,0 31.10770232094501,-22.40769823132132,0 31.10845459787834,-22.40704890698254,0 31.10891489470455,-22.40655290679768,0 31.10951699473535,-22.40580575859152,0 31.10984080167239,-22.40536080275826,0 31.1101729810264,-22.40498709637308,0 31.11045190969568,-22.40471438580196,0 31.11081524088613,-22.40440862090043,0 31.11126634750911,-22.40410733061952,0 31.11174271305118,-22.40383355353439,0 31.11237574680438,-22.4035638469705,0 31.11291321861348,-22.40340681931478,0 31.11338106504161,-22.40325282974964,0 31.11423661527647,-22.40293238844767,0 31.11464297935114,-22.40273180676454,0 31.11517016885581,-22.40244088967108,0 31.11555328741695,-22.40219053877734,0 31.11611122745945,-22.40176909882831,0 31.1163724293871,-22.40154266800358,0 31.11692271199192,-22.40097071930116,0 31.11721793998899,-22.40062659079358,0 31.11772241557054,-22.39992262595141,0 31.1179288986921,-22.39969380775029,0 31.11827188276323,-22.39931901198401,0 31.11853352554493,-22.39907522948315,0 31.1189586208299,-22.39872924214687,0 31.11953070079272,-22.39832912327668,0 31.1202030832615,-22.39798290916647,0 31.12074143630193,-22.39776680088935,0 31.12139345735148,-22.39756368103885,0 31.12231669930078,-22.39731867314109,0 31.12290174151527,-22.39711240088928,0 31.12384690990582,-22.39669596978593,0 31.12476711361186,-22.39617529891784,0 31.12534040298053,-22.39577551964976,0 31.12599037549251,-22.39522722072206,0 31.12661433391657,-22.39457082221387,0 31.12725850660642,-22.39374785987144,0 31.12781981899293,-22.39279659617491,0 31.12811191926654,-22.39212950943891,0 31.12830347245725,-22.39164513620047,0 31.12859353554732,-22.39099137396366,0 31.12892702957227,-22.39044330557213,0 31.12917606170611,-22.39008464903379,0 31.12945760685135,-22.38973132760976,0 31.12971349588893,-22.38941963882578,0 31.12995379158313,-22.38917385635084,0 31.13035493902192,-22.38882247380661,0 31.13077138737522,-22.38849115686116,0 31.1311620035791,-22.38822508533673,0 31.13179961809363,-22.38785284975613,0 31.13234251384684,-22.38760266160523,0 31.13295740427515,-22.38735471894554,0 31.133607345693,-22.38717814711982,0 31.1345544239792,-22.38700615922373,0 31.13502410920477,-22.38696679985478,0 31.13592840627295,-22.38695784088405,0 31.13654714191764,-22.38700323173475,0 31.13720457822307,-22.38711386993573,0 31.13786324483858,-22.38727500898106,0 31.13838473978307,-22.38744776537675,0 31.13961880591659,-22.38792513615604,0 31.14037288880892,-22.38816724987652,0 31.14112883338813,-22.38833976405863,0 31.1419489885718,-22.38846451977309,0 31.1423321996353,-22.38848691135465,0 31.14278974640659,-22.38851652685836,0 31.14350617667274,-22.3885101872566,0 31.14475494691542,-22.38842003363694,0 31.14526553150722,-22.38838630271244,0 31.14634354903407,-22.3884011732569,0 31.14678583790809,-22.38841754445934,0 31.14736487875952,-22.38846154543731,0 31.14795819713861,-22.38854433162027,0 31.14903563516962,-22.38871432130946,0 31.14964498637056,-22.3887919266554,0 31.15007466846087,-22.38882929350415,0 31.15107966453989,-22.38885255700744,0 31.15181198861415,-22.38884442216888,0 31.15285870271021,-22.38876516594165,0 31.15350723615124,-22.38867876936683,0 31.15393024189785,-22.38860587587193,0 31.15488760226301,-22.38839511240424,0 31.15530507136545,-22.38828919259304,0 31.15584798149829,-22.38812142953103,0 31.15648524656237,-22.38788832494175,0 31.15710143531561,-22.38764074660405,0 31.15792489696421,-22.38725524152546,0 31.15849302250387,-22.3869498838991,0 31.15939971644824,-22.38639156243967,0 31.16006065029434,-22.38603684271381,0 31.16078454436727,-22.38572914542558,0 31.16167237236149,-22.385463836093,0 31.16225372569663,-22.38533685955373,0 31.16275998868475,-22.38527423171314,0 31.16349315804376,-22.38522227976421,0 31.16413019332189,-22.38524130395473,0 31.16497648735418,-22.3853440388844,0 31.16556786886578,-22.38545702464784,0 31.16629562236067,-22.38566049443007,0 31.16712200829771,-22.38599477329215,0 31.16788320843024,-22.38636025518127,0 31.16855113043114,-22.38666079781012,0 31.16935873988668,-22.38692655670617,0 31.17011329606327,-22.38708622874447,0 31.17079110191594,-22.38717957324359,0 31.17148705280999,-22.3872097698779,0 31.17219736337608,-22.38718487782087,0 31.17283249815245,-22.38712296332906,0 31.17375491988185,-22.38694325922216,0 31.17451939927342,-22.38682637305696,0 31.17542028972476,-22.38685601220621,0 31.17619512729341,-22.38697047031771,0 31.17696719530061,-22.38719031651838,0 31.17783609303881,-22.38754299288479,0 31.17891351606193,-22.38827395535998,0 31.17976148697638,-22.38885655242535,0 31.18103204675331,-22.38955309665665,0 31.18195869832924,-22.38997548416756,0 31.18335412823996,-22.39049707737597,0 31.18417503459349,-22.39071714129274,0 31.18553685868593,-22.39100631183289,0 31.18627313879166,-22.39120078942421,0 31.1862729154325,-22.39119676410643,0 31.18716551309387,-22.39149317910546,0 31.18786013981345,-22.39177212499748,0 31.18861572449227,-22.39212494703993,0 31.18945456772657,-22.39259520491184,0 31.18999105395635,-22.39294320037734,0 31.19052214633806,-22.39331725108955,0 31.19129299313432,-22.39397871597798,0 31.19187388338829,-22.39459621704096,0 31.19247735613137,-22.3954068997098,0 31.19281673517544,-22.39601716554899,0 31.19307113571947,-22.39656169056712,0 31.19332189230067,-22.39716174795581,0 31.19355818362364,-22.39793930483023,0 31.19380052886559,-22.39856484637778,0 31.19411215987973,-22.39916742791555,0 31.19450635453564,-22.399751973102,0 31.19499892736531,-22.40036370323868,0 31.19555152088885,-22.40091701561191,0 31.19602559109816,-22.40131054146263,0 31.19644875969138,-22.40160771917087,0 31.19694700343898,-22.40189588310213,0 31.19772024757924,-22.40227378891584,0 31.19831195043059,-22.40250849799617,0 31.19895359696754,-22.40268997771504,0 31.1996385175351,-22.40282391829829,0 31.20032199579781,-22.40289277490209,0 31.20131236363327,-22.40291494198807,0 31.20205983330672,-22.40283981259107,0 31.2026583174824,-22.40274485947289,0 31.2032235680141,-22.40260839370124,0 31.20366405181989,-22.4025123594393,0 31.20452401853563,-22.40244880778825,0 31.20532174108859,-22.40251563851422,0 31.20610946725831,-22.40270464337719,0 31.20669988232925,-22.40293801305266,0 31.20715239993318,-22.40317635513907,0 31.20772231804882,-22.4035717914823,0 31.20810143172182,-22.40389211544629,0 31.20842407261502,-22.40427434565678,0 31.20898014497521,-22.40502980460615,0 31.20935364599679,-22.40546810751383,0 31.20982374511036,-22.40594118469215,0 31.21035475788256,-22.40639765909431,0 31.21074053884759,-22.40666756209432,0 31.21125866365249,-22.40699801640619,0 31.21179164196082,-22.40725624530324,0 31.21231211667896,-22.40750338843693,0 31.21304150343348,-22.40773779740836,0 31.21380045121775,-22.40801452286463,0 31.21457486837513,-22.40834410783726,0 31.21561332274355,-22.4089229084109,0 31.21616546699653,-22.40929280885753,0 31.21680780137666,-22.40976811816773,0 31.21749476666974,-22.41040328705953,0 31.21793566495665,-22.4108578183191,0 31.21862797457572,-22.41169362032691,0 31.2189593826251,-22.41218951007773,0 31.21937362212812,-22.41289221597962,0 31.21968286903379,-22.41350833240733,0 31.21991558487913,-22.41404565464836,0 31.22026012309242,-22.41514847560051,0 31.22041547850352,-22.41576743046094,0 31.22052775658161,-22.41668061152127,0 31.22057493161923,-22.41734264622187,0 31.22052545984919,-22.41831799193978,0 31.22045110190123,-22.41902067389077,0 31.22028052014345,-22.41981710087303,0 31.2200967359851,-22.42044526938361,0 31.21986348161141,-22.42113946605013,0 31.21962658113684,-22.42166314768558,0 31.21828819622586,-22.42459474836396,0 31.21803650015724,-22.42525149190666,0 31.21785654256918,-22.42602823825644,0 31.21778422367635,-22.42665144845074,0 31.21776832817048,-22.4273266105824,0 31.21785986947252,-22.42812016521747,0 31.2181016426477,-22.42903963735395,0 31.21845778903704,-22.42982783015048,0 31.21904196481557,-22.43072451001883,0 31.21946444296893,-22.43131812343696,0 31.21990483095577,-22.43213449113898,0 31.2201735094711,-22.43281321344708,0 31.22040750638015,-22.43372815887786,0 31.22049936128214,-22.43481361903231,0 31.22045692505634,-22.4357333668958,0 31.22038199837446,-22.43629931433649,0 31.22012008303687,-22.43725657458753,0</coordinates></LineString>
</Placemark>
<Placemark>
  <name>H11 - Kruger Gate to Skukuza</name>
  
  <styleUrl>#style_GATES</styleUrl>
  <LineString><tessellate>1</tessellate><coordinates>31.48585066381584,-24.98168185557113,0 31.4947916572476,-24.98756038715904,0 31.49678553296251,-24.98857554768449,0 31.4985942672314,-24.98933778560261,0 31.50016142317825,-24.98980143366546,0 31.50224642500788,-24.99028522705947,0 31.50395075110821,-24.99053500222884,0 31.50565038142666,-24.99063852024355,0 31.50888991811862,-24.99058141490053,0 31.51085382841323,-24.99058051692823,0 31.51208877533441,-24.99075704540062,0 31.51347503727691,-24.99100740681818,0 31.51489751894193,-24.99139293028838,0 31.51669824363968,-24.99202895133394,0 31.51808957520932,-24.99276229016563,0 31.51996846373522,-24.99358331605249,0 31.52084216740815,-24.99384723193176,0 31.52202653641667,-24.99413262906422,0 31.5234360666341,-24.99437054073149,0 31.5247324734517,-24.99453328895058,0 31.52628727527984,-24.99452598483332,0 31.5278644672097,-24.994372126045,0 31.52911075179585,-24.99415730298418,0 31.53024661465492,-24.99388210467136,0 31.53332893082919,-24.99278853330802,0 31.53442675475359,-24.99241752270353,0 31.53536892346661,-24.99217446902144,0 31.53635790148471,-24.99199021439855,0 31.53777777925135,-24.99181647263138,0 31.5388654068995,-24.99178928179125,0 31.54008374207349,-24.99179264019643,0 31.54112649101808,-24.99188774893447,0 31.54232693381307,-24.99209351565772,0 31.54356230297813,-24.99238583407534,0 31.54488325624964,-24.99275669439255,0 31.54711458094982,-24.99351983387985,0 31.5480037845483,-24.99369624546019,0 31.54918960289194,-24.99377216960298,0 31.55037908113144,-24.99373179612723,0 31.55185808297362,-24.99350672649456,0 31.55412419273536,-24.99275105006679,0 31.55513777523489,-24.9924486900399,0 31.55613964044894,-24.99224667196086,0 31.55695333595665,-24.99210589614278,0 31.55807269696627,-24.99207617224237,0 31.55899681653476,-24.9920930007191,0 31.55996121641252,-24.99214701246548,0 31.56107988074988,-24.99230754830593,0 31.56242320099054,-24.99260534929001,0 31.56352062541468,-24.99276974981374,0 31.56484236096441,-24.99285664409068,0 31.56589132840393,-24.99283617727465,0 31.56687427902318,-24.99274443346764,0 31.56804943382925,-24.99247896394046,0 31.56950252188696,-24.99197985616233,0 31.5709902839677,-24.99137799532766,0 31.57339318892057,-24.99045301461678,0 31.57431545055991,-24.99017428545545,0 31.57516575224331,-24.99005850982064,0 31.57624304367165,-24.99007517692141,0 31.57705856849447,-24.99025136976183,0 31.57781226613547,-24.99047326297988,0 31.57867110276722,-24.99088667608804,0 31.57923042478334,-24.99128599897523,0 31.5916887552287,-25.00244069346755,0 31.59211036252255,-25.00285608823282,0 31.5926428234776,-25.00329958049414,0 31.59321991868978,-25.00359280759863,0 31.59376823155563,-25.00384329734263,0 31.59456033198402,-25.00402083910806,0</coordinates></LineString>
</Placemark>
<Placemark>
  <name>H11 - Kruger Gate to Skukuza</name>
  
  <styleUrl>#style_GATES</styleUrl>
  <Point><coordinates>31.54020120320209,-24.99169245359407,0</coordinates></Point>
</Placemark>
<Placemark>
  <name>H13-1 - Punda Maria Gate Road</name>
  
  <styleUrl>#style_GATES</styleUrl>
  <LineString><tessellate>1</tessellate><coordinates>31.00882932830757,-22.73830358731274,0 31.00900152532717,-22.73824134607774,0 31.00927458702535,-22.73808385590892,0 31.01394704448878,-22.73500976390488,0 31.01453186729607,-22.73461788192693,0 31.0157290200198,-22.73388464409148,0 31.01635506460156,-22.73354342087328,0 31.01689844034282,-22.73326690540977,0 31.01734498421805,-22.73305092578061,0 31.01778068654731,-22.73285832972627,0 31.01804971603798,-22.73273071081873,0 31.01875751801908,-22.73246921745604,0 31.01932229961523,-22.73228150543491,0 31.01981770360418,-22.7321257020346,0 31.02023848587065,-22.73200651345522,0 31.02071963393998,-22.7318551022798,0 31.02111941600665,-22.73171788535363,0 31.02145356239443,-22.73159456261885,0 31.02208436006277,-22.73131286972857,0 31.02262385537595,-22.73105618703255,0 31.0231293553874,-22.73078082362348,0 31.02349429212242,-22.73056068549865,0 31.02412106207239,-22.73013874269257,0 31.0245207779639,-22.72984064514359,0 31.02487465263689,-22.72956619300709,0 31.02532815512319,-22.72916819674799,0 31.02663682062116,-22.72781136501157,0 31.02713717655672,-22.727345455443,0 31.02763889587305,-22.7269449572672,0 31.02814846626723,-22.7266028384534,0 31.02848202042249,-22.72639554742058,0 31.02878654952491,-22.72621949268258,0 31.02929588509104,-22.72597305998805,0 31.02976849474388,-22.72576164181804,0 31.03030804052613,-22.72554014794569,0 31.03070362434024,-22.72536787474342,0 31.03096108831414,-22.72522249033852,0 31.03131825945292,-22.72501312044835,0 31.03154687954512,-22.72486719384668,0 31.03174650701304,-22.72473446230798,0 31.03195173895816,-22.72457389752832,0 31.0322958451281,-22.72430084435083,0 31.03265957864138,-22.72393482949266,0 31.03297362576699,-22.7236011830452,0 31.03331932029803,-22.72315919745746,0 31.03393594017783,-22.72223779437297,0 31.03427381111847,-22.72179233816824,0 31.03486490652461,-22.7211110024171,0 31.03527990864114,-22.72072211461666,0 31.03556720804274,-22.72047483633161,0 31.03608187360159,-22.72004589368341,0 31.03647041009744,-22.71966700539182,0 31.03679020656171,-22.71934423983676,0 31.03710070932441,-22.71897294074476,0 31.03733988428511,-22.71867863285148,0 31.03750786936643,-22.71842641897771,0 31.03770153690372,-22.71813603024026,0 31.03788047465763,-22.71785404386534,0 31.03804445938891,-22.71755761641084,0 31.03829345217092,-22.71706244825329,0 31.03851878010162,-22.71662083908856,0 31.03867766205815,-22.71632923666443,0 31.038846864949,-22.71605616151964,0 31.03925522371475,-22.71548622652868,0 31.03965068083853,-22.71505015836892,0 31.0400163356779,-22.71469354611736,0 31.0403754343258,-22.71437520944765,0 31.0406692396412,-22.71414977119096,0 31.04120737956914,-22.71378942137881,0 31.04160388182624,-22.71354762413832,0 31.04198388821688,-22.7133666312868,0 31.04231585852266,-22.71320977569866,0 31.04276133023288,-22.71304401163851,0 31.04344054545703,-22.7128459537396,0 31.04402838510596,-22.71273101850423,0 31.04490741366535,-22.71260141809167,0 31.04563944917449,-22.71260736566461,0 31.04629474242778,-22.71264075112444,0 31.04701001845139,-22.71274419341502,0 31.0475654177251,-22.71286866471701,0 31.04798814812305,-22.71300766385802,0 31.04848011065997,-22.71316344833914,0 31.04925893483916,-22.71350684444133,0 31.04962218244274,-22.71372145077877,0 31.05008090855134,-22.71400357774056,0 31.05068560481956,-22.7144534964444,0 31.05135428085408,-22.71508028644772,0 31.05193541216105,-22.71559351951821,0 31.05237812316183,-22.71593020473291,0 31.05298646950458,-22.71633324434915,0 31.05369648096434,-22.71674753309306,0 31.05438042840478,-22.71705112900021,0 31.05501382487723,-22.71730503270961,0 31.05587470535814,-22.71754862315791,0 31.05648904250601,-22.71769404346024,0 31.0570216361726,-22.71781433025729,0 31.05761453600729,-22.71799534824469,0 31.05831913134048,-22.71823342493067,0 31.05898730019976,-22.71850336214321,0 31.05954072171716,-22.71875331691587,0 31.06011816961152,-22.71902945651501,0 31.0607050667352,-22.7193600141362,0 31.06131401321514,-22.71973895564779,0 31.06191155143225,-22.72012620892839,0 31.06242515812412,-22.72045507082186,0 31.06316548638726,-22.72085378772269,0 31.06429468385051,-22.72142940512612,0 31.06524047725072,-22.72184045624582,0 31.06617922454928,-22.72218540984965,0 31.06711069186129,-22.7224709626176,0 31.06846261638391,-22.72278866610536,0 31.06953675526889,-22.72300158828886,0 31.07063404166604,-22.72314869281396,0 31.07151238577916,-22.72330266533534,0 31.07237809467459,-22.72351556623104,0 31.07315621280714,-22.72378120685456,0 31.07419966634456,-22.72422687579355,0 31.07484582563379,-22.72461350928119,0 31.07543582457349,-22.72500064847163,0 31.07593413620691,-22.72536983445655,0 31.07731646563699,-22.72660227583715,0 31.07789507532437,-22.72707088819792,0 31.07850267855568,-22.72753335028211,0 31.07903064989391,-22.72786610637606,0 31.07950954034408,-22.72814886195345,0 31.07995192383772,-22.72839942705062,0 31.08039715727906,-22.72862968542091,0 31.0809651868681,-22.72890433347245,0 31.08152654644119,-22.72913835938357,0 31.08264859476011,-22.72955966416889,0 31.0829483527016,-22.7296721842739,0 31.08332334177079,-22.72983763176681,0 31.08374510381065,-22.73002419776166,0 31.08423350419424,-22.73025327638334,0 31.08474134788864,-22.73052534967461,0 31.08513413273886,-22.73073732004984,0 31.08555579522591,-22.730976955867,0 31.08605176966748,-22.73128067134556,0 31.08656346627913,-22.73161277312965,0 31.08688909536928,-22.73184540845876,0 31.08748432172205,-22.73225406776858,0 31.08791798141061,-22.73253359723551,0 31.08832026938458,-22.73275077619717,0 31.08902299573739,-22.73309446981257,0 31.08986106558908,-22.73341186930839,0 31.09126577016684,-22.73381219200242,0 31.09164968735512,-22.73392328808107,0 31.09220162969919,-22.73413152237823,0 31.09264907582834,-22.73429882854392,0 31.09304832754651,-22.73447670532524,0 31.09337974351217,-22.73461815987527,0 31.09396552657527,-22.7349138425697,0 31.09462909101691,-22.73529921845781,0 31.09533954397893,-22.73573921774556,0 31.09603781014489,-22.73624512233844,0 31.09671258010152,-22.73667869880817,0 31.09721248018853,-22.73696930129709,0 31.09753142828842,-22.7371522404156,0 31.0982216578802,-22.73748382408861,0 31.09874756641956,-22.7377056251405,0 31.0993895659935,-22.73796540294405,0 31.10007621719096,-22.73819865704854,0 31.10067175096788,-22.73837986037329,0 31.10154381889482,-22.73859155868559,0 31.10242623960017,-22.73875647475075,0 31.10317656965001,-22.73884245697262,0 31.10384976452485,-22.73889307104835,0 31.10452013993088,-22.73891932077451,0 31.10509990229881,-22.73892651656631,0 31.1057066084134,-22.7389432408024,0 31.10642376332643,-22.73900739330917,0 31.10701711214264,-22.73908070721372,0 31.10772685853385,-22.73919071735523,0 31.10830686322846,-22.73931151712689,0 31.10896906554193,-22.73948413367695,0 31.10979443979911,-22.73974163705841,0 31.11028379913364,-22.73990962851568,0 31.11090605058771,-22.74016128185133,0 31.1115485874032,-22.74045490264004,0 31.11224289474174,-22.74081080846043,0 31.11285048673003,-22.74115745319217,0 31.11345651016838,-22.74155435164435,0 31.11402701239853,-22.74195766555007,0 31.11460456217547,-22.74232778670552,0 31.11525156423365,-22.74267644820498,0 31.11585086750985,-22.74294921872469,0 31.11671770074145,-22.74327973042114,0 31.11750241456915,-22.74349043293032,0 31.11831306902347,-22.74363514644715,0 31.11913975762117,-22.74372284419706,0 31.12022179625508,-22.74381284422163,0 31.12111175753367,-22.74395754150527,0 31.12190271080327,-22.74413058701773,0 31.12272418583655,-22.74434590557981,0 31.12354328302281,-22.74461136897104,0 31.12418773616741,-22.74484880723167,0 31.12484626135923,-22.74512130158233,0 31.12541560073981,-22.7453877833038,0 31.12628806636793,-22.745866136475,0 31.1269673543534,-22.74627779113729,0 31.12744002048056,-22.74661251213326,0 31.1279126583182,-22.7469624635465,0 31.12874296545113,-22.74766577314784,0 31.12975598345281,-22.74865462575033,0 31.13033456086166,-22.74916914486161,0 31.13127462279653,-22.74983266660345,0 31.13227215365113,-22.75038954473823,0 31.13320578819647,-22.75077636807871,0 31.13430376141953,-22.75111706659016,0 31.1352130360468,-22.75128384437435,0 31.136049962229,-22.75137596937926,0 31.13697361386967,-22.75139696816789,0 31.13781818456117,-22.75134269715844,0 31.13857327703568,-22.75124438373511,0 31.13941054595134,-22.75115874061211,0 31.14057501706947,-22.75113242255505,0 31.14134529012421,-22.75116802681853,0 31.14222661257882,-22.75123242549635,0 31.14317622123473,-22.75138189603505,0 31.1442647141171,-22.75160453373188,0 31.1450990856254,-22.75175358320404,0 31.14610806325949,-22.75182752436897,0 31.14718426231758,-22.75179668079348,0 31.14836596560423,-22.75164938307541,0 31.14913705568081,-22.7514679005821,0 31.14984691735653,-22.75123857724371,0 31.15062047066522,-22.75094054111177,0 31.15111167196032,-22.75071225951439,0 31.15166610504235,-22.75039882233462,0 31.15218564027076,-22.75005738630119,0 31.15270683539242,-22.74967677813337,0 31.15335813374373,-22.74913872734474,0 31.1537789288916,-22.74881498110388,0 31.15424465133579,-22.74844787880119,0 31.1547014706319,-22.7481437236571,0 31.15537909391527,-22.74774791408238,0 31.15597521842524,-22.74741987450679,0 31.15675563697189,-22.7470632158039,0 31.15785946835327,-22.74661266838242,0 31.15877062554648,-22.7463306154288,0 31.15989409505822,-22.74603876723525,0 31.16061756508555,-22.74592957169639,0 31.16169258093391,-22.74578760189694,0 31.16269539699054,-22.74573191913125,0 31.16392980156956,-22.74574830541006,0 31.16505532877699,-22.7457468073313,0 31.16613809950851,-22.74568262533603,0 31.1670823376044,-22.74554457447388,0 31.16801030355052,-22.74535092614418,0 31.16881402324626,-22.74514599237459,0 31.1696755775034,-22.74486014571706,0 31.17048414489472,-22.74454488847836,0 31.17118193843395,-22.7442202773544,0 31.17503566008902,-22.74229489070726,0</coordinates></LineString>
</Placemark>
<Placemark>
  <name>H13-1 - Punda Maria Gate Road</name>
  
  <styleUrl>#style_GATES</styleUrl>
  <Point><coordinates>31.09213838623538,-22.7341065811561,0</coordinates></Point>
</Placemark>
<Placemark>
  <name>H3 - Malelane Gate to Skukuza</name>
  
  <styleUrl>#style_GATES</styleUrl>
  <LineString><tessellate>1</tessellate><coordinates>31.53220921943018,-25.4622478999169,0 31.53176975997497,-25.4624663206783,0 31.53142936311905,-25.46280860527105,0 31.53097703146354,-25.463056570204,0 31.5305803668764,-25.46336311059311,0 31.53014386476153,-25.46363248132999,0 31.52963666400703,-25.46383751233774,0 31.52912719829166,-25.46398535110675,0 31.52857231553761,-25.46406256873185,0 31.52807307334701,-25.46408930835899,0 31.52758500679066,-25.4640340516361,0 31.52702999343454,-25.46395573151213,0 31.52624418338303,-25.46362524699584,0 31.5255825855992,-25.46319473505558,0 31.52499076046534,-25.46274177923321,0 31.52438922122486,-25.46224785262908,0 31.52391298871513,-25.46190012698378,0 31.52344412010165,-25.46158276551336,0 31.52288415803702,-25.46129486683031,0 31.51935167449202,-25.45986668111778,0 31.51898895798701,-25.45965212873895,0 31.51851166302168,-25.45929230861696,0 31.51816997374604,-25.45888137273472,0 31.51775589099444,-25.45835805191329,0 31.5174739107589,-25.45811265357325,0 31.51729776115447,-25.45800391094976,0 31.516845138139,-25.45774051798549,0 31.51632844705321,-25.45760103169953,0 31.5155522968516,-25.45752072850473,0 31.5151027653467,-25.45748085772098,0 31.51472823660614,-25.45739576287669,0 31.51415354621558,-25.45721518243853,0 31.51357119000649,-25.45694965452674,0 31.51326324061486,-25.45678096017998,0 31.51288103823846,-25.45647389663766,0 31.51263434808896,-25.45619646483374,0 31.51232988627964,-25.45584176523708,0 31.51215417175701,-25.45555128549594,0 31.51200288379635,-25.45525418953996,0 31.51187127787147,-25.45493257769499,0 31.51176920584422,-25.45455617868814,0 31.51168806583577,-25.45410845096542,0 31.51167984158897,-25.45374207284878,0 31.51176468448313,-25.4532662747473,0 31.5118580672699,-25.45287619984912,0 31.5119531755262,-25.45259797614101,0 31.51214138537469,-25.45223987853815,0 31.51233087544387,-25.45195989453303,0 31.5125018562802,-25.45177239220877,0 31.51273692644461,-25.45135932192756,0 31.51294902171212,-25.45094420656995,0 31.51312300913949,-25.45052515478119,0 31.51321323664438,-25.45014016266294,0 31.51329913139283,-25.44965674456242,0 31.51331007694649,-25.44904878863638,0 31.51326520555809,-25.44869865053645,0 31.51321021355292,-25.44818934091028,0 31.512963901954,-25.44580721701251,0 31.5130708793597,-25.44505540416855,0 31.51319388663818,-25.44465052435583,0 31.5133480391717,-25.44425670723565,0 31.51424685088811,-25.44270933397761,0 31.51443981942356,-25.44214196942139,0 31.51455044126537,-25.44154062977037,0 31.51480566267945,-25.43931882312959,0 31.51476778502694,-25.43801003363815,0 31.51466389965953,-25.43736109682994,0 31.51416325856127,-25.43547132924045,0 31.51407102458066,-25.43499318727128,0 31.51402766692371,-25.43413227513129,0 31.51410891166569,-25.43334143021881,0 31.51522429850074,-25.42924123292975,0 31.51533321625324,-25.42869963235387,0 31.51537931453441,-25.42812219046936,0 31.51534072796419,-25.42711248774738,0 31.51528157340754,-25.42652815193098,0 31.51520180941133,-25.42591881140569,0 31.51472061162957,-25.42300231505286,0 31.5146906781122,-25.42237067829944,0 31.51473016352196,-25.42182953164722,0 31.51538414324562,-25.4195893523512,0 31.5154365224973,-25.41908869574343,0 31.51549956669522,-25.41853149508146,0 31.51549921049843,-25.41812292831927,0 31.51546200264949,-25.41745191912304,0 31.51477363988364,-25.413201786844,0 31.51471692133044,-25.41249624658817,0 31.51471652751514,-25.4119856332125,0 31.51478596930446,-25.41123076415844,0 31.5148935357612,-25.41076683632024,0 31.51520643759035,-25.40982543825432,0 31.51603164933682,-25.40805528056718,0 31.51616268756613,-25.40744863352491,0 31.51617352835032,-25.40702056481582,0 31.51575520762095,-25.40401826452505,0 31.51570908796951,-25.40336054355884,0 31.51573905660828,-25.40270023190548,0 31.51586860345241,-25.40206850789261,0 31.51707227613919,-25.39880492159383,0 31.51723245144611,-25.39803561327713,0 31.51734175967664,-25.39757168807833,0 31.51740625003215,-25.39668573205963,0 31.51739362537134,-25.39561710463508,0 31.51730277209718,-25.3947102754978,0 31.51716388345866,-25.39395466795562,0 31.51692239812543,-25.39307681272103,0 31.51662674600551,-25.39195549283579,0 31.51617508894124,-25.38985918006694,0 31.51584485142397,-25.3879447628187,0 31.51580859810426,-25.38651669456766,0 31.51599980027376,-25.38507111772552,0 31.51640757897267,-25.38373836493003,0 31.51680390441277,-25.38269374806596,0 31.5169695950961,-25.38205291923832,0 31.51707835015388,-25.38123533348956,0 31.51708357646065,-25.38021484053558,0 31.51694824131272,-25.37952086458003,0 31.51682385348265,-25.37886874526821,0 31.51649232476525,-25.3780881999832,0 31.51544008180232,-25.37518637807501,0 31.51530277878689,-25.37453458497234,0 31.51521547506312,-25.37372350480758,0 31.51523004295859,-25.37280388094745,0 31.5152922129833,-25.37210778359777,0 31.51542478964806,-25.37151312937261,0 31.51561553179972,-25.37094752761166,0 31.51767680386205,-25.36633065172541,0 31.51793400631857,-25.36561795821505,0 31.51801554432489,-25.36486810695758,0 31.51788491112204,-25.36416465005004,0 31.51764725382747,-25.36347914809948,0 31.51748030285858,-25.3631236894105,0 31.5170151184387,-25.36255027565773,0 31.51456399454846,-25.36036824382942,0 31.51431410493095,-25.36001357342341,0 31.51405312616747,-25.35950852450212,0 31.5139296387481,-25.35909891556472,0 31.51392178470778,-25.35858993570401,0 31.51403219286569,-25.35797608709533,0 31.51525929923697,-25.35497043983097,0 31.51552586145401,-25.35445525974684,0 31.515878001287,-25.35387966159274,0 31.51633953810832,-25.35327251995564,0 31.51672528346382,-25.35286944614935,0 31.5189289778094,-25.35085781343445,0 31.51924895367225,-25.35046350641393,0 31.51950743732257,-25.35009693185208,0 31.5197236404871,-25.34976943408605,0 31.51990470841735,-25.34943779146695,0 31.52005131296917,-25.34913740971712,0 31.52031549419183,-25.34837770425459,0 31.52050447135562,-25.34759329965304,0 31.52060256710473,-25.34676439281794,0 31.52061883598499,-25.34577234198195,0 31.52077875016238,-25.34449121758471,0 31.52089709191663,-25.34406448899719,0 31.52139972520696,-25.34230226165238,0 31.52154026871407,-25.34134911797155,0 31.52140634244756,-25.33982699709956,0 31.52125750171707,-25.33907311388682,0 31.52102800570442,-25.33840841929833,0 31.51943370642465,-25.33559298682192,0 31.51908431900433,-25.33477265587246,0 31.51883568372285,-25.33393576648058,0 31.51868630707112,-25.33318765910586,0 31.51862600321237,-25.3322097472388,0 31.51870124318339,-25.33136093546468,0 31.51892110774758,-25.33023112179576,0 31.52055305673587,-25.32506713720064,0 31.5207125781585,-25.32462620385302,0 31.52080321834445,-25.32396391073219,0 31.52088979136471,-25.32354263608297,0 31.52090516205597,-25.32289969964055,0 31.52089465811513,-25.32204439605466,0 31.52074451905926,-25.32141287656395,0 31.52064909459114,-25.32097710941747,0 31.51981991270546,-25.3183912625329,0 31.51966557355722,-25.31779293868173,0 31.51956420965283,-25.31718230377521,0 31.519564382732,-25.31662630470775,0 31.51952175403729,-25.3160836540761,0 31.51977196224156,-25.31421370774374,0 31.51981743618803,-25.31358232807605,0 31.51978480860947,-25.31224859604043,0 31.51965356267587,-25.31139862496881,0 31.51945142629048,-25.3107367890417,0 31.51925647956264,-25.31015870497651,0 31.51906235349368,-25.3097219792032,0 31.51875290800982,-25.30900048754797,0 31.518506417424,-25.30836420798807,0 31.51836071654576,-25.3076588730218,0 31.51827416031942,-25.30703796681347,0 31.51827196867782,-25.30581515081312,0 31.51848406587171,-25.30478672179057,0 31.51878363444707,-25.30397930304291,0 31.51914238542714,-25.30315550922758,0 31.52227259003074,-25.29636849981332,0 31.52280181737485,-25.29549256253171,0 31.52333847342059,-25.29473783499723,0 31.52397162355349,-25.29408294255171,0 31.52481563521565,-25.29330834936893,0 31.52675900996544,-25.29191782458188,0 31.52785414958473,-25.29111614558081,0 31.52887360437485,-25.2901517835334,0 31.52941584355677,-25.28947671517515,0 31.52982070676637,-25.28886773728015,0 31.53006258959175,-25.28839512139968,0 31.53028377618054,-25.28795727408049,0 31.5305859807592,-25.28733470512211,0 31.53100512960627,-25.28633250776468,0 31.53124292488936,-25.28585211509428,0 31.5314908239652,-25.28527426856455,0 31.53176584381687,-25.28448967182293,0 31.53193922644109,-25.28362297660862,0 31.5319907647474,-25.28287231988249,0 31.53195377555475,-25.2820062396182,0 31.53181607634995,-25.28025674040892,0 31.53187848898856,-25.2795035273678,0 31.5320729083442,-25.27870868686884,0 31.53243184543325,-25.27787329109338,0 31.53302767132837,-25.27697397413565,0 31.53507312092539,-25.27424943304222,0 31.53541514339959,-25.2736850604714,0 31.5356119468707,-25.27307684149525,0 31.53567553650467,-25.27242716965397,0 31.53559091352097,-25.27177103578201,0 31.53541201728223,-25.27124756983443,0 31.53510169120106,-25.2707007549073,0 31.53467654330027,-25.27016868734064,0 31.53436340264872,-25.26961132171179,0 31.53416693711364,-25.26896795912468,0 31.53412831925887,-25.26846082217783,0 31.53411185333908,-25.26773109515776,0 31.53416926894443,-25.26716210606591,0 31.53433190119338,-25.26644174727123,0 31.53462863720874,-25.26569858013342,0 31.53501647170172,-25.26498361310002,0 31.53586352773971,-25.26366809000727,0 31.53623851079668,-25.26297998735394,0 31.53662518254676,-25.26203637718665,0 31.53685634577366,-25.26126367223984,0 31.53699091673513,-25.26038934867236,0 31.53706264008731,-25.25925495994219,0 31.53712349583069,-25.25740648009869,0 31.53720559493471,-25.25484843729443,0 31.53733422649435,-25.25415916958363,0 31.53752972943346,-25.25365225933319,0 31.53786710230341,-25.2531187115488,0 31.5384804439255,-25.25254504577143,0 31.53882020864196,-25.25233505624551,0 31.5398418650691,-25.25178407040613,0 31.54028554738203,-25.25148144477656,0 31.54083199076643,-25.25099916400799,0 31.54111868161803,-25.25067914677954,0 31.54311129542126,-25.24826209252742,0 31.54335438529728,-25.24789156332094,0 31.54364508825494,-25.24731799182433,0 31.54383401307547,-25.2468677487632,0 31.54392492691384,-25.24647826917031,0 31.54402727263832,-25.24595163741989,0 31.54405874385646,-25.24562288756491,0 31.54399604549052,-25.24230573317442,0 31.54406864377866,-25.24183686949868,0 31.5441913564422,-25.24135986824532,0 31.54431359685908,-25.24084577197552,0 31.54523721971464,-25.2376333540917,0 31.54545655858924,-25.23714712173103,0 31.5456812232403,-25.23671356215627,0 31.54605819176188,-25.23615930994304,0 31.54643850777996,-25.23573131487012,0 31.54694459210658,-25.23527031598106,0 31.54771784948111,-25.23473935936683,0 31.54832570991927,-25.23442712172876,0 31.54938751759053,-25.23406412642553,0 31.5505097842128,-25.2337669324434,0 31.55142719950154,-25.23366770283131,0 31.55255962340549,-25.23373430968206,0 31.55365789222889,-25.23398235905031,0 31.55466403498766,-25.23440826864364,0 31.55547394405369,-25.23490332144434,0 31.55800943472685,-25.23691403687601,0 31.55861995542249,-25.2373072022089,0 31.55948782921415,-25.23776806278327,0 31.56055925532753,-25.23816240158756,0 31.56117558519649,-25.23831041638756,0 31.56398828313215,-25.23885545040409,0 31.5647081814678,-25.23894870341835,0 31.56557573136034,-25.23899898801226,0 31.56646432912597,-25.23899584119741,0 31.56721470117465,-25.23892612041842,0 31.56826681095307,-25.23873306079312,0 31.56925774598913,-25.23844006012135,0 31.57024745038967,-25.23804157036678,0 31.57082973400339,-25.23773282933209,0 31.57775225829713,-25.23331861610381,0 31.57837697015481,-25.23277611382169,0 31.57883570623162,-25.23224126831179,0 31.57919134434234,-25.23172508876593,0 31.57948638201927,-25.23109406866001,0 31.57968894936936,-25.23039861890725,0 31.57979848865097,-25.2298272240526,0 31.57981381303107,-25.22952753753738,0 31.57973910233408,-25.22857498627324,0 31.57947530450852,-25.22757389030787,0 31.57889373026246,-25.22651848164404,0 31.57496608570333,-25.220684165047,0 31.57433646518121,-25.21950308199825,0 31.57359057608112,-25.21775337556114,0 31.5732250613813,-25.21659132091907,0 31.57286911031236,-25.21495333456426,0 31.57272948574809,-25.21386190720967,0 31.57266520758138,-25.2128828186183,0 31.57268964809759,-25.20717872412687,0 31.57240007948382,-25.20495503083821,0 31.57194900760463,-25.20323587357962,0 31.57128986250062,-25.20148955318027,0 31.57067536676774,-25.20017524005081,0 31.5698864647392,-25.19891966733099,0 31.5690560481764,-25.19775672260986,0 31.56647801347425,-25.19484180184571,0 31.56593037838815,-25.19403143708182,0 31.56556065717926,-25.19309623147548,0 31.56537789621537,-25.19208053177296,0 31.56538534784211,-25.19076517813528,0 31.56576665627566,-25.18958209521387,0 31.56593032927725,-25.18872689756557,0 31.56600618200553,-25.18784044992877,0 31.56602508140987,-25.18783465424649,0 31.56588409030322,-25.18662415014529,0 31.56587138888782,-25.18662415131078,0 31.5655971569503,-25.18571116198829,0 31.56514359736893,-25.18471946934396,0 31.56483164104214,-25.18387591267655,0 31.56464877812393,-25.18284713948862,0 31.56465634113613,-25.18184792186992,0 31.56476993774955,-25.18077669872376,0 31.56490225948871,-25.17978136247871,0 31.56489308635144,-25.17886807347429,0 31.56477032022476,-25.17806563958646,0 31.5645129339527,-25.17733821397737,0 31.56425846830575,-25.17673639170993,0 31.56399194192052,-25.17629194476655,0 31.56304690521883,-25.17502289496164,0 31.56269623678908,-25.17438530363955,0 31.56244840861122,-25.17378705564371,0 31.56226698086485,-25.17318084303705,0 31.56216375361031,-25.1724953389698,0 31.56213423522914,-25.17181907507441,0 31.56220819433956,-25.16962012218602,0 31.56208061037793,-25.16897021196728,0 31.56200831192734,-25.16852863141226,0 31.56179710529706,-25.16784136417765,0 31.5615206491735,-25.16723148165707,0 31.56131211453461,-25.16681636157838,0 31.56100362451905,-25.16623120962757,0 31.55983763704763,-25.16400006253046,0 31.55957708703691,-25.16340725548851,0 31.55934511285665,-25.16275808780108,0 31.55920154935402,-25.16200856733373,0 31.55912381367029,-25.16095348277349,0 31.55922287636124,-25.15971830266802,0 31.55948305238653,-25.15899974047255,0 31.55975370749843,-25.15818210725608,0 31.5598748961839,-25.15737900255767,0 31.55980880743632,-25.15631403118914,0 31.55946318305423,-25.15533590524256,0 31.55906961344664,-25.15460103797764,0 31.55840440172661,-25.1534723705296,0 31.55765504786413,-25.15211572821683,0 31.55709153977966,-25.15106616564368,0 31.55681444881092,-25.15015743465401,0 31.55674293480515,-25.14926629762922,0 31.55685687083244,-25.14850582850631,0 31.55707886708473,-25.14783365339093,0 31.55748721967387,-25.14707463522843,0 31.55874443917805,-25.14508659027636,0 31.55905147749582,-25.14430840715485,0 31.55908394672263,-25.14359875279773,0 31.5589358763039,-25.14288271671317,0 31.55866460830126,-25.14234788131027,0 31.55818086261899,-25.14184033120165,0 31.55743310754181,-25.14114182258437,0 31.556913107864,-25.14052336683276,0 31.55654093507395,-25.13991825280516,0 31.55620219291169,-25.13924031888469,0 31.55594490584637,-25.13843072495221,0 31.55579474296689,-25.13761454964487,0 31.55522212403515,-25.13416610560172,0 31.55497234451559,-25.13334265119023,0 31.55473509045383,-25.13277941322312,0 31.55433643184736,-25.13210480128331,0 31.55389440089966,-25.13154774812812,0 31.55053098580821,-25.12775832461437,0 31.54983589738316,-25.12677153819327,0 31.5492846650974,-25.12584822158252,0 31.54880721573642,-25.12498782236844,0 31.54863850025819,-25.12435735397049,0 31.54865574299421,-25.12375761634402,0 31.54874581521309,-25.12296165712554,0 31.54864909098097,-25.12209678251144,0 31.5484388127996,-25.12146574682991,0 31.5480133766686,-25.12065870175221,0 31.54743880824747,-25.11997422713922,0 31.54684801229497,-25.11946789996924,0 31.54390964825341,-25.11701539456744,0 31.54337158043795,-25.11637891627748,0 31.54309201768025,-25.11555385109917,0 31.54311079971777,-25.11481236072908,0 31.54324035184496,-25.11427761968995,0 31.5434711504523,-25.11378423561487,0 31.54398674723551,-25.11254198578037,0 31.54414943547271,-25.1118742617224,0 31.54421515977795,-25.11121344929201,0 31.54416712406672,-25.11056078376075,0 31.54410470173967,-25.11008286505932,0 31.54381544217168,-25.10742018682148,0 31.54380591426658,-25.10653843039662,0 31.54394109336487,-25.10577041602774,0 31.54424916646934,-25.10493054316254,0 31.54458920187073,-25.10427605221731,0 31.54500647633481,-25.10363987128462,0 31.54626542512143,-25.10176828865594,0 31.54653215615247,-25.10123871818575,0 31.54669541672943,-25.10073775215011,0 31.54685297009223,-25.0998946133323,0 31.54684056613411,-25.09875968525491,0 31.5466193966412,-25.09780449052352,0 31.54635964275992,-25.09717270587037,0 31.54532058428228,-25.09532926907789,0 31.54504516388093,-25.09457642552729,0 31.54489486885549,-25.09371171083503,0 31.54479575641082,-25.09223839780638,0</coordinates></LineString>
</Placemark>
<Placemark>
  <name>H3 - Malelane Gate to Skukuza</name>
  
  <styleUrl>#style_GATES</styleUrl>
  <Point><coordinates>31.52022719318043,-25.34864632869763,0</coordinates></Point>
</Placemark></Folder><Folder><name>Picnic Spots</name><Placemark>
  <name>Afsaal picnic spot</name>
  
  <styleUrl>#style_PICNIC</styleUrl>
  <Point><coordinates>31.53129300000001,-25.285905,0</coordinates></Point>
</Placemark>
<Placemark>
  <name>Babalala picnic spot</name>
  
  <styleUrl>#style_PICNIC</styleUrl>
  <Point><coordinates>31.25155471395229,-22.90425342849533,0</coordinates></Point>
</Placemark>
<Placemark>
  <name>Makhadzi Picnic Spot</name>
  
  <styleUrl>#style_PICNIC</styleUrl>
  <Point><coordinates>31.62138147469727,-23.69068589801923,0</coordinates></Point>
</Placemark>
<Placemark>
  <name>Mlondozi Picnic Spot</name>
  
  <styleUrl>#style_PICNIC</styleUrl>
  <Point><coordinates>31.93529104173086,-25.03554829037064,0</coordinates></Point>
</Placemark>
<Placemark>
  <name>Mooiplaas Picnic Spot</name>
  
  <styleUrl>#style_PICNIC</styleUrl>
  <Point><coordinates>31.440558,-23.55567,0</coordinates></Point>
</Placemark>
<Placemark>
  <name>Muzandzeni Picnic Spot</name>
  
  <styleUrl>#style_PICNIC</styleUrl>
  <Point><coordinates>31.636674304741,-24.48229869290122,0</coordinates></Point>
</Placemark>
<Placemark>
  <name>N-Wanetzi Picnic Spot</name>
  
  <styleUrl>#style_PICNIC</styleUrl>
  <Point><coordinates>31.97607024635015,-24.45778682553574,0</coordinates></Point>
</Placemark>
<Placemark>
  <name>Nhlanquleni picnic spot</name>
  
  <styleUrl>#style_PICNIC</styleUrl>
  <Point><coordinates>31.65725186915843,-24.70969076281842,0</coordinates></Point>
</Placemark>
<Placemark>
  <name>Nkuhlu Picnic Spot</name>
  
  <styleUrl>#style_PICNIC</styleUrl>
  <Point><coordinates>31.76915419805975,-24.99694891465871,0</coordinates></Point>
</Placemark>
<Placemark>
  <name>Pafuri picnic spot</name>
  
  <styleUrl>#style_PICNIC</styleUrl>
  <Point><coordinates>31.24623358379373,-22.424122197539,0</coordinates></Point>
</Placemark>
<Placemark>
  <name>Timbavati picnic spot</name>
  
  <styleUrl>#style_PICNIC</styleUrl>
  <Point><coordinates>31.64549608314072,-24.26058850062121,0</coordinates></Point>
</Placemark>
<Placemark>
  <name>Tshokwane picnic spot</name>
  
  <styleUrl>#style_PICNIC</styleUrl>
  <Point><coordinates>31.8592280584142,-24.78600883869203,0</coordinates></Point>
</Placemark></Folder><Folder><name>Bird Hides</name><Placemark>
  <name>Gardenia Hide</name>
  
  <styleUrl>#style_BIRD_HIDES</styleUrl>
  <Point><coordinates>31.60792974033607,-25.37333773937509,0</coordinates></Point>
</Placemark>
<Placemark>
  <name>Kanniedood Hide</name>
  
  <styleUrl>#style_BIRD_HIDES</styleUrl>
  <Point><coordinates>31.45417076265808,-23.12541569604095,0</coordinates></Point>
</Placemark>
<Placemark>
  <name>Lake Panic Hide</name>
  
  <styleUrl>#style_BIRD_HIDES</styleUrl>
  <Point><coordinates>31.56535630609502,-24.98083584344953,0</coordinates></Point>
</Placemark>
<Placemark>
  <name>Matambeni Hide</name>
  
  <styleUrl>#style_BIRD_HIDES</styleUrl>
  <Point><coordinates>31.61290080839056,-23.83809147020494,0</coordinates></Point>
</Placemark>
<Placemark>
  <name>Nthandanyathi Bird Hide</name>
  
  <styleUrl>#style_BIRD_HIDES</styleUrl>
  <Point><coordinates>31.95941320108297,-25.20726572188559,0</coordinates></Point>
</Placemark>
<Placemark>
  <name>Nyawutsi Hide</name>
  
  <styleUrl>#style_BIRD_HIDES</styleUrl>
  <Point><coordinates>31.53201205173688,-23.28366609438502,0</coordinates></Point>
</Placemark>
<Placemark>
  <name>Pioneer Dam Hide</name>
  
  <styleUrl>#style_BIRD_HIDES</styleUrl>
  <Point><coordinates>31.3976257685333,-23.5266233432986,0</coordinates></Point>
</Placemark>
<Placemark>
  <name>Ratelpan Hide</name>
  
  <styleUrl>#style_BIRD_HIDES</styleUrl>
  <Point><coordinates>31.64295981417443,-24.24203295367654,0</coordinates></Point>
</Placemark>
<Placemark>
  <name>Sable Dam Overnight Hide</name>
  
  <styleUrl>#style_BIRD_HIDES</styleUrl>
  <Point><coordinates>31.23959661687656,-23.93934648325334,0</coordinates></Point>
</Placemark>
<Placemark>
  <name>Shipandani Overnight Hide</name>
  
  <styleUrl>#style_BIRD_HIDES</styleUrl>
  <Point><coordinates>31.40937316873642,-23.53001346280932,0</coordinates></Point>
</Placemark>
<Placemark>
  <name>Sweni Hide</name>
  
  <styleUrl>#style_BIRD_HIDES</styleUrl>
  <Point><coordinates>31.9731001961638,-24.47310234561376,0</coordinates></Point>
</Placemark></Folder><Folder><name>Water Holes</name><Placemark>
  <name>Ampie waterhole</name>
  
  <styleUrl>#style_WATER_HOLES</styleUrl>
  <Point><coordinates>31.52695280819178,-25.35688788860031,215</coordinates></Point>
</Placemark>
<Placemark>
  <name>Baanbreker waterhole</name>
  
  <styleUrl>#style_WATER_HOLES</styleUrl>
  <Point><coordinates>31.34670109103504,-23.50465289043712,215</coordinates></Point>
</Placemark>
<Placemark>
  <name>Babalala Waterhole</name>
  
  <styleUrl>#style_WATER_HOLES</styleUrl>
  <Point><coordinates>31.2494161462225,-22.90586819582834,0</coordinates></Point>
</Placemark>
<Placemark>
  <name>Bangu waterhole</name>
  
  <styleUrl>#style_WATER_HOLES</styleUrl>
  <Point><coordinates>31.82160938664536,-24.10857203040747,215</coordinates></Point>
</Placemark>
<Placemark>
  <name>Bowkerskop waterhole</name>
  
  <styleUrl>#style_WATER_HOLES</styleUrl>
  <Point><coordinates>31.40066227031706,-23.49738408342512,215</coordinates></Point>
</Placemark>
<Placemark>
  <name>Boyela waterhole</name>
  
  <styleUrl>#style_WATER_HOLES</styleUrl>
  <Point><coordinates>31.2858223157874,-22.94104699568367,215</coordinates></Point>
</Placemark>
<Placemark>
  <name>Buig of Bars Waterhole</name>
  
  <styleUrl>#style_WATER_HOLES</styleUrl>
  <Point><coordinates>31.18538681643902,-23.2639517316592,0</coordinates></Point>
</Placemark>
<Placemark>
  <name>Coetzee Waterhole</name>
  
  <styleUrl>#style_WATER_HOLES</styleUrl>
  <Point><coordinates>31.02122803950741,-22.69697304089889,0</coordinates></Point>
</Placemark>
<Placemark>
  <name>DeLaporte waterhole</name>
  
  <styleUrl>#style_WATER_HOLES</styleUrl>
  <Point><coordinates>31.57315038389469,-25.05205448265272,215</coordinates></Point>
</Placemark>
<Placemark>
  <name>Dipeni Waterhole</name>
  
  <styleUrl>#style_WATER_HOLES</styleUrl>
  <Point><coordinates>31.5412410335949,-23.21960102200022,0</coordinates></Point>
</Placemark>
<Placemark>
  <name>Dokweni Waterhole</name>
  
  <styleUrl>#style_WATER_HOLES</styleUrl>
  <Point><coordinates>31.24376360495777,-22.86119046763427,0</coordinates></Point>
</Placemark>
<Placemark>
  <name>Duke waterhole</name>
  
  <styleUrl>#style_WATER_HOLES</styleUrl>
  <Point><coordinates>31.92399242538933,-25.21405552525078,215</coordinates></Point>
</Placemark>
<Placemark>
  <name>Dzombo West waterhole</name>
  
  <styleUrl>#style_WATER_HOLES</styleUrl>
  <Point><coordinates>31.38808076534778,-23.280318135059,215</coordinates></Point>
</Placemark>
<Placemark>
  <name>East Gudzani waterhole</name>
  
  <styleUrl>#style_WATER_HOLES</styleUrl>
  <Point><coordinates>31.8952625738016,-24.32689572767977,215</coordinates></Point>
</Placemark>
<Placemark>
  <name>Eendrag Waterhole</name>
  
  <styleUrl>#style_WATER_HOLES</styleUrl>
  <Point><coordinates>31.33224084874424,-23.40407826163628,0</coordinates></Point>
</Placemark>
<Placemark>
  <name>Elandskuil waterhole</name>
  
  <styleUrl>#style_WATER_HOLES</styleUrl>
  <Point><coordinates>31.16275781351301,-22.70413444107273,215</coordinates></Point>
</Placemark>
<Placemark>
  <name>Elephant waterhole</name>
  
  <styleUrl>#style_WATER_HOLES</styleUrl>
  <Point><coordinates>31.74792585722587,-24.89710126688644,215</coordinates></Point>
</Placemark>
<Placemark>
  <name>Erfplaas waterhole</name>
  
  <styleUrl>#style_WATER_HOLES</styleUrl>
  <Point><coordinates>31.30210549168234,-23.92033062013651,215</coordinates></Point>
</Placemark>
<Placemark>
  <name>Frazersrus waterhole</name>
  
  <styleUrl>#style_WATER_HOLES</styleUrl>
  <Point><coordinates>31.31178214220787,-23.48241481893373,215</coordinates></Point>
</Placemark>
<Placemark>
  <name>Gezantombi waterhole</name>
  
  <styleUrl>#style_WATER_HOLES</styleUrl>
  <Point><coordinates>31.87660534158895,-25.33436447720637,215</coordinates></Point>
</Placemark>
<Placemark>
  <name>Girivana waterhole</name>
  
  <styleUrl>#style_WATER_HOLES</styleUrl>
  <Point><coordinates>31.71394848966268,-24.3903924870272,215</coordinates></Point>
</Placemark>
<Placemark>
  <name>Goedgegun waterhole</name>
  
  <styleUrl>#style_WATER_HOLES</styleUrl>
  <Point><coordinates>31.67195828300486,-24.10986390987804,215</coordinates></Point>
</Placemark>
<Placemark>
  <name>Goma Waterhole</name>
  
  <styleUrl>#style_WATER_HOLES</styleUrl>
  <Point><coordinates>31.38886253880595,-23.04800538081212,0</coordinates></Point>
</Placemark>
<Placemark>
  <name>Gomondwane waterhole</name>
  
  <styleUrl>#style_WATER_HOLES</styleUrl>
  <Point><coordinates>31.84578093241183,-25.25441096623883,215</coordinates></Point>
</Placemark>
<Placemark>
  <name>Grysbok waterhole</name>
  
  <styleUrl>#style_WATER_HOLES</styleUrl>
  <Point><coordinates>31.34833886260237,-23.45110226599227,215</coordinates></Point>
</Placemark>
<Placemark>
  <name>Gudzani waterhole</name>
  
  <styleUrl>#style_WATER_HOLES</styleUrl>
  <Point><coordinates>31.83941383122796,-24.25178982038282,215</coordinates></Point>
</Placemark>
<Placemark>
  <name>Hillside Waterhole</name>
  
  <styleUrl>#style_WATER_HOLES</styleUrl>
  <Point><coordinates>31.90322005109821,-24.96901882872564,0</coordinates></Point>
</Placemark>
<Placemark>
  <name>Hippo Pools waterhole</name>
  
  <styleUrl>#style_WATER_HOLES</styleUrl>
  <Point><coordinates>31.86877171702025,-25.36680993472912,215</coordinates></Point>
</Placemark>
<Placemark>
  <name>Joao waterhole</name>
  
  <styleUrl>#style_WATER_HOLES</styleUrl>
  <Point><coordinates>31.36376082755289,-23.14378457257448,215</coordinates></Point>
</Placemark>
<Placemark>
  <name>Klein Nshawu waterhole</name>
  
  <styleUrl>#style_WATER_HOLES</styleUrl>
  <Point><coordinates>31.48826230039627,-23.63945231791197,215</coordinates></Point>
</Placemark>
<Placemark>
  <name>Komapti Waterhole</name>
  
  <styleUrl>#style_WATER_HOLES</styleUrl>
  <Point><coordinates>31.39615447769404,-25.21931123431673,0</coordinates></Point>
</Placemark>
<Placemark>
  <name>Kremetart waterhole</name>
  
  <styleUrl>#style_WATER_HOLES</styleUrl>
  <Point><coordinates>31.17988871416127,-22.59663449448134,215</coordinates></Point>
</Placemark>
<Placemark>
  <name>Lamont waterhole</name>
  
  <styleUrl>#style_WATER_HOLES</styleUrl>
  <Point><coordinates>31.4061407032936,-23.07146195249171,215</coordinates></Point>
</Placemark>
<Placemark>
  <name>Loskop Waterhole</name>
  
  <styleUrl>#style_WATER_HOLES</styleUrl>
  <Point><coordinates>31.90440208402847,-24.98912112552301,0</coordinates></Point>
</Placemark>
<Placemark>
  <name>Mac Waterhole</name>
  
  <styleUrl>#style_WATER_HOLES</styleUrl>
  <Point><coordinates>31.92560948160317,-25.27700243327881,0</coordinates></Point>
</Placemark>
<Placemark>
  <name>Mafourteen waterhole</name>
  
  <styleUrl>#style_WATER_HOLES</styleUrl>
  <Point><coordinates>31.8729599176539,-25.01620412410663,215</coordinates></Point>
</Placemark>
<Placemark>
  <name>Magamba waterhole</name>
  
  <styleUrl>#style_WATER_HOLES</styleUrl>
  <Point><coordinates>31.19241676295398,-22.76851429219031,215</coordinates></Point>
</Placemark>
<Placemark>
  <name>Mandadzidzi waterhole</name>
  
  <styleUrl>#style_WATER_HOLES</styleUrl>
  <Point><coordinates>31.16214589670618,-22.6899911436503,215</coordinates></Point>
</Placemark>
<Placemark>
  <name>Marhumbyeni waterhole</name>
  
  <styleUrl>#style_WATER_HOLES</styleUrl>
  <Point><coordinates>31.37454504831816,-23.89910129451858,215</coordinates></Point>
</Placemark>
<Placemark>
  <name>Mashagadzi Waterhole</name>
  
  <styleUrl>#style_WATER_HOLES</styleUrl>
  <Point><coordinates>31.4166963035421,-23.13899887723718,0</coordinates></Point>
</Placemark>
<Placemark>
  <name>Mashikiri waterhole</name>
  
  <styleUrl>#style_WATER_HOLES</styleUrl>
  <Point><coordinates>31.18207610432193,-22.58741885911096,215</coordinates></Point>
</Placemark>
<Placemark>
  <name>Matjulu waterhole</name>
  
  <styleUrl>#style_WATER_HOLES</styleUrl>
  <Point><coordinates>31.43638342503557,-25.40310429685405,215</coordinates></Point>
</Placemark>
<Placemark>
  <name>Mawawi Waterhole</name>
  
  <styleUrl>#style_WATER_HOLES</styleUrl>
  <Point><coordinates>31.23749052928343,-22.8381005085078,0</coordinates></Point>
</Placemark>
<Placemark>
  <name>Mazanje waterhole</name>
  
  <styleUrl>#style_WATER_HOLES</styleUrl>
  <Point><coordinates>31.19520334199989,-22.565861394796,215</coordinates></Point>
</Placemark>
<Placemark>
  <name>Mlondozi Waterhole</name>
  
  <styleUrl>#style_WATER_HOLES</styleUrl>
  <Point><coordinates>31.91873298202676,-24.92657455218819,0</coordinates></Point>
</Placemark>
<Placemark>
  <name>Mooiplaas waterhole</name>
  
  <styleUrl>#style_WATER_HOLES</styleUrl>
  <Point><coordinates>31.44346435713751,-23.54009448955632,215</coordinates></Point>
</Placemark>
<Placemark>
  <name>Muhlam waterhole</name>
  
  <styleUrl>#style_WATER_HOLES</styleUrl>
  <Point><coordinates>31.59108291909404,-25.20521996100701,215</coordinates></Point>
</Placemark>
<Placemark>
  <name>Muntshe Waterhole</name>
  
  <styleUrl>#style_WATER_HOLES</styleUrl>
  <Point><coordinates>31.91951040614696,-24.95420782242581,0</coordinates></Point>
</Placemark>
<Placemark>
  <name>Muzandzeni Waterhole</name>
  
  <styleUrl>#style_WATER_HOLES</styleUrl>
  <Point><coordinates>31.63413667704213,-24.48089053589806,215</coordinates></Point>
</Placemark>
<Placemark>
  <name>N'wambu Waterhole</name>
  
  <styleUrl>#style_WATER_HOLES</styleUrl>
  <Point><coordinates>31.31991385327535,-23.37004576760874,0</coordinates></Point>
</Placemark>
<Placemark>
  <name>Nandzana waterhole</name>
  
  <styleUrl>#style_WATER_HOLES</styleUrl>
  <Point><coordinates>31.28977817430094,-23.83318315476035,215</coordinates></Point>
</Placemark>
<Placemark>
  <name>Ngotso North waterhole</name>
  
  <styleUrl>#style_WATER_HOLES</styleUrl>
  <Point><coordinates>31.70657393752551,-24.12830437409517,215</coordinates></Point>
</Placemark>
<Placemark>
  <name>Nkokodzi waterhole</name>
  
  <styleUrl>#style_WATER_HOLES</styleUrl>
  <Point><coordinates>31.31717887916825,-23.24281718116516,215</coordinates></Point>
</Placemark>
<Placemark>
  <name>Nkovakulu waterhole</name>
  
  <styleUrl>#style_WATER_HOLES</styleUrl>
  <Point><coordinates>31.19096196414545,-22.53023599457711,215</coordinates></Point>
</Placemark>
<Placemark>
  <name>Nqwenyeni waterhole</name>
  
  <styleUrl>#style_WATER_HOLES</styleUrl>
  <Point><coordinates>31.66800716053907,-24.60835482545241,215</coordinates></Point>
</Placemark>
<Placemark>
  <name>Nshawu 1 waterhole</name>
  
  <styleUrl>#style_WATER_HOLES</styleUrl>
  <Point><coordinates>31.4697578332733,-23.60590338526358,215</coordinates></Point>
</Placemark>
<Placemark>
  <name>Nshawu 2 waterhole</name>
  
  <styleUrl>#style_WATER_HOLES</styleUrl>
  <Point><coordinates>31.47383257296654,-23.57103841062008,215</coordinates></Point>
</Placemark>
<Placemark>
  <name>Nshawu 3 Waterhole</name>
  
  <styleUrl>#style_WATER_HOLES</styleUrl>
  <Point><coordinates>31.48376956754405,-23.5347308036823,0</coordinates></Point>
</Placemark>
<Placemark>
  <name>Ntandanyathi Waterhole</name>
  
  <styleUrl>#style_WATER_HOLES</styleUrl>
  <Point><coordinates>31.95972749728787,-25.20766397983736,0</coordinates></Point>
</Placemark>
<Placemark>
  <name>Nwarihlanggari waterhole</name>
  
  <styleUrl>#style_WATER_HOLES</styleUrl>
  <Point><coordinates>31.33453537409028,-22.99695027361356,215</coordinates></Point>
</Placemark>
<Placemark>
  <name>Nwatimhiri waterhole</name>
  
  <styleUrl>#style_WATER_HOLES</styleUrl>
  <Point><coordinates>31.71390927513014,-25.1029648122001,215</coordinates></Point>
</Placemark>
<Placemark>
  <name>Nyamarhi waterhole</name>
  
  <styleUrl>#style_WATER_HOLES</styleUrl>
  <Point><coordinates>31.7196061246428,-24.16801411488196,215</coordinates></Point>
</Placemark>
<Placemark>
  <name>Ratelpan waterhole</name>
  
  <styleUrl>#style_WATER_HOLES</styleUrl>
  <Point><coordinates>31.64440059716043,-24.24744611160173,215</coordinates></Point>
</Placemark>
<Placemark>
  <name>Red Rocks waterhole</name>
  
  <styleUrl>#style_WATER_HOLES</styleUrl>
  <Point><coordinates>31.29372901087198,-23.18091081330477,215</coordinates></Point>
</Placemark>
<Placemark>
  <name>Rockvale waterhole</name>
  
  <styleUrl>#style_WATER_HOLES</styleUrl>
  <Point><coordinates>31.61436858806727,-24.41966998873112,215</coordinates></Point>
</Placemark>
<Placemark>
  <name>Roodewal waterhole</name>
  
  <styleUrl>#style_WATER_HOLES</styleUrl>
  <Point><coordinates>31.63724454954336,-24.14130750049273,215</coordinates></Point>
</Placemark>
<Placemark>
  <name>Sandpiper Waterhole</name>
  
  <styleUrl>#style_WATER_HOLES</styleUrl>
  <Point><coordinates>31.31850832918838,-23.016087144672,0</coordinates></Point>
</Placemark>
<Placemark>
  <name>Shidlayengwenya waterhole</name>
  
  <styleUrl>#style_WATER_HOLES</styleUrl>
  <Point><coordinates>31.34705556283046,-23.4782682669868,215</coordinates></Point>
</Placemark>
<Placemark>
  <name>Shipirivirhi Waterhole</name>
  
  <styleUrl>#style_WATER_HOLES</styleUrl>
  <Point><coordinates>31.38109186247807,-23.10670334086667,0</coordinates></Point>
</Placemark>
<Placemark>
  <name>Shishangani waterhole</name>
  
  <styleUrl>#style_WATER_HOLES</styleUrl>
  <Point><coordinates>31.88954668439631,-24.44023982885299,215</coordinates></Point>
</Placemark>
<Placemark>
  <name>Shitangeni Waterhole</name>
  
  <styleUrl>#style_WATER_HOLES</styleUrl>
  <Point><coordinates>31.2386485478412,-22.82852563606994,0</coordinates></Point>
</Placemark>
<Placemark>
  <name>Sweni Waterhole</name>
  
  <styleUrl>#style_WATER_HOLES</styleUrl>
  <Point><coordinates>31.70205338770123,-24.50393181255056,215</coordinates></Point>
</Placemark>
<Placemark>
  <name>Sweni waterhole</name>
  
  <styleUrl>#style_WATER_HOLES</styleUrl>
  <Point><coordinates>31.77039268345487,-24.48096681911863,215</coordinates></Point>
</Placemark>
<Placemark>
  <name>Thekwane waterhole</name>
  
  <styleUrl>#style_WATER_HOLES</styleUrl>
  <Point><coordinates>31.55095728658456,-25.06638603872077,215</coordinates></Point>
</Placemark>
<Placemark>
  <name>Thihongonyeni waterhole</name>
  
  <styleUrl>#style_WATER_HOLES</styleUrl>
  <Point><coordinates>31.43515644297468,-23.43760312894941,215</coordinates></Point>
</Placemark>
<Placemark>
  <name>Thulamila waterhole</name>
  
  <styleUrl>#style_WATER_HOLES</styleUrl>
  <Point><coordinates>31.01855706718477,-22.71703550225681,215</coordinates></Point>
</Placemark>
<Placemark>
  <name>Tshanga Waterhole</name>
  
  <styleUrl>#style_WATER_HOLES</styleUrl>
  <Point><coordinates>31.23546592394759,-23.22941282139981,0</coordinates></Point>
</Placemark>
<Placemark>
  <name>Uitspan waterhole</name>
  
  <styleUrl>#style_WATER_HOLES</styleUrl>
  <Point><coordinates>31.4664251629843,-25.25033209768072,215</coordinates></Point>
</Placemark>
<Placemark>
  <name>Unknown Waterhole</name>
  
  <styleUrl>#style_WATER_HOLES</styleUrl>
  <Point><coordinates>31.24798008721767,-22.66303954830011,0</coordinates></Point>
</Placemark>
<Placemark>
  <name>Witsand Waterhole</name>
  
  <styleUrl>#style_WATER_HOLES</styleUrl>
  <Point><coordinates>30.99301101240283,-22.66649538832426,0</coordinates></Point>
</Placemark></Folder><Folder><name>Dams</name><Placemark>
  <name>Biesiesvlei Dam</name>
  
  <styleUrl>#style_DAMS</styleUrl>
  <Point><coordinates>31.46552198424339,-23.06351698327398,0</coordinates></Point>
</Placemark>
<Placemark>
  <name>Biyamiti Weir</name>
  
  <styleUrl>#style_DAMS</styleUrl>
  <Point><coordinates>31.62344,-25.27907,0</coordinates></Point>
</Placemark>
<Placemark>
  <name>Engelhard Dam</name>
  
  <styleUrl>#style_DAMS</styleUrl>
  <Point><coordinates>31.63496,-23.83694,0</coordinates></Point>
</Placemark>
<Placemark>
  <name>Grootvlei Dam</name>
  
  <styleUrl>#style_DAMS</styleUrl>
  <Point><coordinates>31.51578370100852,-23.34516689641532,215</coordinates></Point>
</Placemark>
<Placemark>
  <name>Gudzanidam Dam</name>
  
  <styleUrl>#style_DAMS</styleUrl>
  <Point><coordinates>31.92575,-24.36776,0</coordinates></Point>
</Placemark>
<Placemark>
  <name>Jones Dam</name>
  
  <styleUrl>#style_DAMS</styleUrl>
  <Point><coordinates>31.75278,-24.85695000000001,0</coordinates></Point>
</Placemark>
<Placemark>
  <name>Kanniedood Dam</name>
  
  <styleUrl>#style_DAMS</styleUrl>
  <Point><coordinates>31.459144,-23.142304,0</coordinates></Point>
</Placemark>
<Placemark>
  <name>Klopperfontein Dam</name>
  
  <styleUrl>#style_DAMS</styleUrl>
  <Point><coordinates>31.17216,-22.62849,0</coordinates></Point>
</Placemark>
<Placemark>
  <name>Krapkuil Dam</name>
  
  <styleUrl>#style_DAMS</styleUrl>
  <Point><coordinates>31.30170967195405,-23.24722950573204,0</coordinates></Point>
</Placemark>
<Placemark>
  <name>Kumana Dam</name>
  
  <styleUrl>#style_DAMS</styleUrl>
  <Point><coordinates>31.79411,-24.61929,0</coordinates></Point>
</Placemark>
<Placemark>
  <name>Lake Panic</name>
  
  <styleUrl>#style_DAMS</styleUrl>
  <Point><coordinates>31.566677,-24.98103,0</coordinates></Point>
</Placemark>
<Placemark>
  <name>Langtoon Dam</name>
  
  <styleUrl>#style_DAMS</styleUrl>
  <Point><coordinates>31.38235802269487,-22.86820918445047,0</coordinates></Point>
</Placemark>
<Placemark>
  <name>Lindanda Dam</name>
  
  <styleUrl>#style_DAMS</styleUrl>
  <Point><coordinates>31.9444522039312,-24.69854941559996,0</coordinates></Point>
</Placemark>
<Placemark>
  <name>Lugmag Dam</name>
  
  <styleUrl>#style_DAMS</styleUrl>
  <Point><coordinates>31.67073,-24.72778,0</coordinates></Point>
</Placemark>
<Placemark>
  <name>Mantimahle Dam</name>
  
  <styleUrl>#style_DAMS</styleUrl>
  <Point><coordinates>31.73252,-24.89681,0</coordinates></Point>
</Placemark>
<Placemark>
  <name>Manyeleti Dam</name>
  
  <styleUrl>#style_DAMS</styleUrl>
  <Point><coordinates>31.60503377906572,-23.63216849394494,0</coordinates></Point>
</Placemark>
<Placemark>
  <name>Matukwale Dam</name>
  
  <styleUrl>#style_DAMS</styleUrl>
  <Point><coordinates>30.96369578441307,-22.68293792205587,0</coordinates></Point>
</Placemark>
<Placemark>
  <name>Mazithi Dam</name>
  
  <styleUrl>#style_DAMS</styleUrl>
  <Point><coordinates>31.83527,-24.72261,0</coordinates></Point>
</Placemark>
<Placemark>
  <name>Mestel Dam</name>
  
  <styleUrl>#style_DAMS</styleUrl>
  <Point><coordinates>31.21489,-25.11609,0</coordinates></Point>
</Placemark>
<Placemark>
  <name>Mhisanamond Dam</name>
  
  <styleUrl>#style_DAMS</styleUrl>
  <Point><coordinates>31.70815,-24.61229,0</coordinates></Point>
</Placemark>
<Placemark>
  <name>Mlondozi Dam</name>
  
  <styleUrl>#style_DAMS</styleUrl>
  <Point><coordinates>31.93231370015991,-25.03511077114291,0</coordinates></Point>
</Placemark>
<Placemark>
  <name>Mpondo Dam</name>
  
  <styleUrl>#style_DAMS</styleUrl>
  <Point><coordinates>31.71931,-25.20345,0</coordinates></Point>
</Placemark>
<Placemark>
  <name>Mtshawu Dam</name>
  
  <styleUrl>#style_DAMS</styleUrl>
  <Point><coordinates>31.26166,-25.09573,0</coordinates></Point>
</Placemark>
<Placemark>
  <name>N-Wanetzi Dam</name>
  
  <styleUrl>#style_DAMS</styleUrl>
  <Point><coordinates>31.97637865367249,-24.45877098865193,0</coordinates></Point>
</Placemark>
<Placemark>
  <name>Napi Dam</name>
  
  <styleUrl>#style_DAMS</styleUrl>
  <Point><coordinates>31.37551354095675,-25.11720378433163,0</coordinates></Point>
</Placemark>
<Placemark>
  <name>Newu Dam</name>
  
  <styleUrl>#style_DAMS</styleUrl>
  <Point><coordinates>31.40598041659354,-25.3351299896173,0</coordinates></Point>
</Placemark>
<Placemark>
  <name>Ngotso Dam</name>
  
  <styleUrl>#style_DAMS</styleUrl>
  <Point><coordinates>31.71925,-24.17559,0</coordinates></Point>
</Placemark>
<Placemark>
  <name>Ngwenyeni Dam</name>
  
  <styleUrl>#style_DAMS</styleUrl>
  <Point><coordinates>31.67447296741998,-24.62381709741602,0</coordinates></Point>
</Placemark>
<Placemark>
  <name>Nhlanganini Dam</name>
  
  <styleUrl>#style_DAMS</styleUrl>
  <Point><coordinates>31.4942,-23.93505,0</coordinates></Point>
</Placemark>
<Placemark>
  <name>Nhlanganzwane Dam</name>
  <description>Old Damaged Dam</description>
  <styleUrl>#style_DAMS</styleUrl>
  <Point><coordinates>31.9746931199671,-25.23388445716459,215</coordinates></Point>
</Placemark>
<Placemark>
  <name>Nsemani Dam</name>
  
  <styleUrl>#style_DAMS</styleUrl>
  <Point><coordinates>31.71797590909117,-24.39214126381385,0</coordinates></Point>
</Placemark>
<Placemark>
  <name>Nshawu Dam</name>
  
  <styleUrl>#style_DAMS</styleUrl>
  <Point><coordinates>31.48616464867563,-23.5149941018231,0</coordinates></Point>
</Placemark>
<Placemark>
  <name>Nyamundwa Dam</name>
  
  <styleUrl>#style_DAMS</styleUrl>
  <Point><coordinates>31.33393,-25.02417,0</coordinates></Point>
</Placemark>
<Placemark>
  <name>Orpen Dam</name>
  
  <styleUrl>#style_DAMS</styleUrl>
  <Point><coordinates>31.90127,-24.79370000000001,0</coordinates></Point>
</Placemark>
<Placemark>
  <name>Piet Grobler Dam</name>
  
  <styleUrl>#style_DAMS</styleUrl>
  <Point><coordinates>31.63213,-24.23198,0</coordinates></Point>
</Placemark>
<Placemark>
  <name>Pioneer Dam</name>
  
  <styleUrl>#style_DAMS</styleUrl>
  <Point><coordinates>31.39611,-23.52531,0</coordinates></Point>
</Placemark>
<Placemark>
  <name>Reenvoel Dam</name>
  
  <styleUrl>#style_DAMS</styleUrl>
  <Point><coordinates>31.3297,-23.97908,0</coordinates></Point>
</Placemark>
<Placemark>
  <name>Renoster Koppies Dam</name>
  
  <styleUrl>#style_DAMS</styleUrl>
  <Point><coordinates>31.60814313829399,-25.12247562809587,0</coordinates></Point>
</Placemark>
<Placemark>
  <name>Rooibosrand Dam</name>
  
  <styleUrl>#style_DAMS</styleUrl>
  <Point><coordinates>31.17019,-23.25969,0</coordinates></Point>
</Placemark>
<Placemark>
  <name>Sable Dam</name>
  
  <styleUrl>#style_DAMS</styleUrl>
  <Point><coordinates>31.2380563023407,-23.93994177258977,0</coordinates></Point>
</Placemark>
<Placemark>
  <name>Shimanquaneni Dam</name>
  
  <styleUrl>#style_DAMS</styleUrl>
  <Point><coordinates>31.63947355962749,-24.50356133816579,0</coordinates></Point>
</Placemark>
<Placemark>
  <name>Shitlave Dam</name>
  
  <styleUrl>#style_DAMS</styleUrl>
  <Point><coordinates>31.32471366089593,-25.14451412495068,0</coordinates></Point>
</Placemark>
<Placemark>
  <name>Silolweni Dam</name>
  
  <styleUrl>#style_DAMS</styleUrl>
  <Point><coordinates>31.8357,-24.82382,0</coordinates></Point>
</Placemark>
<Placemark>
  <name>Silvervis Dam</name>
  
  <styleUrl>#style_DAMS</styleUrl>
  <Point><coordinates>31.223493333294,-23.21647791636558,0</coordinates></Point>
</Placemark>
<Placemark>
  <name>Sirheni Dam</name>
  
  <styleUrl>#style_DAMS</styleUrl>
  <Point><coordinates>31.2334004332135,-22.95171630758145,0</coordinates></Point>
</Placemark>
<Placemark>
  <name>Stapelkop Dam</name>
  
  <styleUrl>#style_DAMS</styleUrl>
  <Point><coordinates>31.25547273161316,-23.59770067730438,0</coordinates></Point>
</Placemark>
<Placemark>
  <name>Sunset Dam</name>
  
  <styleUrl>#style_DAMS</styleUrl>
  <Point><coordinates>31.91234,-25.11642,0</coordinates></Point>
</Placemark>
<Placemark>
  <name>Transport Dam</name>
  
  <styleUrl>#style_DAMS</styleUrl>
  <Point><coordinates>31.49143,-25.11874,0</coordinates></Point>
</Placemark>
<Placemark>
  <name>Vutomi Dam</name>
  
  <styleUrl>#style_DAMS</styleUrl>
  <Point><coordinates>31.74002,-24.7428,0</coordinates></Point>
</Placemark>
<Placemark>
  <name>Wenela Dam</name>
  
  <styleUrl>#style_DAMS</styleUrl>
  <Point><coordinates>31.97717291819604,-24.44892315546133,0</coordinates></Point>
</Placemark></Folder><Folder><name>Waypoints</name></Folder><Folder><name>POI</name><Placemark>
  <name>S63 - Pafuri Point of Entry</name>
  
  <styleUrl>#style_POI</styleUrl>
  <Point><coordinates>31.26298656790208,-22.44641250619815,0</coordinates></Point>
</Placemark>
<Placemark>
  <name>S63 - Pafuri Point of Entry</name>
  
  <styleUrl>#style_POI</styleUrl>
  <LineString><tessellate>1</tessellate><coordinates>31.22011997651314,-22.43725687669048,0 31.22173795404535,-22.43719039009419,0 31.22209253785524,-22.43713215703578,0 31.22270587036087,-22.43693857266531,0 31.22465578699777,-22.43610399146517,0 31.22550167417689,-22.43559230034829,0 31.22617002798296,-22.43511944294361,0 31.2266125866275,-22.43488140895394,0 31.22727032236565,-22.43466433668205,0 31.22845003848906,-22.43457313237129,0 31.22897992601924,-22.4345344880243,0 31.23146153388214,-22.43439734102431,0 31.23204290751599,-22.43441095623631,0 31.23277788561703,-22.43460482345467,0 31.2332077620333,-22.43480847654877,0 31.23551235330346,-22.4362225224029,0 31.23616892763981,-22.43664362840601,0 31.23654123290821,-22.4369694480192,0 31.23687987403163,-22.43732621819251,0 31.23749725238102,-22.43820615349721,0 31.23775403888805,-22.43873060665124,0 31.23826677899167,-22.44001513688013,0 31.23846203802759,-22.44037761519198,0 31.23872708245883,-22.4407268937928,0 31.23903603627444,-22.44101843228386,0 31.23950515330358,-22.4413516942856,0 31.23988548116053,-22.44156679679601,0 31.24167963277209,-22.44258950374462,0 31.24194144347169,-22.44268138054428,0 31.24248636242086,-22.44280735058218,0 31.242894294616,-22.44285121770704,0 31.24451680954033,-22.44291590992892,0 31.24495127176685,-22.44297736009612,0 31.24534004304431,-22.4430668714632,0 31.24593827872331,-22.44324034962919,0 31.24824824500513,-22.44411643976321,0 31.24881153111145,-22.44428610526124,0 31.24931288766314,-22.44440508494677,0 31.25016031311439,-22.44454452839936,0 31.25143708643056,-22.44469872873646,0 31.25208269913684,-22.44475643309997,0 31.25332613911512,-22.44474101096797,0 31.25428895989855,-22.44468152795973,0 31.25485571283839,-22.44468236892896,0 31.25552011278632,-22.44469881715436,0 31.25615461126822,-22.44475026003012,0 31.25725448022555,-22.44490198291948,0 31.25793960635508,-22.4450286326057,0 31.25895128899298,-22.4452162419376,0 31.2602590730404,-22.4454958949238,0 31.26116474598921,-22.44575683256997,0 31.26196540412341,-22.44598564361915,0 31.26307518248899,-22.44640705387711,0 31.26596450193695,-22.44763813275974,0 31.26644281366477,-22.44779552943322,0 31.26695104825554,-22.44784854734428,0 31.26733436358316,-22.44783475271275,0 31.26778523118621,-22.44773871067083,0 31.2686778168152,-22.44751899615829,0 31.26919301598473,-22.44743198528056,0 31.26976389471652,-22.44741203556917,0 31.27322217048959,-22.44746991929194,0 31.27375955095683,-22.44742722310832,0 31.27414795508259,-22.44738331096001,0 31.27469585028936,-22.44730252319019,0 31.27509638296302,-22.44723306259025,0 31.27541313281853,-22.44717182460735,0 31.2757179599767,-22.44708618443715,0 31.27653124943305,-22.44683843577647,0 31.27681007741577,-22.4467581269805,0 31.2771558420641,-22.44672811170439,0 31.27752755959603,-22.44672997705938,0 31.27800762089849,-22.44680450006993,0 31.27855552285709,-22.44697475234525,0 31.2790561423666,-22.4471344019094,0 31.27967254641684,-22.44729176108285,0 31.28019657806789,-22.44742416214919,0 31.28068241401218,-22.44750928400841,0 31.28435450958994,-22.44808144157798,0 31.28486880100971,-22.44813425641118,0 31.28522713714072,-22.44812906649157,0 31.28562912743347,-22.44810501928505,0 31.28622462882814,-22.44800495131358,0 31.28692616157072,-22.4478454231288,0 31.28820622954676,-22.44759046812219,0 31.28865483093707,-22.44754760083492,0 31.28908714195909,-22.4475394224201,0 31.28962375273363,-22.44755052898497,0 31.29015283326108,-22.44761955497298,0 31.29069398664162,-22.44774131505839,0 31.29109954168935,-22.44787122786973,0 31.29152070314622,-22.44804770262123,0 31.29197080906528,-22.44825965585771,0 31.29234659410308,-22.44843745493326,0 31.29291926735732,-22.44860395201121,0 31.29334363601382,-22.44866972725501,0 31.29369413919158,-22.44866787079955,0 31.2940613134197,-22.4486591158521,0 31.29444638328052,-22.44858995897596,0 31.29474467513875,-22.44850412140691,0 31.29513515827476,-22.44836343156847,0 31.29532926507964,-22.44827004452657,0 31.29921873963182,-22.44526544674814,0 31.29957632775705,-22.44507766854357,0 31.29990445349225,-22.44494241307918,0 31.30029879080929,-22.44482475747688,0 31.30054330452403,-22.44477798630673,0 31.30085879149168,-22.44474057086356,0 31.30121487617194,-22.44473992855516,0 31.30161464377694,-22.44477965584047,0 31.30201776292065,-22.44485364133045,0 31.30229743723581,-22.44495118667386,0 31.30260096867094,-22.44507343526187,0 31.30782874664995,-22.44793763450816,0 31.30824729940986,-22.44808235880647,0 31.30864846782517,-22.44820666066436,0 31.30909676559407,-22.44829012345682,0 31.31573619787552,-22.44909608088075,0</coordinates></LineString>
</Placemark>
<Placemark>
  <name>Albasini Ruins</name>
  
  <styleUrl>#style_POI</styleUrl>
  <Point><coordinates>31.24404523401218,-25.02322271824203,0</coordinates></Point>
</Placemark>
<Placemark>
  <name>Albasinis Trading Post</name>
  
  <styleUrl>#style_POI</styleUrl>
  <Point><coordinates>31.94232,-25.13964,0</coordinates></Point>
</Placemark>
<Placemark>
  <name>Baobab Hill</name>
  
  <styleUrl>#style_POI</styleUrl>
  <Point><coordinates>31.20327687037423,-22.4934622680545,0</coordinates></Point>
</Placemark>
<Placemark>
  <name>Breeding Camp</name>
  
  <styleUrl>#style_POI</styleUrl>
  <Point><coordinates>31.44215505180384,-23.47382769043376,0</coordinates></Point>
</Placemark>
<Placemark>
  <name>Cahora Bassa Power Lines</name>
  
  <styleUrl>#style_POI</styleUrl>
  <Point><coordinates>31.1654412007345,-22.68833796394091,0</coordinates></Point>
</Placemark>
<Placemark>
  <name>Crooks Corner</name>
  
  <styleUrl>#style_POI</styleUrl>
  <Point><coordinates>31.307,-22.42567,0</coordinates></Point>
</Placemark>
<Placemark>
  <name>Jock of the Bushveld Birthplace</name>
  
  <styleUrl>#style_POI</styleUrl>
  <Point><coordinates>31.32819087346701,-25.195711376303,0</coordinates></Point>
</Placemark>
<Placemark>
  <name>Jock of the Bushveld Plaque</name>
  
  <styleUrl>#style_POI</styleUrl>
  <Point><coordinates>31.58603692753858,-25.33233762130283,0</coordinates></Point>
</Placemark>
<Placemark>
  <name>Joe Ludorf Plaque and Wolhuters Windmill</name>
  
  <styleUrl>#style_POI</styleUrl>
  <Point><coordinates>31.37593908363714,-25.11217130614621,0</coordinates></Point>
</Placemark>
<Placemark>
  <name>Jouberts Grave</name>
  
  <styleUrl>#style_POI</styleUrl>
  <Point><coordinates>31.25974105402737,-23.59646152646031,0</coordinates></Point>
</Placemark>
<Placemark>
  <name>Lindanda Wolhuter Memorial</name>
  
  <styleUrl>#style_POI</styleUrl>
  <Point><coordinates>31.94316,-24.69748,0</coordinates></Point>
</Placemark>
<Placemark>
  <name>Masorini Archaeological Site</name>
  
  <styleUrl>#style_POI</styleUrl>
  <Point><coordinates>31.26722861864961,-23.92170335867802,0</coordinates></Point>
</Placemark>
<Placemark>
  <name>Orpen Memorial</name>
  
  <styleUrl>#style_POI</styleUrl>
  <Point><coordinates>31.77454,-24.8717,0</coordinates></Point>
</Placemark>
<Placemark>
  <name>Orpen Rocks</name>
  
  <styleUrl>#style_POI</styleUrl>
  <Point><coordinates>31.76493,-24.87946000000001,0</coordinates></Point>
</Placemark>
<Placemark>
  <name>Outspan Plaque</name>
  
  <styleUrl>#style_POI</styleUrl>
  <Point><coordinates>31.58082089859082,-25.33567254124706,0</coordinates></Point>
</Placemark>
<Placemark>
  <name>Roan Breeding Camp</name>
  
  <styleUrl>#style_POI</styleUrl>
  <Point><coordinates>31.25821335074791,-22.77492713731429,0</coordinates></Point>
</Placemark>
<Placemark>
  <name>San Rock Paintings</name>
  
  <styleUrl>#style_POI</styleUrl>
  <Point><coordinates>31.86928983323988,-25.36740089159572,0</coordinates></Point>
</Placemark>
<Placemark>
  <name>Sardelli's Store</name>
  
  <styleUrl>#style_POI</styleUrl>
  <Point><coordinates>31.84666116464959,-25.25648650472941,0</coordinates></Point>
</Placemark>
<Placemark>
  <name>Ship Mountain</name>
  
  <styleUrl>#style_POI</styleUrl>
  <Point><coordinates>31.3700471707499,-25.21687794125245,0</coordinates></Point>
</Placemark>
<Placemark>
  <name>Skukuza Airport</name>
  
  <styleUrl>#style_POI</styleUrl>
  <Point><coordinates>31.59401706426918,-24.96738772592773,0</coordinates></Point>
</Placemark>
<Placemark>
  <name>Skukuza Golf Course</name>
  
  <styleUrl>#style_POI</styleUrl>
  <Point><coordinates>31.57842051791429,-24.98785613965193,0</coordinates></Point>
</Placemark>
<Placemark>
  <name>Southern Most Boabab</name>
  
  <styleUrl>#style_POI</styleUrl>
  <Point><coordinates>31.78710797115798,-24.61858826613356,0</coordinates></Point>
</Placemark>
<Placemark>
  <name>Stevenson-Hamilton Rock</name>
  
  <styleUrl>#style_POI</styleUrl>
  <Point><coordinates>31.59619,-25.10365,0</coordinates></Point>
</Placemark>
<Placemark>
  <name>Thulamela Archaeological Site</name>
  
  <styleUrl>#style_POI</styleUrl>
  <Point><coordinates>31.19506619055604,-22.43209204966207,0</coordinates></Point>
</Placemark>
<Placemark>
  <name>Trichardt Memorial</name>
  
  <styleUrl>#style_POI</styleUrl>
  <Point><coordinates>31.81806,-24.70239,0</coordinates></Point>
</Placemark>
<Placemark>
  <name>Tropic of Capricorn</name>
  
  <styleUrl>#style_POI</styleUrl>
  <Point><coordinates>31.3417038886687,-23.4389800435305,0</coordinates></Point>
</Placemark>
<Placemark>
  <name>Vegetation Research Camps</name>
  
  <styleUrl>#style_POI</styleUrl>
  <Point><coordinates>31.23385137002434,-25.13607121474939,0</coordinates></Point>
</Placemark>
<Placemark>
  <name>Selati Railway, Kruger Park</name>
  
  <styleUrl>#style_POI</styleUrl>
  <LineString><tessellate>1</tessellate><coordinates>31.94591115820795,-25.43319736655681,0 31.9446015301653,-25.43265609524665,0 31.94372168972365,-25.43193911244549,0 31.943331205695,-25.43140091372671,0 31.94306282268111,-25.4308849704347,0 31.94250826932659,-25.42911638564961,0 31.94107646913996,-25.4238116607676,0 31.94064911172213,-25.42278301146139,0 31.93992838915506,-25.42170179720739,0 31.93880964014599,-25.42032215136998,0 31.9385154199785,-25.41971391841877,0 31.93819566285332,-25.41847377434215,0 31.9354174709642,-25.40949108879465,0 31.933894010976,-25.40433689849527,0 31.93326574615383,-25.40275396041158,0 31.93296877657758,-25.40204615846537,0 31.9318558807832,-25.4002200016472,0 31.9312508552078,-25.39942221943349,0 31.93041637096847,-25.39837861278405,0 31.92878853227579,-25.39673774995022,0 31.9270860557946,-25.39540367761446,0 31.92297564111214,-25.39271253967848,0 31.92143484922212,-25.39197390027105,0 31.92056481122637,-25.39168711616541,0 31.91646337714541,-25.3902878932748,0 31.91547075102371,-25.38996344940088,0 31.91456899126665,-25.38961821944622,0 31.91397131929044,-25.38919506855858,0 31.91353739028549,-25.38877358508597,0 31.91285028063101,-25.38784900911712,0 31.91240376395836,-25.38686486415236,0 31.91221025022662,-25.38607114234187,0 31.9122580762022,-25.38500966080124,0 31.91253118857829,-25.3838551646498,0 31.91322792654977,-25.3809819972888,0 31.91468966008828,-25.37456983670806,0 31.91603479855755,-25.36911075621475,0 31.91618212638912,-25.36823818384834,0 31.91610848634796,-25.36751686137562,0 31.9158682360048,-25.36686053886719,0 31.91539945498098,-25.36623687060686,0 31.91494268150276,-25.36588546331143,0 31.9138424840784,-25.36551868181171,0 31.91263241056944,-25.36528009387428,0 31.91079540001395,-25.36494462637538,0 31.91016309040222,-25.36488295212708,0 31.90951553003481,-25.36490821785345,0 31.90906350475898,-25.36507209134453,0 31.9085373866501,-25.36531578856113,0 31.90798692737284,-25.36562565479785,0 31.90745561568975,-25.36583726084413,0 31.90698206464224,-25.36597016525943,0 31.90630815362681,-25.36597812428854,0 31.90577251362861,-25.36584626280957,0 31.90527653140174,-25.36560746905885,0 31.90484573631388,-25.36517352393497,0 31.90447602853533,-25.36444917175714,0 31.90380464027272,-25.36283148799649,0 31.90306419578404,-25.36185567590484,0 31.90252792179297,-25.36150682419009,0 31.90200607789921,-25.36127333756556,0 31.90141345676592,-25.36119734887957,0 31.90058763771298,-25.3612330495022,0 31.89972671230218,-25.36144588841409,0 31.89852782763582,-25.36179254381816,0 31.8978548281731,-25.36184241903234,0 31.89736861055839,-25.36177111716811,0 31.89693431486618,-25.36164523864997,0 31.89576112123076,-25.36107718219883,0 31.89236428156267,-25.35945188048619,0 31.89055090487033,-25.35858784555032,0 31.88981724591514,-25.35832328351668,0 31.88879459414605,-25.35811156815283,0 31.88818635483068,-25.35813670157657,0 31.88763372776181,-25.35817115794209,0 31.886611174356,-25.35848775142583,0 31.8856992773492,-25.35894041329197,0 31.88495544781117,-25.35924727881377,0 31.88454731854983,-25.35934337808842,0 31.88418005374578,-25.35939143548565,0 31.88372944526179,-25.3593872506301,0 31.88321738217022,-25.35929309834461,0 31.88274319237767,-25.35912818234148,0 31.8823238064829,-25.35890716298833,0 31.88193029068745,-25.35856867071647,0 31.88147028572143,-25.3580665404838,0 31.88126868799362,-25.35770997532791,0 31.88112200729028,-25.35719603107311,0 31.8810910303075,-25.35680671849723,0 31.88113348837054,-25.35621134639753,0 31.88179837690243,-25.35297905631541,0 31.88183453988554,-25.35238069087891,0 31.88176145633249,-25.35185424214033,0 31.8815106521601,-25.35117523612164,0 31.88119913747254,-25.35063954310354,0 31.88090787937378,-25.35031180576291,0 31.88036374527682,-25.34988207014446,0 31.87985178763542,-25.34963424993404,0 31.8792651465599,-25.3494411330487,0 31.87847104801598,-25.34935138805297,0 31.87803146546665,-25.34935722781551,0 31.8774723962208,-25.34943842497389,0 31.87683360995965,-25.34966175854364,0 31.87629447992826,-25.34991557938821,0 31.87587483216408,-25.35026924738562,0 31.87534292556685,-25.35084392257793,0 31.87266237432216,-25.35370975450411,0 31.87198070453162,-25.35416844320916,0 31.87148580525243,-25.35440593779243,0 31.87082035947501,-25.35458472413667,0 31.87015618172901,-25.35466529910279,0 31.86981013209558,-25.35467047160228,0 31.86917458071811,-25.35458767096726,0 31.86849110385332,-25.35440984695474,0 31.8680381448974,-25.3542496179881,0 31.86754688788344,-25.35393662261042,0 31.86593211932918,-25.35292769485627,0 31.86550056472181,-25.35258276902988,0 31.86499603031272,-25.35206385324541,0 31.86440964298153,-25.35131574047237,0 31.8640819111175,-25.35071993475535,0 31.86386202784909,-25.3501168945054,0 31.86239111300161,-25.3443964545311,0 31.86206951525086,-25.34324228324509,0 31.86188236233637,-25.34279342932065,0 31.86144836944543,-25.34213509426659,0 31.86068534418531,-25.34137213406505,0 31.86001459450151,-25.3409170712679,0 31.85921796687765,-25.3405653392762,0 31.85833803960131,-25.34032325544757,0 31.85645345580093,-25.33985803653051,0 31.85254886989014,-25.33896028070567,0 31.84920007957285,-25.33822719895834,0 31.84640332633533,-25.33758478301315,0 31.84492168508078,-25.33724306216952,0 31.84436506070377,-25.33714945105475,0 31.84349537539414,-25.33706222261575,0 31.84223887762781,-25.33708577182249,0 31.84041779946864,-25.33715586967003,0 31.83983096064586,-25.3371035060133,0 31.83932184688214,-25.33700551811669,0 31.83863818719623,-25.33679260819418,0 31.83807386952756,-25.33653657174392,0 31.83742693143846,-25.33613947447336,0 31.83691857491226,-25.33568534512203,0 31.83637428096443,-25.33504352970792,0 31.83596503869428,-25.33432728888421,0 31.83537847643212,-25.33320023244658,0 31.83439635090931,-25.33130286379952,0 31.83421488332142,-25.33083316704364,0 31.83399857261869,-25.32971393142887,0 31.83404837002163,-25.32900312909081,0 31.83413322755617,-25.32852066228118,0 31.83431613331536,-25.3279178595151,0 31.83472244045261,-25.32721477377365,0 31.83518173467214,-25.32644907259504,0 31.83559362395454,-25.32578046638408,0 31.83574769889085,-25.32539882019067,0 31.83585273086688,-25.32491146842479,0 31.83585646943828,-25.32447661601101,0 31.83569455389942,-25.32344896029092,0 31.83548626179461,-25.32238824091945,0 31.83533251921914,-25.32199872604706,0 31.8351613238264,-25.32164966889166,0 31.83492065116176,-25.32135073813991,0 31.83449711477876,-25.32098052042184,0 31.8340831799383,-25.32073523724802,0 31.83366390937119,-25.3205711384444,0 31.83320260968,-25.32045959356596,0 31.83192091787695,-25.32023287433502,0 31.8312892423854,-25.32007341965007,0 31.83073597582174,-25.31983051807053,0 31.83046431727444,-25.31967121359676,0 31.83002348875263,-25.31935742952706,0 31.82968984180159,-25.31906892661262,0 31.82938993695355,-25.31870246568071,0 31.82881619155153,-25.31786399105946,0 31.82842898961073,-25.31732478555202,0 31.82805882434753,-25.31699034223209,0 31.82738191673465,-25.31659450145984,0 31.82679066187836,-25.31631276466447,0 31.82623360164264,-25.31602372408003,0 31.82581583613489,-25.3157481382991,0 31.8254754970667,-25.31535926432661,0 31.82451813039133,-25.31371899598066,0 31.82405823258089,-25.31322603675522,0 31.82375404701971,-25.31301549721377,0 31.823353785051,-25.31282164019043,0 31.82276100580643,-25.31258085369409,0 31.82194562578103,-25.31224406282921,0 31.82163601236918,-25.31206588857709,0 31.82137524569641,-25.31183413374346,0 31.82103855759581,-25.3114243287408,0 31.8207484255463,-25.31092577827042,0 31.82056826346123,-25.31035748953299,0 31.8205373954543,-25.30988756074972,0 31.82060115826424,-25.30935517907928,0 31.82074503015401,-25.30893979232641,0 31.82123824385494,-25.30787405104823,0 31.82135792173838,-25.3075053602964,0 31.82140654216726,-25.30690077357613,0 31.82136139999842,-25.30658490262237,0 31.82124184992336,-25.30618568524672,0 31.82108446458296,-25.30584571426989,0 31.82078597439711,-25.30540568374572,0 31.8205701750299,-25.30517052926159,0 31.82027718726685,-25.30491266270988,0 31.8198613427873,-25.30465717777548,0 31.81945951994234,-25.30450007478447,0 31.81902440602648,-25.30436102638432,0 31.81866440924364,-25.30431159336169,0 31.81755858918098,-25.30421205469723,0 31.81715270823356,-25.30416266890308,0 31.81658454067295,-25.30405633863797,0 31.81579413486986,-25.30381330071109,0 31.81521626259141,-25.30357766181902,0 31.81454977450813,-25.3032048696966,0 31.81387471759706,-25.30275182925767,0 31.81354322553024,-25.30245365935818,0 31.81315929782165,-25.30202958542153,0 31.81263962557292,-25.30142823943432,0 31.81225790935522,-25.30087648959188,0 31.81181133678103,-25.29995236045957,0 31.8108096821787,-25.29786093585745,0 31.80958337154373,-25.29526443571653,0 31.80930296452596,-25.29441812950392,0 31.80896684876146,-25.29305439589015,0 31.80825325439158,-25.29052835213343,0 31.80799187438469,-25.2899575850606,0 31.80781968263079,-25.28955789640098,0 31.80753177053507,-25.28905730757968,0 31.80619851235675,-25.28709841645114,0 31.80393629527631,-25.28374436093167,0 31.80342355820942,-25.28318609523889,0 31.802804742657,-25.2826736495888,0 31.80218508034985,-25.28231056450805,0 31.80063697864838,-25.28148802472971,0 31.80023260483157,-25.28120547874151,0 31.79987050067004,-25.28090575423569,0 31.7994379344915,-25.28040301686029,0 31.79907676087878,-25.27985555120078,0 31.79701842907238,-25.27647554058842,0 31.79651170876789,-25.27554804504292,0 31.79623682135731,-25.27481988970036,0 31.79612431249339,-25.27433301462047,0 31.79601519947426,-25.27367845800165,0 31.79586299458767,-25.27165855329456,0 31.79575831430114,-25.27034879914899,0 31.79571982437423,-25.26942076048276,0 31.79579590966472,-25.26754970113721,0 31.79587368083372,-25.26592179341311,0 31.79582918026421,-25.26518051066827,0 31.79566396562255,-25.26461992502346,0 31.79527425876958,-25.26393276144575,0 31.79424039645856,-25.26208073547559,0 31.79347194393746,-25.26081930343186,0 31.7931099659619,-25.26033098315883,0 31.791748446894,-25.25861512736904,0 31.79037045178038,-25.25704650551647,0 31.78996840592847,-25.25670065609766,0 31.78952765751682,-25.25642969445206,0 31.78911992005495,-25.25625138053258,0 31.78850092436203,-25.25611165870654,0 31.78754329736349,-25.2559597266361,0 31.78712519016159,-25.25589112917916,0 31.78650122945281,-25.25566764278054,0 31.78578434349619,-25.25525887663384,0 31.78536835386223,-25.25493653894578,0 31.78507533090125,-25.25462765507208,0 31.78482739081191,-25.25428800925449,0 31.78309778041959,-25.25147390528268,0 31.78260748923124,-25.25066338710561,0 31.78227231659919,-25.25026508657802,0 31.78170844005991,-25.24978833117587,0 31.78089696821789,-25.24932861693662,0 31.78021131725332,-25.24891279462185,0 31.77979915085859,-25.24862385520811,0 31.77945988301802,-25.24826732312636,0 31.77919142582823,-25.24783896404841,0 31.77891879202004,-25.24715653641433,0 31.7783932381214,-25.24559552203544,0 31.77744944427175,-25.24275620218548,0 31.77645630781843,-25.23978598341691,0 31.77630542176268,-25.23909224672709,0 31.77616884030364,-25.23799001400944,0 31.77590923853713,-25.23435329137399,0 31.77579918230365,-25.23353509840734,0 31.77555320721323,-25.23264209485712,0 31.77514674365562,-25.2315414170395,0 31.77421609999009,-25.2292773623089,0 31.77402289393549,-25.22846210555926,0 31.77395486662725,-25.22769783600137,0 31.77400035476324,-25.22662843034211,0 31.77421831840038,-25.225677885936,0 31.77452692201994,-25.2249963630682,0 31.77495858933138,-25.22404129799073,0 31.77518001837202,-25.22341906232319,0 31.77519072872535,-25.22292012254624,0 31.77514071953406,-25.22243390053271,0 31.7749399260018,-25.22192572637671,0 31.77467133543329,-25.22141084955367,0 31.77432426128411,-25.22089431809682,0 31.77396754150258,-25.22021973821314,0 31.77384203194109,-25.21971958955159,0 31.77382553770218,-25.21924533385691,0 31.77380162157829,-25.21758657252349,0 31.77375563755113,-25.21720120063535,0 31.77363448665431,-25.21678679833777,0 31.77343244747429,-25.21625488250871,0 31.77308485290761,-25.21567900371853,0 31.77250974980968,-25.21471977556379,0 31.77233380201986,-25.21437415528546,0 31.77214312547027,-25.21379080361099,0 31.77189645436957,-25.21288685734592,0 31.77154583012219,-25.21147711448127,0 31.77145894162687,-25.2108304011812,0 31.7713990824365,-25.20965434735226,0 31.77133691570656,-25.20779887880079,0 31.77136070949702,-25.20714015835794,0 31.7714225105734,-25.20214899082501,0 31.77147669127742,-25.20170075748634,0 31.77155931089836,-25.20132022432021,0 31.77176881732846,-25.20075183765368,0 31.7721024337159,-25.19972305983874,0 31.77229653254167,-25.1990401003408,0 31.7723774325801,-25.19855457101984,0 31.77247265349337,-25.19791091069761,0 31.77247265293348,-25.19714155776669,0 31.77245262131234,-25.19667586724483,0 31.77237095497339,-25.19590471708321,0 31.77226900704239,-25.19543245507955,0 31.77211298787261,-25.19482497781938,0 31.77186896151873,-25.19414506541815,0 31.77131827455102,-25.1929290436717,0 31.76983612446932,-25.18971109501765,0 31.76939795129211,-25.18873623979744,0 31.76905727635241,-25.18817887298282,0 31.76880408488578,-25.18789020855049,0 31.76835384182381,-25.18754773307446,0 31.76784318754552,-25.18727952483582,0 31.7673817001352,-25.18713933424604,0 31.76683295001613,-25.18707480918244,0 31.76636242763855,-25.18707584054679,0 31.76588459105719,-25.18716444975954,0 31.76541836911108,-25.18729539836912,0 31.76509362261944,-25.1874811998811,0 31.76252743518365,-25.18890699330142,0 31.76146422609381,-25.18953139311159,0 31.76122578513938,-25.18970655633255,0 31.76091946564575,-25.18996561225524,0 31.7604246890755,-25.19043182997429,0 31.76009639880801,-25.19073278146152,0 31.75973104921679,-25.19100484280655,0 31.7593791544999,-25.19120074983185,0 31.7590354981345,-25.19134024156017,0 31.75863702319495,-25.19146372600289,0 31.75828668912088,-25.19152215907898,0 31.75790841814406,-25.19154810211897,0 31.75740714362515,-25.19155126225655,0 31.75583079240099,-25.19149810816561,0 31.75536122020368,-25.19143680631393,0 31.75489797332305,-25.19132264679971,0 31.75433339086699,-25.19108599036462,0 31.75386847128188,-25.19081550324987,0 31.75320484820169,-25.19030100209918,0 31.75243360863929,-25.18959324400927,0 31.75216856856837,-25.18936847896231,0 31.75181934756845,-25.18914418814341,0 31.75127421736015,-25.18892050363329,0 31.75086695237276,-25.18883850925445,0 31.75053611045881,-25.1887860712814,0 31.75007433179513,-25.18875342615053,0 31.74939835589401,-25.18870860643781,0 31.74894388095499,-25.18862827529725,0 31.74860137426933,-25.1885112094941,0 31.74831990957549,-25.18841346790251,0 31.74789469415551,-25.18815277536206,0 31.74759351875667,-25.1879072150052,0 31.74732446108487,-25.18764798424334,0 31.74705370539256,-25.18726206977848,0 31.74621266457899,-25.18574587223647,0 31.74571415285805,-25.18485445321956,0 31.74511686016156,-25.18388117060174,0 31.74451693383964,-25.18298229501606,0 31.74398750580687,-25.18223030722439,0 31.74292219684207,-25.18077445971482,0 31.74040258331712,-25.17744636087891,0 31.73889862234586,-25.17543017399353,0 31.73793145055559,-25.17413475880055,0 31.73746851791533,-25.17371682629888,0 31.73712474362405,-25.17350161302306,0 31.7367371279939,-25.1733316377833,0 31.73633447644556,-25.1732300151586,0 31.73578072688443,-25.17315743943872,0 31.73548803914115,-25.1731639654115,0 31.73525671905314,-25.17318040291169,0 31.73509136405705,-25.17319360557608,0 31.73488893601816,-25.17321344693431,0 31.73471936138902,-25.17324657578122,0 31.73453710924864,-25.17330628858329,0 31.73404979879455,-25.17351098658619,0 31.73222991353492,-25.17439453051302,0 31.73079655760437,-25.175123277325,0 31.73035531142678,-25.17530052251634,0 31.72982435048888,-25.17543462009753,0 31.72947276705593,-25.17548176895695,0 31.72916756084795,-25.17547475516819,0 31.72883397511955,-25.17543239383685,0 31.72851005673637,-25.17535999798567,0 31.72818665487758,-25.17522571225095,0 31.72749148222366,-25.17484750890406,0 31.72617671567638,-25.17404485967737,0 31.72558611797628,-25.17367062140161,0 31.72531773789979,-25.17354074695873,0 31.72487561510706,-25.17336647588755,0 31.72450146226667,-25.17327618391115,0 31.72401913666325,-25.17323411365381,0 31.72353291637658,-25.17325440778842,0 31.72323491522936,-25.17331347504208,0 31.72302391068103,-25.17337219918219,0 31.72266225591359,-25.17350018497367,0 31.72235737177772,-25.17366487134565,0 31.72204749604894,-25.17389365964991,0 31.72178289264355,-25.17410785004871,0 31.72151581580301,-25.1744210859841,0 31.72127852088805,-25.17475060146683,0 31.72073800054541,-25.17563844299783,0 31.72040823317119,-25.17610736744292,0 31.72011030178701,-25.17638174708182,0 31.71979358782762,-25.1766121080769,0 31.71926346452094,-25.17686088212557,0 31.71894801350757,-25.17699044308097,0 31.71868517418305,-25.17704744281834,0 31.7183715237245,-25.17708125102143,0 31.71808361056762,-25.17709816586503,0 31.71778722604228,-25.17706864002671,0 31.71738975940392,-25.17700526283442,0 31.71699234045463,-25.17689906111023,0 31.71632004198746,-25.17659309233443,0 31.7146735895096,-25.17565921287594,0 31.71414078395305,-25.1753898170282,0 31.71384286202969,-25.17526827597569,0 31.71354294181435,-25.17516935387316,0 31.71328012713661,-25.17511261078988,0 31.71289140898714,-25.17508554708265,0 31.71255925301496,-25.17509695028929,0 31.7107644576363,-25.17538335121332,0 31.71029061189525,-25.17543772821961,0 31.70995935653421,-25.17543903916422,0 31.70960667381712,-25.17539685376976,0 31.70926456646647,-25.17532788566479,0 31.70896666931805,-25.17521146034615,0 31.7086436039589,-25.17506397494425,0 31.70823204375978,-25.17475357486257,0 31.70790667529287,-25.17442634117725,0 31.70753415663273,-25.17393383921986,0 31.70690152645675,-25.17305578839377,0 31.70644324832582,-25.17263378119966,0 31.7060819248079,-25.17242241275857,0 31.70568706104391,-25.17224086900275,0 31.70498935810217,-25.17197519992581,0 31.70217899895645,-25.1707739906078,0 31.70191295195212,-25.17067269219686,0 31.70145127652421,-25.1705280279772,0 31.7009644646586,-25.17045174294179,0 31.70064724424388,-25.1704455385668,0 31.70013048014273,-25.17046510422784,0 31.69954370207378,-25.17055427981689,0 31.69610959241797,-25.17119798158507,0 31.69308137935744,-25.17174288447458,0 31.69219041715681,-25.17194820799967,0 31.69173744395392,-25.17208608166289,0 31.69130334409562,-25.17223683864951,0 31.69063962408776,-25.17253514387965,0 31.68959728185154,-25.17309600737306,0 31.68899746206289,-25.17345021045338,0 31.68847512522492,-25.17376590475,0 31.68738682971653,-25.17436991232084,0 31.68685703062304,-25.17467560791073,0 31.68646537459187,-25.17492643257469,0 31.68618766812499,-25.1751673290215,0 31.68579117094976,-25.1755580650063,0 31.68547121880975,-25.17593758608057,0 31.68509055339626,-25.17646538325321,0 31.68444603862785,-25.17741449190586,0 31.68405126211679,-25.17796703272855,0 31.68381704897001,-25.17826390429165,0 31.68348741495904,-25.17855675755504,0 31.68306455178599,-25.1788365928111,0 31.68250509678224,-25.17904855851619,0 31.68210931795279,-25.17914737823966,0 31.68156312716188,-25.17919002766202,0 31.68073929118058,-25.17916103826062,0 31.67991811702581,-25.1791090225204,0 31.6795618707319,-25.17911242822498,0 31.67920833812747,-25.17912892584362,0 31.6788931899423,-25.17916796819708,0 31.67857931048178,-25.17922925237994,0 31.67819945352709,-25.17936474732052,0 31.67784777980461,-25.17952875916918,0 31.67751337316155,-25.17973094927907,0 31.67710002191394,-25.18007189550609,0 31.67685969875954,-25.1803193753305,0 31.67667944124871,-25.18054884617688,0 31.67649476539384,-25.18084422225889,0 31.67625728058128,-25.18135721455029,0 31.6759577002975,-25.1820185214327,0 31.67573567720793,-25.18245670193034,0 31.67550650907668,-25.18278304057517,0 31.6752429012639,-25.18315383961092,0 31.67434466948023,-25.18438103583858,0 31.67419353085413,-25.18457770340664,0 31.67389924088606,-25.18486395542394,0 31.67369063655425,-25.18503870034846,0 31.67213670978385,-25.18615491028182,0 31.6709341493429,-25.18703905855253,0 31.66917736829839,-25.18831353185357,0 31.66831504299678,-25.188919598158,0 31.66793807940528,-25.18914452929841,0 31.66748969718065,-25.18934271236475,0 31.66669322640792,-25.18954209520298,0 31.66607446020166,-25.189600482103,0 31.66542108543559,-25.18955780159608,0 31.6641348212782,-25.18921604884658,0 31.66297741685007,-25.18887866137311,0 31.66247446033991,-25.18880445026792,0 31.66178274406855,-25.1887614758269,0 31.66093566742376,-25.18882037134038,0 31.65917998852126,-25.18899186462171,0 31.65815401737092,-25.18904338728525,0 31.65744477660418,-25.18904261446399,0 31.65652966594496,-25.18896597214581,0 31.65604081469769,-25.18888786021069,0 31.65534718532837,-25.18875711243,0 31.65277389407387,-25.18811202218478,0 31.65237751808834,-25.1880083078915,0 31.65194161401074,-25.18783771447149,0 31.65161845034963,-25.18762912869807,0 31.65124650573289,-25.18737075043419,0 31.65096132057577,-25.18710235073574,0 31.64873778955115,-25.18516393726713,0 31.64706157480885,-25.18375814575572,0 31.64459956748505,-25.18183169112414,0 31.64223514405477,-25.18003921162042,0 31.64044823435396,-25.17873956253286,0 31.6373049867315,-25.17658156154703,0 31.63582258753862,-25.1757033590388,0 31.63538181099102,-25.17547154125838,0 31.63493910243632,-25.17530156204879,0 31.63449461698038,-25.17519335385199,0 31.63417636167357,-25.17517028847453,0 31.63349216163513,-25.17518523283896,0 31.63171015758802,-25.17528402416544,0 31.63098940850119,-25.17523873216789,0 31.63048142607371,-25.17512840089602,0 31.62999206718737,-25.17496711074341,0 31.62927696590511,-25.17463436550653,0 31.62897176053509,-25.17445134303863,0 31.62857218581374,-25.17413010688978,0 31.62654202606209,-25.1724200341952,0 31.62414723145919,-25.17043052341175,0 31.62110970652431,-25.16799547912918,0 31.61915667605826,-25.16638812885846,0 31.61775784470586,-25.16524937791249,0 31.61601941588912,-25.16371770344275,0 31.61545563445974,-25.16315588511301,0 31.61483095469685,-25.16247249534469,0 31.61400873329502,-25.16140307115293,0 31.61297025299095,-25.15990664543155,0 31.61085211579737,-25.15680619471738,0 31.61017442020013,-25.15595073325661,0 31.60935403515206,-25.15496473068666,0 31.60827247578521,-25.15380782859596,0 31.60554997353329,-25.15077564473011,0 31.60305834913327,-25.14800960490208,0 31.60123537208971,-25.1459215390117,0 31.60077974277397,-25.14531460173382,0 31.60022536383158,-25.14455429723682,0 31.59948864710757,-25.1433187091897,0 31.59854350420821,-25.14159925307194,0 31.59759459427232,-25.13985058838993,0 31.59633095513503,-25.13752922059862,0 31.5950272406093,-25.1352215983033,0 31.59461835649265,-25.13462541323926,0 31.59430786635651,-25.1342496241815,0 31.59374174277706,-25.13361880110286,0 31.59336473787324,-25.13327287892685,0 31.59293501251087,-25.13291846008229,0 31.59175014976415,-25.13204461562333,0 31.59036059937562,-25.131046130908,0 31.58998163959878,-25.13070044008166,0 31.58970158051821,-25.13038486618401,0 31.58943109955582,-25.1299949729517,0 31.5890989652086,-25.12939985243908,0 31.58871044950549,-25.12866602754887,0 31.58813951279041,-25.12755007087899,0 31.58796656202973,-25.12714126503046,0 31.58784372928837,-25.12672566828621,0 31.58775002437991,-25.12610707014144,0 31.58776415334894,-25.1254804989528,0 31.58791578898892,-25.12461709410736,0 31.58816735092141,-25.12394412728861,0 31.58886256393996,-25.12232745914111,0 31.58903181397832,-25.12172225731284,0 31.5891079832228,-25.12121740108565,0 31.5891161052105,-25.12087154535021,0 31.58899688598059,-25.11986019271044,0 31.58883165737177,-25.11857915609156,0 31.58881554549954,-25.11809931193641,0 31.58891758973036,-25.11774595966812,0 31.58908138778125,-25.11741667557772,0 31.5894529936271,-25.11681909878512,0 31.59022686736293,-25.11589236049414,0 31.59263824289133,-25.11319793508525,0 31.59517408932781,-25.1103044155679,0 31.59776105454393,-25.10735419631157,0 31.59892849177827,-25.10604991030611,0 31.59949194891384,-25.10521353136573,0 31.59970129986278,-25.10465734308373,0 31.60046148111299,-25.10247948653849,0 31.6010894172944,-25.10076184810708,0 31.60202631144648,-25.09817705147683,0 31.60235733956559,-25.09706972531161,0 31.60246662845443,-25.09648352967242,0 31.60246770838612,-25.09595144359099,0 31.60251012385391,-25.09494068205411,0 31.60261396482989,-25.09170969092344,0 31.60269583098335,-25.08858606353453,0 31.60279967527474,-25.08562139498715,0 31.60289499954213,-25.08211004926402,0 31.60303176857629,-25.07774882042351,0 31.60307937812598,-25.07632745580203,0 31.60307647466528,-25.07546026386666,0 31.60303631085856,-25.07486028289449,0 31.60290947238126,-25.0742529152252,0 31.60271769294137,-25.07343762862807,0 31.60238690646924,-25.07263935796446,0 31.60192442720086,-25.07174724098425,0 31.60152960400706,-25.07092087674727,0 31.60134895478426,-25.07046531072109,0 31.60125131145406,-25.0700345801598,0 31.60123052163509,-25.06941258953444,0 31.60128679744168,-25.068222267457,0 31.6014853630337,-25.06605867904926,0 31.60189806411688,-25.06105877319258,0 31.6018712543244,-25.06028436648989,0 31.60176602569323,-25.05962339761068,0 31.60161779188292,-25.05896887843523,0 31.60123519406044,-25.05810217774938,0 31.60093646808532,-25.05752154376025,0 31.60055320587781,-25.05689049550598,0 31.59987759075799,-25.05610573260706,0 31.59925389716221,-25.05556120453932,0 31.59855742105143,-25.05495987867393,0 31.59559504483757,-25.05263580154892,0 31.59334607909592,-25.05080347440019,0 31.59256386176467,-25.05003069386508,0 31.5921912345879,-25.04959775728342,0 31.59161282928169,-25.04878178020294,0 31.59123494359091,-25.04813991032387,0 31.59069911837999,-25.04685069818897,0 31.59045812179282,-25.0459297560233,0 31.59030430652134,-25.04462124177478,0 31.59013236273112,-25.04259600394562,0 31.58963536155627,-25.03795551008861,0 31.58929958733715,-25.03448971598531,0 31.5888064243068,-25.0297343248026,0 31.58831257524595,-25.02505343993063,0 31.58823959655396,-25.02382878897868,0 31.58823155656531,-25.02293654379792,0 31.58828807191756,-25.02182823505805,0 31.58844474682961,-25.02061025038318,0 31.58866166642654,-25.01947171384655,0 31.58964957247294,-25.01367705708212,0 31.58979920481626,-25.01298400561576,0 31.58999781205138,-25.01234962992438,0 31.59024898663779,-25.01176056042267,0 31.59061785307578,-25.01100164458682,0 31.59103145465866,-25.01037429400957,0 31.59142775156867,-25.00981823760202,0 31.59198302516977,-25.00921552555992,0 31.59266359671501,-25.00853810269957,0 31.59337572678368,-25.00796543023065,0 31.59429406216564,-25.00728658897244,0 31.59536100741235,-25.00652183066961,0 31.59599189145105,-25.00614061553943,0 31.59641109056899,-25.00594594990265,0 31.59705322469274,-25.00566797018305,0 31.59790822665685,-25.00536141040217,0 31.59862697566675,-25.00512284589194,0 31.59998628572376,-25.0046719410835,0 31.60036558022166,-25.00452401166076,0 31.60053077517502,-25.00441193966406,0 31.60067721582336,-25.0043008486124,0 31.60082009897724,-25.00414461182746,0 31.60094134881606,-25.0039311168049,0 31.601058271113,-25.0037307502695,0 31.60134998113828,-25.00316497457727,0 31.60161720098187,-25.00250757088189,0 31.60170896590362,-25.00216186372244,0 31.60177801908304,-25.00188284664056,0 31.60176739069582,-25.00158456961178,0 31.60167688609866,-25.00127549847569,0 31.60154765003381,-25.00093427683631,0 31.60135436756768,-25.00065428874489,0 31.60110909034017,-25.00040570059891,0 31.60080627356546,-25.00017141941836,0 31.60035639148026,-24.99986578883324,0 31.59983075312741,-24.99957956793876,0 31.5993170535328,-24.99926269697216,0 31.59905611351535,-24.99901626225454,0 31.59872403004991,-24.99856897015085,0 31.59855500483792,-24.99815972909828,0 31.59834754854961,-24.99745495943807,0 31.59811291252784,-24.99645300512505,0 31.59773191622597,-24.99520157455862,0 31.59756210750079,-24.99453107361731,0 31.59716251754439,-24.99312439134248,0 31.59706730791295,-24.99260909259056,0 31.59696334829373,-24.99206635122245,0 31.59670097569085,-24.99064914409768,0 31.59660663817114,-24.98999234187982,0 31.59648562335934,-24.98932827013514,0 31.59636987528414,-24.98869964151701,0 31.59613547866485,-24.98807584061364,0 31.59588765609978,-24.98761055388182,0 31.5956173129072,-24.98717672727553,0 31.59524831873603,-24.98671219453652,0 31.59486097055294,-24.98627793793816,0 31.59390439001719,-24.98515038127147,0 31.59255035919691,-24.98344682718485,0 31.59091095751714,-24.98149394169391,0 31.58988779217005,-24.98030459435469,0 31.58944345318163,-24.97973381876038,0 31.58914228547589,-24.97926577794054,0 31.58897018392452,-24.9789818361216,0 31.5886406193868,-24.97820038747054,0 31.58852491790099,-24.97765695100016,0 31.58843644266463,-24.97673887672661,0 31.58851343664523,-24.9757962264666,0 31.58872662153041,-24.97504045774877,0 31.58903824349071,-24.97434226301762,0 31.58939292150896,-24.97375061211996,0 31.58997860924295,-24.97296516835095,0 31.59044108065928,-24.97234436948467,0 31.59069440193663,-24.97186692538249,0 31.59094678431235,-24.97129603301971,0 31.59110178208335,-24.97061880840036,0 31.59117347437923,-24.97011759720152,0 31.59117176401104,-24.96921201173207,0 31.59105025676775,-24.96849443090788,0 31.59087547421354,-24.96793755949876,0 31.59067212246528,-24.96742739235262,0 31.590368481863,-24.96689019702528,0 31.59007082153316,-24.96650796392256,0 31.58955115405561,-24.96591433539849,0 31.58857601320042,-24.96502682569978,0 31.58780700924571,-24.96436238297717,0 31.58735749849868,-24.96390814927377,0 31.58703567347801,-24.96349214754686,0 31.58678239719796,-24.96305243801012,0 31.58648553840645,-24.96229732855677,0 31.58635020519843,-24.9615669353393,0 31.58631814853403,-24.9610191668964,0 31.58631024116283,-24.95994657338571,0 31.58632266979987,-24.95892106894836,0 31.58619258925004,-24.9575107603607,0 31.58605393569953,-24.95688435875479,0 31.58567501103196,-24.95609591232965,0 31.58484977060316,-24.95479206102774,0 31.58423368034497,-24.95418620819996,0 31.58382052456842,-24.95377907763903,0 31.58309403185941,-24.95324946675132,0 31.58179539397054,-24.95231868489446,0 31.58063478661777,-24.95151310976384,0 31.57995047276394,-24.95105422628926,0 31.57938273120053,-24.95065060496272,0 31.57879929962179,-24.95026708881646,0 31.57851436973515,-24.95004363535624,0 31.57819734230168,-24.94976097655158,0 31.57796515183197,-24.94952414786335,0 31.57772950393979,-24.94922713375288,0 31.57750166520271,-24.94892627002705,0 31.57721281192162,-24.94839795180169,0 31.57704421138656,-24.94786285030905,0 31.57687398423813,-24.94702078663874,0 31.57676195004962,-24.94653119893476,0 31.57668395874435,-24.94623299270345,0 31.57650320385121,-24.94587226443716,0 31.57625822135548,-24.94553758670413,0 31.57599276802836,-24.94524588087703,0 31.57570858041067,-24.94500553604425,0 31.5754078998438,-24.94481642716968,0 31.57480258054939,-24.94454010750986,0 31.57442235420876,-24.94447084738454,0 31.57388157813032,-24.94441006437604,0 31.57344215848655,-24.94442557016449,0 31.57296573434722,-24.94451922199195,0 31.57225284689103,-24.94466550688101,0 31.57172340281347,-24.94477191232841,0 31.57128568433055,-24.94483991128394,0 31.57068418508467,-24.94483972560711,0 31.56984759889725,-24.94473060007761,0 31.56939645054843,-24.94462427510771,0 31.56879524686566,-24.94444213310986,0 31.56781104654959,-24.94410987648949,0 31.56508471029454,-24.94317637290898,0 31.56078519258158,-24.94171141305504,0 31.55785781451185,-24.94073536427366,0 31.55721207887347,-24.9404945115258,0 31.5568091357519,-24.94021727114682,0 31.55615274077948,-24.93962576951285,0 31.55550535803953,-24.93885619314094,0 31.55487216481919,-24.93812269730945,0 31.55432662986402,-24.93761411776718,0 31.55359495750514,-24.93713806363132,0 31.55263494814747,-24.93666785357383,0 31.55126509046962,-24.93605857428216,0 31.54933515386738,-24.93507830726991,0 31.54809308161104,-24.93443128617285,0 31.54760001731935,-24.93412381159427,0 31.54686995865988,-24.93363222163571,0 31.54618543767758,-24.93310650768228,0 31.54546470927319,-24.93244753140992,0 31.54464504567867,-24.93157376237977,0 31.54412225870867,-24.93094903362928,0 31.54326480015142,-24.92972352576526,0 31.54270135541109,-24.92866420256868,0 31.54191014848675,-24.92702220671555,0 31.54144230194752,-24.92611608640672,0 31.54112394079349,-24.92564133622267,0 31.54067262214777,-24.92505767590188,0 31.54014579919883,-24.92446789118414,0 31.53969525124592,-24.92406884555171,0 31.5392456782802,-24.92363005440083,0 31.53872018262443,-24.9232380437652,0 31.53836017673817,-24.923011163611,0 31.53637091133351,-24.92175178515828,0 31.53533921032299,-24.92109092002404,0 31.53472567667023,-24.92063264103208,0 31.53428105002255,-24.92017670982376,0 31.53389402031894,-24.91968934320138,0 31.53320262141233,-24.9184563436947,0 31.53217734357926,-24.91651116051267,0 31.5315394758807,-24.91520662465662,0 31.53140502841648,-24.91485034208716,0 31.53131287572534,-24.91439464490306,0 31.53127040632076,-24.91366865520237,0 31.53130905209233,-24.91254041178149,0 31.53136287105947,-24.91112450366135,0 31.53134953352094,-24.91064374310252,0 31.53126655919411,-24.91022810584305,0 31.53114985328076,-24.90979074884834,0 31.53093469105486,-24.9091456995194,0 31.53068293921942,-24.90859110916835,0 31.53035137897178,-24.90800078367821,0 31.53005894538502,-24.90759677862182,0 31.52973874107219,-24.90724448132417,0 31.52907358970273,-24.90654146221888,0 31.52808210400377,-24.90555982786425,0 31.52611134320156,-24.90356468101424,0 31.52370333146211,-24.90115217313527,0 31.52142819650118,-24.8988464449602,0 31.52029954407069,-24.89773701318276,0 31.51907205049858,-24.89647852744409,0 31.51842684697924,-24.89596970368908,0 31.51765654526034,-24.89557673095615,0 31.51692484705705,-24.89527864592817,0 31.5161273285686,-24.89499345316878,0 31.5153788175248,-24.89468737616044,0 31.51503448151565,-24.89448991296265,0 31.51469058309903,-24.8941910397502,0 31.51410419869249,-24.89366864287128,0 31.51347798644336,-24.89287332781485,0 31.51092067722287,-24.88943922516837,0 31.50618087784703,-24.88305179724587,0 31.5043986232996,-24.88063570363044,0 31.50384755143256,-24.87987608775152,0 31.50008627014348,-24.87474005609127,0 31.49771556889838,-24.87153958495977,0 31.4966890400024,-24.8700944467241,0 31.49633612339142,-24.86953304179864,0 31.49590297012611,-24.86870805143946,0 31.49533577952426,-24.86743790511677,0 31.49502987132887,-24.86663831726845,0 31.4945190841918,-24.86484192113659,0 31.49365716994834,-24.86174644427084,0 31.49330759811804,-24.86052693098787,0 31.4930489486698,-24.85979998290714,0 31.49264245632881,-24.85903450695117,0 31.49215399405498,-24.85828071555645,0 31.49169899870713,-24.85767076827554,0 31.49119872945978,-24.85715305608917,0 31.49036956395664,-24.85632503457443,0 31.48982246630354,-24.85597382190776,0 31.48856722273689,-24.85525454337906,0 31.48688276345997,-24.85457739839754,0 31.48584967380081,-24.85434844157474,0 31.48440326808645,-24.85417625628051,0 31.48335122076175,-24.85416227484289,0 31.48045000942602,-24.85448466458641,0 31.47729455771146,-24.85487665462395,0 31.47620466152524,-24.85513112417036,0 31.47562805966374,-24.85533566444644,0 31.47504861013524,-24.85561364638357,0 31.47465648231139,-24.85590586475076,0 31.47429834660474,-24.8562402432634,0 31.47361548147188,-24.85695819823289,0 31.47337229586509,-24.85738430988501,0 31.4730548321436,-24.85804351141166,0 31.47273495420142,-24.85862844082246,0 31.47237336251883,-24.85910954274256,0 31.47203522242316,-24.85946735898998,0 31.47164836849889,-24.85984283073059,0 31.47124878378715,-24.86005061045478,0 31.47089658400141,-24.86023312843389,0 31.47026300858115,-24.86043195141683,0 31.46976346425872,-24.86051495223816,0 31.4688673169529,-24.86054259936016,0 31.46848518899306,-24.86048201052292,0 31.46781132619314,-24.86032345996883,0 31.46728814708519,-24.86009853688518,0 31.46666612294183,-24.85971582276977,0 31.46608788183038,-24.85916384211982,0 31.46541311932587,-24.85830222595447,0 31.46436253270537,-24.85692086069263,0 31.46372905575883,-24.85621368709706,0 31.46315578157407,-24.85576371008317,0 31.46264013237243,-24.85541794095815,0 31.46212423465246,-24.85516210086898,0 31.46127732459442,-24.85483899713451,0 31.46036744513097,-24.85464045196181,0 31.45803358085287,-24.85424161089587,0 31.45464339985554,-24.85364753616595,0 31.451699678833,-24.85316722778411,0 31.45092451425723,-24.85312759688173,0 31.45009804846603,-24.85316508209969,0 31.44916220052203,-24.85332334604634,0 31.44830610053902,-24.85360803096975,0 31.44748405784711,-24.85401449235973,0 31.44508118654322,-24.85515166690992,0 31.43982783877694,-24.85764177780045,0 31.43751111991227,-24.85872470352216,0 31.43554923960412,-24.85957394063294,0 31.43366492415601,-24.86018819013878,0 31.4318954357603,-24.86058962361648,0 31.43038807072219,-24.86082033502463,0 31.42882399237929,-24.86101534009498,0 31.42457626614505,-24.8615898257845,0 31.41985591330273,-24.86226458259569,0 31.41727630345456,-24.8625943292494,0 31.41622335443459,-24.86287584217714,0 31.41537324275983,-24.8632096315983,0 31.41401620899081,-24.86402682806466,0 31.41340354718727,-24.86445907811832,0 31.41280507164642,-24.86485251013858,0 31.41221942596089,-24.86508134736475,0 31.41172534903214,-24.86519247644328,0 31.41121914299528,-24.8652017132712,0 31.41036826363702,-24.86507327694609,0 31.40973197590306,-24.86478057362289,0 31.40882315084209,-24.86409383989486,0 31.40600691701717,-24.86152746530847,0 31.39977593157514,-24.85592015954344,0 31.39840226215744,-24.85480083451963,0 31.39725665428328,-24.85411022624821,0 31.39607554086649,-24.85350318520613,0 31.39488118517692,-24.85315586844011,0 31.39309391843558,-24.85274577949537,0 31.39009670126476,-24.85207809166183,0 31.38938267537223,-24.85191988766654,0 31.38857948100008,-24.85157687818367,0 31.38774488138029,-24.85107008143987,0 31.38670746684992,-24.8501231197039,0 31.38577910129955,-24.84925166677706,0 31.38497808091255,-24.84879647554213,0 31.38408801087008,-24.8483998097387,0 31.38179020181815,-24.84744539982901,0 31.38098214647233,-24.84728479553841,0 31.38014875679924,-24.84725438950487,0 31.3792623755715,-24.84743167036248,0 31.37858214798698,-24.84765643172316,0 31.3775912809308,-24.84800455673853,0 31.37712901804419,-24.84813526560344,0 31.3764157210435,-24.84820895025482,0 31.37556310888561,-24.84814121135621,0 31.36549146862208,-24.84667408276727,0 31.35844381276717,-24.84568181839293,0 31.35773693173548,-24.84568633393645,0 31.3568130807714,-24.84573874270001,0 31.35610349931698,-24.84586185956201,0 31.35542501278317,-24.84602184816574,0 31.35459273608407,-24.84622107798988,0 31.35378236351444,-24.84629778876482,0 31.35281859739099,-24.84619537648745,0 31.35215863743924,-24.84603980811849,0 31.35135655933893,-24.84570695423365,0 31.35038889515201,-24.84505352206347,0 31.34971423878238,-24.84438503647771,0 31.34880374659183,-24.84330423349746,0 31.3480415101357,-24.8427091853266,0 31.34620483272726,-24.84146049719436,0 31.34373122229631,-24.8397773094777,0 31.34268526345006,-24.83905828572132,0 31.34165721287705,-24.83838038145978,0 31.34045186392638,-24.83776479991752,0 31.33955457423029,-24.83744269124359,0 31.33799229719034,-24.83676542687918,0 31.33714564853106,-24.83627948044662,0 31.33645932315618,-24.8357339644901,0 31.33512272384337,-24.83470020307597,0 31.33367585108219,-24.83346968336464,0 31.33270545362576,-24.83254182225096,0 31.3315102641141,-24.83131998921337,0 31.33069669859583,-24.83054675050612,0 31.33004150991146,-24.83001408701843,0 31.3293047982763,-24.82945819711318,0 31.32881254546935,-24.82919779777446,0 31.32833287457664,-24.82894586393656,0 31.32779197836504,-24.82872304608805,0 31.32730919190511,-24.82855594768159,0 31.32655435839406,-24.82835838909741,0 31.32535778115053,-24.82810251598303,0 31.32301633501237,-24.82757212799005,0</coordinates></LineString>
</Placemark>
<Placemark>
  <name>Selati Railway</name>
  
  <styleUrl>#style_POI</styleUrl>
  <Point><coordinates>31.60852967638759,-25.15408976701082,0</coordinates></Point>
</Placemark>
<Placemark>
  <name>Bobbejaanskrans lookout</name>
  
  <styleUrl>#style_POI</styleUrl>
  <Point><coordinates>31.57265,-24.40681,0</coordinates></Point>
</Placemark>
<Placemark>
  <name>Lanner Gorge viewpoint</name>
  
  <styleUrl>#style_POI</styleUrl>
  <Point><coordinates>31.14427,-22.43687,0</coordinates></Point>
</Placemark>
<Placemark>
  <name>N'wamanzi Lookout</name>
  
  <styleUrl>#style_POI</styleUrl>
  <Point><coordinates>31.6675362688554,-24.01715690149128,0</coordinates></Point>
</Placemark>
<Placemark>
  <name>Nkumbe viewpoint</name>
  
  <styleUrl>#style_POI</styleUrl>
  <Point><coordinates>31.89501,-24.85764,0</coordinates></Point>
</Placemark>
<Placemark>
  <name>Orpen Dam Lookout</name>
  
  <styleUrl>#style_POI</styleUrl>
  <Point><coordinates>31.89754841238949,-24.79191980839855,0</coordinates></Point>
</Placemark>
<Placemark>
  <name>Redrocks Viewpoint</name>
  
  <styleUrl>#style_POI</styleUrl>
  <Point><coordinates>31.30619,-23.17441,0</coordinates></Point>
</Placemark>
<Placemark>
  <name>Shibavantsengele Lookout</name>
  
  <styleUrl>#style_POI</styleUrl>
  <Point><coordinates>31.54156521250845,-23.41471829719956,0</coordinates></Point>
</Placemark>
<Placemark>
  <name>Tshange viewpoint</name>
  
  <styleUrl>#style_POI</styleUrl>
  <Point><coordinates>31.2334,-23.22694,0</coordinates></Point>
</Placemark>
<Placemark>
  <name>Confluence Lookout</name>
  
  <styleUrl>#style_POI</styleUrl>
  <Point><coordinates>31.44460521914342,-23.58336323410582,0</coordinates></Point>
</Placemark></Folder><Folder><name>Camps</name><Folder><name>Bushveld Camps</name><Placemark>
  <name>Bateleur Bushveld camp</name>
  
  <styleUrl>#style_CAMPS</styleUrl>
  <Point><coordinates>31.20233,-23.23406,0</coordinates></Point>
</Placemark>
<Placemark>
  <name>Biyamiti Bushveld camp</name>
  
  <styleUrl>#style_CAMPS</styleUrl>
  <Point><coordinates>31.7089372621014,-25.3081003088492,0</coordinates></Point>
</Placemark>
<Placemark>
  <name>Shimuwini Bushveld camp</name>
  
  <styleUrl>#style_CAMPS</styleUrl>
  <Point><coordinates>31.26459004625617,-23.71494013636607,0</coordinates></Point>
</Placemark>
<Placemark>
  <name>Sirheni Bushveld camp</name>
  
  <styleUrl>#style_CAMPS</styleUrl>
  <Point><coordinates>31.22158427378281,-22.94592464505445,0</coordinates></Point>
</Placemark>
<Placemark>
  <name>Talamati Bushveld camp</name>
  
  <styleUrl>#style_CAMPS</styleUrl>
  <Point><coordinates>31.5570763611084,-24.55613333081784,0</coordinates></Point>
</Placemark>
<Placemark>
  <name>Boulders Bushveld Camp</name>
  
  <styleUrl>#style_CAMPS</styleUrl>
  <Point><coordinates>31.37420233409796,-23.60906989206501,0</coordinates></Point>
</Placemark></Folder><Folder><name>Camping Sites</name><Placemark>
  <name>KaDirk Camping Site</name>
  
  <styleUrl>#style_CAMPS</styleUrl>
  <Point><coordinates>31.96644357940465,-25.1663297881456,0</coordinates></Point>
</Placemark>
<Placemark>
  <name>KaMorageng Camping Site</name>
  
  <styleUrl>#style_CAMPS</styleUrl>
  <Point><coordinates>31.82433916559256,-25.13165595123573,0</coordinates></Point>
</Placemark>
<Placemark>
  <name>Lonely Bull Camping site</name>
  
  <styleUrl>#style_CAMPS</styleUrl>
  <Point><coordinates>31.38733,-23.74883,0</coordinates></Point>
</Placemark>
<Placemark>
  <name>Maroela Caravan site</name>
  
  <styleUrl>#style_CAMPS</styleUrl>
  <Point><coordinates>31.3993401860715,-24.45656848786975,0</coordinates></Point>
</Placemark>
<Placemark>
  <name>Tsende Rustic Camp Site</name>
  
  <styleUrl>#style_CAMPS</styleUrl>
  <Point><coordinates>31.44339108279534,-23.55643959831459,0</coordinates></Point>
</Placemark></Folder><Folder><name>Rest Camps</name><Placemark>
  <name>Balule Rest camp</name>
  
  <styleUrl>#style_CAMPS</styleUrl>
  <Point><coordinates>31.73336818896068,-24.05411727141207,0</coordinates></Point>
</Placemark>
<Placemark>
  <name>Berg-en-Dal Rest camp</name>
  
  <styleUrl>#style_CAMPS</styleUrl>
  <Point><coordinates>31.44438626975214,-25.4281452621022,0</coordinates></Point>
</Placemark>
<Placemark>
  <name>Crocodile Bridge Rest camp</name>
  
  <styleUrl>#style_CAMPS</styleUrl>
  <Point><coordinates>31.89316375632908,-25.35814526222714,0</coordinates></Point>
</Placemark>
<Placemark>
  <name>EcoTraining Camp</name>
  
  <styleUrl>#style_CAMPS</styleUrl>
  <Point><coordinates>31.17225,-22.35735,0</coordinates></Point>
</Placemark>
<Placemark>
  <name>Jock Safari Lodge</name>
  
  <styleUrl>#style_CAMPS</styleUrl>
  <Point><coordinates>31.56385609558572,-25.21733689311558,0</coordinates></Point>
</Placemark>
<Placemark>
  <name>Letaba Rest camp</name>
  
  <styleUrl>#style_CAMPS</styleUrl>
  <Point><coordinates>31.574521,-23.854332,0</coordinates></Point>
</Placemark>
<Placemark>
  <name>Lower Sabie Rest camp</name>
  
  <styleUrl>#style_CAMPS</styleUrl>
  <Point><coordinates>31.91491599148804,-25.11997256282563,0</coordinates></Point>
</Placemark>
<Placemark>
  <name>Malelane Rest camp</name>
  
  <styleUrl>#style_CAMPS</styleUrl>
  <Point><coordinates>31.51026290751529,-25.47737731642526,0</coordinates></Point>
</Placemark>
<Placemark>
  <name>Mopani Rest Camp</name>
  
  <styleUrl>#style_CAMPS</styleUrl>
  <Point><coordinates>31.39974553928747,-23.52189593917758,0</coordinates></Point>
</Placemark>
<Placemark>
  <name>Olifants Rest camp</name>
  
  <styleUrl>#style_CAMPS</styleUrl>
  <Point><coordinates>31.73940753266646,-24.00310808212678,0</coordinates></Point>
</Placemark>
<Placemark>
  <name>Orpen Rest camp</name>
  
  <styleUrl>#style_CAMPS</styleUrl>
  <Point><coordinates>31.39099965344655,-24.47578185263285,0</coordinates></Point>
</Placemark>
<Placemark>
  <name>Pretoriuskop Rest camp</name>
  
  <styleUrl>#style_CAMPS</styleUrl>
  <Point><coordinates>31.26871979846826,-25.16917787182712,0</coordinates></Point>
</Placemark>
<Placemark>
  <name>Punda Maria Rest camp</name>
  
  <styleUrl>#style_CAMPS</styleUrl>
  <Point><coordinates>31.01891858689366,-22.692252,0</coordinates></Point>
</Placemark>
<Placemark>
  <name>Satara Rest camp</name>
  
  <styleUrl>#style_CAMPS</styleUrl>
  <Point><coordinates>31.78047682602974,-24.39186784780766,0</coordinates></Point>
</Placemark>
<Placemark>
  <name>Shingwedzi Rest camp</name>
  
  <styleUrl>#style_CAMPS</styleUrl>
  <Point><coordinates>31.43414514374429,-23.10783081867021,0</coordinates></Point>
</Placemark>
<Placemark>
  <name>Skukuza Rest camp</name>
  
  <styleUrl>#style_CAMPS</styleUrl>
  <Point><coordinates>31.59203517251695,-24.99650720754768,0</coordinates></Point>
</Placemark></Folder><Folder><name>Tented Camps</name><Placemark>
  <name>Tamboti Tented camp</name>
  
  <styleUrl>#style_CAMPS</styleUrl>
  <Point><coordinates>31.4036943978897,-24.45559678276708,0</coordinates></Point>
</Placemark></Folder><Folder><name>Trail Camps</name><Placemark>
  <name>Boesman Trails Trails camp</name>
  
  <styleUrl>#style_CAMPS</styleUrl>
  <Point><coordinates>31.36314870841867,-25.41470606669417,0</coordinates></Point>
</Placemark>
<Placemark>
  <name>Metsimetsi Trails Trails camp</name>
  
  <styleUrl>#style_CAMPS</styleUrl>
  <Point><coordinates>31.91314,-24.74646,0</coordinates></Point>
</Placemark>
<Placemark>
  <name>Napi Trails Trails camp</name>
  
  <styleUrl>#style_CAMPS</styleUrl>
  <Point><coordinates>31.43792,-25.16173,0</coordinates></Point>
</Placemark>
<Placemark>
  <name>Njalaland Trails Trails camp</name>
  
  <styleUrl>#style_CAMPS</styleUrl>
  <Point><coordinates>31.06341774478037,-22.50224803051297,0</coordinates></Point>
</Placemark>
<Placemark>
  <name>Olifants Trails Trails camp</name>
  
  <styleUrl>#style_CAMPS</styleUrl>
  <Point><coordinates>31.80064,-23.99631000000001,0</coordinates></Point>
</Placemark>
<Placemark>
  <name>Sweni Trails Trails camp</name>
  
  <styleUrl>#style_CAMPS</styleUrl>
  <Point><coordinates>31.92624,-24.48927000000001,0</coordinates></Point>
</Placemark>
<Placemark>
  <name>Wolhuter Trails Trails camp</name>
  
  <styleUrl>#style_CAMPS</styleUrl>
  <Point><coordinates>31.39292,-25.37201,0</coordinates></Point>
</Placemark></Folder><Folder><name>Private Camps and Lodges</name><Placemark>
  <name>Wilderness Safari Lodge</name>
  
  <styleUrl>#style_CAMPS</styleUrl>
  <Point><coordinates>31.22941,-22.42009,0</coordinates></Point>
</Placemark>
<Placemark>
  <name>Hamiltons Tented Camp</name>
  
  <styleUrl>#style_CAMPS</styleUrl>
  <Point><coordinates>31.67269264222509,-24.624301974871,0</coordinates></Point>
</Placemark>
<Placemark>
  <name>Rhino Post Safari Lodge</name>
  
  <styleUrl>#style_CAMPS</styleUrl>
  <Point><coordinates>31.65980907538638,-24.92381198571445,0</coordinates></Point>
</Placemark></Folder><Folder><name>H13-2 - Punda Maria Camp Road</name><Placemark>
  <name>H13-2 - Punda Maria Camp Road</name>
  
  <styleUrl>#style_CAMPS</styleUrl>
  <LineString><tessellate>1</tessellate><coordinates>31.04490587752832,-22.71259226158888,0 31.04482030758859,-22.71165048868947,0 31.04471757222468,-22.71085411153807,0 31.04459015168094,-22.71019550307744,0 31.04438459462854,-22.70936355870552,0 31.04413670530901,-22.70861068713718,0 31.04369714046127,-22.70754418697367,0 31.04327515570745,-22.70669978019935,0 31.04258935075005,-22.70559620791929,0 31.04209477527168,-22.70492882581409,0 31.04141989029345,-22.70412325952627,0 31.04064990291474,-22.70334886579026,0 31.03985950662548,-22.70266915694173,0 31.03880815883014,-22.70189642883087,0 31.03781191529758,-22.70128885466843,0 31.03696341076515,-22.7008458108637,0 31.03618170342094,-22.70051028088527,0 31.03557543811624,-22.70023387692681,0 31.03506459700535,-22.69995920216942,0 31.03444427877994,-22.69957011897876,0 31.03386851868875,-22.69915407934653,0 31.03331391672192,-22.69868313645509,0 31.03234161860099,-22.6977928654197,0 31.03187376195876,-22.69745268779554,0 31.03136850907493,-22.69710810222824,0 31.03056339244484,-22.69665361828306,0 31.02973252837684,-22.69628281926547,0 31.028935318132,-22.69601207869909,0 31.02808914476402,-22.69580185926223,0 31.02701829761839,-22.69561572547688,0 31.02603989634105,-22.69545842766547,0 31.02506075661427,-22.69526703619836,0 31.02414690413355,-22.6949488343265,0 31.0235127194704,-22.69457812149341,0 31.02302618116118,-22.69419113615741,0 31.02237681132126,-22.69359541771773,0 31.02200670733708,-22.69331477616376,0 31.02160321496087,-22.69306399015458,0 31.02103815505349,-22.69278676248158,0 31.0203471056031,-22.69257097210083,0 31.01938731455968,-22.69235257218044,0 31.01892779898533,-22.69225219020321,0</coordinates></LineString>
</Placemark>
<Placemark>
  <name>H13-2 - Punda Maria Camp Road</name>
  
  <styleUrl>#style_CAMPS</styleUrl>
  <Point><coordinates>31.03447912109563,-22.69959441103234,0</coordinates></Point>
</Placemark></Folder><Folder><name>H8 - Olifants Camp</name><Placemark>
  <name>H8 - Olifants Camp</name>
  
  <styleUrl>#style_CAMPS</styleUrl>
  <LineString><tessellate>1</tessellate><coordinates>31.66842683525205,-24.01500289210317,0 31.66996190116781,-24.01375225339472,0 31.67063439480261,-24.01343331073643,0 31.67191682555748,-24.01285295362321,0 31.67244923028549,-24.01264033213884,0 31.67276719388788,-24.0124263550963,0 31.67300270184835,-24.01219004184576,0 31.6730262992792,-24.01214696371561,0 31.67326265596912,-24.01172581501874,0 31.67327451939453,-24.01169338487701,0 31.67347660107231,-24.01109814596008,0 31.67360788959007,-24.01069606686986,0 31.67375078940421,-24.01047755422978,0 31.67403677283154,-24.01025656593222,0 31.67438223999119,-24.01016636434891,0 31.67475262471458,-24.01017018709293,0 31.67572555178083,-24.01041736183129,0 31.67610337639637,-24.01042780511346,0 31.67649459222366,-24.01037324118979,0 31.67676297280512,-24.01023019173197,0 31.68012994061434,-24.00758056924735,0 31.68049645677682,-24.00731141592136,0 31.68091567215207,-24.00704291463068,0 31.6814815515836,-24.0067135954485,0 31.6819925464332,-24.00643356955376,0 31.68278410152563,-24.0060820603434,0 31.68321294833559,-24.00596072080733,0 31.68383243556157,-24.0057860644037,0 31.68560574047418,-24.00517043407177,0 31.68662115290056,-24.00471551473536,0 31.6876423992189,-24.00407653328408,0 31.68836232599335,-24.00344225397466,0 31.68897228018243,-24.0026674212354,0 31.68957431927149,-24.00188493255984,0 31.68994580017153,-24.00150027963964,0 31.6903166944817,-24.00123676891902,0 31.69081908671611,-24.00104702182719,0 31.69141237154869,-24.00093154782326,0 31.6920438743543,-24.00097947147619,0 31.69271541709743,-24.0011835020636,0 31.69321649825304,-24.00142365072394,0 31.69397807497091,-24.00186945972712,0 31.69442450360567,-24.00206139370397,0 31.69522761152567,-24.00235021931457,0 31.6958069751157,-24.00250586238277,0 31.69677118769921,-24.002674141613,0 31.6975471305799,-24.00273334492554,0 31.69970133875019,-24.0028643847731,0 31.70092060805501,-24.00298153607952,0 31.70164962258307,-24.00306729528656,0 31.70282520944413,-24.00322056261679,0 31.70419270842049,-24.00346732828658,0 31.70617174878871,-24.0038430928053,0 31.70793629906054,-24.00413501957752,0 31.70870156899701,-24.00418668071274,0 31.70957704753762,-24.00417534205099,0 31.71040135882664,-24.004126752826,0 31.71110630863693,-24.00402844490175,0 31.7120698424227,-24.00383132887162,0 31.71343929258311,-24.00342014356754,0 31.71495293978677,-24.00282311818243,0 31.71619114542885,-24.00231040940965,0 31.71719001118657,-24.00193473038214,0 31.7179135312712,-24.00170005718421,0 31.71885193862121,-24.00143949459792,0 31.72036841926848,-24.00107621484438,0 31.72123857976546,-24.00085061178228,0 31.72208399099654,-24.00065080704937,0 31.72264896482215,-24.00043850239765,0 31.72314776238302,-24.00016959020103,0 31.72352294518824,-23.9998298813467,0 31.72384153447206,-23.99956629508111,0 31.72416244629741,-23.99914039699991,0 31.72439968225397,-23.99871646614306,0 31.72456771945269,-23.99831900306838,0 31.72531372866757,-23.9959021861753,0 31.72546315355538,-23.99560116094234,0 31.72565162937678,-23.99544645140365,0 31.72595894773279,-23.99531481100477,0 31.72631918586633,-23.99533108343403,0 31.72657189712729,-23.99549103716282,0 31.72673102554701,-23.99580598914515,0 31.72695071539887,-23.99625266141599,0 31.72720825059358,-23.99666819740574,0 31.72758205121676,-23.99698489836327,0 31.72804047615631,-23.99741205746727,0 31.7284816873428,-23.99787295126884,0 31.72891631496607,-23.998126710038,0 31.72933691870732,-23.99828393353896,0 31.72977091270586,-23.99833256468023,0 31.73027264113802,-23.99833293039529,0 31.7308019689074,-23.99810204056217,0 31.73157629548598,-23.99762355091493,0 31.73198151918529,-23.99747071343493,0 31.73250255467851,-23.99743349385062,0 31.73291701169231,-23.9975803288442,0 31.73335775852928,-23.99786181034667,0 31.73362569162487,-23.99820544467182,0 31.73378189501485,-23.99855955009528,0 31.73505078390694,-24.00132981602458,0 31.73528343013433,-24.0017144862694,0 31.73558026993034,-24.00200143813026,0 31.73591373130283,-24.00224310485842,0 31.73636509171873,-24.00244447326876,0 31.73681787916969,-24.00263413880229,0 31.7371973785028,-24.00280832224093,0 31.73760432438993,-24.00305647788659,0 31.73793823950911,-24.00333794290476,0 31.73819594665045,-24.00366995883415,0 31.73843633401681,-24.00409763316133,0 31.73861136394156,-24.00439069042875,0 31.73905025933135,-24.00512329524069,0</coordinates></LineString>
</Placemark>
<Placemark>
  <name>H8 - Olifants Camp</name>
  
  <styleUrl>#style_CAMPS</styleUrl>
  <Point><coordinates>31.70942735713958,-24.00408968068017,0</coordinates></Point>
</Placemark></Folder><Folder><name>S110 - Berg-en-Dal Camp Road</name><Placemark>
  <name>S110 - Berg-en-Dal Camp Road</name>
  
  <styleUrl>#style_CAMPS</styleUrl>
  <Point><coordinates>31.4694265215841,-25.45546180746995,0</coordinates></Point>
</Placemark>
<Placemark>
  <name>S110 - Berg-en-Dal Camp Road</name>
  
  <styleUrl>#style_CAMPS</styleUrl>
  <LineString><tessellate>1</tessellate><coordinates>31.51554974367665,-25.45751612553458,0 31.51548551306248,-25.45792451065372,0 31.51547540638617,-25.45810499077162,0 31.51549786770889,-25.45837610489246,0 31.51553382909424,-25.45867291578345,0 31.51557112503777,-25.4588903923843,0 31.5155722152592,-25.45902141832562,0 31.51556041322511,-25.45918880814456,0 31.51553180999086,-25.45945106990571,0 31.51547472860945,-25.45957789889499,0 31.51541731965296,-25.45974836705825,0 31.51532906838691,-25.45991892902651,0 31.51523202676414,-25.460089570894,0 31.51408962434297,-25.46150953152844,0 31.51369417363413,-25.46192717268961,0 31.5133238300307,-25.46224599554951,0 31.51105477314912,-25.46397126792275,0 31.51076036975507,-25.46426084103725,0 31.5105389504814,-25.46451153355365,0 31.51022965046953,-25.4648823921961,0 31.50993780807984,-25.46529787497312,0 31.50967459969517,-25.46568812639952,0 31.50943764135216,-25.46598018586765,0 31.50910474130554,-25.46623470211294,0 31.50878325691219,-25.46637537989791,0 31.50844189112042,-25.46651510996416,0 31.50738136511406,-25.46693641959836,0 31.50706067178211,-25.4670532734364,0 31.50667413792061,-25.46715342059693,0 31.50646734350668,-25.46717562879524,0 31.50627303824586,-25.46717898793043,0 31.50590533070598,-25.46714032587724,0 31.50443407495307,-25.46695397243833,0 31.50420573405065,-25.46693599658672,0 31.50403244739476,-25.4669314907514,0 31.50387446177973,-25.46694715917107,0 31.50367999172371,-25.46698298630152,0 31.5034426928081,-25.46704606587976,0 31.50331778518124,-25.467098609191,0 31.50309866234612,-25.46721017520981,0 31.50286420660116,-25.46739763793573,0 31.50256761292586,-25.46759594309432,0 31.50235173696805,-25.46777626940308,0 31.50233892107734,-25.46778003294454,0 31.50204620430111,-25.46790488095657,0 31.50177459558577,-25.46800775645242,0 31.50145005473421,-25.46805481293514,0 31.50099802788155,-25.468050436787,0 31.50073747794912,-25.46800402329128,0 31.50010248356624,-25.467811519832,0 31.49976995793295,-25.4676921474655,0 31.49588464597085,-25.4663078585151,0 31.49483799883789,-25.46597530388066,0 31.49404733602853,-25.46577136238461,0 31.49295122891413,-25.46551869660657,0 31.4923609203212,-25.46537592807981,0 31.49184899058724,-25.46525801906141,0 31.49039975543583,-25.46480175070704,0 31.49038730499508,-25.46480178324875,0 31.48961848375007,-25.46448226270915,0 31.48920903487788,-25.46422379974805,0 31.48892920108898,-25.46400338754174,0 31.48845065043618,-25.46354318589911,0 31.48707173065124,-25.46186571248603,0 31.48680872878008,-25.46161706946323,0 31.48646202012565,-25.46143219522062,0 31.48603739295433,-25.46124269298516,0 31.48549996526376,-25.46114970911019,0 31.4813119235682,-25.46104131091805,0 31.48074210585658,-25.46097423266379,0 31.48033867581269,-25.46087656151817,0 31.48002763669477,-25.46078191151185,0 31.47263487519532,-25.45760242612683,0 31.47229287037983,-25.45741348781576,0 31.47191967029826,-25.45713417171956,0 31.47134736805232,-25.45667788712848,0 31.47073056732776,-25.45625127404496,0 31.47037681524892,-25.45602936300466,0 31.47001125077988,-25.4558358424764,0 31.46914591641583,-25.45539663570386,0 31.46867497437499,-25.45518584945144,0 31.4677622385117,-25.45481938178392,0 31.46492473899367,-25.4536069110969,0 31.46431281870229,-25.453288808621,0 31.46382426115881,-25.45300459033077,0 31.46329771885134,-25.45275147058515,0 31.46310000972523,-25.45268947425104,0 31.46273343907989,-25.45259496713451,0 31.46238841984577,-25.4525428076212,0 31.46185840986049,-25.45247432459956,0 31.46146697471733,-25.45241575276009,0 31.46118139165239,-25.45236058237948,0 31.46090459712833,-25.45228623448052,0 31.46067173746472,-25.4521928212872,0 31.45955349447259,-25.45159616205638,0 31.45914255346139,-25.45139028014266,0 31.45873279708475,-25.45125165405862,0 31.45842189736977,-25.4511804391032,0 31.45798553553521,-25.4511295824025,0 31.45673768925626,-25.45113021924273,0 31.45637903580794,-25.4511058869868,0 31.45637232505435,-25.45110588597549,0 31.45602832611979,-25.4510344467452,0 31.45572165919118,-25.4509193102373,0 31.45542903514099,-25.45079258581776,0 31.45516390952119,-25.4506508931502,0 31.45327517056466,-25.44962459986847,0 31.45297662730348,-25.44941582263398,0 31.45264485181568,-25.44912980005507,0 31.45233772046797,-25.44877373358431,0 31.45212352838512,-25.44845718591342,0 31.45191869202874,-25.44804202354725,0 31.45111471200075,-25.44656462042881,0 31.45087967008474,-25.4462198415964,0 31.45064337236193,-25.44593473534974,0 31.45018623702668,-25.44535277028387,0 31.44975384791097,-25.44483297112607,0 31.44918756691353,-25.44428732583538,0 31.44876997640342,-25.44394579707162,0 31.44837679506328,-25.44368311259546,0 31.44712214749364,-25.44293271022478,0 31.44649095005792,-25.44239892427768,0 31.44552461492573,-25.44128340510616,0 31.44516831862714,-25.44071653984139,0 31.44516824831896,-25.44070610883764,0 31.44486209337007,-25.439986795693,0 31.44453851749046,-25.43892622634202,0 31.44452929646612,-25.43865478250154,0 31.44458172125203,-25.43849327107427,0 31.44483908209109,-25.43809033934531,0 31.44500580123368,-25.43782774388113,0 31.44508957089734,-25.43756996464447,0 31.44504065340135,-25.43729887561408,0 31.44485615276374,-25.43703081160993,0 31.44468711973701,-25.43684504678234,0 31.44426615224177,-25.43635493520218,0 31.44407237962843,-25.43605511712105,0 31.44391763270342,-25.43560766953023,0 31.44340221267964,-25.43422775129875,0 31.44332016051941,-25.43395152134515,0 31.4432491232234,-25.43361907783059,0 31.4432431094879,-25.43319264526943,0 31.44323092496019,-25.43213478134512,0 31.44315783297141,-25.43117161799055,0 31.4431010012277,-25.43084140502028,0 31.44302366969806,-25.43051087959339,0 31.44298287801167,-25.43025860190753,0 31.44298715152336,-25.43002113472494,0 31.44303080520276,-25.42974427456681,0 31.44309917347864,-25.42948062340087,0 31.44317112609001,-25.42929096757407,0 31.4433401254061,-25.42898127501426,0 31.44350250792822,-25.42877511482068,0 31.44388098098877,-25.42842694306336,0 31.4443637184947,-25.42812191787054,0</coordinates></LineString>
</Placemark></Folder><Folder><name>S94 - Letaba Camp Road</name><Placemark>
  <name>S94 - Letaba Camp Road</name>
  
  <styleUrl>#style_CAMPS</styleUrl>
  <Point><coordinates>31.57179071077685,-23.85581385782981,0</coordinates></Point>
</Placemark>
<Placemark>
  <name>S94 - Letaba Camp Road</name>
  
  <styleUrl>#style_CAMPS</styleUrl>
  <LineString><tessellate>1</tessellate><coordinates>31.56841003106062,-23.85543039670553,0 31.56856033095497,-23.85544428984725,0 31.57165273775134,-23.85580397468187,0 31.57253578923,-23.8558975531869,0 31.57289579537312,-23.85588895675517,0 31.57328202306559,-23.85576862754649,0 31.57353229436163,-23.85563181983022,0 31.57378594694371,-23.85541314597378,0 31.57412103690669,-23.85490881067922,0 31.57434037011425,-23.85455304271725,0 31.57453287042368,-23.85431064707061,0</coordinates></LineString>
</Placemark></Folder><Folder><name>Shingwedzi Camp Road</name><Placemark>
  <name>Shingwedzi Camp Road</name>
  
  <styleUrl>#style_CAMPS</styleUrl>
  <LineString><tessellate>1</tessellate><coordinates>31.41739774496103,-23.09468638067046,0 31.41881639429908,-23.09523688405558,0 31.41974107394627,-23.09560620619191,0 31.42058800641165,-23.09599755037228,0 31.42152781279898,-23.09651615403359,0 31.42295178494763,-23.09732639769651,0 31.4237675205972,-23.09782226075564,0 31.42435974819109,-23.09825734911653,0 31.42497444843032,-23.09879422979661,0 31.42544703797064,-23.09927509303079,0 31.42571645039161,-23.09959919860978,0 31.42614243717777,-23.10011655885327,0 31.42663706496525,-23.10072465143171,0 31.42699427689562,-23.10129215955715,0 31.42729321980681,-23.10196580757743,0 31.42761641288696,-23.10285749139567,0 31.42786091735987,-23.10338527226016,0 31.42824980422678,-23.10400252039668,0 31.42858517970249,-23.10448766840565,0 31.42902463474263,-23.10496274937176,0 31.429431836947,-23.10536244474486,0 31.42997465338085,-23.10575928742597,0 31.43072760270012,-23.10622402689175,0 31.43207503978155,-23.10696321878484,0 31.43265617615082,-23.107243768764,0 31.43317999297224,-23.10745161798279,0 31.43415176048146,-23.10783368391356,0</coordinates></LineString>
</Placemark>
<Placemark>
  <name>Shingwedzi Camp Road</name>
  
  <styleUrl>#style_CAMPS</styleUrl>
  <Point><coordinates>31.42618763705466,-23.10017081610056,0</coordinates></Point>
</Placemark></Folder></Folder><Folder><name>Other Features (Viewpoints, Lookouts, Pans, Trails - not in the requested category list, kept so no surveyed data is lost)</name><Placemark>
  <name>Kruger National Park</name>
  
  <styleUrl>#style_OTHER</styleUrl>
  <Point><coordinates>31.81537459289745,-24.20922092232731,0</coordinates></Point>
</Placemark>
<Placemark>
  <name>Kruger National Park</name>
  
  <styleUrl>#style_OTHER</styleUrl>
  <Point><coordinates>31.124266,-23.570101,0 31.124155,-23.5714,0 31.124094,-23.572889,0 31.124041,-23.573839,0 31.123817,-23.57506,0 31.123592,-23.575907,0 31.123358,-23.576981,0 31.122999,-23.578022,0 31.12274,-23.579311,0 31.122404,-23.580036,0 31.121872,-23.580717,0 31.120609,-23.581911,0 31.119612,-23.582619,0 31.117599,-23.583343,0 31.116039,-23.584011,0 31.113632,-23.584625,0 31.110847,-23.585064,0 31.108757,-23.585293,0 31.106731,-23.585783,0 31.10523,-23.586155,0 31.103289,-23.586641,0 31.101986,-23.587452,0 31.101341,-23.587816,0 31.100914,-23.588057,0 31.100443,-23.588602,0 31.099985,-23.589689,0 31.099707,-23.589985,0 31.099619,-23.59111400000001,0 31.099716,-23.592569,0 31.099913,-23.59417,0 31.10025600000001,-23.595737,0 31.100788,-23.596659,0 31.101671,-23.598425,0 31.102142,-23.599188,0 31.102974,-23.600616,0 31.104013,-23.602098,0 31.105013,-23.603209,0 31.106627,-23.60445,0 31.107906,-23.605524,0 31.109434,-23.606674,0 31.110802,-23.607929,0 31.112072,-23.609083,0 31.112446,-23.609961,0 31.112585,-23.610558,0 31.112907,-23.611141,0 31.113403,-23.611895,0 31.114023,-23.612827,0 31.114483,-23.613703,0 31.114908,-23.614805,0 31.115294,-23.615717,0 31.116077,-23.617178,0 31.116875,-23.618956,0 31.11767,-23.620405,0 31.119822,-23.623156,0 31.120651,-23.624369,0 31.121176,-23.625607,0 31.121706,-23.626165,0 31.122927,-23.627253,0 31.12438,-23.62857199999999,0 31.1259,-23.630344,0 31.126778,-23.631344,0 31.128504,-23.633024,0 31.130388,-23.63444300000001,0 31.131584,-23.635223,0 31.132746,-23.63652400000001,0 31.133535,-23.637299,0 31.134645,-23.638395,0 31.136103,-23.639954,0 31.137352,-23.641682,0 31.138563,-23.642971,0 31.139822,-23.64436,0 31.141104,-23.645388,0 31.142252,-23.6467,0 31.143032,-23.647711,0 31.143583,-23.648439,0 31.150505,-23.750544,0 31.153881,-23.797178,0 31.157415,-23.84479500000001,0 31.165461,-23.953001,0 31.182018,-23.97835200000001,0 31.183201,-23.978933,0 31.208469,-23.995489,0 31.209795,-23.996391,0 31.210676,-23.99811,0 31.210228,-24.0007,0 31.210217,-24.000868,0 31.210587,-24.059559,0 31.242199,-24.077888,0 31.249916,-24.094952,0 31.252533,-24.10034,0 31.255085,-24.105591,0 31.255968,-24.10722000000001,0 31.25844800000001,-24.107508,0 31.264357,-24.10815,0 31.266018,-24.108097,0 31.272215,-24.108217,0 31.293449,-24.10944,0 31.297153,-24.10928300000001,0 31.298212,-24.109316,0 31.298935,-24.109287,0 31.303444,-24.109108,0 31.306585,-24.109205,0 31.308876,-24.109213,0 31.312014,-24.109131,0 31.32424,-24.108906,0 31.326666,-24.109013,0 31.329117,-24.108837,0 31.338623,-24.108803,0 31.357449,-24.109489,0 31.360479,-24.109623,0 31.364691,-24.10955999999999,0 31.399071,-24.110369,0 31.401077,-24.11022,0 31.403774,-24.11030999999999,0 31.412868,-24.109688,0 31.414516,-24.109634,0 31.418898,-24.109375,0 31.425346,-24.109159,0 31.480967,-24.10487,0 31.479885,-24.154037,0 31.479925,-24.154251,0 31.470043,-24.1726,0 31.469496,-24.173817,0 31.468824,-24.175045,0 31.468103,-24.176241,0 31.439466,-24.190886,0 31.429857,-24.195944,0 31.427444,-24.19689,0 31.426331,-24.197468,0 31.424696,-24.198574,0 31.424637,-24.198675,0 31.42465,-24.198833,0 31.424656,-24.199196,0 31.42495,-24.199915,0 31.429546,-24.213808,0 31.441887,-24.25083,0 31.445229,-24.2614,0 31.444967,-24.26297,0 31.436987,-24.299715,0 31.436937,-24.29994,0 31.435202,-24.307814,0 31.416374,-24.326588,0 31.410393,-24.33233299999999,0 31.407785,-24.335293,0 31.394201,-24.348539,0 31.391861,-24.362137,0 31.387339,-24.389736,0 31.351723,-24.413742,0 31.346365,-24.417284,0 31.345881,-24.417482,0 31.37801,-24.43145000000001,0 31.403816,-24.442415,0 31.403671,-24.443295,0 31.402214,-24.446886,0 31.391409,-24.472849,0 31.386225,-24.484383,0 31.469326,-24.482515,0 31.471428,-24.48237,0 31.470892,-24.482779,0 31.450188,-24.500807,0 31.424799,-24.522198,0 31.424269,-24.522741,0 31.424961,-24.523746,0 31.425062,-24.52511399999999,0 31.424347,-24.52692,0 31.424015,-24.528481,0 31.427357,-24.533306,0 31.448776,-24.557892,0 31.499676,-24.585289,0 31.50531,-24.58769,0 31.512831,-24.591505,0 31.516071,-24.59318,0 31.524944,-24.597767,0 31.56868400000001,-24.605835,0 31.597197,-24.611111,0 31.59762,-24.611181,0 31.598024,-24.611534,0 31.592339,-24.633043,0 31.588732,-24.649967,0 31.592707,-24.66748,0 31.604723,-24.719736,0 31.604788,-24.720856,0 31.606516,-24.730368,0 31.609545,-24.75045,0 31.60936,-24.75143,0 31.599428,-24.792051,0 31.599163,-24.792946,0 31.598974,-24.793793,0 31.598957,-24.794743,0 31.598967,-24.79483,0 31.603382,-24.831535,0 31.607473,-24.866615,0 31.615993,-24.912853,0 31.622667,-24.953016,0 31.587412,-24.955997,0 31.586695,-24.95431500000001,0 31.584475,-24.954817,0 31.585354,-24.956133,0 31.56946,-24.957184,0 31.568533,-24.957245,0 31.560446,-24.957779,0 31.558796,-24.958034,0 31.556824,-24.958153,0 31.556675,-24.958332,0 31.557655,-24.960924,0 31.557405,-24.961239,0 31.557146,-24.96126,0 31.556227,-24.96137,0 31.553946,-24.961431,0 31.551973,-24.96172899999999,0 31.550831,-24.962336,0 31.549597,-24.963495,0 31.549147,-24.964533,0 31.548544,-24.966045,0 31.548151,-24.967955,0 31.547501,-24.969341,0 31.546307,-24.970228,0 31.544247,-24.97072,0 31.542744,-24.971336,0 31.541168,-24.971342,0 31.539398,-24.970816,0 31.537863,-24.970381,0 31.536474,-24.970219,0 31.534306,-24.969952,0 31.533375,-24.970083,0 31.53253,-24.970589,0 31.53137,-24.972189,0 31.530247,-24.973757,0 31.529314,-24.974081,0 31.528484,-24.973988,0 31.52726,-24.973373,0 31.526543,-24.972839,0 31.524008,-24.971271,0 31.523218,-24.970737,0 31.521412,-24.969702,0 31.519581,-24.968962,0 31.518059,-24.968391,0 31.516584,-24.96825000000001,0 31.514874,-24.968029,0 31.513487,-24.96778700000001,0 31.512085,-24.96785,0 31.510746,-24.967968,0 31.509703,-24.968315,0 31.507837,-24.968975,0 31.506634,-24.969254,0 31.505838,-24.969431,0 31.505381,-24.969259,0 31.50355,-24.96862,0 31.50173,-24.967913,0 31.500986,-24.967741,0 31.499611,-24.967632,0 31.497438,-24.967638,0 31.495766,-24.968002,0 31.493967,-24.968447,0 31.49336200000001,-24.968992,0 31.492868,-24.970156,0 31.4914,-24.972204,0 31.490768,-24.972828,0 31.489914,-24.973339,0 31.488487,-24.973692,0 31.486713,-24.9739,0 31.48514,-24.974445,0 31.483915,-24.97542,0 31.48276299999999,-24.97658699999999,0 31.481243,-24.978567,0 31.479527,-24.981272,0 31.478338,-24.98218900000001,0 31.477844,-24.982733,0 31.474392,-24.986187,0 31.473326,-24.986111,0 31.471624,-24.985786,0 31.47006,-24.985609,0 31.470022,-24.985531,0 31.467516,-24.98514,0 31.465094,-24.984795,0 31.46384000000001,-24.984617,0 31.462736,-24.984552,0 31.46170400000001,-24.984148,0 31.460663,-24.984127,0 31.458679,-24.984911,0 31.457577,-24.985275,0 31.456524,-24.986282,0 31.45181300000001,-24.987467,0 31.45093,-24.98678,0 31.448095,-24.985893,0 31.446831,-24.985941,0 31.444883,-24.986025,0 31.443903,-24.98632,0 31.442429,-24.986956,0 31.440903,-24.987308,0 31.439997,-24.987265,0 31.439041,-24.987108,0 31.436731,-24.986221,0 31.435986,-24.985783,0 31.435091,-24.985353,0 31.433985,-24.984667,0 31.433041,-24.98424,0 31.432257,-24.984003,0 31.431686,-24.983564,0 31.430382,-24.982878,0 31.42894,-24.982111,0 31.427685,-24.981277,0 31.426924,-24.980171,0 31.426327,-24.979338,0 31.425917,-24.979156,0 31.425655,-24.978704,0 31.42548,-24.97805,0 31.425516,-24.97744,0 31.425589,-24.977022,0 31.425264,-24.97659300000001,0 31.424917,-24.976402,0 31.423201,-24.974438,0 31.422043,-24.973118,0 31.42127,-24.972239,0 31.41963,-24.9711,0 31.417706,-24.970133,0 31.41602900000001,-24.969593,0 31.414093,-24.969133,0 31.412752,-24.969011,0 31.411833,-24.968922,0 31.410332,-24.96879,0 31.409128,-24.968996,0 31.408583,-24.969007,0 31.407478,-24.968998,0 31.405779,-24.969013,0 31.403385,-24.969164,0 31.402258,-24.969685,0 31.39917,-24.9709,0 31.39731,-24.971252,0 31.395548,-24.970985,0 31.394491,-24.97036599999999,0 31.393585,-24.970356,0 31.392506,-24.970064,0 31.391029,-24.969761,0 31.389589,-24.969593,0 31.388235,-24.968702,0 31.387178,-24.96814,0 31.385862,-24.96726,0 31.383585,-24.965467,0 31.38269,-24.964497,0 31.381695,-24.963482,0 31.381248,-24.963358,0 31.380728,-24.963348,0 31.380653,-24.96341500000001,0 31.379984,-24.963631,0 31.378981,-24.964481,0 31.377964,-24.964731,0 31.376102,-24.96462100000001,0 31.37413,-24.96493,0 31.372766,-24.965473,0 31.372124,-24.966141,0 31.371443,-24.966696,0 31.36998,-24.967749,0 31.368952,-24.968111,0 31.36791,-24.968677,0 31.366695,-24.969437,0 31.36589100000001,-24.970207,0 31.364901,-24.971079,0 31.364256,-24.971792,0 31.363886,-24.97205200000001,0 31.36355,-24.972155,0 31.363005,-24.972549,0 31.36215,-24.97332,0 31.361322,-24.97444,0 31.360168,-24.974983,0 31.358816,-24.975258,0 31.357887,-24.975632,0 31.356932,-24.975712,0 31.355938,-24.975397,0 31.354746,-24.974392,0 31.353279,-24.973061,0 31.351242,-24.972443,0 31.350275,-24.972658,0 31.349594,-24.973124,0 31.348963,-24.973869,0 31.346746,-24.97637,0 31.345953,-24.976868,0 31.344711,-24.976734,0 31.344055,-24.976622,0 31.343109,-24.975901,0 31.342016,-24.974806,0 31.340811,-24.973463,0 31.339716,-24.972265,0 31.339493,-24.971962,0 31.33779,-24.970697,0 31.33643500000001,-24.969942,0 31.335009,-24.969526,0 31.333271,-24.969122,0 31.33198,-24.968672,0 31.33049,-24.968323,0 31.329559,-24.968054,0 31.32854100000001,-24.967512,0 31.327845,-24.966846,0 31.326815,-24.966339,0 31.325598,-24.96599,0 31.323238,-24.96553,0 31.32155,-24.965193,0 31.319786,-24.964403,0 31.316856,-24.963491,0 31.315405,-24.963539,0 31.31517,-24.963697,0 31.314203,-24.964285,0 31.312963,-24.96520200000001,0 31.312283,-24.966152,0 31.311256,-24.967646,0 31.31138,-24.967588,0 31.310936,-24.968685,0 31.310564,-24.969387,0 31.310268,-24.970776,0 31.310333,-24.972336,0 31.310894,-24.974165,0 31.31148,-24.975746,0 31.311583,-24.977352,0 31.311335,-24.977816,0 31.31064,-24.978348,0 31.309425,-24.979071,0 31.308311,-24.979887,0 31.307665,-24.98008,0 31.305904,-24.980612,0 31.304365,-24.980556,0 31.302542,-24.980152,0 31.301374,-24.980085,0 31.300606,-24.979849,0 31.299984,-24.979963,0 31.299488,-24.980179,0 31.299091,-24.980473,0 31.29784,-24.98078,0 31.296253,-24.981525,0 31.294926,-24.982521,0 31.29427,-24.983505,0 31.29406,-24.984104,0 31.293999,-24.984444,0 31.293762,-24.984671,0 31.29236,-24.984705,0 31.291046,-24.98556500000001,0 31.289434,-24.986618,0 31.287376,-24.986958,0 31.286184,-24.986868,0 31.284447,-24.98642900000001,0 31.283354,-24.985844,0 31.282347,-24.985077,0 31.281204,-24.984535,0 31.279081,-24.983486,0 31.277369,-24.982809,0 31.27578,-24.982134,0 31.274673,-24.981604,0 31.273558,-24.981468,0 31.272167,-24.981335,0 31.271498,-24.981312,0 31.270765,-24.980951,0 31.269648,-24.980455,0 31.268269,-24.979879,0 31.266655,-24.979225,0 31.265501,-24.979216,0 31.264198,-24.97916,0 31.263268,-24.978765,0 31.262138,-24.97863,0 31.260511,-24.97872200000001,0 31.258848,-24.978847,0 31.258104,-24.979414,0 31.257473,-24.980001,0 31.255934,-24.98056800000001,0 31.254372,-24.980772,0 31.252337,-24.981033,0 31.251879,-24.981485,0 31.251568,-24.982164,0 31.251507,-24.98275200000001,0 31.251333,-24.983068,0 31.251421,-24.983215,0 31.251793,-24.983824,0 31.252602,-24.984568,0 31.253483,-24.98563,0 31.253498,-24.986748,0 31.253237,-24.987461,0 31.25204799999999,-24.989099,0 31.249817,-24.991575,0 31.24947,-24.991814,0 31.248676,-24.992741,0 31.248417,-24.993656,0 31.248381,-24.994232,0 31.248568,-24.99534,0 31.249004,-24.996277,0 31.249451,-24.997023,0 31.249849,-24.997869,0 31.252592,-25.000755,0 31.253323,-25.001766,0 31.253571,-25.003017,0 31.253389,-25.004623,0 31.252392,-25.00635,0 31.25104,-25.007526,0 31.249846,-25.008255,0 31.24917599999999,-25.008551,0 31.248335,-25.009062,0 31.24756800000001,-25.009754,0 31.247311,-25.010431,0 31.247547,-25.011076,0 31.248009,-25.011639,0 31.24894,-25.01236,0 31.249647,-25.012878,0 31.250755,-25.013449,0 31.253706,-25.015804,0 31.254276,-25.016928,0 31.254063,-25.017799,0 31.25356100000001,-25.018324,0 31.252684,-25.01860200000001,0 31.251677,-25.01848800000001,0 31.250338,-25.018444,0 31.249714,-25.018301,0 31.244549,-25.018312,0 31.241484,-25.023272,0 31.233231,-25.031523,0 31.232712,-25.032684,0 31.232546,-25.033194,0 31.232492,-25.033754,0 31.231779,-25.045332,0 31.230221,-25.046795,0 31.230137,-25.047699,0 31.229397,-25.048954,0 31.228382,-25.049568,0 31.227169,-25.050476,0 31.223133,-25.05266,0 31.220211,-25.054457,0 31.218479,-25.05566,0 31.21785,-25.056635,0 31.207722,-25.072945,0 31.207054,-25.073614,0 31.206001,-25.074194,0 31.204096,-25.075443,0 31.203117,-25.076124,0 31.202734,-25.076826,0 31.201746,-25.078512,0 31.200424,-25.080505,0 31.198114,-25.084322,0 31.196459,-25.086927,0 31.19636300000001,-25.088182,0 31.196615,-25.089346,0 31.196791,-25.090578,0 31.197243,-25.092508,0 31.198416,-25.095783,0 31.199102,-25.097589,0 31.199192,-25.099127,0 31.19894800000001,-25.100033,0 31.197281,-25.103292,0 31.196379,-25.104935,0 31.196022,-25.106112,0 31.195902,-25.107479,0 31.195847,-25.11021600000001,0 31.195578,-25.111797,0 31.194712,-25.113066,0 31.194269,-25.114265,0 31.194359,-25.11552,0 31.194597,-25.116695,0 31.194836,-25.117937,0 31.194963,-25.119678,0 31.194632,-25.120867,0 31.194027,-25.122089,0 31.193111,-25.123053,0 31.191601,-25.1243,0 31.191191,-25.124325,0 31.189035,-25.125439,0 31.187759,-25.126505,0 31.186909,-25.128035,0 31.185995,-25.130207,0 31.18585,-25.132185,0 31.186064,-25.133507,0 31.186888,-25.135302,0 31.18857,-25.13826,0 31.189865,-25.140289,0 31.190689,-25.142637,0 31.190918,-25.145428,0 31.19105,-25.148502,0 31.191343,-25.152006,0 31.19268,-25.155901,0 31.193342,-25.157528,0 31.197323,-25.166931,0 31.198322,-25.169516,0 31.199333,-25.171446,0 31.200302,-25.172245,0 31.201832,-25.173168,0 31.203098,-25.173853,0 31.204939,-25.175169,0 31.205872,-25.176477,0 31.206558,-25.178034,0 31.207359,-25.180439,0 31.208223,-25.183693,0 31.208923,-25.18586,0 31.209723,-25.187328,0 31.210955,-25.188986,0 31.21212600000001,-25.190701,0 31.212725,-25.192066,0 31.212692,-25.193275,0 31.212545,-25.194429,0 31.211756,-25.196184,0 31.211052,-25.197723,0 31.211205,-25.199079,0 31.211296,-25.201147,0 31.211437,-25.203171,0 31.212378,-25.206116,0 31.213125,-25.20731200000001,0 31.215115,-25.208639,0 31.217463,-25.209455,0 31.21965,-25.210377,0 31.222208,-25.211081,0 31.224382,-25.211468,0 31.226183,-25.211597,0 31.228367,-25.21167,0 31.231634,-25.212337,0 31.233971,-25.21328000000001,0 31.235649,-25.214256,0 31.237629,-25.216341,0 31.238739,-25.218225,0 31.239502,-25.220167,0 31.23999,-25.221771,0 31.24058,-25.223192,0 31.241955,-25.226522,0 31.24279,-25.227932,0 31.244621,-25.229826,0 31.246487,-25.231459,0 31.24828,-25.23309100000001,0 31.250032,-25.234428,0 31.250809,-25.235805,0 31.251135,-25.236607,0 31.25183300000001,-25.240402,0 31.252903,-25.246942,0 31.253059,-25.248503,0 31.252777,-25.249182,0 31.25222,-25.249828,0 31.251801,-25.250372,0 31.251741,-25.250551,0 31.249706,-25.252085,0 31.249166,-25.252399,0 31.247791,-25.253353,0 31.246588,-25.254288,0 31.24551,-25.255192,0 31.244984,-25.255903,0 31.24457,-25.257668,0 31.244394,-25.259291,0 31.244419,-25.25927,0 31.244781,-25.261242,0 31.246349,-25.265354,0 31.24733,-25.266968,0 31.248802,-25.26825300000001,0 31.249897,-25.268532,0 31.251627,-25.269852,0 31.25276,-25.271086,0 31.253632,-25.272432,0 31.254173,-25.274204,0 31.255062,-25.275871,0 31.256943,-25.277348,0 31.259209,-25.278786,0 31.260618,-25.2803,0 31.261539,-25.281502,0 31.261683,-25.283186,0 31.261372,-25.284376,0 31.255671,-25.31006,0 31.25575600000001,-25.31221,0 31.25606,-25.31371100000001,0 31.256647,-25.315098,0 31.257631,-25.31652400000001,0 31.263176,-25.326509,0 31.264977,-25.329525,0 31.266081,-25.331596,0 31.266531,-25.332905,0 31.267054,-25.334145,0 31.267281,-25.335407,0 31.267214,-25.336256,0 31.266859,-25.337923,0 31.266592,-25.339689,0 31.266495,-25.340935,0 31.266792,-25.342041,0 31.267126,-25.34301,0 31.273317,-25.356077,0 31.275007,-25.359184,0 31.278355,-25.362602,0 31.281395,-25.365255,0 31.284243,-25.367456,0 31.285791,-25.369127,0 31.286783,-25.370974,0 31.293427,-25.38863900000001,0 31.293749,-25.389553,0 31.294155,-25.390352,0 31.294487,-25.391073,0 31.2959,-25.39609,0 31.298117,-25.403967,0 31.299286,-25.414804,0 31.30003,-25.416868,0 31.301479,-25.418461,0 31.303949,-25.420067,0 31.306284,-25.421741,0 31.30839,-25.424053,0 31.311243,-25.427567,0 31.313004,-25.430149,0 31.313381,-25.432737,0 31.31287,-25.436056,0 31.312878,-25.437696,0 31.313284,-25.439569,0 31.314083,-25.441893,0 31.315622,-25.44482,0 31.31657,-25.449312,0 31.316656,-25.4536,0 31.316542,-25.456541,0 31.317436,-25.460752,0 31.318331,-25.463785,0 31.319864,-25.4673,0 31.320223,-25.469254,0 31.320929,-25.479801,0 31.323978,-25.487114,0 31.328051,-25.488798,0 31.330685,-25.48868,0 31.332872,-25.490602,0 31.333723,-25.492443,0 31.333975,-25.492691,0 31.334373,-25.494249,0 31.335548,-25.495907,0 31.33708,-25.496973,0 31.339708,-25.496242,0 31.342274,-25.493326,0 31.344866,-25.491238,0 31.345228,-25.489672,0 31.34635,-25.489258,0 31.348593,-25.49016,0 31.350271,-25.49095300000001,0 31.353436,-25.491657,0 31.355885,-25.494766,0 31.357523,-25.49839,0 31.359112,-25.500351,0 31.360252,-25.506283,0 31.358088,-25.511444,0 31.35811199999999,-25.514315,0 31.360781,-25.517317,0 31.366034,-25.519976,0 31.366911,-25.520685,0 31.371708,-25.528929,0 31.37203999999999,-25.529518,0 31.375025,-25.529098,0 31.377411,-25.528767,0 31.38125,-25.527651,0 31.384508,-25.52737,0 31.390463,-25.525467,0 31.391348,-25.524059,0 31.394085,-25.519005,0 31.394312,-25.515522,0 31.395529,-25.514774,0 31.398758,-25.513519,0 31.402012,-25.513712,0 31.405277,-25.514175,0 31.410261,-25.515148,0 31.412979,-25.513708,0 31.413988,-25.510843,0 31.415323,-25.510818,0 31.423054,-25.509743,0 31.43259000000001,-25.5119,0 31.434231,-25.512724,0 31.437046,-25.511715,0 31.441368,-25.509495,0 31.443258,-25.508444,0 31.448658,-25.505541,0 31.455439,-25.504522,0 31.468981,-25.500669,0 31.473185,-25.499498,0 31.481253,-25.497887,0 31.490946,-25.493298,0 31.495213,-25.491241,0 31.500149,-25.488287,0 31.505535,-25.484621,0 31.51354,-25.478697,0 31.521486,-25.473822,0 31.525707,-25.471512,0 31.528009,-25.470695,0 31.530573,-25.469284,0 31.533365,-25.46773,0 31.534166,-25.467236,0 31.536299,-25.46604900000001,0 31.537657,-25.463802,0 31.537914,-25.461592,0 31.536303,-25.460125,0 31.534559,-25.458294,0 31.53231200000001,-25.456013,0 31.529099,-25.454641,0 31.525093,-25.453493,0 31.523222,-25.452259,0 31.521431,-25.44968,0 31.521355,-25.447506,0 31.521343,-25.446896,0 31.522036,-25.444895,0 31.52496500000001,-25.442211,0 31.525934,-25.441833,0 31.531488,-25.441223,0 31.535873,-25.440977,0 31.541065,-25.438618,0 31.543156,-25.438328,0 31.547283,-25.436697,0 31.552835,-25.43379,0 31.557425,-25.429903,0 31.560146,-25.425779,0 31.560711,-25.422214,0 31.561014,-25.4191,0 31.560968,-25.41782,0 31.562496,-25.414658,0 31.565964,-25.412878,0 31.573111,-25.410044,0 31.578026,-25.408335,0 31.583426,-25.406126,0 31.587381,-25.404919,0 31.591932,-25.404345,0 31.599571,-25.403568,0 31.602125,-25.402527,0 31.602468,-25.402172,0 31.604034,-25.401928,0 31.605497,-25.40176200000001,0 31.608473,-25.400232,0 31.611881,-25.399433,0 31.615232,-25.399618,0 31.615908,-25.400162,0 31.61677,-25.400099,0 31.61739,-25.400879,0 31.618223,-25.400951,0 31.618975,-25.401382,0 31.619543,-25.401699,0 31.619902,-25.401796,0 31.62048,-25.402813,0 31.620893,-25.405048,0 31.620037,-25.407194,0 31.619007,-25.409834,0 31.619013,-25.411373,0 31.618587,-25.413752,0 31.617886,-25.416294,0 31.617588,-25.417387,0 31.61632,-25.420135,0 31.614353,-25.425812,0 31.613688,-25.430157,0 31.614086,-25.432528,0 31.613907,-25.433914,0 31.615791,-25.437016,0 31.619133,-25.440338,0 31.626974,-25.441626,0 31.63468,-25.440388,0 31.640676,-25.438251,0 31.645102,-25.437199,0 31.649488,-25.43575999999999,0 31.653393,-25.43401,0 31.654808,-25.432671,0 31.656185,-25.431625,0 31.658895,-25.42668,0 31.65934,-25.425789,0 31.660425,-25.421679,0 31.660555,-25.418434,0 31.663973,-25.414265,0 31.667294,-25.413532,0 31.669781,-25.410894,0 31.672419,-25.409346,0 31.675859,-25.406454,0 31.67837099999999,-25.403194,0 31.680777,-25.398474,0 31.682983,-25.396103,0 31.687328,-25.392843,0 31.690102,-25.391397,0 31.69431300000001,-25.389875,0 31.702869,-25.385603,0 31.707449,-25.383013,0 31.711056,-25.380405,0 31.713017,-25.379047,0 31.71479,-25.378942,0 31.715822,-25.379095,0 31.719067,-25.378971,0 31.721601,-25.379421,0 31.724632,-25.379383,0 31.727669,-25.379673,0 31.729958,-25.379328,0 31.734766,-25.37834700000001,0 31.736973,-25.377775,0 31.739697,-25.378071,0 31.74152,-25.379166,0 31.743177,-25.381218,0 31.745642,-25.383285,0 31.750219,-25.386824,0 31.750532,-25.387138,0 31.752562,-25.387945,0 31.754761,-25.387732,0 31.75709,-25.386328,0 31.757614,-25.384617,0 31.757387,-25.376099,0 31.757385,-25.376032,0 31.756931,-25.369835,0 31.757343,-25.365953,0 31.756725,-25.362358,0 31.75643,-25.358559,0 31.75643,-25.35659,0 31.755976,-25.35331,0 31.755527,-25.351095,0 31.754751,-25.350012,0 31.754732,-25.348892,0 31.755205,-25.346956,0 31.754129,-25.343386,0 31.753365,-25.340132,0 31.75174,-25.336304,0 31.75,-25.334389,0 31.749575,-25.331659,0 31.74896,-25.326185,0 31.748693,-25.318476,0 31.749996,-25.317541,0 31.752846,-25.315126,0 31.758791,-25.31249,0 31.762911,-25.309845,0 31.765688,-25.307901,0 31.768784,-25.305569,0 31.77170599999999,-25.303987,0 31.775269,-25.304815,0 31.775881,-25.306725,0 31.776007,-25.310129,0 31.776196,-25.314243,0 31.776266,-25.31803100000001,0 31.775312,-25.323486,0 31.774384,-25.326105,0 31.774563,-25.329386,0 31.775791,-25.332333,0 31.777838,-25.333858,0 31.781271,-25.334965,0 31.783459,-25.335634,0 31.787006,-25.335951,0 31.790585,-25.33514,0 31.792582,-25.333918,0 31.796261,-25.33304,0 31.801901,-25.33144800000001,0 31.80361600000001,-25.331373,0 31.806641,-25.331705,0 31.808798,-25.332643,0 31.811506,-25.333355,0 31.812756,-25.33437,0 31.813374,-25.335962,0 31.813738,-25.337946,0 31.813337,-25.339544,0 31.811985,-25.34450500000001,0 31.810637,-25.348473,0 31.810081,-25.35410299999999,0 31.810354,-25.357737,0 31.810856,-25.361755,0 31.812716,-25.364826,0 31.814157,-25.367008,0 31.81568,-25.368084,0 31.818439,-25.369316,0 31.822657,-25.369734,0 31.825792,-25.370169,0 31.828257,-25.370661,0 31.832554,-25.372242,0 31.837238,-25.374294,0 31.839373,-25.375357,0 31.845726,-25.378668,0 31.851202,-25.380405,0 31.856327,-25.378565,0 31.860739,-25.371786,0 31.861628,-25.370691,0 31.864029,-25.36898,0 31.865078,-25.368601,0 31.86643,-25.368713,0 31.86875300000001,-25.370172,0 31.870819,-25.372984,0 31.872801,-25.375614,0 31.876995,-25.382519,0 31.883024,-25.384636,0 31.891788,-25.384275,0 31.894098,-25.383001,0 31.894112,-25.379972,0 31.892897,-25.36845,0 31.893503,-25.367781,0 31.895437,-25.362917,0 31.898573,-25.35503200000001,0 31.900608,-25.348328,0 31.903616,-25.33843,0 31.910913,-25.335684,0 31.920719,-25.33609600000001,0 31.924559,-25.336697,0 31.93343700000001,-25.339861,0 31.939823,-25.345903,0 31.945093,-25.356461,0 31.947348,-25.359264,0 31.954708,-25.364212,0 31.95902999999999,-25.371328,0 31.95373,-25.377237,0 31.949709,-25.381641,0 31.951782,-25.3925,0 31.954113,-25.398252,0 31.957249,-25.399618,0 31.960234,-25.398954,0 31.962088,-25.39765,0 31.970545,-25.3925,0 31.97429500000001,-25.393372,0 31.97427,-25.393438,0 31.976524,-25.395439,0 31.973944,-25.401478,0 31.966671,-25.409449,0 31.962133,-25.415043,0 31.961061,-25.424509,0 31.963293,-25.428858,0 31.969822,-25.434845,0 31.97286,-25.438372,0 31.97784,-25.440966,0 31.983738,-25.439867,0 31.98819,-25.438883,0 31.988604,-25.438742,0 31.98918,-25.435265,0 31.990168,-25.429951,0 32.011585,-25.39118,0 32.014717,-25.385633,0 32.014904,-25.383701,0 32.028442,-25.250639,0 32.02861,-25.246901,0 32.031551,-25.186056,0 32.031689,-25.18318,0 32.031784,-25.181217,0 32.032383,-25.16885900000001,0 32.033009,-25.117256,0 32.031792,-25.091095,0 32.031727,-25.089512,0 32.0284,-25.050766,0 32.028324,-25.048424,0 32.023712,-25.000792,0 32.016533,-24.92544,0 32.011684,-24.874487,0 32.005215,-24.787315,0 32.000698,-24.726414,0 32.00742,-24.500832,0 32.009312,-24.457943,0 32.007999,-24.448885,0 31.99567,-24.363493,0 31.985785,-24.305475,0 31.951439,-24.250647,0 31.909727,-24.184027,0 31.908546,-24.182138,0 31.886267,-24.000715,0 31.88114,-23.955889,0 31.880808,-23.952995,0 31.768658,-23.885206,0 31.750038,-23.842394,0 31.710314,-23.750755,0 31.697195,-23.722301,0 31.691097,-23.626316,0 31.661459,-23.584799,0 31.580275,-23.501091,0 31.561737,-23.481552,0 31.549526,-23.420311,0 31.5487,-23.412745,0 31.551905,-23.318268,0 31.552589,-23.308681,0 31.552681,-23.30740000000001,0 31.55671900000001,-23.251015,0 31.559038,-23.228579,0 31.563278,-23.187559,0 31.563169,-23.186159,0 31.528524,-23.082699,0 31.502111,-23.00544,0 31.500946,-23.002027,0 31.463078,-22.88917,0 31.416801,-22.75096900000001,0 31.403685,-22.711765,0 31.36339,-22.591173,0 31.333355,-22.501137,0 31.30743,-22.423763,0 31.307394,-22.423656,0 31.307604,-22.423569,0 31.309322,-22.422602,0 31.309637,-22.421986,0 31.305498,-22.418619,0 31.30155600000001,-22.415108,0 31.298624,-22.412128,0 31.293877,-22.40943,0 31.290461,-22.407019,0 31.286676,-22.403532,0 31.284693,-22.399857,0 31.282877,-22.396965,0 31.280689,-22.39385,0 31.278795,-22.391249,0 31.277586,-22.388454,0 31.276125,-22.385429,0 31.275276,-22.38089,0 31.274458,-22.37669,0 31.273079,-22.373793,0 31.270445,-22.369917,0 31.268896,-22.367783,0 31.268131,-22.36706,0 31.267126,-22.366335,0 31.26450000000001,-22.365246,0 31.261381,-22.364521,0 31.25872,-22.363996,0 31.254036,-22.363258,0 31.249834,-22.362875,0 31.229807,-22.36808,0 31.219366,-22.370121,0 31.214846,-22.369629,0 31.208956,-22.366613,0 31.204035,-22.363312,0 31.200014,-22.359793,0 31.196354,-22.354681,0 31.19381,-22.34972,0 31.189814,-22.342134,0 31.187288,-22.339014,0 31.182653,-22.336761,0 31.175461,-22.332157,0 31.169466,-22.330473,0 31.161772,-22.328682,0 31.156902,-22.328857,0 31.148893,-22.331022,0 31.136343,-22.333414,0 31.125957,-22.336884,0 31.11784,-22.340017,0 31.109091,-22.342892,0 31.101351,-22.346146,0 31.094118,-22.348867,0 31.092291,-22.34901,0 31.08966300000001,-22.34918,0 31.089388,-22.348984,0 31.088556,-22.351753,0 31.075521,-22.391016,0 31.066345,-22.419188,0 31.06995,-22.454653,0 31.070236,-22.456858,0 31.070148,-22.457106,0 31.069765,-22.458185,0 31.06966,-22.459528,0 31.07008,-22.461346,0 31.070423,-22.46253,0 31.069883,-22.46454,0 31.068462,-22.465424,0 31.068172,-22.465763,0 31.067299,-22.466398,0 31.066193,-22.466976,0 31.065258,-22.467419,0 31.064289,-22.46855,0 31.063372,-22.47098,0 31.063263,-22.471216,0 31.06255,-22.473225,0 31.062071,-22.475327,0 31.061531,-22.477755,0 31.061428,-22.479811,0 31.061712,-22.481153,0 31.061811,-22.481842,0 31.061888,-22.482779,0 31.061331,-22.483942,0 31.059652,-22.483629,0 31.058578,-22.48266,0 31.057638,-22.481613,0 31.05616600000001,-22.481266,0 31.05495300000001,-22.482679,0 31.054995,-22.483955,0 31.055178,-22.484768,0 31.054913,-22.485514,0 31.054161,-22.486193,0 31.053421,-22.486601,0 31.052208,-22.487585,0 31.050884,-22.488831,0 31.050083,-22.489408,0 31.049747,-22.490742,0 31.049835,-22.491543,0 31.050739,-22.492826,0 31.05208,-22.493782,0 31.052496,-22.494572,0 31.05380200000001,-22.496195,0 31.055473,-22.497467,0 31.05702,-22.498039,0 31.05825,-22.498421,0 31.059105,-22.4993,0 31.058754,-22.500181,0 31.058342,-22.500656,0 31.058237,-22.501072,0 31.057018,-22.501816,0 31.056807,-22.501945,0 31.055439,-22.503498,0 31.05329100000001,-22.50486,0 31.051107,-22.505917,0 31.047863,-22.506853,0 31.045141,-22.507629,0 31.042931,-22.508245,0 31.041609,-22.508985,0 31.041199,-22.509901,0 31.040812,-22.510534,0 31.03974,-22.510199,0 31.03941,-22.509918,0 31.038277,-22.509108,0 31.036791,-22.50876,0 31.035669,-22.50822300000001,0 31.034307,-22.508564,0 31.033155,-22.509336,0 31.031919,-22.510403,0 31.031023,-22.511127,0 31.030056,-22.512653,0 31.029016,-22.514521,0 31.028488,-22.51623,0 31.028496,-22.517891,0 31.028355,-22.519043,0 31.027981,-22.519915,0 31.027132,-22.520754,0 31.025566,-22.521639,0 31.023417,-22.522131,0 31.020802,-22.522387,0 31.019417,-22.522943,0 31.017214,-22.52252,0 31.017008,-22.5226,0 31.016115,-22.521383,0 31.015526,-22.519995,0 31.015554,-22.518118,0 31.016094,-22.516195,0 31.016747,-22.514917,0 31.016911,-22.513447,0 31.01676,-22.512588,0 31.01676,-22.512419,0 31.016575,-22.511923,0 31.015938,-22.510796,0 31.015448,-22.509441,0 31.015078,-22.508585,0 31.014963,-22.507137,0 31.014242,-22.506304,0 31.01271600000001,-22.504839,0 31.011106,-22.503939,0 31.010241,-22.503342,0 31.009342,-22.503469,0 31.00846900000001,-22.504116,0 31.007751,-22.504377,0 31.006403,-22.504393,0 31.004808,-22.504114,0 31.002872,-22.503815,0 31.001108,-22.503717,0 30.999905,-22.503742,0 30.999386,-22.504288,0 30.99839800000001,-22.504072,0 30.997242,-22.503994,0 30.995472,-22.503212,0 30.993971,-22.502718,0 30.99345,-22.501934,0 30.993057,-22.501598,0 30.99228099999999,-22.501732,0 30.99152399999999,-22.502281,0 30.991285,-22.502747,0 30.991062,-22.504286,0 30.989946,-22.505745,0 30.988131,-22.508179,0 30.98721099999999,-22.509521,0 30.98691,-22.510847,0 30.98391,-22.512844,0 30.981348,-22.515165,0 30.980021,-22.515924,0 30.978426,-22.516756,0 30.976854,-22.517359,0 30.975428,-22.517927,0 30.973251,-22.519905,0 30.972141,-22.521635,0 30.971775,-22.522497,0 30.970755,-22.52445,0 30.969431,-22.527693,0 30.969622,-22.529421,0 30.970037,-22.5305,0 30.970648,-22.531771,0 30.970932,-22.533169,0 30.970943,-22.53411699999999,0 30.970638,-22.535025,0 30.969843,-22.53657,0 30.968124,-22.538248,0 30.966841,-22.538713,0 30.965506,-22.539858,0 30.963661,-22.542068,0 30.96257,-22.543301,0 30.961439,-22.544294,0 30.959908,-22.545282,0 30.958462,-22.546381,0 30.958151,-22.547922,0 30.958036,-22.548464,0 30.957638,-22.550625,0 30.957411,-22.552006,0 30.957705,-22.553291,0 30.958309,-22.555014,0 30.958487,-22.55565500000001,0 30.959114,-22.557343,0 30.959705,-22.557993,0 30.961023,-22.559299,0 30.963369,-22.56135400000001,0 30.964506,-22.562969,0 30.964355,-22.563616,0 30.964561,-22.565567,0 30.964087,-22.566408,0 30.964098,-22.567368,0 30.964071,-22.569267,0 30.9641,-22.570589,0 30.964054,-22.570871,0 30.964071,-22.572363,0 30.964333,-22.573814,0 30.965212,-22.575129,0 30.966482,-22.576696,0 30.96743,-22.577568,0 30.968252,-22.578258,0 30.969696,-22.578075,0 30.970085,-22.577969,0 30.971193,-22.578104,0 30.971991,-22.578739,0 30.972267,-22.578455,0 30.973944,-22.578335,0 30.976482,-22.579212,0 30.979362,-22.580187,0 30.982393,-22.581409,0 30.985712,-22.582424,0 30.987391,-22.583401,0 30.989603,-22.584429,0 30.991365,-22.586409,0 30.99193800000001,-22.587488,0 30.992472,-22.588263,0 30.992931,-22.589081,0 30.993401,-22.589699,0 30.994467,-22.591482,0 30.995003,-22.592516,0 30.995455,-22.593676,0 30.995594,-22.594048,0 30.995434,-22.595947,0 30.995174,-22.596525,0 30.994671,-22.598146,0 30.993607,-22.600618,0 30.992674,-22.602911,0 30.991804,-22.60441,0 30.991577,-22.604763,0 30.990818,-22.606262,0 30.989801,-22.607777,0 30.989513,-22.607948,0 30.988752,-22.608511,0 30.986876,-22.610157,0 30.985743,-22.610914,0 30.98419,-22.611294,0 30.981445,-22.611492,0 30.978815,-22.612265,0 30.977737,-22.613813,0 30.97613,-22.61555900000001,0 30.974995,-22.616304,0 30.97291,-22.617851,0 30.971666,-22.61867700000001,0 30.970997,-22.6196,0 30.969263,-22.621073,0 30.968298,-22.62177300000001,0 30.968027,-22.621515,0 30.965054,-22.623953,0 30.962023,-22.62477700000001,0 30.959452,-22.625322,0 30.95672,-22.62580300000001,0 30.955275,-22.62689,0 30.955204,-22.628168,0 30.955347,-22.630009,0 30.955564,-22.630831,0 30.957554,-22.632538,0 30.959036,-22.634432,0 30.959133,-22.63545999999999,0 30.958391,-22.636326,0 30.956949,-22.636805,0 30.953316,-22.637169,0 30.952929,-22.637299,0 30.950745,-22.637762,0 30.948893,-22.638571,0 30.94775,-22.638571,0 30.945997,-22.639517,0 30.945288,-22.641138,0 30.94492500000001,-22.64244100000001,0 30.943037,-22.643229,0 30.941256,-22.64381,0 30.93946100000001,-22.645252,0 30.938887,-22.645021,0 30.937456,-22.644403,0 30.936113,-22.642904,0 30.935249,-22.641872,0 30.934479,-22.6416,0 30.934114,-22.641569,0 30.932423,-22.640446,0 30.93005,-22.641497,0 30.930084,-22.643282,0 30.930206,-22.644354,0 30.929785,-22.645838,0 30.929382,-22.647797,0 30.928833,-22.649689,0 30.928263,-22.651886,0 30.927383,-22.653681,0 30.927258,-22.65531,0 30.927044,-22.655752,0 30.925688,-22.658522,0 30.925266,-22.660831,0 30.925039,-22.662222,0 30.92454,-22.664204,0 30.924261,-22.665358,0 30.92395,-22.66692,0 30.92403,-22.668772,0 30.923967,-22.669666,0 30.923336,-22.671852,0 30.922972,-22.672907,0 30.921509,-22.674751,0 30.920246,-22.676052,0 30.918842,-22.676598,0 30.91559,-22.677433,0 30.913609,-22.677486,0 30.911751,-22.67777600000001,0 30.910229,-22.677748,0 30.908983,-22.677229,0 30.907015,-22.677565,0 30.905296,-22.677288,0 30.903351,-22.677422,0 30.900795,-22.678272,0 30.898928,-22.679928,0 30.898012,-22.681835,0 30.897715,-22.683441,0 30.898499,-22.684914,0 30.89963,-22.685963,0 30.902884,-22.687502,0 30.905422,-22.68821,0 30.907078,-22.689232,0 30.908501,-22.691364,0 30.907383,-22.693579,0 30.906357,-22.69533,0 30.90579,-22.695787,0 30.904205,-22.697622,0 30.901876,-22.699295,0 30.900349,-22.700846,0 30.898262,-22.702415,0 30.896976,-22.70289,0 30.8939,-22.703091,0 30.891388,-22.704618,0 30.889296,-22.70682,0 30.8885,-22.707594,0 30.888355,-22.708748,0 30.88824500000001,-22.710749,0 30.888321,-22.712093,0 30.888475,-22.712349,0 30.973825,-22.72509,0 30.99959,-22.726997,0 31.013575,-22.727533,0 31.007689,-22.740349,0 31.002897,-22.750772,0 30.999535,-22.757839,0 30.99205,-22.77393500000001,0 30.957968,-22.882072,0 30.923906,-22.989967,0 30.92052500000001,-23.000669,0 30.898872,-23.066608,0 30.922474,-23.122812,0 30.928171,-23.137094,0 30.945166,-23.182852,0 30.970465,-23.25091,0 30.992794,-23.310284,0 30.999765,-23.328806,0 31.022305,-23.389379,0 31.029802,-23.409538,0 31.059555,-23.489691,0 31.063065,-23.49789,0 31.063734,-23.498568,0 31.064236,-23.498775,0 31.064569,-23.499035,0 31.06496,-23.499294,0 31.065239,-23.499451,0 31.065685,-23.499605,0 31.066149,-23.499746,0 31.066708,-23.500214,0 31.06687,-23.50073,0 31.066965,-23.50116,0 31.067026,-23.501408,0 31.067434,-23.50197,0 31.068111,-23.502619,0 31.069231,-23.503674,0 31.070608,-23.504621,0 31.072742,-23.50543,0 31.075415,-23.506426,0 31.077915,-23.507301,0 31.079685,-23.508495,0 31.080782,-23.509493,0 31.081589,-23.511023,0 31.081844,-23.512476,0 31.082273,-23.515713,0 31.08217,-23.518242,0 31.081953,-23.520161,0 31.081753,-23.522488,0 31.081739,-23.523888,0 31.081959,-23.525309,0 31.082367,-23.526106,0 31.082949,-23.526859,0 31.08354,-23.527533,0 31.084391,-23.528271,0 31.085423,-23.528816,0 31.086859,-23.529539,0 31.088734,-23.530067,0 31.090843,-23.530979,0 31.092937,-23.531347,0 31.094931,-23.531401,0 31.097536,-23.531416,0 31.100094,-23.530043,0 31.101887,-23.529591,0 31.10379,-23.529036,0 31.106285,-23.527685,0 31.108202,-23.525808,0 31.110596,-23.52393,0 31.11305,-23.523607,0 31.115126,-23.523195,0 31.116722,-23.524132,0 31.117329,-23.525009,0 31.11775,-23.525806,0 31.117954,-23.526867,0 31.11803400000001,-23.527521,0 31.11799,-23.528221,0 31.117987,-23.52931600000001,0 31.11744699999999,-23.530573,0 31.116882,-23.531841,0 31.116255,-23.532703,0 31.115555,-23.533871,0 31.114775,-23.535727,0 31.114307,-23.536936,0 31.11363,-23.537743,0 31.112892,-23.538708,0 31.11241,-23.539579,0 31.111443,-23.540998,0 31.110344,-23.54262,0 31.109646,-23.544092,0 31.109388,-23.54546,0 31.109312,-23.546635,0 31.109444,-23.547716,0 31.109629,-23.549341,0 31.109556,-23.550877,0 31.109209,-23.552008,0 31.108461,-23.553244,0 31.108187,-23.554113,0 31.108376,-23.554779,0 31.10894800000001,-23.555824,0 31.109653,-23.556835,0 31.110516,-23.557766,0 31.112263,-23.559006,0 31.113407,-23.559776,0 31.114767,-23.560196,0 31.115788,-23.56067300000001,0 31.11764,-23.561405,0 31.11904,-23.56205900000001,0 31.119822,-23.562168,0 31.120684,-23.562725,0 31.121876,-23.563595,0 31.122557,-23.56456,0 31.122818,-23.565079,0 31.122847,-23.565506,0 31.123135,-23.566261,0 31.123302,-23.567535,0 31.123774,-23.568096,0 31.124001,-23.569031,0 31.124266,-23.570101,0</coordinates></Point>
</Placemark>
<Placemark>
  <name>H14 - Phalaborwa to Mopani</name>
  
  <styleUrl>#style_OTHER</styleUrl>
  <LineString><tessellate>1</tessellate><coordinates>31.23241167028383,-23.92156453226412,0 31.23163206015718,-23.92021391817589,0 31.23122982342715,-23.91926514082873,0 31.23107509759712,-23.91848901190487,0 31.23099874960743,-23.9176975514843,0 31.23102803274807,-23.91713769878891,0 31.23117032818792,-23.91626750657964,0 31.23142462797749,-23.91519285985407,0 31.2316964507433,-23.91431884672506,0 31.23197692639994,-23.91370393530795,0 31.23226735384301,-23.91316851565409,0 31.2326945458272,-23.91259651072774,0 31.2330903722578,-23.91214533351647,0 31.23357160429198,-23.91169312557345,0 31.2341061890205,-23.91121378013979,0 31.23467622452056,-23.91070647279906,0 31.23501115933009,-23.91038876862855,0 31.23544076755932,-23.90994960772947,0 31.2357814824986,-23.90952654428677,0 31.23612255530234,-23.90906799460866,0 31.23644249114748,-23.90858683778187,0 31.23671567413965,-23.90805972849701,0 31.23695766773789,-23.90753665446328,0 31.23725387656637,-23.90676626115332,0 31.23744450418944,-23.90608172898291,0 31.23836688626856,-23.9016075592971,0 31.23847236282602,-23.90114897566458,0 31.23859315760712,-23.90078848032772,0 31.23881247421238,-23.90014544668814,0 31.2390550173441,-23.89969899994619,0 31.2392546533831,-23.89932049017095,0 31.23949698524605,-23.89891268330025,0 31.23978140771008,-23.89851289496053,0 31.2400763690295,-23.89815651067027,0 31.24047297678828,-23.89772828258955,0 31.24100794477482,-23.89722229196527,0 31.24169469421237,-23.89666744696338,0 31.24625546218845,-23.89311580092482,0 31.24659216184434,-23.89283423575629,0 31.24694072510895,-23.89248819943066,0 31.24725144266904,-23.89211892024644,0 31.2474564810866,-23.89184767377055,0 31.24768292001229,-23.89154216415889,0 31.24789819054917,-23.89115495463393,0 31.24812562835512,-23.89072719622858,0 31.24828018333323,-23.89042117782188,0 31.24850441833126,-23.88976800975559,0 31.24859611344374,-23.88942034463671,0 31.24871349303727,-23.88897758798154,0 31.24877470476493,-23.88851251744256,0 31.24880256213852,-23.88815354520931,0 31.24880929226989,-23.88761821866909,0 31.24874378324775,-23.8868171778231,0 31.24868275930597,-23.8865032780284,0 31.24857918368723,-23.88602324677542,0 31.24826572922984,-23.88466710128201,0 31.24820822969934,-23.88435709325621,0 31.24818168080066,-23.88399462072919,0 31.24817888559567,-23.88360762658745,0 31.24821994904675,-23.88323270213215,0 31.24829290148291,-23.88284303489602,0 31.24837005315184,-23.88251634161278,0 31.24848342973044,-23.88222128706026,0 31.24882001288877,-23.88154828431162,0 31.24902510444665,-23.88124430315404,0 31.24940426702224,-23.88072333371561,0 31.24969753108062,-23.88026338593199,0 31.24998939815519,-23.87973463127803,0 31.25015968461596,-23.87919413290605,0 31.25027268442101,-23.87840863274897,0 31.25026342674994,-23.87776008687944,0 31.25016650517563,-23.87719636836851,0 31.24998358530017,-23.8766414919077,0 31.24975047939843,-23.87613251516141,0 31.24956259102293,-23.87571696246809,0 31.24942597198155,-23.87532816826935,0 31.2493415653804,-23.87489809538687,0 31.24927607049003,-23.87426215580924,0 31.249290607328,-23.87384284612029,0 31.24936417040376,-23.87339304578024,0 31.24946744854203,-23.87296756882214,0 31.24963225152044,-23.8724653570743,0 31.24981571263134,-23.8719806308455,0 31.2507872708022,-23.86943201855898,0 31.25102484830204,-23.86884472657494,0 31.2512092155019,-23.86845280030702,0 31.25146576483492,-23.86802512965213,0 31.25183772194213,-23.86745206904356,0 31.25223257716335,-23.86696324533442,0 31.2528626175179,-23.86628608788609,0 31.25321955197893,-23.86597141319982,0 31.25375399284363,-23.86550079882573,0 31.2546807742787,-23.86467974539553,0 31.25529743437084,-23.86412434605547,0 31.25558414249458,-23.86385442020452,0 31.25586193355111,-23.86357129574186,0 31.2561417184033,-23.86322564738624,0 31.2563177032143,-23.86298069143662,0 31.25655098307475,-23.8626508967881,0 31.25679506437191,-23.86225729422164,0 31.25697131316265,-23.8619091490638,0 31.25712489830347,-23.86155914313045,0 31.25725900305522,-23.86119802986087,0 31.25739444522353,-23.86076704005902,0 31.25747740875884,-23.86043640457464,0 31.25757999733585,-23.85993121341215,0 31.25770121107305,-23.85935683621309,0 31.25792595005928,-23.85825813784506,0 31.25801213267922,-23.85785491100378,0 31.25813063867967,-23.8574190852437,0 31.25826698298474,-23.85697474740123,0 31.25843494742002,-23.85654968691899,0 31.25872788761564,-23.8559423527437,0 31.25887994759295,-23.8556909760931,0 31.25910842611945,-23.85533182311387,0 31.25931138379194,-23.85503900861231,0 31.25970406415105,-23.85454974829084,0 31.2601116543479,-23.85408420332386,0 31.26050524046378,-23.85362920640748,0 31.26091886132344,-23.85312069090533,0 31.26154981479513,-23.85230878889433,0 31.26173674896586,-23.85202897336494,0 31.26217502673721,-23.85135372335933,0 31.26377198944211,-23.84856035421128,0 31.26414076314668,-23.84793952926377,0 31.26443681632193,-23.84752037673882,0 31.26477080226916,-23.8470532817234,0 31.2650881247858,-23.84663414421495,0 31.26549436995676,-23.84615074806737,0 31.26611456947716,-23.84543299164209,0 31.26666698740058,-23.84481303693208,0 31.26725510211156,-23.84413322323705,0 31.26786438452026,-23.84341580668196,0 31.26851682150242,-23.84267353348207,0 31.26907366158213,-23.84199303540795,0 31.26960945882985,-23.84127427995061,0 31.26979078974474,-23.84101923067508,0 31.27007603383047,-23.84058632288811,0 31.27067891610995,-23.83956617755792,0 31.27135697721393,-23.83832188639989,0 31.27182421291582,-23.83743719344299,0 31.27230264398786,-23.83669031914847,0 31.27283489971903,-23.83613771414488,0 31.27355238208239,-23.83561738476185,0 31.274439937794,-23.83518031019604,0 31.27517373141481,-23.83495718824933,0 31.27604575734321,-23.83486518121568,0 31.27696406886148,-23.8347719554823,0 31.27786702450808,-23.83462856773161,0 31.27857283281386,-23.83442265449806,0 31.27919606674402,-23.83417551812327,0 31.27966559792721,-23.83396203134396,0 31.28835040660757,-23.82922613439982,0 31.28909299809643,-23.82879111773347,0 31.28967398499628,-23.82845112401152,0 31.29065812399355,-23.82774923401947,0 31.29175194252646,-23.82687640623782,0 31.29242783525571,-23.82623074305754,0 31.2943645744027,-23.82426544254518,0 31.29492331713109,-23.82353169244177,0 31.29530790384201,-23.82275433400478,0 31.2955552580252,-23.82202155887804,0 31.29568810410782,-23.82135589335945,0 31.29571486137514,-23.82080207561474,0 31.29564720854578,-23.82001016703012,0 31.29548160021571,-23.81924280294124,0 31.29523190677413,-23.81839583485535,0 31.29502628150254,-23.81761199082292,0 31.29497308049362,-23.81716107559741,0 31.29498754398009,-23.81656934149066,0 31.2951385918796,-23.81592766449647,0 31.29538083311223,-23.8153697663939,0 31.29581817325793,-23.81473296784871,0 31.29632999268529,-23.8142641531673,0 31.2969199224568,-23.81386563369144,0 31.29762773061878,-23.81351298607618,0 31.29811590150604,-23.81325795223187,0 31.29855226605455,-23.81293139941956,0 31.29881913342685,-23.81266586917427,0 31.29918834334166,-23.81210656823268,0 31.29939508141082,-23.81155940156281,0 31.29944592994016,-23.81114783200172,0 31.2994519806492,-23.8107943286292,0 31.29942630782351,-23.81020032141658,0 31.29948725971831,-23.80971792848595,0 31.29971659990251,-23.80907804219623,0 31.29999658709346,-23.80867672445601,0 31.30035367151823,-23.80830007103079,0 31.30072728445406,-23.80799340726092,0 31.30106184297706,-23.8077522380011,0 31.30169761716616,-23.80738292115629,0 31.30220166523364,-23.80716149258468,0 31.30258453853704,-23.80704209489666,0 31.30311710364618,-23.80692920801853,0 31.30360490296985,-23.80686740778455,0 31.30439735709231,-23.80682793633026,0 31.30515986178269,-23.80679829572728,0 31.30580513320144,-23.8068306763501,0 31.30634151313161,-23.80690379881557,0 31.30696690453082,-23.80696213516703,0 31.30742717049944,-23.80696330012439,0 31.307768217269,-23.80693836494402,0 31.30822213039087,-23.80688305754546,0 31.30871480066703,-23.80677226015019,0 31.30928649217962,-23.80662467172686,0 31.30974092605726,-23.80646781519041,0 31.31024471743322,-23.80626394376436,0 31.31082039240036,-23.80599870108212,0 31.3112831090908,-23.80573480312875,0 31.31173646369158,-23.80544584607035,0 31.31206657094887,-23.80519137658978,0 31.31234653479951,-23.80495888208323,0 31.3127796299913,-23.80456110732526,0 31.31318178240813,-23.80417627584253,0 31.31382762327414,-23.80357244832324,0 31.31460557365919,-23.80281171555642,0 31.31604843944122,-23.80142153180455,0 31.31661861813282,-23.80085380713969,0 31.31705164181287,-23.80037378021325,0 31.31757655875195,-23.7995254684289,0 31.3178113873747,-23.79888476203456,0 31.31796483514854,-23.79818454645806,0 31.31795854868837,-23.79747558965971,0 31.31787533961092,-23.7968945313683,0 31.31774535207683,-23.79633235860138,0 31.31753629472996,-23.79585043749388,0 31.3171382220484,-23.79491147648884,0 31.31693296009714,-23.79435128274465,0 31.31684451860637,-23.79385052147584,0 31.31686767565189,-23.79339338920651,0 31.31697260261579,-23.79290188151731,0 31.31709614527065,-23.79234348227017,0 31.3173080067895,-23.79138625042922,0 31.31770142927967,-23.78968265742333,0 31.31784082828789,-23.78906981646206,0 31.31810861578838,-23.7885386375764,0 31.31834923967687,-23.78829163495364,0 31.31873056105077,-23.78801641406453,0 31.31904606350409,-23.78787587694642,0 31.31930539623712,-23.78780558315845,0 31.31969399797551,-23.78775494269781,0 31.32015077549674,-23.78780741906996,0 31.32053967134916,-23.78793783288415,0 31.32083536957786,-23.7880799129377,0 31.32121810693089,-23.7883860401825,0 31.32147618475612,-23.78861992937957,0 31.32187759464987,-23.78899483898421,0 31.32586140209461,-23.79278710302043,0 31.32613556774488,-23.79303405537556,0 31.32647871944396,-23.79324645504621,0 31.32698988280785,-23.79345553986476,0 31.32748403882188,-23.79354503453934,0 31.32798907065179,-23.79354216021324,0 31.32845929330887,-23.79344768312231,0 31.32889575871778,-23.79327481175226,0 31.32934638944655,-23.79298956911864,0 31.33113704549651,-23.79150780466161,0 31.33187245393128,-23.79078889757097,0 31.33237417059727,-23.79018145836197,0 31.33430815662835,-23.78766613306717,0 31.33469192894822,-23.78728379605616,0 31.3350976397163,-23.78700894920201,0 31.33548394717264,-23.78684888430249,0 31.33602372874278,-23.7867461443734,0 31.33654557747077,-23.78674142483941,0 31.33683947166152,-23.78678676407501,0 31.34107870228815,-23.78764071442653,0 31.34171370797453,-23.78773942501028,0 31.34233984615147,-23.78778303664585,0 31.34287822844054,-23.78774881273025,0 31.34345791013265,-23.78765448779749,0 31.34393818063792,-23.78753840476002,0 31.34444510436079,-23.78733925398284,0 31.34502213490586,-23.7870441156635,0 31.34547153952762,-23.7867257303661,0 31.34581896049773,-23.7864401715808,0 31.34621280634241,-23.7860368940708,0 31.34649701340767,-23.78570245923708,0 31.34890161871908,-23.78268539676408,0 31.34926703646632,-23.78224303999067,0 31.34974705250907,-23.78185791130817,0 31.35026369351175,-23.78158087496552,0 31.35080668010054,-23.78141035736088,0 31.35121550515101,-23.78134907825939,0 31.35175729539045,-23.78135117099857,0 31.35216429007656,-23.78140545516526,0 31.35270355993974,-23.78158742220112,0 31.35311843299394,-23.78180135618331,0 31.35366014407502,-23.7821614723207,0 31.35553291492541,-23.78338234731152,0 31.35620755654053,-23.78370287858556,0 31.35701051194464,-23.78388481582666,0 31.35766323328886,-23.78391186067441,0 31.35820465145637,-23.7838723834079,0 31.35881432247591,-23.78373685390348,0 31.35943975098409,-23.78348779528529,0 31.35992235821914,-23.78320179968109,0 31.36030843109222,-23.7828937479578,0 31.36065331566266,-23.78259237371515,0 31.36403696548279,-23.77960285367063,0 31.36426739572466,-23.77933618715494,0 31.36447224601731,-23.77901018192873,0 31.36466745854279,-23.77849081290363,0 31.36474126370184,-23.77820612131119,0 31.36479936559088,-23.77779263932869,0 31.365198918242,-23.77403096096501,0 31.36527571031013,-23.77329358778315,0 31.36537572692716,-23.77231970764411,0 31.36540982381791,-23.77178047935927,0 31.3653896910339,-23.77129117459159,0 31.36529511230891,-23.77079288861591,0 31.36516656335104,-23.77025685621113,0 31.36473725858387,-23.76868718894588,0 31.36466111276564,-23.76823117340128,0 31.36461606845958,-23.76759721040891,0 31.36464966796932,-23.76713533294591,0 31.36477240454586,-23.76662290061741,0 31.36490397929038,-23.76618695086441,0 31.36581264235661,-23.7634071264678,0 31.36598263783097,-23.76290779370599,0 31.36614971727897,-23.76245075173709,0 31.36631530027474,-23.76210827867811,0 31.36648386351351,-23.76182636806876,0 31.36673539219307,-23.76151265290725,0 31.36694092746935,-23.76135750699436,0 31.36714620848979,-23.76122461708066,0 31.36738647751313,-23.76110189632867,0 31.36777223316973,-23.76098943460427,0 31.36812979313125,-23.76094154907904,0 31.36863217015256,-23.76093946850206,0 31.36897485963007,-23.76087591354644,0 31.36934922924027,-23.76078044754907,0 31.36976277105273,-23.76061253419478,0 31.37003339028545,-23.76043633141061,0 31.3701652917858,-23.76035761033432,0 31.37039116136228,-23.76017249601158,0 31.3705362386009,-23.76002262374269,0 31.3721291952269,-23.75804898627625,0 31.37223770103163,-23.75783573639854,0 31.37245985179806,-23.75722304754145,0 31.37251683499841,-23.75686918384099,0 31.37253030117157,-23.75650527368996,0 31.37249543623674,-23.75615961675082,0 31.37248621090203,-23.75561604543821,0 31.37252874974779,-23.75529956940251,0 31.3726054897596,-23.75501053082931,0 31.3729438253584,-23.75412693638721,0 31.37304461385654,-23.75379128594786,0 31.37310361254052,-23.75346786357292,0 31.37313718174915,-23.75324231697686,0 31.37318793557841,-23.75280119704555,0 31.37318793690611,-23.75245194227923,0 31.37315736981607,-23.75198909910906,0 31.37310214411652,-23.75156173213777,0 31.37302771246218,-23.75120388441624,0 31.37296118000012,-23.75092076514521,0 31.37286484276455,-23.7506078609536,0 31.37276442098132,-23.75036802766004,0 31.37261813177481,-23.75004245054051,0 31.37247216803617,-23.74974947385849,0 31.37227908158487,-23.7494197231125,0 31.37127300555427,-23.74771153627461,0 31.37106934121783,-23.74739287957142,0 31.37083615876339,-23.74712023294993,0 31.37068445319614,-23.74690388225089,0 31.3704768905383,-23.74669859831185,0 31.37027910227543,-23.74652745094348,0 31.36998590175634,-23.74628842959262,0 31.36967200619986,-23.74606850275084,0 31.36803154109968,-23.74498415140762,0 31.36774258002558,-23.74473859486947,0 31.36744140262966,-23.74443781249477,0 31.3672262071809,-23.74423080155886,0 31.36704084064952,-23.7440121509264,0 31.36684614886361,-23.74377340970805,0 31.36669585044076,-23.74354615615125,0 31.36657577830858,-23.7433582572072,0 31.36646051967319,-23.74313143241164,0 31.36632886859313,-23.74291945351397,0 31.36620976586169,-23.74260854717613,0 31.36609084324304,-23.74228730065153,0 31.3660046575886,-23.74200919939349,0 31.36592125102855,-23.74167293756697,0 31.36587481775194,-23.74129768753855,0 31.36580892550027,-23.74074087018184,0 31.36581165487316,-23.74036013211477,0 31.36584999322639,-23.73989881695218,0 31.36590462249983,-23.73954475960152,0 31.3660100322707,-23.73908115694589,0 31.36613234005614,-23.73875152946621,0 31.36632190498354,-23.73829248544282,0 31.36647766071345,-23.73799278750334,0 31.36668040366959,-23.73764865592969,0 31.3690113918132,-23.73445142476773,0 31.36918440764634,-23.73420752469468,0 31.36939838710941,-23.73389185701736,0 31.36956108452031,-23.73355200228765,0 31.36968492406324,-23.73319892779328,0 31.36973344721484,-23.73289833937183,0 31.36975246936687,-23.73251471934588,0 31.369738799641,-23.73226883601196,0 31.36965775839934,-23.7319406846086,0 31.36958075701031,-23.73165201779454,0 31.3694789384611,-23.73143668463034,0 31.36932641526605,-23.73119230016249,0 31.36915378493955,-23.73095487785017,0 31.36898992449564,-23.73077532689199,0 31.36676700403809,-23.7285424353237,0 31.36655594262245,-23.72830394074223,0 31.36632449950156,-23.72800485003727,0 31.36613826704706,-23.72776003032794,0 31.36596190767256,-23.72749973771113,0 31.36584217844961,-23.72730499320182,0 31.36560085054964,-23.72691996705725,0 31.36544814712491,-23.72664557916775,0 31.3653160187094,-23.7264059907521,0 31.36521019449859,-23.72614062243735,0 31.36502604679534,-23.72569143235777,0 31.3649080332573,-23.72536602240231,0 31.36480455478681,-23.72507137371377,0 31.36470694412304,-23.72473782903619,0 31.36458949454846,-23.72437570594681,0 31.36447918553597,-23.72406698783128,0 31.36433806016468,-23.72379381439055,0 31.36407493056701,-23.72342061014769,0 31.36376633473418,-23.72304853877296,0 31.36344112225725,-23.72277036436002,0 31.36308792636984,-23.72253182865835,0 31.36270133504676,-23.72231544028405,0 31.36227844560462,-23.72213776309808,0 31.36188885252184,-23.72202312249224,0 31.36142855207045,-23.72193897089046,0 31.36077730263537,-23.72187708550362,0 31.36026303862106,-23.7218517028349,0 31.35971110982557,-23.72176730907804,0 31.35930433168294,-23.72165834397044,0 31.35898443601145,-23.72153539150601,0 31.35869099443017,-23.72138417203888,0 31.35845686239955,-23.72125777925527,0 31.35825976009875,-23.72112479413871,0 31.35805902013991,-23.72097291759017,0 31.35770140692785,-23.72066596932806,0 31.35750668280446,-23.7204551551512,0 31.35733678529695,-23.72019701439674,0 31.35707415591864,-23.71981847675535,0 31.35690659082372,-23.71939430283988,0 31.35683723420097,-23.71915422262119,0 31.35618273654204,-23.71685445891582,0 31.35609011010238,-23.71642934736656,0 31.35603538592951,-23.71589696608548,0 31.35607442389359,-23.71517657622291,0 31.35615538973147,-23.71470727386839,0 31.35628710036932,-23.71429985170815,0 31.35644499712441,-23.71388818383026,0 31.35662899610992,-23.71351857085966,0 31.35684230327389,-23.71321571441027,0 31.35705496352648,-23.71294069153735,0 31.35726673639718,-23.71268835372389,0 31.3589848821971,-23.71093847566945,0 31.35926676583339,-23.71063614358467,0 31.35956141394408,-23.71026540020706,0 31.35988018758788,-23.70982805608701,0 31.3601260952622,-23.7094262133649,0 31.36030173176734,-23.70911088438246,0 31.36045657124906,-23.7087969722774,0 31.3605906390529,-23.70845287492118,0 31.36076334355544,-23.7080124295171,0 31.36083506676623,-23.70775875492699,0 31.3610033303856,-23.70705553252018,0 31.36106973654903,-23.70659466284269,0 31.36111369301522,-23.70614765858398,0 31.36111743131795,-23.70566223580565,0 31.36109706748395,-23.70520453785665,0 31.36102651338864,-23.7047653612196,0 31.36096725097772,-23.70437311315271,0 31.36085892115865,-23.70395672317206,0 31.3608013555322,-23.70371237007691,0 31.36069349343025,-23.70341342371874,0 31.3590928143633,-23.69926451313162,0 31.35785915153329,-23.69605903252636,0 31.35774323851798,-23.6956793221536,0 31.35758245831083,-23.69507990202824,0 31.35747799882849,-23.69451886500227,0 31.3573994783646,-23.69388728888003,0 31.35736499194554,-23.69336713208303,0 31.35737238165454,-23.69272224686278,0 31.35744127579166,-23.69206402332121,0 31.35755432893871,-23.69134591490756,0 31.35772451565248,-23.69071585477537,0 31.35792572293726,-23.69014770840519,0 31.35825546022957,-23.68944074223911,0 31.35861473072572,-23.68887012377152,0 31.35903381649535,-23.68827920901251,0 31.35944389126275,-23.68775420365063,0 31.3598654581821,-23.68725718670072,0 31.36027910140374,-23.6867973839739,0 31.36065308381178,-23.68644497873529,0 31.36095366661027,-23.68618021697343,0 31.36136549193533,-23.6858303952091,0 31.36225040861467,-23.68512547679512,0 31.36321957047835,-23.68433091952962,0 31.365106105411,-23.68281109558664,0 31.3655026468298,-23.68243774520028,0 31.36581642266194,-23.68205664521896,0 31.3660945733492,-23.68159424361709,0 31.36622465904208,-23.68126617065784,0 31.36633125149341,-23.68093114885649,0 31.36640861749357,-23.68059215113214,0 31.36642928161197,-23.6802108002911,0 31.36642204286165,-23.67970555023951,0 31.36636164271119,-23.67939291908122,0 31.36623291107238,-23.67892011589734,0 31.36611913612707,-23.67864574061555,0 31.36595701851008,-23.67834186245501,0 31.36575441241602,-23.67803721271911,0 31.36547726729858,-23.67771024470108,0 31.3652573577972,-23.67747899208856,0 31.36505164046505,-23.67726500323404,0 31.3647665438091,-23.67696186736611,0 31.36453561035395,-23.67671016970574,0 31.36431681450936,-23.67646389623923,0 31.36409895595043,-23.67617882971339,0 31.36389051998886,-23.67588306649447,0 31.36370478468602,-23.67558573217114,0 31.36346697561237,-23.67516415374124,0 31.36331551240805,-23.67484024483451,0 31.36312188043785,-23.67434811418075,0 31.36294821862786,-23.67381640046794,0 31.36284716094064,-23.67334635247404,0 31.36277547062464,-23.67281912490565,0 31.36273980550212,-23.67233796699195,0 31.36275846957521,-23.67153943374553,0 31.36283326851935,-23.67087999835863,0 31.36290761552474,-23.67033586275528,0 31.36298246132871,-23.66972570211782,0 31.36310874455965,-23.66876681993238,0 31.36320597619086,-23.66803978403543,0 31.36329015185961,-23.66741102740896,0 31.36337316587088,-23.66677670209868,0 31.36347114693674,-23.66604207903505,0 31.36361537877569,-23.66498197204329,0 31.36369201043047,-23.66458069798142,0 31.36379670592578,-23.66413931344123,0 31.36395303310942,-23.66358022471392,0 31.36414229293599,-23.66302656474193,0 31.36445179981218,-23.66227884249905,0 31.36466567830276,-23.66186239609857,0 31.36492048040032,-23.66138435902633,0 31.36514362476249,-23.66102862570121,0 31.36543002406852,-23.66058624797423,0 31.36575152619909,-23.66016851806164,0 31.36619076079473,-23.65963131083777,0 31.36656687159939,-23.65920792311692,0 31.3668935970824,-23.65883489125532,0 31.36731995967905,-23.65837220795202,0 31.36763020147122,-23.65801519753492,0 31.36803664917835,-23.65756611807615,0 31.36851089879099,-23.65704761521032,0 31.36893653157168,-23.65657520384449,0 31.36935521826645,-23.65610305870944,0 31.36976606644199,-23.65564201401374,0 31.37032638213873,-23.65503338466246,0 31.37060372516208,-23.65472197920018,0 31.37125229076686,-23.65400968518721,0 31.37175262734043,-23.65343464092808,0 31.37218323625152,-23.65297278548554,0 31.37269235462696,-23.65240256063739,0 31.37304160346844,-23.65203531287341,0 31.37342478904701,-23.65166709453642,0 31.37384021142061,-23.65131174137494,0 31.37458762820146,-23.6507547451033,0 31.37525835461219,-23.65032023162286,0 31.37598333217148,-23.64991712834154,0 31.37678073732477,-23.64955147432426,0 31.37744746265825,-23.64929741963521,0 31.37830176127851,-23.64901935053887,0 31.37941761847566,-23.64876503736266,0 31.38030044374121,-23.64861781816623,0 31.38133159809379,-23.64844625468214,0 31.38380045171733,-23.6480439227149,0 31.38507590349672,-23.64784556705276,0 31.38591202437512,-23.64774367042322,0 31.38674127609431,-23.647714644274,0 31.38765568028665,-23.64774029428084,0 31.38839586982284,-23.64780457867932,0 31.38931632035481,-23.64795136468998,0 31.39003159539093,-23.64809078602745,0 31.39065493595678,-23.64821621556583,0 31.39152669241631,-23.64839133460446,0 31.39255397114803,-23.64859841747789,0 31.39535021664041,-23.64916685061237,0 31.39677148488025,-23.64943734301739,0 31.3971208978299,-23.64948326348072,0 31.39785879094935,-23.6495559184448,0 31.39832017098524,-23.64957456338868,0 31.39888604135862,-23.64958489837267,0 31.39934654194155,-23.64956356830533,0 31.39997323075817,-23.64952435279258,0 31.40060098549196,-23.64944292444916,0 31.40123335432308,-23.6493234047981,0 31.40191110945564,-23.64919050445586,0 31.40280367795895,-23.64901915061571,0 31.40365745554206,-23.64885072212104,0 31.40434717345115,-23.64871015367008,0 31.40530207083653,-23.64851482619931,0 31.40584762857415,-23.64840692696085,0 31.40672634672628,-23.64818182642985,0 31.40760772976379,-23.64783351957684,0 31.40819460475759,-23.64753383064795,0 31.4085229385185,-23.64733186135343,0 31.40896290827856,-23.64701180880615,0 31.40930587250486,-23.64673829521051,0 31.40971246167339,-23.64635050364614,0 31.41010003626697,-23.64592891065784,0 31.41051957195908,-23.64539033087857,0 31.41282365140981,-23.64180704653723,0 31.41316577077127,-23.6412764844637,0 31.41356068749963,-23.6407985358931,0 31.41419255134617,-23.64022935736725,0 31.41485997658912,-23.63980504669758,0 31.41560327808222,-23.63946623488353,0 31.41623788841724,-23.63926987428032,0 31.4171518466712,-23.63910894696359,0 31.41849632060112,-23.63896186542219,0 31.41933928112066,-23.63881934870327,0 31.41993194065198,-23.63870237834542,0 31.42046234961266,-23.63858092583111,0 31.42095378761363,-23.63845182005329,0 31.42147621025561,-23.63830214334883,0 31.42202370475741,-23.63811981970065,0 31.42244219630345,-23.63797973533101,0 31.42289819817737,-23.63778809761178,0 31.42502732136061,-23.6368753368852,0 31.42537933538822,-23.63670690814928,0 31.42582859331652,-23.63645159918111,0 31.42624883037688,-23.63617714903399,0 31.42666851935879,-23.63586668650914,0 31.42704470860381,-23.63553914953065,0 31.42756677790506,-23.63500856747825,0 31.42793262216231,-23.63457369299341,0 31.42828932010061,-23.6340720837742,0 31.42853956904978,-23.63367050722692,0 31.42918667585715,-23.63266787770656,0 31.4294299535545,-23.63225221478374,0 31.42958089815314,-23.63185387818463,0 31.42971095798281,-23.63132600903923,0 31.42976070909634,-23.63068225634064,0 31.42979051412292,-23.62952213380728,0 31.4298386337775,-23.62913496422753,0 31.42990891242916,-23.62885833393785,0 31.43002502955963,-23.62853192509843,0 31.43019383109199,-23.62821030053219,0 31.43041593990685,-23.62788404919706,0 31.43064526208303,-23.62756924635529,0 31.43091028567665,-23.62723651682906,0 31.43125313327867,-23.62684576614429,0 31.43149152660623,-23.62664184802557,0 31.43178738333715,-23.62645151110583,0 31.43225815241998,-23.626212696895,0 31.43283631200683,-23.626049998975,0 31.43356216401271,-23.62601792466481,0 31.43410421796529,-23.62608972045235,0 31.43441416585467,-23.62617772925449,0 31.43606298897634,-23.62666615948577,0 31.43625618287867,-23.62671663167511,0 31.43670584069053,-23.62677569656442,0 31.43709835583993,-23.62675178782148,0 31.43749419126934,-23.62668324562902,0 31.43785657614615,-23.62655639766079,0 31.43819778835712,-23.62637255866117,0 31.43848245840988,-23.62616616324523,0 31.43874580388919,-23.62588634659083,0 31.4389954159651,-23.62545122535431,0 31.43910456088847,-23.625085534446,0 31.43911682461175,-23.62460165496243,0 31.43900159610951,-23.62411797295911,0 31.43883258480862,-23.62364369390461,0 31.43832505095212,-23.62212057680574,0 31.43827579724842,-23.62182906853456,0 31.4382672391348,-23.62143468765725,0 31.43830669887634,-23.62112996932435,0 31.43838512138241,-23.62081232224102,0 31.43850011653175,-23.6204517063227,0 31.43889611849459,-23.61925836763522,0 31.43900853996318,-23.61885145783998,0 31.43908683469437,-23.61846712562596,0 31.43913257110506,-23.6180763656851,0 31.43916604996305,-23.61773802559619,0 31.43916664699955,-23.61734079103477,0 31.43918480190888,-23.61691989082651,0 31.43924034795497,-23.61645226441938,0 31.43934938067828,-23.61608501963848,0 31.4395072228852,-23.61567065927238,0 31.43966282333457,-23.61538349874372,0 31.43990387223461,-23.6150048145734,0 31.4404282876262,-23.6141670831487,0 31.44057159448628,-23.6138575109157,0 31.44065587218773,-23.61360731686356,0 31.44076414298686,-23.61313635449501,0 31.44079638990166,-23.61266055706965,0 31.44082470297277,-23.6102174621633,0 31.44086920314404,-23.60989359904888,0 31.44100188807544,-23.60955765474159,0 31.4412234486085,-23.60927350635486,0 31.4414806825145,-23.60906999261013,0 31.44173366351712,-23.60895573108494,0 31.44212167438769,-23.6088542881087,0 31.44257450828941,-23.60886984399739,0 31.44283075610819,-23.60893650719174,0 31.44303633748787,-23.60903194856184,0 31.44321664565479,-23.60913255498248,0 31.44556931994645,-23.61069786278443,0 31.44580542356407,-23.61087422635826,0 31.44598267228479,-23.61101546717715,0 31.44634531781464,-23.6113488377919,0 31.44665009480804,-23.61169589335104,0 31.4470334673128,-23.61219322440898,0 31.44737151479411,-23.61280957073615,0 31.44751749207709,-23.61312842158778,0 31.44818635075288,-23.61476348878147,0 31.44830731686164,-23.61506141158486,0 31.4484761725227,-23.6153601560133,0 31.44864096116899,-23.61556985980998,0 31.44886054983168,-23.61578912884427,0 31.44918773480004,-23.61603690721125,0 31.44973835749052,-23.61642253160429,0 31.45043147045261,-23.61688127072627,0 31.45088751156322,-23.61712423370252,0 31.45132382915796,-23.61725225422851,0 31.45167547956495,-23.617272744452,0 31.45201049535308,-23.61723462189439,0 31.45233494336482,-23.61715032325844,0 31.45258188387746,-23.61704929585889,0 31.45294499426573,-23.61681893412176,0 31.45319226279229,-23.61655309141877,0 31.45338525226613,-23.61628118733565,0 31.45371960920349,-23.61557924595701,0 31.45482466118077,-23.61328553194736,0 31.45502197382491,-23.61289508105934,0 31.45524353367158,-23.61250480953459,0 31.45542788492043,-23.61222073063528,0 31.45560405296462,-23.61200602072945,0 31.45581685002347,-23.61173445266292,0 31.45672737225691,-23.61088476578027,0</coordinates></LineString>
</Placemark>
<Placemark>
  <name>H14 - Phalaborwa to Mopani</name>
  
  <styleUrl>#style_OTHER</styleUrl>
  <Point><coordinates>31.31167925280911,-23.80546944141478,0</coordinates></Point>
</Placemark>
<Placemark>
  <name>Nwambu Pan</name>
  
  <styleUrl>#style_OTHER</styleUrl>
  <Point><coordinates>31.36742736088438,-23.41549621322786,215</coordinates></Point>
</Placemark>
<Placemark>
  <name>Olifantsbad Pan</name>
  
  <styleUrl>#style_OTHER</styleUrl>
  <Point><coordinates>31.3299236102103,-23.32905261992627,0</coordinates></Point>
</Placemark>
<Placemark>
  <name>Nkaya Pan</name>
  
  <styleUrl>#style_OTHER</styleUrl>
  <Point><coordinates>31.75647779545585,-24.53222629147145,0</coordinates></Point>
</Placemark>
<Placemark>
  <name>Leeu Pan</name>
  
  <styleUrl>#style_OTHER</styleUrl>
  <Point><coordinates>31.8090144716399,-24.8356800769118,0</coordinates></Point>
</Placemark>
<Placemark>
  <name>Outspan Pan</name>
  
  <styleUrl>#style_OTHER</styleUrl>
  <Point><coordinates>31.27881591450381,-23.40007728124244,215</coordinates></Point>
</Placemark>
<Placemark>
  <name>Renoster Pan</name>
  
  <styleUrl>#style_OTHER</styleUrl>
  <Point><coordinates>31.51144614144135,-25.32301918438892,215</coordinates></Point>
</Placemark>
<Placemark>
  <name>Nwaswitsaka Pan</name>
  
  <styleUrl>#style_OTHER</styleUrl>
  <Point><coordinates>31.5137903872593,-25.03629485043005,0</coordinates></Point>
</Placemark>
<Placemark>
  <name>Mitomeni Pan</name>
  
  <styleUrl>#style_OTHER</styleUrl>
  <Point><coordinates>31.22005146543439,-23.43746741710423,0</coordinates></Point>
</Placemark>
<Placemark>
  <name>Mahubyeni Pan</name>
  
  <styleUrl>#style_OTHER</styleUrl>
  <Point><coordinates>31.21692666674238,-23.54590044602481,0</coordinates></Point>
</Placemark></Folder>
</Document>
</kml>