<?xml version="1.0" encoding="UTF-8"?>
<kml xmlns="http://www.opengis.net/kml/2.2">
<Document>
<name>Mokala National Park</name>
<description>Restructured from source 'My Places.kmz' (folder: Mokala National Park). Boundary from WDPA (World Database on Protected Areas).</description>
<Style id="style_GATES">
  <IconStyle><scale>0.9</scale><Icon><href>../../icons/gate.png</href></Icon></IconStyle>
  <LabelStyle><scale>0.8</scale></LabelStyle>
</Style>
<Style id="style_CAMPS">
  <IconStyle><scale>0.9</scale><Icon><href>../../icons/camp.png</href></Icon></IconStyle>
  <LabelStyle><scale>0.8</scale></LabelStyle>
</Style>
<Style id="style_PICNIC">
  <IconStyle><scale>0.9</scale><Icon><href>../../icons/picnic.png</href></Icon></IconStyle>
  <LabelStyle><scale>0.8</scale></LabelStyle>
</Style>
<Style id="style_POI">
  <IconStyle><scale>0.9</scale><Icon><href>../../icons/poi.png</href></Icon></IconStyle>
  <LabelStyle><scale>0.8</scale></LabelStyle>
</Style>
<Style id="style_WATER_HOLES">
  <IconStyle><scale>0.9</scale><Icon><href>../../icons/waterhole.png</href></Icon></IconStyle>
  <LabelStyle><scale>0.8</scale></LabelStyle>
</Style>
<Style id="style_BIRD_HIDES">
  <IconStyle><scale>0.9</scale><Icon><href>../../icons/birdhide.png</href></Icon></IconStyle>
  <LabelStyle><scale>0.8</scale></LabelStyle>
</Style>
<Style id="style_OTHER">
  <IconStyle><scale>0.9</scale><Icon><href>../../icons/lookout.png</href></Icon></IconStyle>
  <LabelStyle><scale>0.8</scale></LabelStyle>
</Style>
<Style id="style_DAMS">
  <IconStyle><scale>0.9</scale><Icon><href>http://maps.google.com/mapfiles/kml/paddle/blu-circle.png</href></Icon></IconStyle>
  <LabelStyle><scale>0.8</scale></LabelStyle>
</Style>
<Style id="style_WAYPOINTS">
  <IconStyle><scale>0.9</scale><Icon><href>http://maps.google.com/mapfiles/kml/paddle/wht-blank.png</href></Icon></IconStyle>
  <LabelStyle><scale>0.8</scale></LabelStyle>
</Style>
<Style id="style_MAIN_ROADS">
  <LineStyle><color>ff0055ff</color><width>4</width></LineStyle>
</Style>
<Style id="style_BOUNDARY">
  <LineStyle><color>ff29610d</color><width>3</width></LineStyle>
  <PolyStyle><color>4029610d</color></PolyStyle>
</Style><Folder><name>Boundary</name><Placemark><name>Mokala National Park Boundary</name><description>Source: WDPA (World Database on Protected Areas), record name "Mokala National Park". 1 section(s), 0 excluded enclave(s)/hole(s).</description><styleUrl>#style_BOUNDARY</styleUrl><Polygon><outerBoundaryIs><LinearRing><coordinates>24.491167660759004,-28.99878275182249,0 24.491404767016434,-28.998986158684204,0 24.49174693567261,-28.999257110926862,0 24.492062437631432,-28.999482550279424,0 24.49243064256018,-28.999753202148497,0 24.492662613688708,-29.000458377651967,0 24.492966473024353,-29.00110318616305,0 24.49341911080336,-29.001843618687985,0 24.493465449271127,-29.00252361677144,0 24.493585491677152,-29.003202809961692,0 24.494039512613483,-29.00404044840792,0 24.494198679125816,-29.004881245273225,0 24.49436010293647,-29.00588406130032,0 24.494557487038435,-29.006821665687255,0 24.495046570742716,-29.00752928914534,0 24.49571859183959,-29.008137726374912,0 24.496464771931755,-29.008777767579886,0 24.4973660958687,-29.009967008570527,0 24.498226962004765,-29.01089744176346,0 24.499160200183155,-29.011729880329653,0 24.49979454508224,-29.01224152532609,0 24.500760107592953,-29.01274955055129,0 24.501542767784542,-29.013356768300184,0 24.502140226989923,-29.0139011630082,0 24.50310582637286,-29.014409180139523,0 24.504407254191506,-29.015205179975055,0 24.50516054702166,-29.015610479240195,0 24.505707363604017,-29.01590398468113,0 24.507118040165494,-29.01660154742342,0 24.50867343922789,-29.017103114616987,0 24.509564013568422,-29.01751469115004,0 24.510341723891486,-29.01776545900867,0 24.51096972857016,-29.017855831881093,0 24.511779741641817,-29.017782277230253,0 24.512334469560187,-29.01790576403971,0 24.51281823017723,-29.01822454402742,0 24.51297116258911,-29.01861172555067,0 24.512794935038244,-29.019180720313955,0 24.512510111652375,-29.019896723654824,0 24.512371811210187,-29.020546321955123,0 24.51245871269947,-29.021485099058054,0 24.51258027406044,-29.022261470290573,0 24.51274098021213,-29.02319944789616,0 24.512794301016243,-29.0243654198282,0 24.512961881585625,-29.025789372181748,0 24.513130375866183,-29.027278143171714,0 24.51329201191686,-29.028280913333447,0 24.513410615407622,-29.02884668222856,0 24.51334700905727,-29.02956027358772,0 24.513177794419732,-29.03063146507003,0 24.512821492018304,-29.031510257392426,0 24.51246107701712,-29.032097461628496,0 24.5119149403223,-29.032589472626,0 24.511373391069185,-29.033405482377077,0 24.510645209109157,-29.03406150183679,0 24.509845579609873,-29.03488030398279,0 24.50911738775727,-29.035536306355425,0 24.50849658484958,-29.0359643054083,0 24.507729206837496,-29.03645871040112,0 24.506959120067393,-29.036758713443817,0 24.50634241177295,-29.037478296985796,0 24.505687441822033,-29.038101081999287,0 24.504667446945177,-29.038987052710297,0 24.504123298651336,-29.03962482942228,0 24.50368953314546,-29.040245206950715,0 24.50325618582434,-29.040897979857846,0 24.50304271195165,-29.04145116903618,0 24.502718626863214,-29.042005548916904,0 24.502211099862393,-29.042626714251412,0 24.501887897008885,-29.043245884889643,0 24.501307971885467,-29.04396505384409,0 24.501170498819533,-29.04467942131822,0 24.501328787593536,-29.045455402244954,0 24.501600950323677,-29.046456981704296,0 24.50224363643474,-29.047584164077875,0 24.50284536562117,-29.04842013877834,0 24.502876974093112,-29.048450972934006,0 24.503667900852975,-29.04922133669527,0 24.50456145824478,-29.049827332265522,0 24.505378538189063,-29.050239708295862,0 24.505768653300777,-29.050446112597967,0 24.5062147611024,-29.05070050472449,0 24.506805605794113,-29.050758893208297,0 24.50720412057376,-29.050785912439835,0 24.50620055001542,-29.052589212322232,0 24.499835619818043,-29.06394023935053,0 24.493190947404344,-29.074877862423364,0 24.485306973238266,-29.07425873944925,0 24.471735342012494,-29.083629583438494,0 24.417279102448674,-29.11443661465802,0 24.417349436627262,-29.11764132898412,0 24.427895367177484,-29.13542982013007,0 24.40623135199536,-29.13912049391564,0 24.394052612338214,-29.157538631902298,0 24.385711862612425,-29.17014779608388,0 24.384084862226644,-29.18635034898938,0 24.358457681376933,-29.190233965125344,0 24.34638344114296,-29.191994094851566,0 24.346237869682,-29.192015864740313,0 24.373219430432414,-29.21115565381035,0 24.369609528357103,-29.21693266570992,0 24.357155284089117,-29.21563950086221,0 24.356159158118714,-29.215347457718963,0 24.35376105472892,-29.21400437420249,0 24.350729312407907,-29.21178450744901,0 24.34974389556436,-29.211580522323175,0 24.327093268339695,-29.212950357972602,0 24.31443927924937,-29.227615092662347,0 24.308004285569382,-29.218844795251073,0 24.30161101773433,-29.210129598402204,0 24.298958659814332,-29.206900436905585,0 24.29708142486794,-29.204614811724127,0 24.285545111417832,-29.219498174301236,0 24.286054734738286,-29.22029308955439,0 24.251256247877564,-29.24325694435248,0 24.236089898330192,-29.253733556958025,0 24.294266729426056,-29.201276134386035,0 24.27715307335569,-29.180970740307373,0 24.271441683187163,-29.192152231640137,0 24.247478293988138,-29.211079617030634,0 24.224737039382887,-29.19194781214179,0 24.22309223242064,-29.195653858039066,0 24.22310785814119,-29.195340536036838,0 24.22598688298831,-29.17495848734427,0 24.22609015663545,-29.173894795308513,0 24.227095038405366,-29.155636883235502,0 24.225196971563037,-29.155200971947238,0 24.22705349782069,-29.148988937289573,0 24.230239402826214,-29.12796538329576,0 24.236677481180834,-29.12794472856632,0 24.229192492139873,-29.113743775155058,0 24.245164498442875,-29.10531093395241,0 24.239517072554918,-29.10555645066961,0 24.233469885426928,-29.105819022130106,0 24.23685036864964,-29.099956360597503,0 24.236978485169004,-29.099312661849808,0 24.237215115685103,-29.0980920048421,0 24.240490577877893,-29.089343646392138,0 24.240698766434946,-29.087496614277256,0 24.240402736597048,-29.086211314000877,0 24.23984182224234,-29.084815439380975,0 24.280124061076606,-29.095883311265766,0 24.31594131883685,-29.131909089432895,0 24.362234828574515,-29.092399099338934,0 24.331242955198263,-29.040378041313488,0 24.33898335979427,-29.03432135734471,0 24.350246968223075,-29.02550380685517,0 24.385365102917206,-28.99811466436023,0 24.39214243972185,-29.066848409426484,0 24.393242146907596,-29.080429934094127,0 24.416092592699044,-29.060845844859784,0 24.43829074761993,-29.046221635420068,0 24.4679124498997,-29.011095337579718,0 24.477398459271512,-28.998816711122288,0 24.47752181298131,-28.998837236349345,0 24.47830261067702,-28.998828955391957,0 24.478978051895638,-28.998730237710276,0 24.479504154393283,-28.99865597439367,0 24.480568405807333,-28.99843865322123,0 24.482124945210103,-28.998055867584185,0 24.48391508441364,-28.997624824326124,0 24.48474603280323,-28.997478605353308,0 24.485161196731895,-28.997382638697786,0 24.485733133177632,-28.997330735225205,0 24.486175274969014,-28.99730311974315,0 24.486722471065264,-28.997342962407743,0 24.487348366833714,-28.99742777836923,0 24.48849702411843,-28.997667189589095,0 24.489018844943814,-28.9977531368977,0 24.489488898993557,-28.997862507049035,0 24.48985454804898,-28.997950129794617,0 24.49027416272247,-28.998174459383733,0 24.490589026162695,-28.998354154720403,0 24.490904512833026,-28.998579613858055,0 24.491167660759004,-28.99878275182249,0</coordinates></LinearRing></outerBoundaryIs></Polygon></Placemark></Folder><Folder><name>Main Roads</name><Placemark>
  <name>Doornlaagte Loop</name>
  
  <styleUrl>#style_MAIN_ROADS</styleUrl>
  <LineString><tessellate>1</tessellate><coordinates>24.38334597346444,-29.12330827338585,0 24.38322349439516,-29.12328112133326,0 24.3830545947033,-29.12321124245692,0 24.38298002876333,-29.12319819754241,0 24.38289913800674,-29.12320304694478,0 24.38282060485151,-29.12321034250447,0 24.38269364531942,-29.12322862177244,0 24.3824753330694,-29.12327460725148,0 24.38228437097988,-29.12333532403266,0 24.38216195204024,-29.12336451738951,0 24.38195203217133,-29.12338217749869,0 24.3818678994767,-29.12340712832841,0 24.38175093067456,-29.12344143346137,0 24.38166487139439,-29.12349787067761,0 24.38160475667747,-29.12354991638821,0 24.38151061593836,-29.12362793629647,0 24.381349323269,-29.12374722382598,0 24.38126385566281,-29.12383313285021,0 24.38118382594268,-29.12389275738939,0 24.3811084403875,-29.12394825748052,0 24.38106424708726,-29.1239714270068,0 24.38099922380125,-29.12397517557337,0 24.38092606258606,-29.12398249287272,0 24.38058840967699,-29.12402892907873,0 24.38048246363973,-29.12404600524478,0 24.38023706493391,-29.1240536794947,0 24.38004108759224,-29.12405755901382,0 24.37988140948108,-29.12409341146169,0 24.37962159330625,-29.12415869000297,0 24.37947730572484,-29.124191949018,0 24.37841238950602,-29.12446921076724,0 24.37813677880943,-29.12455307441783,0 24.37804532205772,-29.12456591728806,0 24.37747018351817,-29.12457623324148,0 24.3771320108678,-29.12456131515882,0 24.37690382302974,-29.12452440642158,0 24.37671524169609,-29.12450758579125,0 24.37618562776616,-29.1244877747753,0 24.37608575048991,-29.12450102025942,0 24.37596963675177,-29.12451610583981,0 24.3759119811341,-29.1245087952626,0 24.37581316872103,-29.12449984641211,0 24.37539848711294,-29.12449929855772,0 24.37526628928961,-29.12451063557025,0 24.3748926410037,-29.12454579358732,0 24.37458187488155,-29.1245825997236,0 24.37409608745916,-29.12464778115442,0 24.37395106359356,-29.12466403311166,0 24.37370119260138,-29.12466410546153,0 24.37283175232777,-29.12469149819341,0 24.37274554777485,-29.12469513998569,0 24.37266599393366,-29.12467719129292,0 24.37253652246393,-29.12459036859519,0 24.37243902905473,-29.1244304180551,0 24.37236578718941,-29.12417320506985,0 24.37240440592976,-29.1239759055869,0 24.37254297737927,-29.12362716815775,0 24.37266865751935,-29.12345615538081,0 24.37277534291673,-29.1231777632005,0 24.37285921451841,-29.12295271571162,0 24.37288815211952,-29.12285784965404,0 24.37286120703802,-29.1227711446563,0 24.37269988135804,-29.12224448716572,0 24.37263564897839,-29.12192932744501,0 24.37259489844562,-29.12172520405602,0 24.37250472491532,-29.12160055964585,0 24.37235758093366,-29.12140272123764,0 24.37219068418586,-29.12112849859502,0 24.37210402059855,-29.12102324100878,0 24.37193299884187,-29.12086835256853,0 24.37184412969561,-29.1207683902796,0 24.37167170799481,-29.12059262129883,0 24.37157997479839,-29.12042588297234,0 24.37153260319713,-29.12028239697188,0 24.37148103226495,-29.12008985876222,0 24.37141127222209,-29.11993923631728,0 24.37126348937185,-29.11961748716914,0 24.37126067093027,-29.11943828100986,0 24.37126358150001,-29.11907118968839,0 24.37128249222538,-29.1188926483202,0 24.37135001685982,-29.11868211477409,0 24.37145278934479,-29.11822799525395,0 24.37155730778689,-29.11793950677424,0 24.37172079729326,-29.11748081194037,0 24.37178876412682,-29.11724649218272,0 24.37185637482119,-29.11690270018577,0 24.37186940224163,-29.11665420520898,0 24.37188559870522,-29.11641416138525,0 24.37187819497691,-29.11623898603025,0 24.37183591076581,-29.11586763784781,0 24.37180215869969,-29.11517668182745,0 24.37180229005606,-29.1149180006467,0 24.37181451155051,-29.11454612913763,0 24.37179763709532,-29.11424872624269,0 24.37179604661457,-29.11387195279008,0 24.37171657833408,-29.11365795786878,0 24.37161733411759,-29.11347708350376,0 24.371554102232,-29.1133523744768,0 24.37143365786321,-29.11307420602157,0 24.37129057848422,-29.11282471296871,0 24.37118797657499,-29.11270973357141,0 24.37085888172676,-29.11256096467811,0 24.37066128361443,-29.11247856538855,0 24.37053304295114,-29.11237480441078,0 24.3704060528031,-29.11220678293953,0 24.37031147115299,-29.11200392357363,0 24.37019350080963,-29.11176168522524,0</coordinates></LineString>
</Placemark>
<Placemark>
  <name>Entrance gate</name>
  
  <styleUrl>#style_MAIN_ROADS</styleUrl>
  <LineString><tessellate>1</tessellate><coordinates>24.32608388143503,-29.21299805715855,0 24.32632419630586,-29.2111890531738,0 24.32651607056691,-29.21061606437855,0 24.3270418896801,-29.20949734113333,0 24.32804496480269,-29.2082908490199,0 24.32889251805277,-29.2075322484101,0 24.32939509979765,-29.20714612783349,0 24.32994935069311,-29.20673064190136,0 24.3302103040864,-29.20657612847662,0 24.33053953536059,-29.20634307813687,0 24.33100964274905,-29.20592703902949,0 24.33138993476134,-29.20562202951836,0 24.33176122031097,-29.20533359886167,0 24.33205535891894,-29.20508329150333,0 24.33231803730688,-29.20470932794621,0 24.33245318213361,-29.20435896833158,0 24.33251825266228,-29.20400177837365,0 24.33261217217694,-29.20344990293635,0 24.33269244140541,-29.2027919700036,0 24.33307199856751,-29.20106623748454,0 24.33358957956009,-29.19851493232639,0 24.3338290687174,-29.19742056197843,0 24.33401575655962,-29.1963534276637,0 24.33430706315873,-29.19520320431395,0 24.33467354743903,-29.19417585648369,0 24.33499915936659,-29.19310610167391,0 24.33527954842538,-29.19198827717206,0 24.33552596770254,-29.19076172925099,0 24.33574031701123,-29.18960717209528,0 24.33590662670494,-29.18830945853908,0 24.33603678045972,-29.18735638806298,0 24.33618538575031,-29.18657674025025,0 24.33635870733136,-29.18585461370781,0 24.33666795886989,-29.18490656743178,0 24.33683044854257,-29.18427461827097,0 24.33703871950706,-29.1834239916264,0 24.33710904502737,-29.18290809314227,0 24.33726102277714,-29.18241661291987,0 24.33751039742514,-29.18195419199395,0 24.33772502345622,-29.18148129224082,0 24.33795970674478,-29.18101517208179,0 24.33815949700436,-29.18070981523022,0 24.33829877620513,-29.18054664785377,0 24.33844122348656,-29.1802591565134,0 24.33859778069877,-29.18003976241369,0 24.33869378124523,-29.17979305197699,0 24.33873397150842,-29.17948150496722,0 24.33877602133484,-29.17926662829819,0 24.33886828390649,-29.17906369494363,0 24.33900823050907,-29.1789567255471,0 24.33916930659638,-29.17890160991387,0 24.33936976654672,-29.1788818514916,0 24.33985946745045,-29.1788436893461,0 24.34002739692785,-29.17878158644625,0 24.3402543758131,-29.17862595701827,0 24.34041961983311,-29.17846491300617,0 24.34063728333545,-29.17826704425742,0 24.34093789283011,-29.17800272820083,0 24.34110838757135,-29.17782457097367,0 24.34125407701907,-29.17762937608173,0 24.34140689540926,-29.17744611867279,0 24.34166377973645,-29.17711702829355,0 24.34220964515597,-29.17639299950156,0 24.34253082556316,-29.17602229991552,0 24.34292123361905,-29.17556041451453,0 24.34332415269257,-29.17514419913339,0 24.34367308803041,-29.17475390997126,0 24.34384936371121,-29.17453233997175,0 24.34395486898319,-29.17427311422349,0 24.3439663197803,-29.17406389434575,0 24.34390924681121,-29.17366518579901,0 24.34381643498981,-29.17319351004086,0 24.34365703085808,-29.17238902433864,0 24.34360080043154,-29.17203939096073,0 24.34354809438266,-29.17174270972188,0 24.34344753109563,-29.1714540979682,0 24.34338314704216,-29.17119553941968,0 24.34337121825232,-29.17101996394926,0 24.34347270612557,-29.17089665813894,0 24.34359855003426,-29.17078356486232,0 24.34371330395732,-29.17069993103088,0 24.34511080482913,-29.16985747772655,0 24.34543845275482,-29.16965328085729,0 24.34571966806396,-29.16940431044651,0 24.34602460336611,-29.16912269745195,0 24.34634064249993,-29.16876533307175,0 24.34646441061561,-29.16856400596219,0 24.346529334445,-29.1682426824819,0 24.3466487568,-29.16809083478634,0 24.34678079578331,-29.16801771252152,0 24.34733890132509,-29.16799291634256,0 24.34748626696794,-29.16795103838578,0 24.34804261399341,-29.16776563769601,0 24.34819054264158,-29.16770184443766,0 24.34835295488156,-29.16758252620959,0 24.34841760148121,-29.16750122675357,0 24.34847057387319,-29.16744917789714,0 24.34856128654172,-29.1674058354705,0 24.34867503728906,-29.1673625611915,0 24.34874764930826,-29.16727886101481,0 24.34882128178701,-29.16716265168218,0 24.34889492100871,-29.16706007118448,0 24.34897125615862,-29.166987913599,0 24.34897426795007,-29.16698200100246,0 24.34907476119306,-29.16693635592064,0 24.3492346341606,-29.16688971415908,0 24.34954788284133,-29.16682074641028,0 24.34976272738931,-29.16674993535431,0 24.34997816956479,-29.16660293615586,0 24.35013611422884,-29.16643870879215,0 24.35033547992527,-29.16621232417643,0 24.35049499102176,-29.16599148631424,0 24.35054863379488,-29.1658095218449,0 24.35060466675352,-29.16557470396281,0 24.35068050069333,-29.16547827532454,0 24.35068691049316,-29.1654696478813,0 24.35085113203344,-29.16535740718983,0 24.35096453560324,-29.16525612043092,0 24.35105028437078,-29.16511053118202,0 24.35135001750298,-29.16464805407669,0 24.35152298408725,-29.16451388295476,0 24.35168345838239,-29.1643980588077,0 24.35176982446493,-29.16425823504705,0 24.3518491724236,-29.16411876663059,0 24.35202327218704,-29.16397725361939,0 24.35216627620799,-29.1638464094788,0 24.35224475465259,-29.16366635307149,0 24.35232039178938,-29.16340941835658,0 24.35240404735158,-29.16325883686502,0 24.35248160233326,-29.16300922889053,0 24.35249693914552,-29.16280018822138,0 24.35256612827222,-29.16255545861905,0 24.35251470313028,-29.16233906556681,0 24.35243972262581,-29.16200437238832,0 24.352407485085,-29.16166949577444,0 24.35238616795654,-29.16128422178098,0 24.35237010037069,-29.16101078467818,0 24.35237428760291,-29.16092627793601,0 24.35246827739616,-29.16084182959241,0 24.35258404544023,-29.16073323371816,0 24.35275266149523,-29.16063935143902,0 24.35287103982455,-29.16058034316269,0 24.35307657350566,-29.16051030803844,0 24.35329736010917,-29.16038908092685,0 24.35343731334593,-29.16029345234913,0 24.35406861347838,-29.16000820203247,0 24.35446261011895,-29.1598149711419,0 24.35463722536628,-29.1597543437655,0 24.35492748371796,-29.15971883180681,0 24.35509304765872,-29.15970984795452,0 24.3552347949335,-29.1597421778109,0 24.35537052070476,-29.15974661076314,0 24.35545234579714,-29.159701695651,0 24.35581930484641,-29.15906971782846,0 24.35591444911452,-29.15895731619814,0 24.35609881851926,-29.15885826738401,0 24.35629951183562,-29.15879093482169,0 24.35649229799312,-29.15870949862529,0 24.35662518666341,-29.15863200718242,0 24.35686528905172,-29.1585526076154,0 24.35698586230266,-29.15849924410753,0 24.35713607487173,-29.15849727062432,0 24.3574236274705,-29.15853845203946,0 24.35771611515851,-29.1586098376068,0 24.35807454477819,-29.15863928323883,0 24.35822695995367,-29.15861201789269,0 24.35833419292607,-29.15849846888008,0 24.35869064913283,-29.15802194136366,0 24.35889179631182,-29.15785160229749,0 24.35900865329431,-29.15769762842291,0 24.35897942577734,-29.15756591407779,0 24.35883960984351,-29.15746777232025,0 24.35858186489565,-29.15737011726733,0 24.35835334410514,-29.15720417181339,0 24.3578607852944,-29.15678270519203,0 24.35775686680434,-29.15667646178459,0 24.35771267923876,-29.15655217090539,0 24.35764933975538,-29.15640374806134,0</coordinates></LineString>
</Placemark>
<Placemark>
  <name>Haak and Streek Camp</name>
  
  <styleUrl>#style_MAIN_ROADS</styleUrl>
  <LineString><tessellate>1</tessellate><coordinates>24.31196026093203,-29.1539803559373,0 24.31180121483821,-29.15382290300153,0 24.31167913605692,-29.1537228121737,0 24.31152608985438,-29.15364146949726,0 24.31135658046271,-29.15352461593508,0 24.31124687624442,-29.15341326065479,0 24.31109080845885,-29.15321122710261,0 24.31100365763341,-29.15304777144756,0 24.31087079038331,-29.15282076956238,0 24.31070362915953,-29.15264127401027,0 24.31062882030414,-29.15256849712948,0 24.31051124986101,-29.1524647714227,0 24.31042651461523,-29.15245780269771,0 24.310299839593,-29.15249814953881,0 24.31020343929855,-29.15254169198299,0 24.31001105552137,-29.15255556126008,0 24.30984904690159,-29.15258738578224,0 24.30969068490827,-29.15258097179949,0 24.30954793491574,-29.15256204833548,0 24.30943255141609,-29.15251948576636,0 24.30935299680849,-29.15245341658734,0 24.30933303578111,-29.1523357287093,0 24.30935791585723,-29.15218086056086,0 24.30935132884196,-29.1520642732154,0 24.30930891896153,-29.1518826662014,0</coordinates></LineString>
</Placemark>
<Placemark>
  <name>Kameeldoring Road</name>
  
  <styleUrl>#style_MAIN_ROADS</styleUrl>
  <LineString><tessellate>1</tessellate><coordinates>24.40935108160269,-29.10365725615785,0 24.40936993989961,-29.10353578599889,0 24.40933955832198,-29.10344467083943,0 24.4092006185906,-29.10334598141193,0 24.40906595393559,-29.10330848700393,0 24.40889105203541,-29.10328549854605,0 24.40823188635716,-29.10315605715641,0 24.40761291211319,-29.10302560306782,0 24.40748612911741,-29.10300107577408,0 24.40736981246094,-29.10295944105636,0 24.4072529655333,-29.10290335120379,0 24.40715207866023,-29.1028529692118,0 24.40686694074155,-29.1025241000216,0 24.40666836823329,-29.10233653908215,0 24.40657553826492,-29.10228602377664,0 24.40643467257539,-29.10223110920976,0 24.4062285365073,-29.10215704365945,0 24.4060648080317,-29.10209199176343,0 24.40589406168765,-29.10201268756719,0 24.40566966769872,-29.10190183834261,0 24.40555139791307,-29.10183664948412,0 24.40543743922573,-29.10177667509759,0 24.40533893144802,-29.10168341308466,0 24.40525332134207,-29.10160088402311,0 24.40517039164539,-29.10155100616813,0 24.40506123948843,-29.10150389730296,0 24.40494454462232,-29.10143920882245,0 24.40483633215096,-29.10136939662367,0 24.40473032556177,-29.10132408361373,0 24.40458051061356,-29.10126709756928,0 24.40448559337955,-29.10121919113401,0 24.40441216343509,-29.1011807950476,0 24.40436193715377,-29.10110943018278,0 24.40424784983492,-29.10090798865356,0 24.40423154874003,-29.10085778027728,0 24.40420654574195,-29.10075360383548,0 24.40420754965488,-29.10066096984879,0 24.40419913586216,-29.10058513128099,0 24.40413168844531,-29.10050677703701,0 24.40391771969056,-29.1003189226801,0 24.40373486251632,-29.10014113714616,0 24.40357252727658,-29.10002579941464,0 24.40345247580056,-29.09994971051707,0 24.4033575787586,-29.09989888367934,0 24.4032742945934,-29.0998804480396,0 24.40316693952077,-29.09982610001289,0 24.40304919733116,-29.09974128522162,0 24.40267224699838,-29.09942682908651,0 24.40256599896377,-29.09936572491636,0 24.40247251679862,-29.09930732545231,0 24.40239759513737,-29.09923258509263,0 24.40234722844846,-29.09913049018973,0 24.40229262142672,-29.09900717143105,0 24.40225708928403,-29.09893658921072,0 24.40219689404778,-29.0988403291116,0 24.40215680522502,-29.09876446198037,0 24.40214139917596,-29.09869397864595,0 24.40213245151375,-29.09859337857779,0 24.40210196491574,-29.09852161305999,0 24.40204292997952,-29.09845021126898,0 24.40198095290147,-29.09839972663593,0 24.40192082350652,-29.09835510224242,0 24.4018917181803,-29.09829296945994,0 24.40188119568366,-29.09822552330287,0 24.40189687616816,-29.09816624823221,0 24.40193567336148,-29.09810435610706,0 24.40210528934044,-29.09795705432778,0</coordinates></LineString>
</Placemark>
<Placemark>
  <name>Lookout</name>
  
  <styleUrl>#style_MAIN_ROADS</styleUrl>
  <LineString><tessellate>1</tessellate><coordinates>24.49013375776146,-29.04116337893598,0 24.49045935575432,-29.04123690146481,0 24.49092936701607,-29.04126447367814,0 24.49122917799448,-29.04128047605369,0 24.49138161761832,-29.04122896256855,0 24.49464245908291,-29.03874208105721,0 24.4947775990344,-29.03863710739094,0 24.4949419544428,-29.03859769071122,0 24.49505673408086,-29.03864726459841,0 24.49715287495593,-29.0393079646492,0 24.49799031127256,-29.03959145684962,0 24.49842750503597,-29.03976825198049,0</coordinates></LineString>
</Placemark>
<Placemark>
  <name>Main 1</name>
  
  <styleUrl>#style_MAIN_ROADS</styleUrl>
  <LineString><tessellate>1</tessellate><coordinates>24.3159176967405,-29.15215664112202,0 24.31606837829687,-29.15219365699169,0 24.31629761634847,-29.15227047943626,0 24.31641367789782,-29.15232463770276,0 24.31658641307143,-29.15243830501299,0 24.31673142413023,-29.15249117120483,0 24.31697424919151,-29.15252958113576,0 24.3172437280452,-29.15256027271045,0 24.31748903447975,-29.15257062675524,0 24.31772154308769,-29.15262237409651,0 24.31813554201645,-29.15271825457566,0 24.31854463073679,-29.15277245924954,0 24.31889107368182,-29.15289978778072,0 24.31916557810148,-29.15297659619719,0 24.32049587754502,-29.1530668663918,0 24.32078878374345,-29.15311926843734,0 24.32100026037292,-29.15317590010136,0 24.32126800562569,-29.15329346130408,0 24.32169841545441,-29.1534223101218,0 24.32300431405455,-29.15365043372657,0 24.32325539039503,-29.15373146240756,0 24.32348657292416,-29.15373148533162,0 24.323635504897,-29.15377376108939,0 24.32380094135615,-29.15378130315079,0 24.3241753189687,-29.15370856669927,0 24.3243727757039,-29.15368080783491,0 24.32469395678112,-29.15365328639511,0 24.32528377108376,-29.15356567810377,0 24.32544914163809,-29.15359122685794,0 24.32563928298262,-29.15366977848791,0 24.32602239972137,-29.1539608436774,0 24.32624440089494,-29.15403123285117,0 24.32651595771766,-29.15406846124563,0 24.32681534399328,-29.15409062557012,0 24.3270823862013,-29.1540771705281,0 24.32731404421767,-29.15404979634163,0 24.32750392993338,-29.15400050217812,0 24.32768523488771,-29.15398264486782,0 24.32790962235132,-29.15401869745359,0 24.32813363396422,-29.15406602996033,0 24.32849667740729,-29.15407508990848,0 24.32892956045031,-29.15409496082508,0 24.32924458669783,-29.15406158551437,0 24.32955550622633,-29.15408521574681,0 24.32967838543795,-29.15416471727286,0 24.32975933104126,-29.15427395013432,0 24.32986452811269,-29.15434111053477,0 24.33007332644583,-29.1543862912772,0 24.33022927024209,-29.15444034637093,0 24.33038048994279,-29.15458680008671,0 24.33051876439084,-29.15470689013048,0 24.33056958781835,-29.15481261709079,0 24.33058236830028,-29.15496877128376,0 24.33068118477866,-29.15507334604973,0 24.33079075800018,-29.15516591802671,0 24.33092777573995,-29.15526035634481,0 24.33188511682596,-29.15579169791513,0 24.33202944375574,-29.15589581842065,0 24.3320947210474,-29.15597786979573,0 24.33278670538989,-29.15630158834243,0 24.33319468273081,-29.15645433318348,0 24.33346706105167,-29.15659359008527,0 24.33360897003436,-29.15667592743449,0 24.3338014173273,-29.15674758020731,0 24.33392764077827,-29.15688045442208,0 24.33410688066179,-29.15701969895145,0 24.33440085716093,-29.15715829799202,0 24.33467226211302,-29.15727848569904,0 24.3349733793144,-29.15733282867777,0 24.33521144707634,-29.15742926567859,0 24.33554534322251,-29.15762287159041,0 24.33584022990055,-29.15769284840301,0 24.33607423463943,-29.15777380641382,0 24.33637013608568,-29.15787205282223,0 24.33660862135491,-29.15788668398011,0 24.33689531500417,-29.1579792419804,0 24.33713965006376,-29.1580396502781,0 24.33759732628054,-29.15803879456578,0 24.33786196882592,-29.15801077919725,0 24.33811094267715,-29.15803979585332,0 24.33827914812447,-29.15808350096775,0 24.3386421653808,-29.15805343984313,0 24.33888609835672,-29.15801994468979,0 24.33945247205046,-29.15788089868394,0 24.3401332243742,-29.15773565647924,0 24.34041525646434,-29.15764337793014,0 24.34059199876827,-29.15758847406851,0 24.34079496947258,-29.15759439600204,0 24.34104190418745,-29.15763869296205,0 24.34122613406568,-29.15767709348975,0 24.34134307707888,-29.15766112336887,0 24.34144693365014,-29.15759674515606,0 24.34200018047947,-29.15707161684568,0 24.34234177445846,-29.15669055801729,0 24.34261994128828,-29.15649578205135,0 24.34280771336255,-29.15640790139023,0 24.34300237827326,-29.15624712264556,0 24.34325431819001,-29.15600825507785,0 24.34338303453002,-29.15588456994716,0 24.34351002714208,-29.1558111720477,0 24.34370434215433,-29.15579048199697,0 24.34385155993497,-29.15573904676986,0 24.34392221275834,-29.15556419007513,0 24.34404586791404,-29.15543561568618,0 24.3443226275178,-29.15526589149394,0 24.34445185459501,-29.15517342098341,0 24.34461030976913,-29.15505021568643,0 24.34465058739173,-29.15488623439286,0 24.34472523216603,-29.15473326260472,0 24.34484134528022,-29.15465201902304,0 24.3456882989361,-29.15440049763587,0 24.34589235261378,-29.15438535792067,0 24.34609167052274,-29.15442074077776,0 24.3471910774423,-29.15544441848447,0 24.34734028886949,-29.15569339844166,0 24.34746186621337,-29.15585193288604,0 24.3478629814867,-29.1560051896811,0 24.34806145491871,-29.15618875873525,0 24.34830527503733,-29.15644866714915,0 24.3490962961658,-29.15695928180864,0 24.34943434312731,-29.15727465677657,0 24.34970817866573,-29.15756968124558,0 24.34991961529865,-29.15785903868562,0 24.35011611227984,-29.15809687427204,0 24.35026698721736,-29.15817792899917,0 24.35080526087599,-29.15818237557792,0 24.3511004777136,-29.15813160294968,0 24.35137114524829,-29.15804521332358,0 24.35168718550612,-29.15799428442999,0 24.3522365130781,-29.15790835427751,0 24.35246762599067,-29.15789316164797,0 24.35271825839582,-29.15778026655958,0 24.35374870824721,-29.15717355049307,0 24.35393339680316,-29.15708645872798,0 24.35473833316133,-29.15687853328041,0 24.35523339239543,-29.15668082062422,0 24.35648233389781,-29.15611214873231,0 24.35662677576922,-29.15609550026236,0 24.35673442187321,-29.15612588340218,0 24.35694724968104,-29.15618763289214,0 24.35707624149283,-29.15626002677015,0 24.35725261238856,-29.15636315647457,0 24.35743549761349,-29.15643009240479,0 24.35766134321029,-29.15638355352948,0 24.35855163661605,-29.15609261727477,0 24.35922141265882,-29.155726084555,0 24.35947786305589,-29.15562721879133,0 24.35975128336463,-29.15553366542747,0 24.36015517601483,-29.15543499347578,0 24.36052650156021,-29.1553721199932,0 24.36090551782112,-29.15529852081584,0 24.36165283721915,-29.15514389334303,0 24.36197107157511,-29.15501853707883,0 24.36225846047725,-29.154798925795,0 24.36266172188106,-29.15457971689307,0 24.36297549498198,-29.15440787004315,0 24.36355920580218,-29.15393551472789,0 24.36408961730182,-29.15355348303556,0 24.36435738871099,-29.15340593331127,0 24.36457344861198,-29.15330543505901,0 24.36475199599542,-29.1533211204281,0 24.36491142793073,-29.15341633448995,0 24.36510586972959,-29.15356988936005,0 24.36522809415069,-29.1537182562259,0 24.36544345610636,-29.15387229506378,0 24.36566167512145,-29.15390978105588,0 24.36584709179912,-29.15386643902759,0 24.36597228411787,-29.15379177167371,0 24.36605554964322,-29.15368571098995,0 24.36616416681933,-29.15346893839796,0 24.36622037981039,-29.15327321931168,0 24.36628881527887,-29.15306124954077,0 24.36644916679193,-29.15280094538411,0 24.36666573623399,-29.15251830800954,0 24.36681385780472,-29.152347374315,0 24.36699366615028,-29.15213775732348,0 24.36715281458723,-29.15203107244394,0 24.36736697960453,-29.15194022856196,0 24.36766703402805,-29.15181719559358,0 24.36792617678453,-29.15166670064602,0 24.36819857360635,-29.15150491337624,0 24.36839647897177,-29.15139699544424,0 24.36865062994703,-29.15129398709713,0 24.36889789484067,-29.15119668771976,0 24.36914453167384,-29.15114803551909,0 24.36943584464337,-29.15108802352302,0 24.36970669785575,-29.15107706097116,0 24.37002674112758,-29.1511151444675,0 24.37029811013433,-29.15110887660388,0 24.37055770025458,-29.15107012731751,0 24.37085341241983,-29.1510971984474,0 24.37122109178057,-29.15116460017635,0 24.37150211980121,-29.15119537807665,0 24.37179775694411,-29.15117148307239,0 24.37201967328452,-29.15108796498571,0 24.3722292318439,-29.15093921547654,0 24.37239346752374,-29.15063875671699,0 24.37248443672201,-29.15046165287068,0 24.37250243042732,-29.15026552984904,0 24.37253316248833,-29.15005328323855,0 24.37263275688647,-29.14984651991791,0 24.37264513864582,-29.14963978123456,0 24.37265135479058,-29.14946022608965,0 24.37270187193136,-29.14923130115247,0 24.3727268249505,-29.14903527456263,0 24.37270796583903,-29.14879581990561,0 24.37267045911394,-29.14860957242815,0 24.37265227622427,-29.14840301207852,0 24.37262793319927,-29.14818536224082,0 24.37262154554846,-29.14798384258689,0 24.37267049747178,-29.14782061755055,0 24.3728560947097,-29.14763049412198,0 24.37302541243252,-29.14749380722812,0 24.37322344827954,-29.14734707487032,0 24.37341583312506,-29.14723628829654,0 24.3736062432506,-29.14719366671567,0 24.37387065861408,-29.14716731302205,0 24.37414803333142,-29.14711901165124,0 24.3743642034824,-29.14710288630335,0 24.37453748389886,-29.14710283746629,0 24.37478308994717,-29.14709742489019,0 24.37498787131895,-29.14707488097839,0 24.37522746681502,-29.14702240941423,0 24.37542953453074,-29.14695879438835,0 24.37561854247493,-29.14687931933143,0 24.37590356140543,-29.1467313064541,0 24.37657925690864,-29.1463880640477,0 24.37735340367365,-29.14609291137014,0 24.37768150252812,-29.1459412962686,0 24.37797768901537,-29.1457579849873,0 24.37819860625336,-29.14559357063141,0 24.37842751848564,-29.14550908543305,0 24.37863163424218,-29.14538682526765,0 24.37878403199628,-29.145276467742,0 24.37900194772758,-29.14516514221715,0 24.37929129670692,-29.14505491180983,0 24.37950597128883,-29.14497739945401,0 24.37970867697187,-29.14497075412345,0 24.37992424282903,-29.14504283887542,0 24.38009869514324,-29.14502654947414,0 24.3802967968422,-29.14491591100583,0 24.38050807886637,-29.14481036298053,0 24.38071910486038,-29.14471575728204,0 24.38089338771319,-29.14465920131334,0 24.38117268162835,-29.14460764092161,0 24.38139468432368,-29.14460129115704,0 24.38162492474255,-29.14459985405062,0 24.38183004338224,-29.14459866038987,0 24.38196473396527,-29.14457585463892,0 24.38347471865349,-29.14378946037363,0 24.38371152736178,-29.14366078026967,0 24.38532545753464,-29.14264735146304,0 24.38546004841692,-29.14255212036313,0 24.38553630438518,-29.14245179028464,0 24.38567831483336,-29.14239503302338,0 24.38587850856122,-29.14233240780884,0 24.38616945898559,-29.14220898491321,0 24.38639435191131,-29.14206312540423,0 24.38665849299058,-29.14192815854582,0 24.38683861658908,-29.1418044794821,0 24.38703807009859,-29.14163581057221,0 24.387166443843,-29.14148979272796,0 24.38733929619881,-29.14126545717047,0 24.38746685302008,-29.14107514639664,0 24.38764035002725,-29.14088420295233,0 24.38778846748112,-29.14068739350122,0 24.38803980812739,-29.14046534698976,0 24.38826055659288,-29.14031859512407,0 24.38846789581729,-29.14019983132275,0 24.38861047213213,-29.14009235086323,0 24.38866218995333,-29.14000194893732,0 24.38869444524207,-29.13977033637368,0 24.38864839688296,-29.13884795622596,0 24.38853689239154,-29.13717149021173,0 24.38850771672864,-29.13641554242444,0 24.38848194097762,-29.13622371890081,0 24.38841755345199,-29.13600819733592,0 24.38832702075361,-29.13578675740099,0 24.38824913374281,-29.13561075453399,0 24.38810569086326,-29.13533921716022,0 24.38801539485199,-29.13511603551415,0 24.38793727141643,-29.134945724151,0 24.38783287565632,-29.134754503254,0 24.38768983387146,-29.13442861589704,0 24.38718026208164,-29.13321655794531,0 24.38673211082027,-29.13224511206392,0 24.38666716526494,-29.13209214920815,0 24.38668009168411,-29.13199573201061,0 24.38705643712213,-29.13130011094316,0 24.38716602878755,-29.13103060047852,0 24.38719841935878,-29.13087083291673,0 24.38715918279492,-29.13069418378207,0 24.386996037305,-29.13028437012649,0 24.38690495737077,-29.13012573097546,0 24.38672946869673,-29.12989380152976,0 24.38656167171135,-29.12961490372884,0 24.38650306754792,-29.12948425745991,0 24.38647687239022,-29.12917157780671,0 24.38652179396654,-29.12803714617298,0 24.38653466248331,-29.12769176052641,0 24.3865346103687,-29.12758355007425,0 24.38653454695882,-29.12745821608623,0 24.38648884134713,-29.12732723550566,0 24.38640398809592,-29.12717342058397,0 24.3860775958436,-29.12675169727931,0 24.38569298288865,-29.12621712920712,0 24.38501101920777,-29.12524206064644,0 24.3847121660495,-29.12484433042671,0 24.38447826447448,-29.12450424050395,0 24.38434743441147,-29.12420345759172,0 24.38419665748907,-29.12393588427189,0 24.38386443079737,-29.12365158049229,0 24.38372537388221,-29.12351916886054,0 24.3835866895045,-29.1234325595395,0 24.38339779005974,-29.12335359958231,0 24.38331829829227,-29.12328602457855,0 24.38324679040336,-29.12314747526878,0 24.38316543065334,-29.1229623563674,0 24.38312773668162,-29.12283611369842,0 24.38310469812577,-29.12264703367196,0 24.38310858577687,-29.12252759763337,0 24.38312432432,-29.12234061421687,0 24.3831757621249,-29.12214131487887,0 24.3832332209946,-29.12197730625476,0 24.38326093129859,-29.12182474976979,0 24.38326177868352,-29.121652288103,0 24.38327161321806,-29.12147031038401,0 24.3832575686651,-29.12129356321933,0 24.38319580233243,-29.12112569866191,0 24.38312282557578,-29.12098940675259,0 24.38303335903318,-29.1208753182454,0 24.38296183297175,-29.12071638729401,0 24.38294397641847,-29.12060222864658,0 24.38297190100811,-29.12048491922499,0 24.38310004793057,-29.12008273899108,0 24.38313252540182,-29.11997562381119,0 24.38312070689153,-29.11986589445116,0 24.38308091213142,-29.1197368576913,0 24.38300294726976,-29.11960640148348,0 24.38293898702006,-29.11949197797427,0 24.38291498835996,-29.11937649788314,0 24.38291200871519,-29.11925840041998,0 24.38293290625447,-29.11918302535641,0 24.38296894881702,-29.11911103368878,0 24.38303920176882,-29.11904912759871,0 24.38315416133119,-29.11896543759068,0 24.38321694937311,-29.11892601211558,0 24.3832771672223,-29.11884397880182,0 24.38330188239012,-29.11876629682615,0 24.38331090071712,-29.11864393947728,0 24.38332460534041,-29.1183977475176,0 24.38333560963385,-29.11825108509574,0 24.3833321843435,-29.1181297343248,0 24.38329977841222,-29.11806000697896,0 24.38325116025894,-29.11799713590611,0 24.38321668580642,-29.11794490044743,0 24.38318623508108,-29.11787101000331,0 24.38319233172078,-29.11778321598262,0 24.38319431389018,-29.11767639654655,0 24.38319218752262,-29.11755814904067,0 24.38318188768922,-29.11748648816953,0 24.38308323832288,-29.11715687329281,0 24.38301435505791,-29.11697976528761,0 24.38294613571424,-29.11679419755089,0 24.38289051161163,-29.11665018472468,0 24.3828312431422,-29.11653616504799,0 24.38273828517795,-29.11645492591493,0 24.38264865173794,-29.11637124135283,0 24.38253825719949,-29.11629268510762,0 24.38240492569046,-29.1161117325071,0 24.38215248594155,-29.11568862046687,0 24.38205296639187,-29.11552810015607,0 24.38196053301348,-29.11541217172556,0 24.38185610163741,-29.11531071671669,0 24.38176607652535,-29.11521987272256,0 24.38168628002218,-29.11512344569847,0 24.38162485579634,-29.11502516725908,0 24.38154081743329,-29.1148948654169,0 24.38153667530709,-29.11480364825055,0 24.38148337303229,-29.11471060851855,0 24.38140553619564,-29.11465522011055,0 24.38136391225956,-29.11457225871893,0 24.38124707847905,-29.11428512323941,0 24.38115031130137,-29.11402195643904,0 24.38111734506704,-29.11392814299268,0 24.38106367738839,-29.1138685739309,0 24.3810037719086,-29.11381258863952,0 24.38092461783866,-29.11377132263453,0 24.38085439422108,-29.11369378890459,0 24.38071414591979,-29.11348543672082,0 24.38067277356121,-29.11342161725801,0 24.38061348586256,-29.11332327033736,0 24.38057826290253,-29.11325027293005,0 24.38057624535116,-29.11319902701658,0 24.38060971114604,-29.1130999905771,0 24.38065133939685,-29.11303633117649,0 24.38067093347502,-29.11291822061316,0 24.38066672134598,-29.11283807924438,0 24.38064167789378,-29.11274869604664,0 24.38059576779051,-29.11266820717482,0 24.38056938546944,-29.11258957645212,0 24.38050058308385,-29.11242719665671,0 24.38043812138276,-29.11227134017272,0 24.38040261351759,-29.11214596459434,0 24.38039215329868,-29.11202770960901,0 24.38038572166713,-29.11191886240264,0 24.38043814406715,-29.11180147679202,0 24.38049897010908,-29.11170059730277,0 24.38055361865611,-29.11160675672499,0 24.38084182781093,-29.11108792348442,0 24.38109879653944,-29.11063513102652,0 24.38116472039856,-29.11046312620672,0 24.38115248486099,-29.11034607718134,0 24.3811060987189,-29.11024747982588,0 24.38096017227308,-29.10996125958015,0 24.38086232585971,-29.10982019119784,0 24.38076237609778,-29.10971440229391,0 24.38064117218951,-29.10960490969522,0 24.37998020833476,-29.10901868341179,0 24.3798161268216,-29.10890245945821,0 24.37969636972185,-29.10881929332321,0 24.3796157556141,-29.10876701326504,0 24.37952213604678,-29.10868643617423,0 24.37945388373443,-29.10857927698665,0 24.37939187913396,-29.1084151916453,0 24.37937480639982,-29.10826398434155,0 24.37940967995184,-29.10814477506549,0 24.37964972646383,-29.10772250820254,0 24.37967308248723,-29.10763837360335,0 24.37965587363634,-29.10752680626764,0 24.37961354474275,-29.10715381247507,0 24.37957925958513,-29.10703566025186,0 24.37953446716622,-29.10693759841485,0 24.37950542963463,-29.10689142019639,0 24.37950204907032,-29.10686804665695,0 24.37950350594853,-29.10683579562536,0 24.37951335558566,-29.10681417035181,0</coordinates></LineString>
</Placemark>
<Placemark>
  <name>Main 2</name>
  
  <styleUrl>#style_MAIN_ROADS</styleUrl>
  <LineString><tessellate>1</tessellate><coordinates>24.37951335558566,-29.10681417035181,0 24.37960007974883,-29.10676031032163,0 24.37967275762585,-29.10672276270982,0 24.37971967395951,-29.10666623879076,0 24.37976056754442,-29.10661209155857,0 24.37979755568911,-29.10654618180794,0 24.37983847565433,-29.10648204552131,0 24.37988568336731,-29.1064190703715,0 24.37995756294907,-29.10633368942748,0 24.38007449586566,-29.10620443980248,0 24.38027045244812,-29.10598397170222,0 24.38036619800411,-29.10588029216999,0 24.38044501354146,-29.10576371290284,0 24.38053804811511,-29.10564164932657,0 24.38064217026967,-29.1055006903519,0 24.38070736486031,-29.10541060345829,0 24.38076715661714,-29.10536242001772,0 24.38088615471789,-29.10530053564646,0 24.38101107633089,-29.10523762439415,0 24.38123998545798,-29.10513585504426,0 24.38138802571217,-29.10508281662522,0 24.38152243349298,-29.10502843059363,0 24.38162283465221,-29.10497218532734,0 24.38174027146986,-29.10489561975936,0 24.38183206977026,-29.10481586442493,0 24.38193497839106,-29.10472226189541,0 24.38204977115212,-29.1046322508478,0 24.38215042303087,-29.1045871697376,0 24.38223397317721,-29.10455337635755,0 24.38246572650918,-29.10447161615172,0 24.38256181323661,-29.10442265760272,0 24.38267059031314,-29.10435201605977,0 24.3827258871577,-29.10431090391006,0 24.38286161555582,-29.10422660247141,0 24.38299376047635,-29.10416337325504,0 24.38318073248652,-29.10406329280873,0 24.38336000386417,-29.10396934689113,0 24.38346715804477,-29.10388839118796,0 24.3835778635231,-29.10381935067406,0 24.38373769409815,-29.10370236773907,0 24.3838409163209,-29.10364315661168,0 24.38395642249371,-29.10360117724473,0 24.38406920468819,-29.10356690244351,0 24.38419757329598,-29.1035556633432,0 24.38473627428439,-29.10350600623371,0 24.38497167195011,-29.10348551492853,0 24.38511989936342,-29.10344285474773,0 24.38526246364802,-29.10339328391605,0 24.38575008475855,-29.10323306363921,0 24.38600366747253,-29.10316313244706,0 24.3862896733224,-29.10308422691861,0 24.38649362248903,-29.10303316888665,0 24.38665771435768,-29.10301241819305,0 24.3867934647663,-29.10299344198728,0 24.38687915109365,-29.10297937056489,0 24.38735977626989,-29.10277327882913,0 24.38775658674791,-29.10261076950926,0 24.38790673802296,-29.10251814609315,0 24.38809293480931,-29.10241438904593,0 24.38835906575297,-29.10226971467719,0 24.38868074768476,-29.10208737678735,0 24.38898225196626,-29.10192209251823,0 24.38905588735787,-29.10186350178296,0 24.38912954569222,-29.10177306643268,0 24.3891929252045,-29.10164856986048,0 24.38927386406381,-29.10141451284571,0 24.38943179698667,-29.1010438643874,0 24.38951275809903,-29.10084724203004,0 24.38963239655555,-29.10051255451493,0 24.38974675736635,-29.10029729764805,0 24.38985417385891,-29.100042452208,0 24.38991365910674,-29.09986112042115,0 24.38991530857948,-29.09985852837795,0 24.39001755097123,-29.09960432657748,0 24.39011146028593,-29.09937646360841,0 24.39019531724127,-29.09914402295471,0 24.39031769126017,-29.09878397485344,0 24.39037745721634,-29.09858362406877,0 24.39044086123153,-29.0982727855756,0 24.39049963057748,-29.09801921025172,0 24.39053541385431,-29.09780844679182,0 24.3905677172054,-29.09760734650979,0 24.390613707916,-29.09744260246493,0 24.39065799534346,-29.09734977287775,0 24.39073114929282,-29.09727265841851,0 24.3908101759786,-29.09721831361883,0 24.39090128821383,-29.09717239469586,0 24.39100491104523,-29.09714152054424,0 24.39109945800749,-29.09712694709071,0 24.3912007445477,-29.097137059161,0 24.39136453014165,-29.09717937865202,0 24.39151544139123,-29.09721309148406,0 24.39161764321501,-29.09722746301812,0 24.39174711747884,-29.09720464643881,0 24.3918530741246,-29.09717964883991,0 24.39194996335803,-29.09715321041418,0 24.39204917474954,-29.09714719017674,0 24.39213596333871,-29.09716934773563,0 24.392232419993,-29.09718914038297,0 24.39234058616697,-29.09720118715621,0 24.39266349705983,-29.09721198921599,0 24.39278387814493,-29.09721066423923,0 24.39286411256327,-29.09719701968805,0 24.39298530748886,-29.09717385741587,0 24.3931302097145,-29.09715690948677,0 24.393258719321,-29.09714347492928,0 24.39337561424964,-29.09714068595251,0 24.39349478619345,-29.09715978720848,0 24.39359787215144,-29.09719747846971,0 24.39369503800224,-29.09723230266028,0 24.39378835436348,-29.09726019851359,0 24.39386585953658,-29.09727508565586,0 24.39477218359229,-29.0973345015172,0 24.39487533979331,-29.0973364878965,0 24.39497648109856,-29.09731005823456,0 24.39530403409103,-29.09719446614705,0 24.39537812928653,-29.09717540539737,0 24.3954647030948,-29.0971621354903,0 24.39555818944357,-29.09717622912462,0 24.3956109208416,-29.09719302372551,0 24.39566502972747,-29.09721670896796,0 24.39572064877058,-29.09724458610266,0 24.39583925962048,-29.09727206981933,0 24.39597004681896,-29.09729037886477,0 24.39613272699623,-29.09730572910976,0 24.39626814230981,-29.09730780144522,0 24.39639363385623,-29.09729441638405,0 24.39660424833002,-29.09727288809798,0 24.39675862573357,-29.09727131196509,0 24.39690387931129,-29.09726254299588,0 24.39700573108984,-29.0972385246716,0 24.39711769486227,-29.09719971949318,0 24.39743290074027,-29.09706471794967,0 24.39752311162985,-29.0970486876798,0 24.39762698200216,-29.0970386871369,0 24.39776030839312,-29.09706001787786,0 24.3978671142823,-29.09709268876819,0 24.39799058867882,-29.09715461275018,0 24.39824776466729,-29.09727552854542,0 24.39838357816795,-29.09731161098768,0 24.39844868718295,-29.09732340303568,0 24.39862953146024,-29.09733370418516,0 24.39885757040974,-29.0973374340218,0 24.39904236340184,-29.09733967964564,0 24.39915895289978,-29.09735323437803,0 24.39924411099285,-29.09739562281185,0 24.39934832907294,-29.09744377334226,0 24.39942872259515,-29.09749361479505,0 24.39955543943891,-29.09755397896676,0 24.39971559632445,-29.09763129658307,0 24.39980911766652,-29.09767241808045,0 24.39989640637054,-29.09774278478085,0 24.39998180198474,-29.09781688841318,0 24.4000609920806,-29.09789736270965,0 24.40015579236513,-29.09796663590638,0 24.40023046552758,-29.09800579945492,0 24.40034601002157,-29.09804802466389,0 24.40043284838315,-29.09807576853249,0 24.40053404796529,-29.09808512701088,0 24.40063847416532,-29.09807943582247,0 24.40074073147312,-29.09804339968737,0 24.40081959337798,-29.09800802954095,0 24.40087888393289,-29.09799373130538,0 24.40099818735291,-29.09797873983107,0 24.40136039465582,-29.09792748540702,0 24.40145522939638,-29.09791321238938,0 24.40159840388027,-29.09792082062633,0 24.40171400289026,-29.09793961382771,0 24.4018178959107,-29.09796204185228,0 24.40192299234548,-29.09798181756264,0 24.40201699351826,-29.09798506008111,0 24.40206230034931,-29.09797723633426,0 24.4021025257746,-29.09795904597345,0 24.40216463292674,-29.09791652627856,0 24.40281504327416,-29.09740390371578,0 24.40352456181287,-29.09681245608419,0 24.40417953834973,-29.09629287099756,0 24.4043272177886,-29.09616747466702,0 24.40485324373333,-29.09579139736755,0 24.40527951345599,-29.0955090714073,0 24.40604771672509,-29.09495674974136,0 24.40872196111636,-29.09309275508678,0 24.40942787900009,-29.09260452281708,0 24.41195307104306,-29.09088619456966,0 24.41255296254573,-29.09046391502868,0 24.41423662951514,-29.08929380739589,0 24.4149424455327,-29.08877001279289,0 24.41533309505739,-29.08849501578876,0 24.41639200382886,-29.08781589543224,0 24.41684824509678,-29.08755109431688,0 24.41706075696333,-29.08739683016624,0 24.41722614372332,-29.08725303905371,0 24.41739348821711,-29.08714198313575,0 24.41818775854175,-29.08648121039522,0 24.41894552944559,-29.08586675673177,0 24.41984609725329,-29.08515446996081,0 24.42044124060742,-29.08469302280816,0 24.42088360951241,-29.08440067927224,0 24.42136493179138,-29.0841104010118,0 24.42220575696958,-29.08357910346848,0 24.42319420610289,-29.08287086119945,0 24.42462308343738,-29.0818529964819,0 24.42532980095409,-29.08135441943279,0 24.42638881977179,-29.08065973298725,0 24.42680067580043,-29.08036774683049,0 24.42719765371639,-29.08014168175283,0 24.42753570182945,-29.07993805199079,0 24.42782755587892,-29.07983186568337,0 24.42817039430165,-29.0797517491934,0 24.42857602357944,-29.07970582541122,0 24.42903601432397,-29.07971411212845,0 24.42953437103113,-29.07970604165812,0 24.43035178379069,-29.07968684482727,0 24.43226229342745,-29.07978526453747,0 24.43370368636931,-29.07980202926313,0 24.43423380253197,-29.07981255483938,0 24.43509337869205,-29.07978216481011,0 24.43638900148919,-29.0798112943606,0 24.43767562612289,-29.07987032501582,0 24.43829222349409,-29.07987427705145,0 24.43997867345871,-29.07984250574569,0 24.440664670744,-29.07985563008952,0 24.44140879383285,-29.07984098532139,0 24.4420763828205,-29.07980543376113,0 24.44279951098665,-29.07977021393309,0 24.44459714620003,-29.07948560524823,0 24.44518244460903,-29.07944726067443,0 24.44597985660151,-29.07947883718649,0 24.44649271595158,-29.07944645009131,0 24.44692430022866,-29.07939954054574,0 24.44769454439622,-29.07924407373538,0 24.44830830304291,-29.07910414851332,0 24.44851476161488,-29.07900949683429,0 24.44872688664968,-29.07889734459637,0 24.44912394331823,-29.07865742476461,0 24.44940993534601,-29.07848988327904,0 24.45003891587523,-29.07811441306982,0 24.45024169890711,-29.07799680151432,0 24.45070525301419,-29.0777820988562,0 24.45098638746365,-29.07767765456087,0 24.4515440802209,-29.07750788941106,0 24.45254302271071,-29.07722798373651,0 24.45308871888546,-29.07714416154159,0 24.45374918108385,-29.0769744580604,0 24.45477236489946,-29.07674846629725,0 24.45509963361873,-29.07665326182119,0 24.45616850410062,-29.07628928391074,0 24.45707916751417,-29.07592412328814,0 24.458016868363,-29.07560189665948,0 24.4592655746393,-29.07516541996023,0 24.46049911820278,-29.07472214111612,0 24.46268636504289,-29.07393613725846,0 24.46358774485895,-29.07359454137176,0 24.46406092316235,-29.07344963586782,0 24.46507678076493,-29.07318559205959,0 24.46550850532499,-29.07309359081962,0 24.46653982485123,-29.07291310264138,0 24.46695737302419,-29.07286398765595,0 24.46726297293794,-29.07284117261326,0 24.46739221766614,-29.07280122339703,0 24.46775337677574,-29.07272520692441,0 24.46877990410356,-29.0725562881953,0 24.47427930428596,-29.07165420763315,0 24.47910129006117,-29.07089769284107,0 24.4803537765194,-29.07067129636625,0 24.48134871698913,-29.07059449774401,0 24.49266280004514,-29.07025810351533,0 24.49409066787674,-29.0702117435592,0 24.49528650915162,-29.07019140445443,0 24.49606514915302,-29.07020248759199,0</coordinates></LineString>
</Placemark>
<Placemark>
  <name>Main 3</name>
  
  <styleUrl>#style_MAIN_ROADS</styleUrl>
  <LineString><tessellate>1</tessellate><coordinates>24.50221199474028,-29.03785368905731,0 24.50196557385639,-29.03792684268373,0 24.50159671382667,-29.03790520344381,0 24.50131577875589,-29.03798290698143,0 24.50093591409426,-29.03800474935764,0 24.50062553603728,-29.0380522627949,0 24.50052210839843,-29.03810830406252,0 24.49932684477377,-29.03934160376006,0 24.49920370510853,-29.03947053500178,0 24.49907572718793,-29.03953936429114,0 24.49891327998324,-29.03962973084995,0 24.49872108487831,-29.03969008218378,0 24.49852084759607,-29.03977439135625,0 24.49842271030132,-29.03979730526146,0 24.49828295818394,-29.03989297226741,0 24.49808629232157,-29.04004829289382,0 24.49799922863771,-29.04015423099358,0 24.4979083359075,-29.04030003244428,0 24.49786676583274,-29.04044268913372,0 24.49693306433163,-29.04397301775289,0 24.49692172341656,-29.04407252745903,0 24.49688756232938,-29.04417537889173,0 24.4968381767423,-29.04431150192572,0 24.49678109214149,-29.04438796930442,0 24.49672039787792,-29.04444443110136,0 24.49659547110621,-29.04453061947642,0 24.4881094452475,-29.05043796528542,0 24.48504136110991,-29.05256811860602,0 24.48000176667966,-29.05611412415525,0 24.47969983053212,-29.05633517729704,0 24.47952578232082,-29.05644533329672,0 24.47936283221079,-29.05652634287242,0 24.4792183908522,-29.0565814411827,0 24.47898464769743,-29.05664306832339,0 24.4773886782643,-29.05707522715415,0 24.47724758792568,-29.05711741850946,0 24.47708783681894,-29.0571855676763,0 24.47694661616823,-29.05725697680382,0 24.47670565574963,-29.05738992852259,0 24.47626196022129,-29.05765783091364,0 24.47594229600134,-29.05783914851374,0 24.47586516072875,-29.05790047415248,0 24.47579559193042,-29.05799077638178,0 24.4747725015956,-29.05967824271073,0 24.47377774229892,-29.06119033929233,0 24.47223453866163,-29.06354909539681,0 24.47170873329571,-29.06437825716006,0 24.47150317936092,-29.06466723147425,0 24.47134915327192,-29.0648759370331,0 24.47121540294057,-29.06504912009637,0 24.47108197580958,-29.06527956023123,0 24.47004001572767,-29.06680132471319,0 24.46917454459988,-29.06809170833151,0 24.46894624738225,-29.06838486639762,0 24.46860984159191,-29.06873436991462,0 24.46839586095544,-29.06901686829037,0 24.4681945029924,-29.06932326727794,0 24.46775081664867,-29.06993851685169,0 24.4676029086564,-29.07017805991714,0 24.46747658514557,-29.07045433595942,0 24.46724957368797,-29.07224052357468,0 24.46718480634161,-29.07229533719694,0 24.46715026205769,-29.07235991875973,0 24.46712612331555,-29.07247346201817,0 24.4671091611255,-29.07261758512917,0 24.46705458722664,-29.07271866325383,0 24.46693847264293,-29.0728680097427,0</coordinates></LineString>
</Placemark>
<Placemark>
  <name>Main 4</name>
  
  <styleUrl>#style_MAIN_ROADS</styleUrl>
  <LineString><tessellate>1</tessellate><coordinates>24.50889758819264,-29.02949213779377,0 24.50637493692482,-29.02984250870255,0 24.50522379281519,-29.03132149805358,0 24.50417019675968,-29.0341624011073,0 24.50406121709116,-29.03443721174103,0 24.5039573022497,-29.03460069075857,0 24.50391198985737,-29.03476877933557,0 24.50385230362934,-29.03497998055496,0 24.50374854901415,-29.03520415039516,0 24.50092605672192,-29.03800044575613,0</coordinates></LineString>
</Placemark>
<Placemark>
  <name>Malopi Loop</name>
  
  <styleUrl>#style_MAIN_ROADS</styleUrl>
  <LineString><tessellate>1</tessellate><coordinates>24.31591514533204,-29.15215253962335,0 24.31602303770441,-29.15182735414325,0 24.31608005768667,-29.15157246017034,0 24.31610756794164,-29.15133447697388,0 24.31600185976435,-29.15109144541986,0 24.3158462475907,-29.15072470261853,0 24.31584863293412,-29.15053183952379,0 24.31586827215102,-29.15030823849537,0 24.31586480504433,-29.15009183803043,0 24.31582747168127,-29.14993317206173,0 24.3157638633204,-29.14975193026424,0 24.31552280260857,-29.14951554876633,0 24.31520847249946,-29.14924983155538,0 24.315020481573,-29.14908255239043,0 24.31477603297845,-29.14894006079556,0 24.31453344112185,-29.14883336451512,0 24.31425590998426,-29.14871746620312,0 24.31408212630773,-29.14845008200142,0 24.31397725062948,-29.1482508429838,0 24.31380537733933,-29.14802418591902,0 24.31363400641304,-29.14790937142525,0 24.31340373386331,-29.1477840082222,0 24.31326318465218,-29.14771337643155,0 24.31315449007244,-29.14760598767943,0 24.31304180441252,-29.1474840819223,0 24.31295425086595,-29.14733968029196,0 24.3129057061515,-29.14719358026557,0 24.3128880556001,-29.14702756431529,0 24.31290113122644,-29.1467528886303,0 24.31300364227275,-29.1465499371013,0 24.31316358289977,-29.14636912093821,0 24.31330109549482,-29.14627702566818,0 24.31335321916444,-29.14621495981752,0 24.31337186924738,-29.14601176887101,0 24.31336714279024,-29.14581954133819,0 24.31338475290425,-29.14565422972214,0 24.31343818165035,-29.14551466920807,0 24.31355463262489,-29.14525046918531,0 24.31359779515904,-29.14511824393894,0 24.31358575577747,-29.14501064032539,0 24.31351178136615,-29.14487897408614,0 24.31342606982975,-29.14472581586341,0 24.31339328423021,-29.14464665469398,0 24.31339361805434,-29.14463309169061,0 24.31341236189574,-29.14449759091423,0 24.31345016375338,-29.1443861503119,0 24.31349234118353,-29.14430807753835,0 24.31369608226318,-29.14410248024963,0 24.31383292892766,-29.14394201294924,0 24.31391454444167,-29.14373498707384,0 24.31394488679743,-29.14357857508554,0 24.31391851914931,-29.14329305464757,0 24.31383099310664,-29.14309579219176,0 24.31373004195897,-29.14293040407504,0 24.31356552464486,-29.14273495067103,0 24.3133419287025,-29.14251608329554,0 24.3131772159959,-29.14232069750205,0 24.31298997840765,-29.14223197542741,0 24.31281371989962,-29.14217431217332,0 24.31268677098372,-29.14214909511176,0 24.31155468191254,-29.14164076104944,0 24.31093521371152,-29.14126340289107,0 24.31088613896691,-29.14114346328213,0 24.31076355720639,-29.14088325293401,0 24.31069367419487,-29.1406248577665,0 24.31060970274228,-29.14046020417742,0 24.31040750650551,-29.14030236027721,0 24.31020641442494,-29.14021812958547,0 24.30987689912607,-29.14007181349567,0 24.30970766132292,-29.13997088361596,0 24.30956699827393,-29.13980591069507,0 24.30940157983678,-29.13961831501425,0 24.30924629596357,-29.13943211803858,0 24.30910031882069,-29.13928008652129,0 24.30889868239681,-29.13921839293617,0 24.30860089493482,-29.13917317972446,0 24.30835840334098,-29.13909276931302,0 24.30813874117348,-29.13900964669947,0 24.30780873949938,-29.13879418714541,0 24.30686257954062,-29.13809559653508,0 24.30657075482514,-29.1378473037221,0 24.30633706814745,-29.13761680930125,0 24.30614280599761,-29.13747968487214,0 24.30522066606116,-29.13695386050222,0 24.30509007381774,-29.13681562770751,0 24.30495496919537,-29.13670117280095,0 24.30476565950059,-29.1366345280267,0 24.3045287292825,-29.13654846964243,0 24.30429914924644,-29.13637696346824,0 24.30408711479057,-29.13626348610508,0 24.3039091130028,-29.13610403771445,0 24.30376632543997,-29.13603874395406,0 24.30355061156099,-29.13601651298578,0 24.30337250172944,-29.13600245770584,0 24.30283987603357,-29.13582730687057,0 24.30259143400648,-29.13574795919703,0 24.30234500771887,-29.13557902410694,0 24.30203566710065,-29.1353709321289,0 24.30176393526907,-29.13527272464844,0 24.30166129225944,-29.13519287015392,0 24.30144270393158,-29.13502047644822,0 24.30126545570369,-29.13483617715965,0 24.30108224496558,-29.13465311813291,0 24.30084938678413,-29.13425786703243,0 24.30047546635647,-29.13362261697041,0 24.3002913283526,-29.13312866443509,0 24.30016612371166,-29.13281807834228,0 24.30014261500563,-29.13259482254758,0 24.29991198099907,-29.13223043947514,0 24.29959672964632,-29.13155210881588,0 24.29944797767433,-29.13130278973845,0 24.29923346471422,-29.13107273962764,0 24.29908850008957,-29.13089323111409,0 24.29866127696663,-29.13047514610882,0 24.29838289250207,-29.13019039897349,0 24.29819671114156,-29.13000893912148,0 24.29804973141486,-29.12993061418179,0 24.29777707541522,-29.12989342766047,0 24.29745204829226,-29.12982215158176,0 24.29711083801161,-29.12972263162905,0 24.29679727088237,-29.12965586670449,0 24.29648764159432,-29.1295478936573,0 24.29626070033741,-29.12944267436802,0 24.296091088252,-29.12932536355356,0 24.29608597515856,-29.12932053896811,0 24.29559596993083,-29.12886295814713,0 24.29543415980419,-29.12874862507998,0 24.29522808197072,-29.1286936754414,0 24.294973569998,-29.1286557327741,0 24.29483011659121,-29.12861701050669,0 24.2947234451137,-29.12857472705224,0 24.29456111782761,-29.12840240801146,0 24.29449546391088,-29.12826403429005,0 24.29436446072306,-29.12816485230638,0 24.29415247614673,-29.12810479872736,0 24.29391656381756,-29.12809749148839,0 24.29378091085648,-29.12813129326013,0 24.29366856499086,-29.12824130287858,0 24.29345645815705,-29.12851075579528,0 24.29328211844914,-29.12877434089154,0 24.29317497554351,-29.12889772603041,0 24.29252907905692,-29.12934216611387,0 24.29239187390686,-29.12946717139888,0 24.29234290337147,-29.12963125724961,0 24.29226407483852,-29.12976600285336,0 24.29214910165911,-29.12989876330983,0 24.29186831585418,-29.13002010842292,0 24.29165240645512,-29.1300980933254,0 24.29138536875299,-29.13013785274524,0 24.29115003760706,-29.13015168658024,0 24.29098202601624,-29.13020414834627,0 24.29082825046483,-29.13033299191613,0 24.29072046855951,-29.13052235734512,0 24.29032405217129,-29.13132159234861,0 24.28999994988195,-29.13205225801393,0 24.28957911862896,-29.13290780729703,0 24.28920382920982,-29.13364376451787,0 24.28907304014648,-29.13382658164254,0 24.2890763539958,-29.13390189739603,0 24.28911695899702,-29.1341420539847,0 24.2890360450734,-29.13440152346046,0 24.28891757883977,-29.1345459528852,0 24.28866644495294,-29.13468679555244,0 24.28852420095501,-29.13486053123506,0 24.28840654488826,-29.13496416374943,0 24.28817544059053,-29.1350274660619,0 24.28786925261886,-29.13509857095532,0 24.2876679297792,-29.13511361224047,0 24.28743454705266,-29.1350821305213,0 24.28714300949472,-29.13492722944895,0 24.28698070910845,-29.13486211136127,0 24.28680252648959,-29.1348488570688,0 24.28658807258004,-29.13482800852444,0 24.28643224403991,-29.13474561897821,0 24.28625473342468,-29.13461957280775,0 24.2861744118205,-29.13451054016485,0 24.28603333498111,-29.13442286671634,0 24.28587373126045,-29.13439134305513,0 24.28569983362583,-29.13439467212254,0 24.28552686992931,-29.13441983816482,0 24.28522566536632,-29.13448630957545,0 24.28487008778462,-29.13457430779665,0 24.28462019721594,-29.13464687059725,0 24.28441593154093,-29.13472123870031,0 24.28424236657853,-29.13479176881626,0 24.28402270844132,-29.13495469848427,0 24.28389377538875,-29.13504340744046,0 24.28372760699233,-29.13511436654061,0 24.28347410422601,-29.13521072143965,0 24.28309288770478,-29.13574621190545,0 24.28275655288243,-29.13617649211464,0 24.28263741110158,-29.13630482667466,0 24.28256238219192,-29.13641034435043,0 24.28246959924711,-29.13654801627768,0 24.28246738975632,-29.13664934066185,0 24.28240929176748,-29.13677064969384,0 24.2819626397352,-29.13787386655548,0 24.281651838339,-29.13846900494563,0 24.28137926694057,-29.13901719298593,0 24.28131820104391,-29.13916728331562,0 24.28123839702374,-29.13944122393574,0 24.28101837945282,-29.14003854123502,0 24.28080782530422,-29.14066103977997,0 24.28043349676877,-29.14147397033069,0 24.28035684028167,-29.14178052778624,0 24.28031616169304,-29.14191779831741,0 24.28031443651612,-29.1420688569223,0 24.28030239972639,-29.14229958020614,0 24.28033190262925,-29.14253971127565,0 24.28032931794648,-29.142652910682,0 24.28037772259921,-29.14278187237184,0 24.28053609533867,-29.14294736665002,0 24.28075786815057,-29.14306852244671,0 24.28171011321485,-29.143478712787,0 24.28292945709056,-29.14396873832342,0 24.28423765381149,-29.14444975479774,0 24.28472482792018,-29.14461775143651,0 24.28519617018532,-29.14478463308345,0 24.2855863575767,-29.14488649466157,0 24.28584482126265,-29.14494950367638,0 24.28636727544339,-29.14515176582283,0 24.28694123033057,-29.14539374754781,0 24.28726344274562,-29.14556273431554,0 24.28745366803073,-29.14575830830745,0 24.28765636916833,-29.14594676009865,0 24.28810268985205,-29.14617187876549,0 24.28838017753662,-29.14632253899359,0 24.28860991144457,-29.14643205930525,0 24.28890759258253,-29.1465341276324,0 24.28906799833116,-29.14669429510908,0 24.28923428504458,-29.14683365887191,0 24.2896078620334,-29.1470326373803,0 24.29020220059374,-29.14734443342307,0 24.29087115365629,-29.147671897631,0 24.29110744557054,-29.14776599891641,0 24.29129751538325,-29.14790858645297,0 24.2914660235667,-29.14809438572757,0 24.29175919942608,-29.1482293313507,0 24.29219222625437,-29.14844007255391,0 24.29240310654817,-29.14854191081581,0 24.29269234893461,-29.1488050118258,0 24.29300314794486,-29.14902853441547,0 24.29319340296967,-29.14919515401937,0 24.29343297717425,-29.14940758116956,0 24.29363552494838,-29.1495191364555,0 24.29389727243233,-29.14965005893214,0 24.29415487431502,-29.14983946004723,0 24.29487486724018,-29.15041543591364,0 24.29510277276309,-29.15053679193882,0 24.29531185530001,-29.15062592493683,0 24.2955191662236,-29.15076550613584,0 24.29577234888777,-29.15097231075091,0 24.29643486676375,-29.15152717769165,0 24.29657995821571,-29.15164865078203,0 24.29688953802344,-29.15182964653849,0 24.29757130453071,-29.15221152889277,0 24.29792574113485,-29.15245288253577,0 24.29827710252216,-29.15263793214955,0 24.29839548748647,-29.15274213885969,0 24.29855608194609,-29.15291135068973,0 24.29870639104657,-29.15313480245139,0 24.298872944518,-29.15330050450504,0 24.29912043940972,-29.1534844622325,0 24.2993424895952,-29.15361283248478,0 24.29953214721721,-29.1537787030929,0 24.2997118998864,-29.15393070087857,0 24.29990127777298,-29.15406534971337,0 24.30005452377378,-29.15418265300528,0 24.3003186803131,-29.15430853094436,0 24.30053331279727,-29.15450523774226,0 24.30086185797759,-29.15472379624816,0 24.30178442682552,-29.15478826037299,0 24.30199897099394,-29.15483542012426,0 24.30227153535665,-29.15492316975661,0 24.30247701804126,-29.15499326367593,0 24.30270597166998,-29.15507425527388,0 24.30289062294305,-29.15516089190455,0 24.30304679403474,-29.1552111910804,0 24.30326964082065,-29.15521964943624,0 24.30348888607915,-29.15526703881355,0 24.30365388306004,-29.15530878704108,0 24.30388347186978,-29.15538394437131,0 24.30405833299864,-29.15538696073684,0 24.30432861713042,-29.1553480759545,0 24.30461759631704,-29.15529846097197,0 24.30487237790838,-29.1552519394965,0 24.30504714854734,-29.15521605585543,0 24.30521503428979,-29.15520784518706,0 24.30537120333532,-29.1552138554762,0 24.3055237186494,-29.15523349920085,0 24.30573017702876,-29.15527540706675,0 24.30593329325983,-29.15531727628614,0 24.30612980048178,-29.15539786582461,0 24.30636383750117,-29.15551429026237,0 24.30651522478604,-29.1556110509189,0 24.30671202584972,-29.15575642522952,0 24.30690415117671,-29.15587596886472,0 24.30703483134987,-29.15594703850325,0 24.30720413560816,-29.155991314003,0 24.30738253650062,-29.15603804318453,0 24.30750453871652,-29.1560983660871,0 24.30764171769401,-29.15617784743999,0 24.30777212199733,-29.15627892451857,0 24.30792113422165,-29.15637163345465,0 24.30806489659942,-29.15641278170071,0 24.30833185424544,-29.15639651578678,0 24.30845061964034,-29.15639672348906,0 24.30856316617571,-29.1564296704852,0 24.3087843701335,-29.15653878161892,0 24.30889315565685,-29.15657412794912,0 24.3090421773719,-29.15660397771061,0 24.3091387585725,-29.15660137733779,0 24.3092604473385,-29.15657164437228,0 24.30941316859829,-29.15645694623753,0 24.30961008471385,-29.15629441532126,0 24.30966337556632,-29.15620999234485,0 24.30973246995675,-29.15604912082358,0 24.30977344684563,-29.15587990642848,0 24.30985248762495,-29.15567215793143,0 24.30991714644695,-29.15546807408691,0 24.30998923340679,-29.15522837750368,0 24.31004412721971,-29.15506740107136,0 24.31013574167968,-29.15492333125952,0 24.31030470635016,-29.15474049540304,0 24.31047658723107,-29.15459966167305,0 24.31061941340104,-29.15453397278505,0 24.3108123922807,-29.15447414911183,0 24.31113714206562,-29.15437089356536,0 24.31133192113785,-29.15431137579464,0 24.31149608376415,-29.15423440843626,0 24.31233988885678,-29.15378848683557,0 24.31293390490243,-29.15347846159189,0 24.31318804104654,-29.15327744876002,0 24.31334368734127,-29.15305069767382,0 24.31363782295581,-29.15266644789241,0 24.31378507425034,-29.15249157447446,0 24.31396701296331,-29.1523137495884,0 24.31414885531581,-29.15222081324708,0 24.31441925958009,-29.15214352487157,0 24.31470606337562,-29.15212904052163,0 24.31494439340068,-29.15216725180281,0 24.31515459811441,-29.15223097288196,0 24.31536444848155,-29.15227016734658,0 24.31564276412931,-29.15220010096846,0 24.31591514533204,-29.15215253962335,0</coordinates></LineString>
</Placemark>
<Placemark>
  <name>Mofele Lodge</name>
  
  <styleUrl>#style_MAIN_ROADS</styleUrl>
  <LineString><tessellate>1</tessellate><coordinates>24.34919886615303,-29.1731813044159,0 24.34952729814479,-29.17325602016167,0 24.34995275337438,-29.17341273485116,0 24.35034797067013,-29.17353713242628,0 24.35051340208715,-29.17359969656338,0 24.35177991414466,-29.17406433334659,0 24.35207278708464,-29.17418783312423,0 24.3524360973149,-29.17439600636202,0 24.35285806105537,-29.17458500787847,0 24.35310916078948,-29.17473637846654,0 24.35332937769517,-29.17494675116456,0 24.35347816129605,-29.17515130508476,0 24.35360738445568,-29.17533515128287,0 24.35376908453083,-29.17552963768373,0 24.35393284645639,-29.17564302482338,0 24.35419122904689,-29.17578490888197,0 24.35437624426876,-29.1758450971004,0 24.35499214666826,-29.17601336997124,0 24.3553326894533,-29.17610585800067,0 24.35547377617689,-29.1761625862414,0 24.35568442999088,-29.1762827343593,0 24.35587388372477,-29.17640279159066,0 24.3560206016486,-29.17648249853299,0 24.3563148736047,-29.17658089495932,0 24.35669654828628,-29.1766958339696,0 24.35717256738624,-29.17682802267256,0 24.35789309992691,-29.17691381312165,0 24.35818305536813,-29.17693009832406,0 24.35862483858241,-29.17701204558343,0 24.35898539881952,-29.17708698069378,0 24.35923411872673,-29.17713137771624,0 24.35948928731891,-29.17710821589659,0 24.35967228561355,-29.17705283919002,0 24.35984365776424,-29.17698453522015,0 24.3599955330021,-29.17691595042349,0 24.36010628404747,-29.17684295639736,0 24.36019382431899,-29.17671635018478,0 24.36027365374466,-29.17650425395033,0 24.36031795007702,-29.17634515194784,0 24.36037984375498,-29.17611528247241,0 24.36047912849541,-29.17587557337424,0 24.36057227473314,-29.17568123878883,0 24.36069982914359,-29.17548767245547,0 24.36076976058181,-29.17535071610223,0 24.36084535547452,-29.17519068610071,0 24.36087038830898,-29.1750618139128,0 24.36086028180157,-29.17496407013769,0 24.36082199971781,-29.17482948568341,0 24.36077227166753,-29.17470422107686,0 24.36075746688423,-29.17462571742619,0 24.36079423140144,-29.17448581948958,0 24.36106218812585,-29.17363217647866,0 24.3612518720682,-29.17310463379225,0 24.36143197347231,-29.17264599512201,0 24.36159297930466,-29.17238435255502,0 24.36172128686144,-29.17208527834664,0 24.36180294535103,-29.17183290929309,0 24.36189891335462,-29.17160940806178,0 24.36207515529394,-29.17140825581796,0 24.36228215259991,-29.17124558187101,0 24.36247940797822,-29.17109719439188,0 24.36265804727508,-29.17098049628854,0 24.36280114977467,-29.17094401230563,0 24.36300984116905,-29.17087363785121,0 24.36320014233874,-29.17079074260282,0 24.36337743414136,-29.17067510029824,0 24.36393742259946,-29.17030675185607,0 24.36418346269444,-29.17012716587847,0 24.36470907934301,-29.16978756781069,0 24.36504456513933,-29.16957580082103,0 24.36548696736214,-29.16926124293791,0 24.36567374744926,-29.16912566268825,0 24.36574442875295,-29.1690472574472,0 24.36576055304903,-29.16897792025285,0 24.36580766226149,-29.16892653196594,0 24.3659091740913,-29.16887155785385,0 24.36628866199186,-29.16875955387842,0 24.36648270538444,-29.16868295694337,0 24.36662182572198,-29.16860161551107,0 24.36670831846718,-29.1684988904201,0 24.36678235973491,-29.16836181402031,0 24.36685767442893,-29.16812955952201,0 24.36696716576855,-29.16788612727039,0 24.367019382004,-29.16774873795778,0 24.36703874210313,-29.16768544445695,0 24.36704210163698,-29.16762444878496,0 24.36701535707491,-29.16753482382481,0 24.36701587051005,-29.16746839102577,0 24.36702901407077,-29.16740243637002,0 24.36705762785425,-29.16734254372782,0 24.36712969332306,-29.16725977306361,0 24.36752184843495,-29.16687804530677,0 24.3675866380033,-29.16684983574267,0 24.36765938777274,-29.16684938567765,0 24.36773107615917,-29.16686804350209,0 24.36782029449245,-29.16691761695158,0 24.36794841077871,-29.16705149681679,0 24.36814199260254,-29.16709084148458,0 24.36867677556656,-29.16692315190516,0 24.36912210383335,-29.1668554288942,0 24.36951061222223,-29.16674619627843,0 24.36980771002941,-29.16669643108023,0 24.3700712247022,-29.1665172506263,0 24.37018570403773,-29.16633768860162,0 24.37026583219681,-29.16610815823074,0 24.37017450152479,-29.165868631333,0 24.36998033949192,-29.16562905951998,0 24.36986531984973,-29.16536973455817,0 24.36991121990257,-29.16512010633858,0 24.37008356112196,-29.16488990310162,0 24.37057778640706,-29.16442858283403,0 24.37106572430047,-29.16404145682387,0 24.37148205761239,-29.16366347335875,0 24.37175246655439,-29.16334246067547,0 24.37206093459069,-29.16298600037175,0 24.37226785188619,-29.16274824880555,0 24.37233829897723,-29.16254905004966,0 24.3723276821786,-29.16228967944783,0 24.37238739770073,-29.16192694206575,0 24.37251275275379,-29.16135193895874,0 24.37260993547698,-29.16098676596899,0 24.37263176581893,-29.16059872796608,0 24.37269139768592,-29.16035260211404,0 24.37277196129538,-29.16016492412965,0 24.37308628482757,-29.15978068400328,0 24.37314051891615,-29.15960506658081,0 24.37324365865182,-29.1593772135552,0 24.37342293287091,-29.15913486569693,0 24.37391844908223,-29.1583408075688,0 24.37404966375284,-29.1581587912763,0 24.37417569603675,-29.15801470508923,0 24.37420855099132,-29.15776069266921,0 24.37414812743786,-29.15756961011517,0 24.37394542771088,-29.15744651161989,0 24.37371587622694,-29.15728554563357,0 24.37361769632371,-29.15720040131045,0 24.37360657204835,-29.15705676076247,0 24.37369362925535,-29.15677413530278,0 24.37379727065112,-29.15656809969917,0 24.3739011353221,-29.15641923912686,0 24.37400519756736,-29.1563040173744,0 24.37413673781692,-29.15617470381313,0 24.3743231009459,-29.1559974487194,0 24.374493070015,-29.15584881679119,0 24.37463559036822,-29.1557051335249,0 24.37484411140189,-29.15540304252614,0 24.3749642409468,-29.15515601442605,0 24.37505123447624,-29.15483804010596,0 24.37507316072433,-29.15447504352204,0 24.37504552144717,-29.15407954791753,0 24.37494697974479,-29.15342522814609,0 24.37485983828915,-29.15283440075923,0 24.37479968502736,-29.15250466227182,0 24.3747610378818,-29.15221743322373,0 24.37481561676763,-29.15196353993811,0 24.37500745721244,-29.15163604488203,0 24.37510100035999,-29.15137526635417,0 24.37522240765902,-29.15099979042273,0 24.37526642984158,-29.1507447962292,0 24.3753038321615,-29.15033902518755,0 24.37524873080231,-29.15003880449187,0 24.37523832639947,-29.14970785840413,0 24.37514479731,-29.14940015222761,0 24.37502875892006,-29.14912254651953,0 24.37491868543459,-29.14874081466607,0 24.37487475037726,-29.14841066339118,0 24.37483114785763,-29.14809672752395,0 24.37477681947861,-29.14765978960529,0 24.37472815087148,-29.1473003404937,0 24.37473923186183,-29.14711242563951,0</coordinates></LineString>
</Placemark>
<Placemark>
  <name>Mosu Lodge</name>
  
  <styleUrl>#style_MAIN_ROADS</styleUrl>
  <LineString><tessellate>1</tessellate><coordinates>24.33985030367454,-29.17884399684444,0 24.34029731217952,-29.17880094320171,0 24.34084935975893,-29.17870649587551,0 24.34127906355937,-29.17860643075187,0 24.34147025830075,-29.17855302302838,0 24.3415610844955,-29.17851894689093,0 24.3418502990315,-29.17850674300819,0 24.3419248422907,-29.17846639411767,0 24.34199035820421,-29.17840554357613,0 24.3420352226448,-29.1782889569802,0 24.34211751329188,-29.17815019980714,0 24.34223387436667,-29.17802240320419,0 24.3423360058577,-29.17794808213193,0 24.34251313744011,-29.17790832702712,0 24.34317410047912,-29.17784009081986,0 24.343335324709,-29.17778826306591,0 24.34348368338591,-29.17773866038518,0 24.34364637684709,-29.17767774266286,0 24.34386621211772,-29.17759705452688,0 24.34406711854463,-29.17751507435084,0 24.34424524187928,-29.1774347407006,0 24.34433407227765,-29.17732404393889,0 24.3444271215289,-29.17719854545796,0 24.34453244871445,-29.17710835576292,0 24.3447850918834,-29.17695984930589,0 24.34487685392724,-29.17687770083256,0 24.34505650383589,-29.17673930730544,0 24.34512019049446,-29.17665995590944,0 24.3451575568745,-29.17657508935345,0 24.34518863334773,-29.17647792470126,0 24.34523316935338,-29.17638706834392,0 24.34529047341772,-29.17632047403578,0 24.34538893547874,-29.17625235346294,0 24.3454741038511,-29.1761776449929,0 24.34554925927568,-29.17609944995217,0 24.34559493304388,-29.17596890537836,0 24.3456489824734,-29.17575787913187,0 24.34571398561335,-29.17561283389928,0 24.34578382676381,-29.17551921255908,0 24.34588886335286,-29.17541202691031,0 24.34597482493465,-29.17534323016259,0 24.34612150737534,-29.17522277733797,0 24.34628590167194,-29.17514563693807,0 24.34650975022909,-29.17507893303139,0 24.34674522015177,-29.17499116313515,0 24.34687426203901,-29.17488207584605,0 24.34700282237145,-29.17476118802311,0 24.34715552285373,-29.17463778085909,0 24.3473656883196,-29.17440541074511,0 24.34752545356971,-29.17425210370896,0 24.34759662773355,-29.17419130058677,0 24.34766677333055,-29.17416672803199,0 24.34781392614721,-29.17411929466117,0 24.3481119394536,-29.17404159980713,0 24.34828604378947,-29.17396400436889,0 24.34843028065024,-29.1738663166559,0 24.34854786422111,-29.17375445583715,0 24.3486508297324,-29.17362039585745,0 24.34879224065126,-29.17343692235106,0 24.3488993849197,-29.17334140527603,0 24.34902351040403,-29.17327123831809,0 24.34916231982698,-29.17319831832197,0 24.34928747568648,-29.17311843635066,0 24.349892180351,-29.17267724739063,0</coordinates></LineString>
</Placemark>
<Placemark>
  <name>Motswedi Camp Site</name>
  
  <styleUrl>#style_MAIN_ROADS</styleUrl>
  <LineString><tessellate>1</tessellate><coordinates>24.34330586496538,-29.15594245442189,0 24.34282001781247,-29.15559042503646,0 24.34263933608829,-29.15546881232459,0 24.34255706954065,-29.15526657637105,0 24.34248016726141,-29.15503721979438,0 24.34239272561715,-29.15483961873617,0 24.342248786448,-29.15471719367344,0 24.34203745188383,-29.1545542429742,0 24.34188766382945,-29.15439553938378,0 24.34173236012879,-29.15420925360742,0 24.34162346292232,-29.15408634570243,0 24.34151182951356,-29.15395299835972,0 24.34144478908002,-29.15385322607443,0 24.34129498208225,-29.15371672186039,0 24.34115527793792,-29.15361161530656,0 24.34095301970272,-29.15352026310615,0</coordinates></LineString>
</Placemark>
<Placemark>
  <name>Stof Dam</name>
  
  <styleUrl>#style_MAIN_ROADS</styleUrl>
  <LineString><tessellate>1</tessellate><coordinates>24.38569010651016,-29.1261939561294,0 24.38583401160352,-29.12610875206288,0 24.3860345316867,-29.12599745273177,0 24.38616168050547,-29.12588586105707,0 24.38630876203251,-29.12570402456238,0 24.38646971874359,-29.12553239509451,0 24.38658558759444,-29.12539021623435,0 24.38667390562815,-29.12523522687978,0 24.38674906924834,-29.12511519210214,0 24.38682450323152,-29.12505242806721,0 24.38707105167859,-29.12490497996703,0</coordinates></LineString>
</Placemark>
<Placemark>
  <name>Vaalbos Loop</name>
  
  <styleUrl>#style_MAIN_ROADS</styleUrl>
  <LineString><tessellate>1</tessellate><coordinates>24.4866445117402,-29.05141268232438,0 24.48574335093153,-29.04947961855508,0 24.4856873451959,-29.04939661766279,0 24.48564285237225,-29.0493598808661,0 24.48550581058883,-29.04934020700026,0 24.48475786228474,-29.04926372638337,0 24.48454083004605,-29.04924121160438,0 24.48437517437074,-29.0492020680505,0 24.484173690112,-29.0491513370384,0 24.48401004025184,-29.04910829760387,0 24.48390776231352,-29.04906936672169,0 24.48383391457551,-29.04902255177997,0 24.48375522348547,-29.04900646901259,0 24.48368490811714,-29.0490256649404,0 24.48360124258228,-29.04906242773227,0 24.48351616755552,-29.04908020083934,0 24.48342529120118,-29.04909761719492,0 24.48332356003934,-29.04909622230117,0 24.48289014141,-29.04907133358708,0 24.48255718411248,-29.04907301912187,0 24.48230420912089,-29.04908685676887,0 24.48215913555945,-29.04910668044537,0 24.48201535447385,-29.04915367982589,0 24.48189672342253,-29.0491944387383,0 24.48177176014203,-29.04924211317372,0 24.48165625152597,-29.04924217553633,0 24.48127432762237,-29.04920768451936,0 24.48119636569763,-29.04920508236993,0 24.48110245526824,-29.0492215988453,0 24.48099551849996,-29.0492511507886,0 24.48089770711097,-29.04925926918798,0 24.48081835954909,-29.04925274779716,0 24.48073073515057,-29.04923438591222,0 24.48015588504863,-29.04903619079549,0 24.47952214649084,-29.04885465245739,0 24.47915722295427,-29.04875887878042,0 24.47890756275709,-29.04872621016443,0 24.47825588086506,-29.04868875593275,0 24.47792659408193,-29.04864195354812,0 24.47770813676131,-29.04860632385932,0 24.47737543027152,-29.04859229830866,0 24.47702270018619,-29.04862460152461,0 24.47675405162651,-29.04862961932331,0 24.47653645827937,-29.04859291695195,0 24.47634074653416,-29.04852344813693,0 24.47618263165911,-29.04843813187823,0 24.47598425617925,-29.04829265302733,0 24.4757705007124,-29.04814031265099,0 24.47556327158063,-29.04803517288596,0 24.47536187424312,-29.04796208460513,0 24.47517936641326,-29.04794034129578,0 24.47505241247259,-29.04796381294487,0 24.47489526090957,-29.04805116771665,0 24.4747594122811,-29.04811842654808,0 24.47444091300691,-29.04825511996211,0 24.47412800697001,-29.04836455997043,0 24.47388566382154,-29.04842520528231,0 24.47363678263244,-29.04849191826479,0 24.47342648858265,-29.04854558748356,0 24.47331216383178,-29.04854181080067,0 24.47320081533941,-29.04852345462697,0 24.4731003586095,-29.04851487703939,0 24.4729475576436,-29.04852513600705,0 24.47269251098878,-29.04853891770631,0 24.47247136274602,-29.04853309577483,0 24.47230981257888,-29.04849964074569,0 24.47214006520239,-29.0484465565577,0 24.47202262707744,-29.04840754089146,0 24.47185317578888,-29.04834135597347,0 24.47170442174226,-29.04825424092263,0 24.47157335159087,-29.04818052409643,0 24.47139295544848,-29.04806781642293,0 24.4712418244321,-29.04796701840256,0 24.47113482684445,-29.0479056540187,0 24.47092285297531,-29.04780063790941,0 24.46995978889013,-29.04737424892877,0 24.46977529416572,-29.04731101949241,0 24.4695195289106,-29.04720521157505,0 24.46928946780214,-29.04710716898051,0 24.46914041848177,-29.04705503971023,0 24.4689391030378,-29.04702726659956,0 24.46876807104971,-29.04702807814731,0 24.46849846496787,-29.0470516780964,0 24.46821941290205,-29.04707096810642,0 24.46787200788042,-29.04707261172878,0 24.46764788730454,-29.04706126876813,0 24.46742633255915,-29.04703224280611,0 24.46703442812439,-29.0469919867462,0 24.4665152184132,-29.04695037978826,0 24.46619126814849,-29.04688792803779,0 24.46595378989454,-29.0468415854197,0 24.46571658869025,-29.04672220293268,0 24.46553639685286,-29.04652802974933,0 24.46532143135288,-29.04629746302224,0 24.46507930138583,-29.04612694406127,0 24.46477442400318,-29.04599350251898,0 24.46432821725665,-29.0459367124691,0 24.46382205007509,-29.04591393120903,0 24.46347545361986,-29.04592182244893,0 24.46301193144133,-29.04594862376676,0 24.46236260914118,-29.04596392522537,0 24.46195073463943,-29.04596011464896,0 24.46150851046895,-29.04592879646719,0 24.46119017519913,-29.04589111359455,0 24.46072708473659,-29.04586943306546,0 24.46034799711789,-29.04588051654187,0 24.45998621489078,-29.04587868301968,0 24.45961179983804,-29.04591516764574,0 24.45929585690973,-29.04594386781399,0 24.45907496028638,-29.04593659891764,0 24.45891140495528,-29.04590485677235,0 24.4587483010736,-29.04582434584884,0 24.45858942850137,-29.04573774565802,0 24.45840991173272,-29.04562259531715,0 24.45827164770349,-29.04557726298644,0 24.45811806219371,-29.04555955964203,0 24.45794341239032,-29.04558925716227,0 24.45771816413935,-29.04565581186957,0 24.45761072336104,-29.04566943050259,0 24.45747812994916,-29.04566808373959,0 24.45735011851409,-29.04563296272486,0 24.45721991280222,-29.04557896622901,0 24.45708376220091,-29.04550790945922,0 24.45693599968606,-29.04540338097716,0 24.45681038239293,-29.04531906652347,0 24.45665598876537,-29.04526256447954,0 24.45653761459307,-29.04522175855488,0 24.45640777259316,-29.04515335764068,0 24.45621066027681,-29.04506262887564,0 24.45590385695818,-29.04491097675441,0 24.45576943837603,-29.04482638396091,0 24.45563567012152,-29.04471923646286,0 24.45553374294269,-29.04460056437262,0 24.45543910286585,-29.04444141147755,0 24.45535368645937,-29.04432349375493,0 24.45526173638067,-29.04424638250643,0 24.45514017535648,-29.04419602076394,0 24.45505722492901,-29.04416598945294,0 24.45491530154639,-29.04415357142546,0 24.45469325795124,-29.04415845865201,0 24.45453720332026,-29.0441505598654,0 24.45431049865984,-29.0441357878392,0 24.45406157765786,-29.04408077109801,0 24.4538831196209,-29.04402296707272,0 24.45371992954265,-29.04394914687267,0 24.45352308836277,-29.04380596378447,0 24.45329008634109,-29.04357725868608,0 24.4528279501253,-29.04311471360257,0 24.45270984663729,-29.04296135770916,0 24.45263916320442,-29.04292302330152,0 24.45257434115298,-29.04290512722511,0 24.45246763411375,-29.04289282248173,0 24.45233310339613,-29.04286586703054,0 24.45222772971237,-29.04282474023063,0 24.45211663803305,-29.04277335024639,0 24.45197254867071,-29.04267528231199,0 24.45184093891322,-29.04259552456197,0 24.45167788251887,-29.04252705524,0 24.45156463572814,-29.04248668376978,0 24.45143059715774,-29.04243075498354,0 24.45125669441184,-29.04233814751637,0 24.45111344829731,-29.04221779793453,0 24.45098076384852,-29.04210503784928,0 24.45082760416712,-29.04198762077046,0 24.45072978337624,-29.04186306785814,0 24.45065049530035,-29.04173967242305,0 24.45051861413834,-29.04152734965786,0 24.4505181370683,-29.04152266699972,0 24.45037171629851,-29.04128029267368,0 24.45027155591872,-29.0410501072199,0 24.45018039027075,-29.04081541415935,0 24.45014098757134,-29.04067242032253,0 24.450167309932,-29.04045701675732,0 24.45021265862188,-29.04021098587791,0 24.45030209059377,-29.03998627451781,0 24.45046896816091,-29.03965346380134,0 24.45062471100375,-29.0393983712778,0 24.45080918023956,-29.03914092548525,0 24.45091970295454,-29.03903085016411,0 24.45103292145485,-29.03897550710202,0 24.4511730965022,-29.0389177407832,0 24.4513682343778,-29.03879972074026,0 24.45150369182944,-29.03865304860277,0 24.45198242531663,-29.03804089817768,0 24.45209027455659,-29.03779907964906,0 24.45214661257506,-29.03756884080955,0 24.45216067075178,-29.03737303895185,0 24.45221491238657,-29.03718752275691,0 24.45230361759988,-29.03679424680285,0 24.45237077257922,-29.03665817799327,0 24.45247991219742,-29.03653213184141,0 24.45253570596864,-29.03636571167153,0 24.45257163235863,-29.0362301924311,0 24.45264703406884,-29.03608875744158,0 24.4528139570473,-29.0359512828021,0 24.45304153172672,-29.03571696091234,0 24.4532447378408,-29.03561400471715,0 24.4537467363643,-29.03544321442495,0 24.45404519974535,-29.03530550442337,0 24.45430873738383,-29.03514435017641,0 24.45439137015466,-29.03506721311294,0 24.45449321330381,-29.03486607079451,0 24.4545911681781,-29.03462562591578,0 24.45477015804255,-29.03437668381214,0 24.45486084270229,-29.034236709494,0 24.45490415820504,-29.034107582826,0 24.45493717342016,-29.0338600622541,0 24.45497213154629,-29.03361030548927,0 24.4550168868226,-29.03339626129091,0 24.45508924212094,-29.03323236043832,0 24.4551842888953,-29.03307513203416,0 24.45531928245751,-29.03296495104768,0 24.4554554192362,-29.03288079505381,0 24.45565105042123,-29.0328272247661,0 24.45581094636846,-29.03280703188508,0 24.4559688552377,-29.03279973074978,0 24.45609515621717,-29.03281229241649,0 24.45626289627791,-29.03287047638103,0 24.45640031270285,-29.03291541968735,0 24.45649443653322,-29.03294096614827,0 24.45667002265772,-29.03296622020167,0 24.45689772979836,-29.03298189980874,0 24.45708119456649,-29.03298872873902,0 24.45732295693551,-29.03301284100279,0 24.45768606455451,-29.03306676563387,0 24.45805795270885,-29.03312134292976,0 24.45842837684147,-29.03318336026083,0 24.45895574376167,-29.03329574755085,0 24.45917155249603,-29.03332701927722,0 24.45933460338353,-29.03332585055023,0 24.45952927025539,-29.03328485163648,0 24.45977651376104,-29.03319646535977,0 24.45992947908706,-29.03315014831469,0 24.46011031774117,-29.03312186892188,0 24.46036935042358,-29.03311899907714,0 24.46063300944877,-29.03312629976885,0 24.46083251348218,-29.03313369764836,0 24.46098844280544,-29.03313699892435,0 24.46118867931597,-29.03309779271883,0 24.46133738345641,-29.03306517788242,0 24.46149609727462,-29.0330598254346,0 24.46165457801237,-29.03304790350703,0 24.46181267000316,-29.03298843561447,0 24.46192608848843,-29.03289530728476,0 24.46198312937153,-29.03279893497298,0 24.46211158511347,-29.0325926486218,0 24.46221096486396,-29.03250259076178,0 24.46237266529719,-29.03240224203035,0 24.46268453782665,-29.03224539011298,0 24.46294181866148,-29.03213705556795,0 24.46312064722256,-29.03207688955093,0 24.46329525730791,-29.03202634883184,0 24.46343659774469,-29.03195742232673,0 24.46355111067832,-29.03185778305141,0 24.4637327981643,-29.03165629587787,0 24.46400524804276,-29.03130927284111,0 24.46429516449898,-29.03104004406689,0 24.46463382815393,-29.03078438001931,0 24.46492494015249,-29.030581506576,0 24.46523257926103,-29.03044581902065,0 24.46547615871638,-29.03040982873705,0 24.46568701104653,-29.03037290668057,0 24.46584893371914,-29.03032666868009,0 24.46595035358967,-29.03022494284835,0 24.46611471142621,-29.02990470657254,0 24.46625806494904,-29.02973494790616,0 24.46642883995078,-29.02952601787165,0 24.46668924758648,-29.02916703532147,0 24.46676724543116,-29.02899362758283,0 24.46682850888452,-29.02886684241425,0 24.467005320202,-29.02866091803012,0 24.46717157527612,-29.02853568774792,0 24.46717914666832,-29.02853596976352,0 24.46736271141896,-29.0284539647502,0 24.46750016933722,-29.02840071054984,0 24.46769320424544,-29.02836827974733,0 24.4679598805956,-29.02835199959369,0 24.46814945569184,-29.02834763468398,0 24.46830191189343,-29.02830972459157,0 24.46850596806745,-29.02818954746128,0 24.46866432417082,-29.02807398962819,0 24.46893339280005,-29.02791558558412,0 24.46912696644231,-29.02777628922743,0 24.46922509237651,-29.02764449192915,0 24.46930116597464,-29.02749607924806,0 24.46932088912306,-29.02730348168073,0 24.46937429444811,-29.02676386462566,0 24.46935352108028,-29.02660301594987,0 24.46928289498786,-29.02634113733419,0 24.46922647230249,-29.02603789889691,0 24.46924291183539,-29.02584337747844,0 24.46930486719805,-29.02570038144031,0 24.46946781209619,-29.02553984359392,0 24.4696221328298,-29.0254457928275,0 24.46979795891763,-29.02539168054999,0 24.47012047932477,-29.02530392109397,0 24.47034940645746,-29.02519471439794,0 24.47061404203554,-29.02504580067643,0 24.47077316962852,-29.02489535376852,0 24.47090792640915,-29.02469130036607,0 24.47093529356163,-29.02445895521494,0 24.47092636783556,-29.02420151277378,0 24.47096009109574,-29.02398270457313,0 24.47106752282146,-29.02370785431639,0 24.47124050160358,-29.02353918912868,0 24.47153561321417,-29.02326548745509,0 24.47169400286926,-29.02310581550177,0 24.47184078306915,-29.02291226021596,0 24.47201860232295,-29.02266943651917,0 24.47231965784686,-29.02212911105805,0 24.47239461630828,-29.02198129864947,0 24.4723896215645,-29.02186118349837,0 24.47240359247665,-29.02172110376514,0 24.47242353207165,-29.02154692205986,0 24.47245525550954,-29.02133499954012,0 24.47246549661928,-29.02117141909139,0 24.47245127612646,-29.0209830882604,0 24.47243832638318,-29.02078743964155,0 24.47247337662432,-29.02056017528528,0 24.47250808671479,-29.02040602467059,0 24.47268711368242,-29.01971150646722,0 24.47270153457146,-29.01942858363531,0 24.47267512715131,-29.0192656017526,0 24.47259046598682,-29.01909266890081,0 24.47245250599614,-29.01880440412263,0 24.47236587882606,-29.01863433359815,0 24.47234993861589,-29.01848371279763,0 24.47239516265241,-29.018347020636,0 24.47260336481988,-29.01777751696223,0 24.47265814804911,-29.01745120492094,0 24.47265968519711,-29.01743628915018,0 24.47271441152159,-29.01723134111997,0 24.47282707725863,-29.01698592509678,0 24.47291013784878,-29.01671069199094,0 24.47295243874738,-29.01627808084179,0 24.4730080124501,-29.01610456755775,0 24.47318239357736,-29.01558227233853,0 24.47328541308498,-29.01517523570393,0 24.47343631036813,-29.01500819412571,0 24.47365912063992,-29.01484670042738,0 24.47388471426894,-29.01469442410986,0 24.473989252835,-29.01457519771605,0 24.47405057708082,-29.01447056570969,0 24.47403338315742,-29.01436478387124,0 24.47399832924972,-29.01421992408936,0 24.47400247015149,-29.01406376567719,0 24.47402437798563,-29.01399025411632,0 24.47407060036578,-29.013926720024,0 24.47413093122898,-29.01389906501998,0 24.47421785624301,-29.01388792667217,0 24.47473274402953,-29.01379517645599,0 24.47495298309282,-29.01372377059033,0 24.47530482940789,-29.01363158437708,0 24.47543386342522,-29.01362079933611,0 24.47575199756535,-29.01360797265226,0 24.4759117769696,-29.01361383709459,0 24.47610918050649,-29.01364947538569,0 24.47633830243774,-29.01368465995037,0 24.47648587263449,-29.01367703565197,0 24.47672437291239,-29.01363063137193,0 24.4768557783456,-29.01362206316408,0 24.47703487765553,-29.01362644774337,0 24.47761237470279,-29.01362034277341,0 24.47778199714037,-29.01363169193304,0 24.47814577088465,-29.01367954951106,0 24.47834072934431,-29.01366534944312,0 24.47856430339954,-29.01362122888148,0 24.4787541636472,-29.01356426611022,0 24.4788638200772,-29.01354116393995,0 24.47903906962657,-29.01353200174106,0 24.47916456994109,-29.01354616550809,0 24.47928955443892,-29.01358897768177,0 24.47936586052673,-29.01360527495205,0 24.47944379846058,-29.01357994503849,0 24.47945651515098,-29.01357162928169,0 24.47951120085514,-29.01352926531779,0 24.4795806955211,-29.01348926870843,0 24.47963144487217,-29.0134641959588,0 24.47973750818578,-29.01345919628726,0 24.479874807963,-29.01346642219832,0 24.48003424136886,-29.01346535171651,0 24.48023952977108,-29.01347047909273,0 24.48044615704117,-29.01347428513585,0 24.48062835390715,-29.01345674388479,0 24.48083073286966,-29.01341437002891,0 24.48097495635889,-29.01339000771174,0 24.48140756454526,-29.01333406832888,0 24.48159747596521,-29.01331638582281,0 24.48178928009593,-29.01331506230333,0 24.48202714782412,-29.0133010316163,0 24.48231010294284,-29.0132986471572,0 24.48254112899065,-29.01329378808271,0 24.48296914848876,-29.0132979344032,0 24.48337097633821,-29.01327815468825,0 24.48384361459928,-29.01323345469509,0 24.48418000520191,-29.01319380522239,0 24.48445247700659,-29.01319008667228,0 24.48488079433088,-29.01316474759512,0 24.48556438212635,-29.01313491161839,0 24.48633281895608,-29.01308565718374,0 24.48676729113659,-29.01306409560429,0 24.48692625467956,-29.01305181292288,0 24.48710476921516,-29.01305748252116,0 24.48727455664369,-29.01309969795418,0 24.48745440837531,-29.01316086794769,0 24.48763464528377,-29.01322381667949,0 24.48826279984055,-29.0134516844621,0 24.48838201261875,-29.01349747993534,0 24.48851480699357,-29.01350756858203,0 24.48863259113691,-29.01348819325623,0 24.48872834172331,-29.01346787013454,0 24.48885861964214,-29.0134793937696,0 24.48901039346987,-29.0135068638894,0 24.48912643664503,-29.01354489092172,0 24.48925573664692,-29.01363844609781,0 24.48964887154524,-29.01401395920212,0 24.48970492496994,-29.01409610564568,0 24.48977865741932,-29.01420751445184,0 24.48983378193617,-29.01429843020081,0 24.49002459806259,-29.01447848496153,0 24.49052483769315,-29.01492106249178,0 24.49064166656843,-29.01499371762029,0 24.49073157943064,-29.0150496028616,0 24.49084115341503,-29.01517466157416,0 24.49126715185789,-29.01565283775971,0 24.49140591270356,-29.01582830452877,0 24.49146546246313,-29.01594671816555,0 24.49160501168966,-29.01611379686767,0 24.49200081361026,-29.01658465054429,0 24.49208214311273,-29.01661713046023,0 24.49223203175585,-29.01664386244417,0 24.49231419051021,-29.01666060534644,0 24.49240548105857,-29.01671601910597,0 24.49246266239819,-29.01678389457472,0 24.49249290733099,-29.01684724035539,0 24.49284684862013,-29.017894295258,0 24.49286878640982,-29.01801645097558,0 24.49287595003223,-29.01802303930197,0 24.49289839944841,-29.01811773615253,0 24.49289898163481,-29.01813008331624,0 24.49296968604582,-29.01821945871705,0 24.49305615164878,-29.0183848758339,0 24.49319572968129,-29.01860313237099,0 24.49326998385876,-29.01867728978344,0 24.49334447011482,-29.01874954920555,0 24.49334894687964,-29.01875164421069,0 24.49349722494524,-29.01879319393673,0 24.49350165389549,-29.01879720290088,0 24.49363149366479,-29.01883293467384,0 24.49364025126737,-29.01883520105875,0 24.49377023601753,-29.01888031718264,0 24.49384577620286,-29.01896690497441,0 24.49387057294636,-29.01907160003396,0 24.49387660980489,-29.01918862853372,0 24.49388018949162,-29.01928284723059,0 24.49388024339636,-29.01928654889479,0 24.4939220382364,-29.01936656264954,0 24.49397848199655,-29.01941574190622,0 24.49408561699653,-29.01948816663924,0 24.49418501583191,-29.01954339948028,0 24.49426099081907,-29.01962561533966,0 24.49433452537823,-29.01972537948438,0 24.49445416459551,-29.0198436400226,0 24.49452581822122,-29.01992711614361,0 24.49455539693458,-29.01998321100981,0 24.49459717704944,-29.02009756566983,0 24.49462163636899,-29.02019710910664,0 24.49460828068713,-29.02029359152942,0 24.49459359464251,-29.02043569416898,0 24.49460421743058,-29.02059914596545,0 24.494601930969,-29.02072844743312,0 24.49456754775216,-29.02122517160706,0 24.49455755830978,-29.02146103833242,0 24.49455292071864,-29.02161014663648,0 24.49450951797019,-29.02169521061234,0 24.494400280385,-29.02180476548021,0 24.49424833436783,-29.02200313290214,0 24.4941822292073,-29.02217700807373,0 24.49412817940261,-29.02233533256003,0 24.4940470432667,-29.02246988867789,0 24.49402685107134,-29.02253272333266,0 24.49404205373983,-29.02261160932517,0 24.49412669503969,-29.02275216881168,0 24.49418375008592,-29.02283799292788,0 24.49423057359801,-29.02296549123335,0 24.49428963373916,-29.02308815748825,0 24.49436143840158,-29.02317918306347,0 24.49444314486654,-29.02323849208723,0 24.49454678428414,-29.02330830449134,0 24.49468267988108,-29.02334715690159,0 24.49478657356346,-29.02334869859346,0 24.49492148226906,-29.02329263341675,0 24.4950904299073,-29.0231918201634,0 24.49524359803974,-29.02309905657334,0 24.49538066755806,-29.02305482760691,0 24.49549424724128,-29.02303434090697,0 24.49563588107414,-29.0230246938452,0 24.49576598125042,-29.02302449306293,0 24.49589125369918,-29.02295476636128,0 24.49601003777876,-29.02285229006497,0 24.49611945539782,-29.02278603144002,0 24.49624496928131,-29.02271359391656,0 24.49624781259347,-29.02271370039415,0 24.49633868831814,-29.02269786542029,0 24.49647407160264,-29.02268834319617,0 24.49664874183404,-29.02269034531634,0 24.49688583355,-29.02268642879526,0 24.49705668496839,-29.02269635671055,0 24.49710915767551,-29.02272940366165,0 24.49717665976321,-29.02282800179581,0 24.49722292231682,-29.02287257867495,0 24.49728292311557,-29.0228901281256,0 24.4973595175347,-29.02290477155073,0 24.49742315921128,-29.02294944296719,0 24.49747785639735,-29.0230282424564,0 24.49750264999272,-29.02310932440358,0 24.49748349939399,-29.02319009675043,0 24.49747606381606,-29.02322680201434,0 24.49747865132447,-29.02328816984264,0 24.49749731992421,-29.02332172357948,0 24.49752906634649,-29.0233609828366,0 24.49756396344226,-29.02339148705541,0 24.49760371556521,-29.02343245604925,0 24.49761811137779,-29.02346966729326,0 24.4976226795405,-29.02351091178634,0 24.49761047656893,-29.02357166389788,0 24.49759698939224,-29.02361874569355,0 24.4976279680721,-29.0236806448252,0 24.49768220536851,-29.02372280218501,0 24.49794683577528,-29.02388501513129,0 24.49803691921187,-29.02394278606474,0 24.49809050018872,-29.02398039098964,0 24.49812757495462,-29.02401791109707,0 24.4981711893939,-29.02407140968853,0 24.49824711432352,-29.0241244260415,0 24.49835379357914,-29.02417280956835,0 24.49847089897008,-29.02420184952241,0 24.49855776493462,-29.02421095888644,0 24.49866595954567,-29.02422051621991,0 24.49874816507873,-29.02424924085949,0 24.49883609795657,-29.02431753027262,0 24.49890893944137,-29.02439672218842,0 24.49893229727081,-29.02445139801855,0 24.49903490462578,-29.02453923766535,0 24.49914674604111,-29.02461076004401,0 24.49924910405235,-29.02467917909526,0 24.49932456034409,-29.02472636897162,0 24.49938647684696,-29.02478662950035,0 24.49940645702061,-29.02483849160996,0 24.49942704625724,-29.02493056201405,0 24.49945212879733,-29.02499915225267,0 24.49949219114332,-29.02509261919298,0 24.49955119301295,-29.02516118565924,0 24.49964031583616,-29.02523480318067,0 24.49971260557909,-29.02530129302309,0 24.49980036885724,-29.02536282518447,0 24.49986314074057,-29.02543146405981,0 24.49986266594099,-29.02549622089047,0 24.49984185362637,-29.02554490405503,0 24.49979672184796,-29.02560005246147,0 24.4997305159998,-29.02566242533363,0 24.499692768598,-29.02569941479969,0 24.49966991806896,-29.02573593933707,0 24.49965488974432,-29.02579159184677,0 24.49965481128672,-29.02579551728896,0 24.49965751662154,-29.02599188226413,0 24.49966153457958,-29.02608288931602,0 24.49970590601783,-29.02616878088103,0 24.49989494143874,-29.02654080465137,0 24.49995633049162,-29.02663811155854,0 24.49999920248237,-29.02669460894861,0 24.50014385094269,-29.0270494801142,0 24.500185948368,-29.0271636484647,0 24.50017922752967,-29.02726679377046,0 24.50014919767924,-29.0274304102945,0 24.50016531888392,-29.02751500808467,0 24.50018043040821,-29.02759076307612,0 24.50022758232439,-29.02767872564887,0 24.50031379454446,-29.02781958249762,0 24.50034339749072,-29.02789030319762,0 24.50037766685146,-29.02798877014288,0 24.5003774236825,-29.02799388982034,0 24.50040148796715,-29.02806313517563,0 24.5004404413586,-29.02810729714384,0 24.50050399969112,-29.02812843270011,0 24.50061760468955,-29.028170263124,0 24.50068975661108,-29.02822090455664,0 24.50078464386959,-29.02829132079179,0 24.50096772881487,-29.02847883408653,0 24.5010643308112,-29.02859390550813,0 24.50115587728486,-29.02869496459773,0 24.50122326780886,-29.0287641060571,0 24.50135934989688,-29.02886631515162,0 24.50146915812099,-29.02894642425159,0 24.50163678746402,-29.02908431409034,0 24.50174238501762,-29.02916510589055,0 24.50183740260632,-29.02921976851094,0 24.50206421586749,-29.02933728438025,0 24.50240528002329,-29.02954425333168,0 24.50251856970904,-29.02962863855001,0 24.50260222315733,-29.02968127678878,0 24.50311540451384,-29.02998025791179,0 24.50318583084097,-29.03002576956313,0 24.50329542987508,-29.03010865497284,0 24.50349529872093,-29.03018438478201,0 24.50370863879715,-29.03028637816147,0 24.50387181051283,-29.03040020151235,0 24.5040424560142,-29.03053668307335,0 24.50416168535233,-29.03064946996257,0 24.50445080045173,-29.0308877819909,0 24.5046148283378,-29.03098720805124,0 24.50477223361887,-29.03105455956017,0 24.50489339780136,-29.03110400213956,0 24.50500060829904,-29.03116183654289,0 24.50510689080551,-29.03124073972766,0 24.50521150595603,-29.03131621159873,0</coordinates></LineString>
</Placemark>
<Placemark>
  <name>Kameeldoring Loop</name>
  
  <styleUrl>#style_MAIN_ROADS</styleUrl>
  <LineString><tessellate>1</tessellate><coordinates>24.37019992929658,-29.11175955447434,0 24.37009704927839,-29.11134939844768,0 24.3700154152744,-29.11100085179117,0 24.36991677358802,-29.11062415132557,0 24.36991954677006,-29.11047038303726,0 24.37000696640707,-29.11015720154013,0 24.37016467535783,-29.10992319797377,0 24.37031357441775,-29.10969048495935,0 24.3704178726605,-29.10946041601804,0 24.37048848264827,-29.10929205320748,0 24.37054212746308,-29.10903655560144,0 24.37056834817914,-29.10884692035637,0 24.37060163448246,-29.10868075300576,0 24.37070635465141,-29.10857680749765,0 24.37088550886184,-29.10839618501687,0 24.37128448133637,-29.10811415786521,0 24.37178998963104,-29.10779629316425,0 24.37191827050832,-29.10765572564399,0 24.37197526956324,-29.10751598961313,0 24.37200872556998,-29.10742071004327,0 24.37211406733589,-29.10730474544054,0 24.37225653163807,-29.10711114834647,0 24.37233765683457,-29.10696465307854,0 24.37242491989806,-29.10685794254759,0 24.37257604308932,-29.10674231452649,0 24.37268873655295,-29.10650189761033,0 24.37280813602445,-29.10627065915138,0 24.37287372968768,-29.10615167571131,0 24.37297944811805,-29.10602123391228,0 24.37311912646339,-29.10592655427553,0 24.37334359702046,-29.10576702972163,0 24.3733809459826,-29.10564869001554,0 24.37343185848861,-29.10550379832816,0 24.37351407821796,-29.10542635215918,0 24.3736669691656,-29.10533480481265,0 24.37384676734948,-29.10523456511102,0 24.37395855233183,-29.10509891259554,0 24.37399915315218,-29.10495138472267,0 24.37398912867171,-29.10475095383168,0 24.37395903718433,-29.1045446024289,0 24.37398292198796,-29.10441809240828,0 24.3740640838182,-29.1043477030958,0 24.37414850138162,-29.10428035530518,0 24.37423279779714,-29.1042189658685,0 24.37426305078496,-29.10411593664508,0 24.37426945414656,-29.10394322350044,0 24.37427509837379,-29.10363269340644,0 24.37429165275667,-29.1035018124604,0 24.37437617196312,-29.1033825466036,0 24.37446092399917,-29.10329890148426,0 24.37452538137553,-29.10318219103276,0 24.37458783798454,-29.10289229940825,0 24.37456712348206,-29.10266528473639,0 24.37448856655576,-29.10240584161116,0 24.37442367469701,-29.10221240292485,0 24.37440960816623,-29.10197635845648,0 24.37429278921311,-29.10182633910226,0 24.37408982927105,-29.10144823129565,0 24.37370854031636,-29.1007044928821,0 24.37358428699803,-29.10041263359148,0 24.37351211268741,-29.10033459727062,0 24.37338864299393,-29.10025667495629,0 24.37331307446424,-29.10018166596471,0 24.37322003798014,-29.10002847083383,0 24.37310006583048,-29.09980658669379,0 24.37291994318388,-29.09944300404299,0 24.3724407576623,-29.09872829223598,0 24.37211441388916,-29.0981790588605,0 24.37203527196716,-29.09806570030059,0 24.37193108834383,-29.09796310937281,0 24.37179203162869,-29.09786341286981,0 24.37168761930772,-29.09775457283241,0 24.37167367492673,-29.09764881479249,0 24.37171786488137,-29.0971459931358,0 24.37168225798402,-29.09697404740862,0 24.37162879211944,-29.09685705162658,0 24.37152508564395,-29.09673167415984,0 24.37134862478099,-29.09658905602869,0 24.37108125317777,-29.09642737639183,0 24.3709184466751,-29.09641212208597,0 24.37056788807924,-29.09652592430409,0 24.37036573720428,-29.09659208611489,0 24.37018907520022,-29.09661621609494,0 24.36997943987376,-29.09652858582967,0 24.36959508857069,-29.09610909607821,0 24.3693200339744,-29.09593887990632,0 24.36922135115048,-29.09580498519046,0 24.36917022807911,-29.09565294765159,0 24.36912034933319,-29.09542055835218,0 24.36908198585776,-29.09525442635902,0 24.3689831331758,-29.09512855496199,0 24.36881090502975,-29.09499969155579,0 24.36862195042297,-29.09485586047049,0 24.36837235051273,-29.09470196833961,0 24.36820207341743,-29.09456179116335,0 24.36797482361861,-29.0942521848331,0 24.36787188771726,-29.09411613325268,0 24.36774059564869,-29.09385962307658,0 24.36746677290343,-29.09344505086277,0 24.36741028722152,-29.09328631574393,0 24.36739543525388,-29.09285327484294,0 24.36733931186555,-29.09266690247886,0 24.36709843999463,-29.09233293545719,0 24.36675165175431,-29.09182383536347,0 24.36664795552483,-29.09160848226878,0 24.36662125219944,-29.09134772000032,0 24.36665470726004,-29.0908575329332,0 24.36662522840077,-29.09067871123098,0 24.36657617054419,-29.09046319894614,0 24.36665233074066,-29.09027490356392,0 24.3668159416082,-29.09003011876216,0 24.36693099558868,-29.08982192826181,0 24.36697687189332,-29.08963899216743,0 24.36691804612623,-29.08947262614943,0 24.36675120983289,-29.08911631553005,0 24.36658944861287,-29.0888715156883,0 24.36653997316757,-29.08873599330937,0 24.36657746811994,-29.08846115123455,0 24.3666355684687,-29.08778214866937,0 24.36648989798268,-29.08693903162767,0 24.36636307251818,-29.08637501003278,0 24.36632363418573,-29.08603951093989,0 24.36632361608518,-29.08589012383916,0 24.36637013770666,-29.08561025558258,0 24.36641868857928,-29.08535301257726,0 24.36650644867319,-29.08453569618175,0 24.3665260318998,-29.08437030181882,0 24.36656779580017,-29.08426122454922,0 24.36673689187905,-29.0833726811167,0 24.36677200584936,-29.08306531999793,0 24.36677050489732,-29.08231483375394,0 24.36674495341239,-29.08184191427657,0 24.36673034954142,-29.08167847956686,0 24.36680935289488,-29.08157160050964,0 24.36692457788099,-29.08143050632249,0 24.36701822079262,-29.0813399204276,0 24.36711521771753,-29.0812961228697,0 24.36741886905138,-29.08123061569681,0 24.36769655051271,-29.08113635977422,0 24.3682828950727,-29.0809515907826,0 24.3684083591021,-29.08088861141371,0 24.36860295142482,-29.08076265471481,0 24.36890937040651,-29.08070291934753,0 24.36931263411411,-29.08061536957074,0 24.36966632493376,-29.08055330125049,0 24.36990380953855,-29.08045977012749,0 24.37010823846639,-29.08040676257973,0 24.37069794728073,-29.0802963753801,0 24.37119513515634,-29.08015618473026,0 24.37139888300756,-29.08015043174671,0 24.37248040996306,-29.0801146430485,0 24.37276338063978,-29.08006337546775,0 24.37290556746663,-29.08004380891886,0 24.37306613289502,-29.08004900473436,0 24.37323086658993,-29.08007647988717,0 24.37344736187239,-29.08012710463155,0 24.37354420799135,-29.08015544212015,0 24.37374499023904,-29.08016847094461,0 24.37386666511118,-29.08020614227824,0 24.37405239760276,-29.08030892997591,0 24.37427049198843,-29.08043683871725,0 24.37461051494548,-29.08055230825313,0 24.37476413362944,-29.08063032952445,0 24.37488918678309,-29.08076454784031,0 24.37498208777505,-29.08088316253125,0 24.37506444370569,-29.08106729701761,0 24.37515764014134,-29.08122303347624,0 24.37530039979309,-29.08131638536298,0 24.37552038812761,-29.08138621101075,0 24.37582942735961,-29.08139239731115,0 24.3760442175503,-29.08139236005669,0 24.37641910596205,-29.08140477789889,0 24.3766333272491,-29.08139537930077,0 24.37691902048933,-29.08135162480532,0 24.37725937365866,-29.08129537084214,0 24.37749096699005,-29.08123900326121,0 24.37761945844535,-29.0812045367917,0 24.37778528316986,-29.08118902246017,0 24.37793778188449,-29.08120135011023,0 24.37813591664921,-29.08121086037645,0 24.37837879959389,-29.08122947027731,0 24.37858951799483,-29.08121360147472,0 24.37883314252973,-29.08114794000747,0 24.37902289993649,-29.081151239899,0 24.37914753511197,-29.08116861918752,0 24.38009231337732,-29.08146262731685,0 24.38021020233289,-29.08154066876534,0 24.38033531694016,-29.08168735170191,0 24.3807077091404,-29.0822364473193,0 24.3809581061966,-29.08269771708244,0 24.38138083458948,-29.0834110430522,0 24.38146631746292,-29.08361598337073,0 24.38153386615898,-29.08381095454634,0 24.38156227433812,-29.08402061303942,0 24.38157645863562,-29.08420528176004,0 24.38154824264068,-29.08431336330947,0 24.3815376636973,-29.08442133058855,0 24.38153414528917,-29.08455404719618,0 24.38156600446661,-29.08475185852322,0 24.38166515450125,-29.08489423194067,0 24.381782049442,-29.08506442140336,0 24.38191645791341,-29.08525298356519,0 24.38198731343238,-29.08542622676614,0 24.38205462126097,-29.08557162609727,0 24.38224944758748,-29.08594285451683,0 24.38232383328942,-29.0860727838663,0 24.3823768652611,-29.08623021570006,0 24.38245099510266,-29.08636881529523,0 24.38255997290521,-29.08647404265192,0 24.38284023019488,-29.08665561926049,0 24.38300636443037,-29.08683390008294,0 24.38324627556559,-29.08709467096704,0 24.383380759013,-29.08724484176549,0 24.38338820300051,-29.08735253074433,0 24.38319199131923,-29.08795347799484,0 24.38307612774116,-29.08826094790012,0 24.38298257813533,-29.0884496990478,0 24.38294315665554,-29.08865078732842,0 24.3829105725568,-29.08886462599843,0 24.38288179823985,-29.08901149532353,0 24.3827299681543,-29.08918937841225,0 24.38257714694045,-29.0893618153106,0 24.38245407023655,-29.08960185476816,0 24.38226426343819,-29.08999463522407,0 24.38207232845281,-29.09038733510446,0 24.381844851568,-29.09072448118191,0 24.3817066895188,-29.09093701993518,0 24.38155604354934,-29.09116074747834,0 24.38148568352691,-29.09133240086377,0 24.38146811753739,-29.09149181013536,0 24.381478748771,-29.09174006611881,0 24.38152238677895,-29.09245255551039,0 24.38153402811776,-29.09274452026123,0 24.38156285591941,-29.09299027448225,0 24.38163845494734,-29.09332922058614,0 24.38175259387521,-29.09366392958502,0 24.38197669212607,-29.09399332241547,0 24.38210790719002,-29.09417812054024,0 24.38219780283299,-29.09443048228145,0 24.38229314456618,-29.09464956045316,0 24.38252443691449,-29.09522039496792,0 24.38266572041677,-29.09554602395906,0 24.3827354705541,-29.09577218453968,0 24.3827910922083,-29.09594076047739,0 24.38299819838861,-29.0961029828281,0 24.38325651391857,-29.0962137204543,0 24.38352792933989,-29.09623416174474,0 24.383791358016,-29.09622528351441,0 24.38398000485188,-29.09626417901101,0 24.38416169823156,-29.09639318051756,0 24.38445678279676,-29.0966447037507,0 24.38449246575535,-29.09677919012257,0 24.38448907941612,-29.09692600413947,0 24.38453030032922,-29.09710580860981,0 24.38460577668597,-29.0972525959828,0 24.38464350994294,-29.09741720108891,0 24.38466067577396,-29.09759665010855,0 24.38467101044442,-29.097803069372,0 24.38466079920491,-29.09799752806682,0 24.38462668143846,-29.09838709237079,0 24.38459250195339,-29.09857556979929,0 24.38438397321783,-29.09938330529017,0 24.38436029260039,-29.09948798583725,0 24.38439818329431,-29.09960736320661,0 24.38453182644352,-29.09990421096203,0 24.38535618751061,-29.10174623373792,0 24.38536305326825,-29.10188615996269,0 24.38535287869994,-29.10207379581209,0 24.38537678348543,-29.10258991644698,0 24.38539388903923,-29.10282258534656,0 24.3854554112647,-29.10301295048807,0 24.3855099822867,-29.10317933443532,0 24.38556784599173,-29.10329777311869,0</coordinates></LineString>
</Placemark></Folder><Folder><name>Gates</name><Placemark>
  <name>Main Gate</name>
  
  <styleUrl>#style_GATES</styleUrl>
  <Point><coordinates>24.32608415500921,-29.21307595041562,0</coordinates></Point>
</Placemark></Folder><Folder><name>Picnic Spots</name><Placemark>
  <name>Matopi Picnic Spot</name>
  
  <styleUrl>#style_PICNIC</styleUrl>
  <Point><coordinates>24.28811652448782,-29.13626557587274,0</coordinates></Point>
</Placemark>
<Placemark>
  <name>Kameeldoring Picnic Spot</name>
  
  <styleUrl>#style_PICNIC</styleUrl>
  <Point><coordinates>24.36882828425605,-29.08012736954347,0</coordinates></Point>
</Placemark></Folder><Folder><name>Bird Hides</name></Folder><Folder><name>Water Holes</name><Placemark>
  <name>Waterhole</name>
  
  <styleUrl>#style_WATER_HOLES</styleUrl>
  <Point><coordinates>24.33320777836543,-29.20326435452043,0</coordinates></Point>
</Placemark>
<Placemark>
  <name>Waterhole</name>
  
  <styleUrl>#style_WATER_HOLES</styleUrl>
  <Point><coordinates>24.33330001510971,-29.17544414747159,0</coordinates></Point>
</Placemark>
<Placemark>
  <name>Waterhole</name>
  
  <styleUrl>#style_WATER_HOLES</styleUrl>
  <Point><coordinates>24.28002733232723,-29.1425857903483,0</coordinates></Point>
</Placemark>
<Placemark>
  <name>Waterhole</name>
  
  <styleUrl>#style_WATER_HOLES</styleUrl>
  <Point><coordinates>24.37160287720431,-29.07991681736587,0</coordinates></Point>
</Placemark>
<Placemark>
  <name>Stof Dam</name>
  
  <styleUrl>#style_WATER_HOLES</styleUrl>
  <Point><coordinates>24.38832938074472,-29.12553713489744,0</coordinates></Point>
</Placemark>
<Placemark>
  <name>Waterhole</name>
  
  <styleUrl>#style_WATER_HOLES</styleUrl>
  <Point><coordinates>24.48875798701135,-29.04131213515895,0</coordinates></Point>
</Placemark>
<Placemark>
  <name>Waterhole</name>
  
  <styleUrl>#style_WATER_HOLES</styleUrl>
  <Point><coordinates>24.36636446293401,-29.08925440528648,0</coordinates></Point>
</Placemark></Folder><Folder><name>Dams</name></Folder><Folder><name>Waypoints</name></Folder><Folder><name>POI</name><Placemark>
  <name>Lookout</name>
  
  <styleUrl>#style_POI</styleUrl>
  <Point><coordinates>24.49004676832614,-29.04113444815344,0</coordinates></Point>
</Placemark>
<Placemark>
  <name>Grootbeek Fishing Spot</name>
  
  <styleUrl>#style_POI</styleUrl>
  <Point><coordinates>24.5022675667758,-29.04196373209694,0</coordinates></Point>
</Placemark>
<Placemark>
  <name>Kleinbek Fishing Spot</name>
  
  <styleUrl>#style_POI</styleUrl>
  <Point><coordinates>24.49490627870532,-29.00816558203189,0</coordinates></Point>
</Placemark>
<Placemark>
  <name>De Kranz Fishing Spot</name>
  
  <styleUrl>#style_POI</styleUrl>
  <Point><coordinates>24.47952004424948,-28.99942781429418,0</coordinates></Point>
</Placemark></Folder><Folder><name>Camps</name><Folder><name>Rest Camps</name><Placemark>
  <name>Lilydale Camp</name>
  
  <styleUrl>#style_CAMPS</styleUrl>
  <Point><coordinates>24.50287728768544,-29.03848464356932,0</coordinates></Point>
</Placemark>
<Placemark>
  <name>Haak and Streek Camp</name>
  
  <styleUrl>#style_CAMPS</styleUrl>
  <Point><coordinates>24.30899331729499,-29.15128785777174,0</coordinates></Point>
</Placemark>
<Placemark>
  <name>Motswedi Campsite</name>
  
  <styleUrl>#style_CAMPS</styleUrl>
  <Point><coordinates>24.341567385514,-29.15358765589892,0</coordinates></Point>
</Placemark>
<Placemark>
  <name>Mosu Lodge</name>
  
  <styleUrl>#style_CAMPS</styleUrl>
  <Point><coordinates>24.35090023969882,-29.17270383571476,0</coordinates></Point>
</Placemark>
<Placemark>
  <name>Kameeldoring Pan Treehouse</name>
  
  <styleUrl>#style_CAMPS</styleUrl>
  <Point><coordinates>24.40885147689734,-29.10375200044907,0</coordinates></Point>
</Placemark>
<Placemark>
  <name>Mofele Lodge</name>
  
  <styleUrl>#style_CAMPS</styleUrl>
  <Point><coordinates>24.36901472845311,-29.16809763094674,0</coordinates></Point>
</Placemark></Folder></Folder><Folder><name>Other Features (Viewpoints, Lookouts, Pans, Trails - not in the requested category list, kept so no surveyed data is lost)</name><Placemark>
  <name>Mokala National Park</name>
  
  <styleUrl>#style_OTHER</styleUrl>
  <Point><coordinates>24.31961099999999,-29.166252,0</coordinates></Point>
</Placemark>
<Placemark>
  <name>Mokala Boundary</name>
  
  <styleUrl>#style_OTHER</styleUrl>
  <LineString><tessellate>1</tessellate><coordinates>24.50611131081383,-29.05294393008897,0 24.49345356572962,-29.07471181493105,0 24.48537249413935,-29.07404939659764,0 24.4719605284765,-29.08343944914868,0 24.41800633846078,-29.11381801379228,0 24.41799106453271,-29.11947329361954,0 24.42803031688856,-29.13607129324149,0 24.40621579894595,-29.13892996231125,0 24.38606917038878,-29.17019315602695,0 24.38392594083767,-29.186129914882,0 24.34617295132476,-29.19203185553358,0 24.37314832377856,-29.21116119224233,0 24.36950484805567,-29.21698347570836,0 24.35709772521865,-29.21566111807511,0 24.35612599910304,-29.21537334653916,0 24.35372806121051,-29.21407928831026,0 24.35068384340835,-29.21178374448788,0 24.34968147122028,-29.21157344256346,0 24.33567988224301,-29.21244743085786,0 24.32696185198603,-29.21298883907056,0 24.32505775819483,-29.21515821563065,0 24.31483169762423,-29.22629822649295,0 24.27691417134707,-29.18013933685877,0 24.2685715823341,-29.17530107350576,0 24.233153392599,-29.17279423588743,0 24.25316481531902,-29.12789927445845,0 24.23666399550696,-29.12797855183476,0 24.22916440301473,-29.11377636839098,0 24.24514258042027,-29.10535620321678,0 24.26346765534319,-29.10454205119948,0 24.31710306378086,-29.13074644488589,0 24.36204511678296,-29.09276080553737,0 24.33090854830461,-29.0404867302616,0 24.38411997037892,-28.99871776027995,0 24.3935427186694,-29.08068139252457,0 24.41604111351204,-29.06099983521554,0 24.43784873355883,-29.0461866672641,0 24.4726962925567,-29.00464014134953,0 24.47678845891901,-28.99985086609231,0 24.4801329853146,-28.99972190825155,0 24.48177896315453,-28.99923954540774,0 24.48213069406505,-28.99929209512001,0 24.48395573923661,-28.99898482849928,0 24.48458140487058,-28.99863413754216,0 24.48636434221128,-28.99860192920173,0 24.4875132320871,-28.99869832001876,0 24.48843548523203,-28.99877164820406,0 24.49036629290404,-28.99936866716616,0 24.49075852532686,-28.99959099438443,0 24.49167586524526,-29.0005610257328,0 24.49209391735778,-29.00131446536261,0 24.49233796590228,-29.00183270787952,0 24.49252775339469,-29.00227642565151,0 24.4925569159733,-29.0028694851127,0 24.49259399660768,-29.00304603469085,0 24.49282580846347,-29.00380935226664,0 24.49287005338466,-29.00436238810341,0 24.49293435709344,-29.00455988711668,0 24.49301175190162,-29.00479381826182,0 24.49335404916457,-29.00552419478788,0 24.49360504629997,-29.00622474790805,0 24.49400206898323,-29.00742882830574,0 24.49409745948697,-29.00773987453193,0 24.4945842917608,-29.00902304584174,0 24.49561575515333,-29.00969967553662,0 24.49578373365937,-29.00992858638079,0 24.49972618198149,-29.01326803761914,0 24.5008081073895,-29.0139572656902,0 24.50250846595946,-29.01492538540274,0 24.50378403519784,-29.01566813527385,0 24.50464083833364,-29.01613681293755,0 24.50665089109775,-29.01715422890548,0 24.50877223082591,-29.017682693952,0 24.509676884849,-29.01837807473513,0 24.51102181469312,-29.0196728728207,0 24.51136573294248,-29.02091135541471,0 24.51172109866441,-29.0222435791555,0 24.51176769683193,-29.02392642105198,0 24.51192236005606,-29.02580342292071,0 24.51215150075188,-29.02828499271006,0 24.51211322634435,-29.03025022903941,0 24.51102955035043,-29.03227932126566,0 24.51063736520367,-29.03297106108087,0 24.5067130234983,-29.03608694841895,0 24.50621076046493,-29.03649958650561,0 24.50593860758634,-29.03673597871791,0 24.50536203246662,-29.0373428429639,0 24.50464024148947,-29.03823577968433,0 24.50376859490819,-29.03937223357362,0 24.50339876527172,-29.03982576584827,0 24.5030991825357,-29.04047723845584,0 24.50286508981821,-29.04091349660172,0 24.50248034935082,-29.04176791598524,0 24.50203928121453,-29.04237013001892,0 24.5015118052942,-29.04247616283366,0 24.50114172897791,-29.04301872924311,0 24.50092604044744,-29.04330274816554,0 24.49984480155318,-29.04444777226612,0 24.50113152182779,-29.05003498956381,0 24.50611131081383,-29.05294393008897,0</coordinates></LineString>
</Placemark></Folder>
</Document>
</kml>