<?xml version="1.0" encoding="UTF-8"?>
<kml xmlns="http://www.opengis.net/kml/2.2">
<Document>
<name>Namaqua National Park</name>
<description>Restructured from source 'My Places.kmz' (folder: Namaquland National Park). Boundary from WDPA (World Database on Protected Areas).</description>
<Style id="style_GATES">
  <IconStyle><scale>0.9</scale><Icon><href>../../icons/gate.png</href></Icon></IconStyle>
  <LabelStyle><scale>0.8</scale></LabelStyle>
</Style>
<Style id="style_CAMPS">
  <IconStyle><scale>0.9</scale><Icon><href>../../icons/camp.png</href></Icon></IconStyle>
  <LabelStyle><scale>0.8</scale></LabelStyle>
</Style>
<Style id="style_PICNIC">
  <IconStyle><scale>0.9</scale><Icon><href>../../icons/picnic.png</href></Icon></IconStyle>
  <LabelStyle><scale>0.8</scale></LabelStyle>
</Style>
<Style id="style_POI">
  <IconStyle><scale>0.9</scale><Icon><href>../../icons/poi.png</href></Icon></IconStyle>
  <LabelStyle><scale>0.8</scale></LabelStyle>
</Style>
<Style id="style_WATER_HOLES">
  <IconStyle><scale>0.9</scale><Icon><href>../../icons/waterhole.png</href></Icon></IconStyle>
  <LabelStyle><scale>0.8</scale></LabelStyle>
</Style>
<Style id="style_BIRD_HIDES">
  <IconStyle><scale>0.9</scale><Icon><href>../../icons/birdhide.png</href></Icon></IconStyle>
  <LabelStyle><scale>0.8</scale></LabelStyle>
</Style>
<Style id="style_OTHER">
  <IconStyle><scale>0.9</scale><Icon><href>../../icons/lookout.png</href></Icon></IconStyle>
  <LabelStyle><scale>0.8</scale></LabelStyle>
</Style>
<Style id="style_DAMS">
  <IconStyle><scale>0.9</scale><Icon><href>http://maps.google.com/mapfiles/kml/paddle/blu-circle.png</href></Icon></IconStyle>
  <LabelStyle><scale>0.8</scale></LabelStyle>
</Style>
<Style id="style_WAYPOINTS">
  <IconStyle><scale>0.9</scale><Icon><href>http://maps.google.com/mapfiles/kml/paddle/wht-blank.png</href></Icon></IconStyle>
  <LabelStyle><scale>0.8</scale></LabelStyle>
</Style>
<Style id="style_MAIN_ROADS">
  <LineStyle><color>ff0055ff</color><width>4</width></LineStyle>
</Style>
<Style id="style_BOUNDARY">
  <LineStyle><color>ff29610d</color><width>3</width></LineStyle>
  <PolyStyle><color>4029610d</color></PolyStyle>
</Style><Folder><name>Boundary</name><Placemark><name>Namaqua National Park Boundary</name><description>Source: WDPA (World Database on Protected Areas), record name "Namaqua National Park". 6 section(s), 7 excluded enclave(s)/hole(s).</description><styleUrl>#style_BOUNDARY</styleUrl><MultiGeometry><Polygon><outerBoundaryIs><LinearRing><coordinates>17.440185771656104,-30.40722836239894,0 17.446722780831692,-30.40998622338543,0 17.467187990733237,-30.419345182833865,0 17.52039166894042,-30.444132996740336,0 17.521608629734544,-30.44425121172401,0 17.539411216854205,-30.456369814615186,0 17.553639256946212,-30.466073861919142,0 17.562465049722334,-30.466989127146462,0 17.563577187337387,-30.470061767036896,0 17.561815431636887,-30.474407310049287,0 17.57139086599574,-30.4814714568422,0 17.569600812227748,-30.48306944599807,0 17.55787828695344,-30.48686458323391,0 17.54100019030659,-30.51756575885264,0 17.532324315414883,-30.531862412720102,0 17.528907365582484,-30.537494279437396,0 17.519772502798787,-30.552284919213605,0 17.517699525013143,-30.55564084105191,0 17.520020026802854,-30.566508343085502,0 17.5215989440361,-30.609182326203324,0 17.525559213886652,-30.62060600676176,0 17.535802302234515,-30.638125022351858,0 17.544921276695618,-30.65371614688263,0 17.55548138505793,-30.671506141695033,0 17.562022708281404,-30.68252154623235,0 17.573865781380732,-30.68727701642115,0 17.589323704625315,-30.69348035463463,0 17.586345655427692,-30.69554734743207,0 17.57083040759727,-30.706316254091803,0 17.569561374258058,-30.708566278710748,0 17.554362670700755,-30.735515606859735,0 17.546491811348062,-30.749346270713772,0 17.552569904577467,-30.776268025648847,0 17.591978209227022,-30.783778337800015,0 17.591663449208852,-30.789724486096134,0 17.59155948038574,-30.791073419702514,0 17.601376005897976,-30.799671743356214,0 17.595366036313578,-30.80690046698294,0 17.592166041629582,-30.810384346160617,0 17.58995477689149,-30.811796753917008,0 17.588829028037253,-30.813580242634032,0 17.586147033858595,-30.816898114156572,0 17.588214181339424,-30.820173895608775,0 17.60719671405718,-30.8551365932791,0 17.58881528459773,-30.859679723640284,0 17.584016176605303,-30.860865757648526,0 17.574641343223448,-30.84087003702257,0 17.57756126474061,-30.847098855727552,0 17.577143167223426,-30.84776655828,0 17.577102516967614,-30.84768114426936,0 17.577094455444808,-30.84763798130774,0 17.576960810792855,-30.847471804580096,0 17.57682970222902,-30.84730175537169,0 17.576741136993917,-30.84713888005524,0 17.57663016335141,-30.846939146024738,0 17.5765619992369,-30.8467965872926,0 17.576481419082256,-30.84663494944334,0 17.57644693008183,-30.846539948659654,0 17.57643706002233,-30.846482990997174,0 17.576391988699356,-30.846331394977824,0 17.57637044274179,-30.84617996083648,0 17.576343596180095,-30.84612288716147,0 17.576327345430684,-30.84608491688539,0 17.576283894686014,-30.846008785676872,0 17.576213198979985,-30.845894644622092,0 17.576155940044657,-30.845809131686053,0 17.57609320243938,-30.84572345507337,0 17.576019324032643,-30.84561122957456,0 17.57598898630272,-30.845563104153882,0 17.575890838791224,-30.845454496627667,0 17.575738156390855,-30.845286786555903,0 17.57560688415043,-30.84521557463904,0 17.57543136616465,-30.845202964345276,0 17.5753894487641,-30.84520149305439,0 17.575299700021162,-30.84519837420555,0 17.575233913714214,-30.84518891243829,0 17.574795317050302,-30.84512435280658,0 17.571508462245788,-30.843281045683682,0 17.57142886055351,-30.8432714436222,0 17.571366858593706,-30.843220747039823,0 17.571308678752587,-30.843157155078586,0 17.571269185024903,-30.842978386942946,0 17.57122398419955,-30.842796380348602,0 17.571125319577902,-30.842640785943445,0 17.571026146839245,-30.84249260015332,0 17.571003171858933,-30.8423935614137,0 17.57099530369038,-30.842279680263005,0 17.57099504018902,-30.84218480268646,0 17.571001248209086,-30.842004469730455,0 17.57101095908854,-30.841852807161274,0 17.570981362400005,-30.841738842373616,0 17.570929119883033,-30.841662678789532,0 17.570901430656534,-30.841646385772037,0 17.570867111627933,-30.841431005336574,0 17.57058169199155,-30.840990187347245,0 17.57009751678703,-30.84049130193199,0 17.569855323064758,-30.840261112360395,0 17.569790302980152,-30.839993072122525,0 17.569902388184744,-30.839668131778808,0 17.569950280680985,-30.83888403087326,0 17.569845560024646,-30.83765945372079,0 17.569696491999537,-30.836453843270192,0 17.569610315363832,-30.835975361673547,0 17.56925803203262,-30.83564905076304,0 17.568817824682924,-30.835207817286914,0 17.568620805705677,-30.834786421955755,0 17.568552845737315,-30.83454134500704,0 17.568509918398092,-30.834465231784975,0 17.568486106148953,-30.83440462917025,0 17.568325658102708,-30.834270496186434,0 17.5681474961101,-30.834145460744367,0 17.568093025073097,-30.834105566818437,0 17.568005664030238,-30.83402955072313,0 17.567863494704568,-30.833923669941385,0 17.56768886794697,-30.833758920437788,0 17.56760383165158,-30.83364926160408,0 17.56756257884996,-30.83361390565716,0 17.567464366587274,-30.83352990807873,0 17.567397136868408,-30.83346066118054,0 17.56732152816602,-30.83342780175161,0 17.56713547192453,-30.83339693342168,0 17.56702742017933,-30.833398956896303,0 17.566926135832546,-30.83345352775808,0 17.56683320528822,-30.833516974029067,0 17.566680666779405,-30.833537110749035,0 17.566375935101348,-30.832522354423077,0 17.566004942274333,-30.831488176338212,0 17.56569855044779,-30.830817740746113,0 17.565061210806277,-30.82999317574445,0 17.564863931025627,-30.829629092408652,0 17.564733458282547,-30.829169582010536,0 17.564583088039115,-30.82825087687644,0 17.564366751624334,-30.82725551443042,0 17.56401608077755,-30.8266040680233,0 17.56373154877201,-30.82640171696562,0 17.563559084883934,-30.826306861872126,0 17.563407538327283,-30.82624384817501,0 17.563287101118874,-30.82620630507688,0 17.56316685366744,-30.826140446824127,0 17.56310123823158,-30.82610240190428,0 17.562663733344664,-30.825861816169834,0 17.561812939615493,-30.82491383900242,0 17.560910792798893,-30.823992813617394,0 17.560602339726245,-30.823762249028505,0 17.56002843826184,-30.823550080072096,0 17.559852100993737,-30.823434763603416,0 17.558312093828135,-30.82182306068563,0 17.55767496192999,-30.820979338325742,0 17.557389577367132,-30.82055755988341,0 17.557303299108014,-30.820117348936435,0 17.557381198383666,-30.819800736314903,0 17.557359175785393,-30.819759268575353,0 17.557295654870643,-30.819706774248175,0 17.557212856987803,-30.819643999770733,0 17.55710349672904,-30.81958258866547,0 17.556928332176824,-30.819514351705948,0 17.556840927067185,-30.8194613375706,0 17.55676442893531,-30.819410249783175,0 17.556742656348547,-30.819382836648572,0 17.556701026731048,-30.819332237192953,0 17.556641520389917,-30.819255025898656,0 17.55658685240138,-30.819178856918654,0 17.556527060975156,-30.819064822883206,0 17.556461771993213,-30.818950660244752,0 17.556431705858586,-30.818912637807955,0 17.556408529430144,-30.818855550643093,0 17.556377467746017,-30.81876053007437,0 17.556329964656186,-30.818665483425264,0 17.556284851964392,-30.818608404354336,0 17.55607562469038,-30.818475275913215,0 17.555826890198887,-30.81832418980946,0 17.555747409915114,-30.818212414871027,0 17.55573145324405,-30.81811872080226,0 17.555149635047655,-30.81741316218762,0 17.554731783045384,-30.816952702105482,0 17.554578621306405,-30.816627036908187,0 17.554557968375605,-30.816340030867707,0 17.554715765220465,-30.81570924008929,0 17.554832143788474,-30.81452347228037,0 17.55490259937551,-30.813681996426965,0 17.554907817241997,-30.812629876867277,0 17.554826397120564,-30.811956415056443,0 17.554775456821915,-30.811804388261862,0 17.554755607885056,-30.81156697173833,0 17.554768260446906,-30.811339356925714,0 17.554783971603058,-30.811272992354645,0 17.55476680894111,-30.81118747312337,0 17.554743818672364,-30.811101979972364,0 17.55473104739997,-30.81104132519698,0 17.554664780854978,-30.810950428019794,0 17.554598916306986,-30.810859071289087,0 17.55458256213558,-30.8107898675583,0 17.554535457445468,-30.810666780947145,0 17.554499201277167,-30.81060307207406,0 17.55449901421821,-30.810599338988254,0 17.554490095641427,-30.81041983160992,0 17.554459634704415,-30.810147031260442,0 17.55439131500725,-30.810025919560474,0 17.554282463764764,-30.809883160279583,0 17.55422617339923,-30.8098165546902,0 17.554195544288973,-30.809740482836958,0 17.55415588328742,-30.809645407409562,0 17.554115565780762,-30.809533467895164,0 17.55409319694354,-30.809459057989102,0 17.554055643952836,-30.80934457968857,0 17.55403461690412,-30.80926575231257,0 17.55390716858102,-30.809144715256366,0 17.55377340971512,-30.809004307702594,0 17.553705449746758,-30.808911607384744,0 17.553638649903803,-30.80881647979669,0 17.553586330045164,-30.808740377366462,0 17.553519760428628,-30.80864524618113,0 17.55339187323642,-30.80847533906558,0 17.553251635654533,-30.80829517158486,0 17.553207704671877,-30.808237363163755,0 17.553185611027175,-30.80810434174191,0 17.55322278180597,-30.807820051654005,0 17.553270143702207,-30.807450489648318,0 17.553269652672384,-30.80724269319569,0 17.553210165217024,-30.8070422496001,0 17.553143192704226,-30.806849427758834,0 17.55308018800031,-30.806748492349016,0 17.5530085426102,-30.806616038399397,0 17.552965779846886,-30.80655896202643,0 17.55293593314684,-30.806521106863556,0 17.55290269870062,-30.806445123143874,0 17.552834679376986,-30.806378402441283,0 17.552784538575622,-30.806330727580985,0 17.552719472625597,-30.806264523089226,0 17.552660124565136,-30.806198389643896,0 17.552582043626444,-30.80610322158634,0 17.552509436861044,-30.806007920429124,0 17.552445907852416,-30.805893726314366,0 17.552373319073467,-30.805762621347867,0 17.552346720724643,-30.805711865410217,0 17.552250334985047,-30.805605935165715,0 17.552076620139985,-30.80542034567236,0 17.55197985398712,-30.805322261113417,0 17.55193703456655,-30.80528329258982,0 17.55186072978887,-30.805206783666108,0 17.551686258613984,-30.8050337163329,0 17.551546968018215,-30.804893870855437,0 17.551367885119873,-30.80467717201384,0 17.551201021310135,-30.804492909919816,0 17.551117294427627,-30.804432103159,0 17.551084348663835,-30.804403052358907,0 17.550925335935574,-30.804262818374298,0 17.550734351409233,-30.804034452627832,0 17.55064262325851,-30.803863818860123,0 17.55063847288727,-30.803788258721113,0 17.550616547415757,-30.803740734946928,0 17.550547286128392,-30.803617097051358,0 17.55050967378247,-30.803484126890908,0 17.550506036024785,-30.8034407552866,0 17.55025316195389,-30.803104943038647,0 17.550000420982713,-30.80276897880526,0 17.54993305726481,-30.802642156410343,0 17.54987052110772,-30.802527516231862,0 17.549808637858405,-30.80247277359956,0 17.549738982667975,-30.802386835284153,0 17.549661733602193,-30.802291649240203,0 17.54952056072534,-30.802139278005257,0 17.549473106198946,-30.802082208826846,0 17.549419058742615,-30.80200605063868,0 17.549288321598794,-30.801836762256755,0 17.549195915359235,-30.801667761657825,0 17.54915077928507,-30.8015631471215,0 17.549081483823443,-30.801420485866686,0 17.54900317175901,-30.801269561640936,0 17.548934461756062,-30.80109974086031,0 17.548870098176565,-30.800947669998948,0 17.548820248755533,-30.800852542410837,0 17.548800225350192,-30.80079553168838,0 17.548763578876105,-30.800700898727428,0 17.548721462725382,-30.800606281954288,0 17.548677124349865,-30.800511220916064,0 17.548627274928833,-30.800416102321208,0 17.54857983209365,-30.800359033142797,0 17.548558610791304,-30.80028298916858,0 17.54853309612554,-30.800225993734557,0 17.548495417229788,-30.800149850834885,0 17.54842749773087,-30.800045701248052,0 17.54828713334456,-30.799836850789973,0 17.548187227658502,-30.799684669312,0 17.54814880592272,-30.799598965719667,0 17.5481199538728,-30.799532433874674,0 17.548097186635914,-30.79949437726367,0 17.54806874377755,-30.79945904739708,0 17.54803243724723,-30.79929504343147,0 17.54799608934809,-30.79913104666042,0 17.547967564651458,-30.799106450202487,0 17.54794223884329,-30.799069220967738,0 17.54785544976926,-30.79891671123721,0 17.54776860763519,-30.798764542349716,0 17.54773616729034,-30.79868847679171,0 17.54768118274046,-30.798564970197162,0 17.547603177344797,-30.798412851671742,0 17.54754929716239,-30.798308369335757,0 17.547518736400605,-30.79823237842146,0 17.54747883078346,-30.798137383033747,0 17.547453477995646,-30.79808987095072,0 17.547409262827273,-30.798022770734235,0 17.547323365880686,-30.797872955372554,0 17.54726777788568,-30.79778435326523,0 17.547259311667972,-30.79772359866513,0 17.54723221509471,-30.797581104684184,0 17.5471722177237,-30.797438577428352,0 17.547137787179167,-30.79734348491388,0 17.547111391177793,-30.79723960422433,0 17.547023030088837,-30.797078612088228,0 17.546959948942515,-30.796947831776947,0 17.546939358964266,-30.79689307295689,0 17.54692446439259,-30.796853281553638,0 17.54687176412068,-30.796712418043626,0 17.546823999328183,-30.796557667202535,0 17.54679194838974,-30.796522355322395,0 17.54676375284498,-30.796474771293617,0 17.546685551397104,-30.79626855225183,0 17.54666160694768,-30.79621155142189,0 17.546600238110557,-30.796078413088253,0 17.546566305790407,-30.79594542494135,0 17.54652888769806,-30.795869378269174,0 17.546493943640655,-30.795812334271773,0 17.546470345430123,-30.795755342435086,0 17.54643648415646,-30.795679900107245,0 17.546391279733825,-30.7956043246798,0 17.54629451178232,-30.7954520298872,0 17.54622940985945,-30.795290494560618,0 17.54619123813518,-30.795166907027067,0 17.546167826084343,-30.795071937719683,0 17.54616785396331,-30.79501547828164,0 17.54614999432681,-30.794948988704846,0 17.54612279613019,-30.794910593049394,0 17.546107835008627,-30.79488205756087,0 17.54607289994442,-30.794787052280583,0 17.545795355671203,-30.79441030469178,0 17.545558108220177,-30.794116006048796,0 17.5454017556865,-30.794016547325782,0 17.545344261128776,-30.793985015296187,0 17.545156149037098,-30.793881838775803,0 17.5450398361196,-30.793821089571566,0 17.544999761429892,-30.793763988017588,0 17.54494859989802,-30.793706923335776,0 17.54490043940382,-30.793630730973405,0 17.54486900270234,-30.793554735562566,0 17.544799092104483,-30.793412073408433,0 17.544759894253787,-30.793279656331038,0 17.54476086102494,-30.793254474414425,0 17.544686890887363,-30.793157290976126,0 17.544593742707093,-30.793057304351066,0 17.544503905830652,-30.79293365656298,0 17.544379383002195,-30.792752800201526,0 17.54430748310392,-30.792674176971673,0 17.5440893876152,-30.792545215988866,0 17.543871405441053,-30.792416077839675,0 17.543797027910557,-30.792329708749037,0 17.543737835432808,-30.792246448614662,0 17.543602732080444,-30.792066200194938,0 17.54276894003459,-30.7908390311963,0 17.541363556882686,-30.788997811399838,0 17.540527858274118,-30.78815332461619,0 17.540082637203966,-30.787785093607113,0 17.539913857838314,-30.78765347242978,0 17.539791527556986,-30.78755982962241,0 17.539714812688487,-30.787464895388553,0 17.539628969701255,-30.787304248592136,0 17.539560830767755,-30.787162124232623,0 17.539480846863626,-30.787009398664793,0 17.53941574224274,-30.786895300777473,0 17.53937940873277,-30.786850444392428,0 17.53934305813567,-30.7867246778016,0 17.539283064361996,-30.786573053003963,0 17.539248800192013,-30.786497056693747,0 17.53915917285758,-30.786241719379802,0 17.539063082994915,-30.785976856446723,0 17.539055238208732,-30.785891479308304,0 17.539054847003626,-30.785825005019944,0 17.539025340247292,-30.785739522660776,0 17.538971320669987,-30.785558454958675,0 17.538946584817097,-30.785406583746806,0 17.538952370155812,-30.78535964992784,0 17.5389092836366,-30.785245648268017,0 17.538871585855077,-30.78513160973597,0 17.53883766612546,-30.784998627884306,0 17.538747949758147,-30.78482835024812,0 17.538685111428777,-30.784714696625883,0 17.53863971095393,-30.784638130145538,0 17.53857458744733,-30.7845240313589,0 17.538522151576103,-30.784428904670165,0 17.53845156199003,-30.78431474922627,0 17.538350131053733,-30.784162465225563,0 17.53831238470883,-30.784086849328617,0 17.53821862498961,-30.78390667285464,0 17.538110175744066,-30.78370698468956,0 17.53803958705737,-30.78359282025241,0 17.53799606796423,-30.783535736684883,0 17.537941336123822,-30.783469208437168,0 17.53772207241576,-30.783231553593282,0 17.53752641771007,-30.78302230383622,0 17.537453309122952,-30.78291896184055,0 17.537378121303277,-30.78281554969783,0 17.537322068358833,-30.78275841217095,0 17.537274531094795,-30.782714697025597,0 17.53724836262188,-30.78264428460602,0 17.537195135347247,-30.78254915611859,0 17.537170557775084,-30.782511104004186,0 17.537118535592015,-30.78235915634997,0 17.53706100326275,-30.782207241071262,0 17.537041911555036,-30.78216924561417,0 17.5370046085759,-30.78207415939488,0 17.536991274327875,-30.781950643807136,0 17.536976791645657,-30.78184616596775,0 17.536957762890495,-30.781637445012052,0 17.53692920761688,-30.781409632348584,0 17.536892128568923,-30.781238598382572,0 17.536867521319095,-30.781124683057612,0 17.536868667055387,-30.78095403669937,0 17.536877280761928,-30.780800300293606,0 17.53683133799592,-30.780631054179764,0 17.536349774422604,-30.779587621171743,0 17.535911759620035,-30.77880176389027,0 17.535605758998656,-30.778131157426913,0 17.535276510002973,-30.77769001388299,0 17.53472652690772,-30.777190712980996,0 17.534397857075476,-30.776634743998216,0 17.534047670963275,-30.77596397116031,0 17.5339188997375,-30.775217404359694,0 17.533877334871136,-30.774719872424157,0 17.53421655285166,-30.77320964810673,0 17.534352942234534,-30.772464048976644,0 17.534355936976965,-30.77189011963327,0 17.53426901929987,-30.771602831205655,0 17.534093788197822,-30.77129609044215,0 17.53405093190503,-30.77104722914629,0 17.534273634620604,-30.77070365125246,0 17.534351718257255,-30.770520290279137,0 17.534452589815203,-30.770283399858954,0 17.534543900680546,-30.769709726822384,0 17.534571055709705,-30.768734134172917,0 17.534463425746537,-30.768178961989463,0 17.533893770880866,-30.767220463653416,0 17.533785341420412,-30.76681836057884,0 17.533743126344234,-30.766435547062827,0 17.533703251304075,-30.765593640434133,0 17.533529025644043,-30.76509567142807,0 17.533332206316345,-30.764693214919873,0 17.533268265418144,-30.76425294641632,0 17.533425636883692,-30.76371778864501,0 17.533558946088533,-30.763565257330697,0 17.533493795602226,-30.763354560564494,0 17.53334000074051,-30.76318184126893,0 17.53289833289182,-30.763122960855924,0 17.53278892227098,-30.76293130363672,0 17.532968382884633,-30.76239621781116,0 17.533060532817387,-30.76165036237427,0 17.532996296042256,-30.761267548858257,0 17.532775719324036,-30.76119033306736,0 17.532427614243034,-30.76124603167898,0 17.53195740461058,-30.761321360692193,0 17.531360376180487,-30.76139573282677,0 17.531250384597627,-30.761299758077314,0 17.531229616553617,-30.76105098401564,0 17.531254506190578,-30.760496248003392,0 17.531281190874324,-30.759616280267096,0 17.531196272390105,-30.758946359986453,0 17.530869258209748,-30.75808426177923,0 17.53063016534992,-30.757318202173224,0 17.53052425309187,-30.756437771286073,0 17.53035452763936,-30.755078833621212,0 17.53016369329987,-30.75352849594327,0 17.529381089765536,-30.75039423810358,0 17.5294331722032,-30.750034308736304,0 17.529407964206257,-30.749820049755442,0 17.529252353613288,-30.749549110103317,0 17.528992028659218,-30.749221750583274,0 17.528784579344915,-30.74896172060687,0 17.52842141691491,-30.748352072889816,0 17.528110264077498,-30.747787628696074,0 17.528047074113204,-30.74726887186091,0 17.528127412350273,-30.746716620675443,0 17.528063322164655,-30.746413457415088,0 17.527912179403586,-30.74599201621851,0 17.527892745054203,-30.745907216444834,0 17.527855934004208,-30.745871134745016,0 17.527809144076798,-30.745842925710406,0 17.52757591299803,-30.74584160730427,0 17.527543639927103,-30.745768219028037,0 17.527466387263985,-30.74548617094996,0 17.527428606744877,-30.745125305388513,0 17.527365425773837,-30.744583993556432,0 17.52722462701496,-30.743862123038525,0 17.527032241344898,-30.742970988420325,0 17.52692868980722,-30.742745269378645,0 17.526668916137623,-30.742406424616775,0 17.52603171229373,-30.741773562699734,0 17.52586310829588,-30.741491299683673,0 17.525772906294662,-30.741186684917523,0 17.525200886211962,-30.740576519190938,0 17.524966889810173,-30.74032793218828,0 17.52486348666065,-30.740079651854387,0 17.52489075230642,-30.739775309582853,0 17.524917488251504,-30.739594985620045,0 17.524840278755903,-30.73932425011401,0 17.524697833338394,-30.73902513290352,0 17.524608197010707,-30.738579597970045,0 17.524518302577633,-30.73819605330516,0 17.52434945576283,-30.737981440890735,0 17.523985137704017,-30.737676148035746,0 17.52390794529549,-30.73740539274462,0 17.52405237371812,-30.737157698768726,0 17.524052932197094,-30.737022412854003,0 17.523819359375977,-30.736672354445545,0 17.523625077035717,-30.73629983636829,0 17.523717554321706,-30.735973088387254,0 17.52353688591859,-30.735465325764153,0 17.523238411723355,-30.735013626877333,0 17.522821768409926,-30.734742042411312,0 17.5224573487277,-30.73447058115238,0 17.522041641608496,-30.7339622357685,0 17.521613636260327,-30.73366972677644,0 17.521351029726304,-30.733395296855406,0 17.52114168913772,-30.733230651673182,0 17.520942794174687,-30.733073269415797,0 17.520826664718868,-30.732925401985653,0 17.520679541927393,-30.732688384761104,0 17.520651534340914,-30.73255330209315,0 17.52063727109322,-30.732226369751118,0 17.520606095195205,-30.731948647412082,0 17.52040400044433,-30.73178614441497,0 17.519961378414905,-30.73146936811679,0 17.519734359852862,-30.731313290775688,0 17.519636083738305,-30.7311979895955,0 17.519294716378113,-30.73085765825431,0 17.51904932196868,-30.730635484340098,0 17.519005177846736,-30.73062251611617,0 17.518953050442974,-30.730600957568072,0 17.518930220253537,-30.730598643612495,0 17.518914822960767,-30.730605150207452,0 17.518654473725007,-30.730404470989527,0 17.51851921928659,-30.730176735667783,0 17.518324766974445,-30.729838042891345,0 17.518175243892415,-30.729450655423364,0 17.518137387830222,-30.72921518503273,0 17.51801253764853,-30.729085808563184,0 17.51788856340653,-30.728957122772954,0 17.517922616235808,-30.72871356028253,0 17.517959903027133,-30.728471985293822,0 17.51792385280362,-30.72839791892875,0 17.51787739922264,-30.728331957254,0 17.517702338991796,-30.728295896238592,0 17.517525269675502,-30.72825684767531,0 17.517402580564692,-30.72817114318366,0 17.51729217979033,-30.728077191908824,0 17.51723371486412,-30.727956500192306,0 17.517156410939663,-30.727697040386033,0 17.51707913759219,-30.727426285994284,0 17.51701976974664,-30.727292190781952,0 17.51684515108292,-30.727177663917985,0 17.51665956698548,-30.72705832388249,0 17.51615656537325,-30.726341696412135,0 17.515653876725082,-30.725624954727834,0 17.51541637026935,-30.725359041386582,0 17.515184309208564,-30.72510570596353,0 17.51497424916232,-30.72492951168755,0 17.514763178278088,-30.7247535971008,0 17.514428434424758,-30.72430810173745,0 17.51409431919751,-30.723862341074152,0 17.51386991586395,-30.723607717821892,0 17.51365246878646,-30.723365188652508,0 17.51353176088213,-30.723291196031823,0 17.513410194125186,-30.723228890101154,0 17.513244863659565,-30.723222827771224,0 17.513081556668567,-30.723218432784392,0 17.51299706266434,-30.723165792767077,0 17.512914652389327,-30.723103564178075,0 17.51265907405707,-30.722815442978288,0 17.51240124202377,-30.722528176134404,0 17.51220371223161,-30.722430971112374,0 17.51187788605563,-30.722306109239526,0 17.51175304576651,-30.722267192876586,0 17.511695676214515,-30.722170361972587,0 17.511643548810753,-30.72206200895448,0 17.511580001815673,-30.721719137028515,0 17.5115117513663,-30.721375105876405,0 17.51137352197054,-30.7211211211428,0 17.511223206585782,-30.720871605140417,0 17.510853509681795,-30.720589924885076,0 17.510482794745258,-30.720310591860255,0 17.510359182930017,-30.72016023870401,0 17.510237270833443,-30.720018560408164,0 17.510059883157112,-30.719933980968392,0 17.50988517635983,-30.71985350603444,0 17.509773380736988,-30.71976412511424,0 17.509669347162685,-30.71966691559561,0 17.50956570299485,-30.71947049286888,0 17.509461215262945,-30.719274010786933,0 17.509345036344428,-30.719165539957658,0 17.509235796594794,-30.719063782567446,0 17.509176149959387,-30.71896216187423,0 17.50911881907831,-30.71885577927077,0 17.508928670022158,-30.71863459461082,0 17.50873596419342,-30.718414871349182,0 17.508585497722606,-30.71828446965253,0 17.50834683204073,-30.718037906124437,0 17.508258611245935,-30.717892993866542,0 17.508255122775722,-30.717866650025826,0 17.508149582837007,-30.717779629825998,0 17.5078552850934,-30.717590204724104,0 17.50768021856726,-30.717494124754012,0 17.507620944251244,-30.71743762034987,0 17.507548825817707,-30.717388478695284,0 17.507494326901735,-30.71733565161901,0 17.507454555283573,-30.717272980563564,0 17.506848800731632,-30.71669007508683,0 17.506243821395287,-30.716106462743028,0 17.506004064835793,-30.715774708236154,0 17.505773907639764,-30.71545323657756,0 17.505692348123432,-30.715390581709926,0 17.505041328894265,-30.7149942702693,0 17.504475206565587,-30.714657852777634,0 17.50433836842103,-30.71453018681865,0 17.50420091514019,-30.7144079500668,0 17.503999924756783,-30.7143038175671,0 17.503798916386927,-30.714199630208725,0 17.503661488287094,-30.714076995956532,0 17.503524268830006,-30.71394949996943,0 17.503037058413554,-30.713691059095083,0 17.502474188033375,-30.713379742581026,0 17.502424892594775,-30.713350233126732,0 17.502303642399227,-30.71324536408224,0 17.502224252946974,-30.71312887939422,0 17.50211284762986,-30.713011702228243,0 17.501990165713607,-30.712901929180646,0 17.501887569255985,-30.712769547176833,0 17.501854655867703,-30.712711463563153,0 17.50184606914081,-30.71267904929863,0 17.50183120964266,-30.712646383223955,0 17.50177910202399,-30.71251869478192,0 17.501746551961844,-30.71237981517629,0 17.50175638784708,-30.712347067263295,0 17.501759780989175,-30.71231418085472,0 17.501594921768287,-30.712069353018194,0 17.501364018135007,-30.71170410955699,0 17.501261488227158,-30.71146974173513,0 17.501243840830625,-30.711356143870887,0 17.501234525652876,-30.71127418685421,0 17.501160676024426,-30.711157733642438,0 17.501005494408105,-30.71093829816391,0 17.50076086532175,-30.710620330263964,0 17.50062278611273,-30.710469343085663,0 17.50062736096396,-30.710441625080875,0 17.500631319779643,-30.710414514118497,0 17.500578373093504,-30.71034860460435,0 17.500516761439428,-30.710255343109566,0 17.500415379965887,-30.710073576634215,0 17.500315247650633,-30.709921835824048,0 17.500202397122962,-30.709844030077875,0 17.50008685762242,-30.70976626390194,0 17.499952027663994,-30.709599830867433,0 17.49970343166808,-30.709270337256214,0 17.49959508944187,-30.7091054924245,0 17.49950071908296,-30.708940283367326,0 17.499385250628848,-30.70878242356997,0 17.49935204765893,-30.708734698347598,0 17.499208293727804,-30.70850182789701,0 17.49941158008039,-30.70819024698227,0 17.49919558271,-30.708001928046485,0 17.49898301535393,-30.707808902059128,0 17.49883680987091,-30.70762387913868,0 17.49866108414176,-30.70737090434369,0 17.498628241799963,-30.707292935820306,0 17.49843114278309,-30.707053426574305,0 17.498204180878304,-30.70681130209988,0 17.497923911659257,-30.706560818426965,0 17.497628663332193,-30.706302401834307,0 17.497505178321376,-30.706212794284966,0 17.49719908956638,-30.705892623046054,0 17.497194449963956,-30.705887299958874,0 17.496977016376263,-30.705651163170614,0 17.496841623442208,-30.705445420769536,0 17.496491350095766,-30.70496293629043,0 17.49621543269609,-30.7045942331373,0 17.49603055006986,-30.704212597733147,0 17.495901221264376,-30.703926651094037,0 17.49580963430725,-30.7038074891243,0 17.495713138850306,-30.70367251077772,0 17.495574446303692,-30.703502566790007,0 17.495363693779495,-30.703286512762304,0 17.495259222235347,-30.70321565337963,0 17.495128715318003,-30.70314804684483,0 17.495016480825996,-30.70308270030631,0 17.494778280093612,-30.70301794192443,0 17.494359203214685,-30.70288070358157,0 17.49375548382858,-30.702574181353327,0 17.493285772420506,-30.702304183291403,0 17.49294635838777,-30.70200036442526,0 17.492541209309422,-30.701325144439807,0 17.49213612588153,-30.700739950188506,0 17.491783627612392,-30.700346086702496,0 17.49140507778219,-30.700076042775095,0 17.49089648418544,-30.69992984718465,0 17.490478998207266,-30.69973860455292,0 17.489787423151085,-30.699333588574234,0 17.489122094808863,-30.69905236787241,0 17.488639356720967,-30.698804835774524,0 17.48807837221915,-30.69847855993754,0 17.48756937302818,-30.698118503765897,0 17.487081485422266,-30.69772104479034,0 17.486963030319657,-30.69733518796852,0 17.486912756418633,-30.69717771128228,0 17.4868128903027,-30.6969101872553,0 17.486666109253576,-30.696668129330646,0 17.486587257595886,-30.696565278364858,0 17.486508980605038,-30.696510610376322,0 17.486369182791577,-30.696453684190146,0 17.486281488100246,-30.69642296424837,0 17.486177131669365,-30.696393143628654,0 17.48591617988785,-30.696392259595086,0 17.48572774224158,-30.69639475341512,0 17.4854051140548,-30.696286225029212,0 17.485076606100563,-30.696070515441875,0 17.48471150023562,-30.69603681874412,0 17.484476885999527,-30.696014434618405,0 17.484150938415098,-30.69604813041684,0 17.484046537018116,-30.695890635744206,0 17.484046340965904,-30.6957217979226,0 17.48435854241285,-30.69531654632152,0 17.484462613758694,-30.695147664433136,0 17.48438424593627,-30.695012614140808,0 17.484045052237434,-30.694832596846823,0 17.483705647197894,-30.694494992250043,0 17.483444609980836,-30.694236170962483,0 17.48332687433583,-30.694089862057467,0 17.48330053768973,-30.693853510331166,0 17.48273931486756,-30.69318951928085,0 17.48224288909813,-30.692390453656458,0 17.481433323888837,-30.69153518490083,0 17.480663479036366,-30.690792430326383,0 17.480389300026218,-30.690364758626686,0 17.480453059261322,-30.69015558890925,0 17.4805189498897,-30.68999569304674,0 17.480489714728606,-30.689923901966438,0 17.48040102538704,-30.689824660879367,0 17.480283660262785,-30.68971416387751,0 17.480209175712957,-30.689590386587042,0 17.480180430682367,-30.689522853796632,0 17.480169878936806,-30.689477840030236,0 17.480132103813617,-30.68939908100276,0 17.48007354355923,-30.689288877179877,0 17.48001865433747,-30.689167083793848,0 17.47989700933954,-30.689009270761176,0 17.479818628027317,-30.688896734096943,0 17.479788481853006,-30.688851719431284,0 17.47969945526569,-30.688707466376457,0 17.479529458217996,-30.688439403655536,0 17.47938594890246,-30.688270814046803,0 17.47929970481755,-30.688124751556018,0 17.479171608083277,-30.68791098630294,0 17.479098147861293,-30.68781420216368,0 17.479019787233426,-30.687618608611842,0 17.478887380947924,-30.687213660082307,0 17.478791410695123,-30.686933290139166,0 17.478645564041585,-30.686731720592377,0 17.478385644681794,-30.686464781124698,0 17.478069363010718,-30.68612004220614,0 17.477910668642494,-30.685925169910604,0 17.477765430830004,-30.6858059845585,0 17.477627874127165,-30.685697173785513,0 17.47759761014163,-30.68564841434278,0 17.477456371614323,-30.685477864212032,0 17.47718218540956,-30.68522816294933,0 17.476973408695926,-30.685085052932777,0 17.47684397287111,-30.685017048897635,0 17.476584165027248,-30.684896165625503,0 17.476349236927774,-30.684783480573117,0 17.476258429682844,-30.684737685295886,0 17.476089100831416,-30.684657260723952,0 17.47590620210957,-30.684562822016574,0 17.47573663313915,-30.6845210026421,0 17.47556710283959,-30.68447380082523,0 17.475476020402084,-30.68444696865265,0 17.47541095265342,-30.68442933744393,0 17.47517634741058,-30.684360896338262,0 17.474975510811248,-30.684306484656474,0 17.474851005969185,-30.684241861172893,0 17.474540058177183,-30.684109700402303,0 17.474319922126767,-30.68403935093528,0 17.473889894203296,-30.68391625623019,0 17.47352481262004,-30.683995052129887,0 17.473160198684297,-30.684152668211027,0 17.472912576654153,-30.684287677134535,0 17.47257353763871,-30.684220245967538,0 17.472234319658185,-30.68392764434526,0 17.47198633789924,-30.683578752357505,0 17.471816348945424,-30.683162295203715,0 17.47160746431308,-30.682903430748695,0 17.47113797863483,-30.68265585278533,0 17.470785819410082,-30.682430763269053,0 17.4705509065991,-30.682171911404566,0 17.470511769002997,-30.681879257621574,0 17.470615516592886,-30.681620385971996,0 17.47070613498022,-30.681203905435837,0 17.470679854991374,-30.680742410234018,0 17.470509423571116,-30.67998829632279,0 17.470483154374108,-30.679616862827913,0 17.470703847104915,-30.678851448935177,0 17.470899016176702,-30.678525002227047,0 17.471081220621898,-30.678266106295723,0 17.471393762012553,-30.678074726967054,0 17.47170816859716,-30.677922526603254,0 17.471746629903123,-30.67785204583521,0 17.47178003162321,-30.67780027096569,0 17.471805049863235,-30.677626905956913,0 17.47184653289122,-30.677424297693165,0 17.47191794086035,-30.67722247273889,0 17.471974748336038,-30.676953120390124,0 17.471982950153063,-30.6768584658455,0 17.472034331119517,-30.67672878270713,0 17.472086258873787,-30.676599626571488,0 17.47203882862908,-30.67652981220101,0 17.47188698079958,-30.676228739864428,0 17.47170385904593,-30.675767276138856,0 17.471651226223173,-30.675091926651078,0 17.47171549717251,-30.6745178758992,0 17.471480283987944,-30.673887593237794,0 17.471323318116674,-30.673324810091856,0 17.471166570780667,-30.6730209300718,0 17.47086661899931,-30.672818337995864,0 17.470670993971225,-30.672604515186208,0 17.47074893281706,-30.672480683037065,0 17.470983369886653,-30.67235685718316,0 17.471165538358946,-30.67216547875381,0 17.471152185225208,-30.671805302072983,0 17.470917052080324,-30.671298814688498,0 17.470720934223777,-30.670736043233774,0 17.470551160207947,-30.67042090280239,0 17.47038145813781,-30.670139531913833,0 17.470302919444237,-30.669858119656453,0 17.470042045903767,-30.669666799683,0 17.46995069726694,-30.66947546621975,0 17.469976348629643,-30.669194063854945,0 17.469871913957718,-30.6689802239581,0 17.469610946887713,-30.668676340340767,0 17.469062991763735,-30.668169863748176,0 17.468867182374595,-30.66785471522286,0 17.468580285152086,-30.66753959097929,0 17.468605966192456,-30.66728069594734,0 17.468814213205405,-30.66706681917833,0 17.46886614905361,-30.666909232774856,0 17.468553311785968,-30.66674041833562,0 17.468005719088694,-30.666504098984944,0 17.46775789201314,-30.666278995079495,0 17.46775777330265,-30.66609890134316,0 17.467783486718588,-30.665896292180093,0 17.46754878524831,-30.665783766307698,0 17.467197011832695,-30.665761268867413,0 17.467014405390557,-30.66560370404767,0 17.467040027075655,-30.66534481621028,0 17.46696181843322,-30.66519849471473,0 17.466531428982307,-30.664849600928278,0 17.46638789538514,-30.664658251277217,0 17.466322325814758,-30.66432057383537,0 17.46607448614867,-30.66403920744341,0 17.465709499893535,-30.663949236567987,0 17.465435872167802,-30.663982973735187,0 17.465397759798805,-30.66419307604957,0 17.46539708620662,-30.66419684690692,0 17.465253876365352,-30.664354423417876,0 17.464875946168036,-30.66437687139546,0 17.464758484816286,-30.664275643705935,0 17.464888708447177,-30.66410678969652,0 17.465031834651484,-30.663949212286298,0 17.465018798079143,-30.66378038525653,0 17.465057889809827,-30.66365246209142,0 17.465103152688414,-30.66350460815113,0 17.465187286963783,-30.663228843636205,0 17.465096188338464,-30.663071273420485,0 17.464861467083097,-30.662846144334026,0 17.46457474612771,-30.662812485407812,0 17.46453596556239,-30.662821794290323,0 17.464249017078544,-30.662891222851613,0 17.464027560823297,-30.662947433177465,0 17.463897250857485,-30.66284620099134,0 17.46390061881857,-30.66275056528633,0 17.463909743340025,-30.66249727572864,0 17.463857426179345,-30.662193360635058,0 17.463674450115832,-30.661596806147656,0 17.463478757638597,-30.661394204179146,0 17.463386998011572,-30.660921472847633,0 17.46333475279664,-30.660595061213087,0 17.463399407756526,-30.660302407430095,0 17.463164548005523,-30.659930976633234,0 17.463124447235487,-30.65990791711664,0 17.46289049310184,-30.659773408216154,0 17.4627473498104,-30.659593307285263,0 17.462747104295488,-30.65941320905233,0 17.46283804733804,-30.6592219304477,0 17.462818826128,-30.65904061723063,0 17.46281176914789,-30.658974242767044,0 17.46267131482938,-30.658840429042527,0 17.46256373882551,-30.65873792161773,0 17.462303130585042,-30.65841146771504,0 17.462303007377955,-30.658292853432386,0 17.462302945324723,-30.65820886484721,0 17.46258937040318,-30.65806257392859,0 17.462706406375617,-30.657961231125853,0 17.46266711859272,-30.65765738617938,0 17.462536418321122,-30.657229620050884,0 17.46232762182234,-30.65685821983095,0 17.462366150577452,-30.656419190593112,0 17.462274641861256,-30.656025274047124,0 17.462039772217736,-30.65563131433362,0 17.461987507217714,-30.655406190643134,0 17.462126626043016,-30.655183828770646,0 17.462218768781213,-30.655040288878183,0 17.462279626803365,-30.654954732774627,0 17.462410295598715,-30.654864855428684,0 17.462514466769278,-30.654801317426802,0 17.462548255197873,-30.65477692061836,0 17.462644762345974,-30.654762793168345,0 17.462775089398917,-30.654729670238055,0 17.4628271682393,-30.65471182768863,0 17.462918311830663,-30.654692242253134,0 17.4629956553253,-30.654681105048894,0 17.463123934621933,-30.6546244882295,0 17.46329522669339,-30.654489429843295,0 17.463370103347643,-30.65436696106633,0 17.4634425779127,-30.654154424287185,0 17.463514697245557,-30.65385042465732,0 17.46352905672063,-30.65369892126813,0 17.463489825595047,-30.653490298338568,0 17.46344614642254,-30.653283145800515,0 17.463420409624234,-30.65325393222315,0 17.463213723834315,-30.652894856312514,0 17.46301448533029,-30.652513209217204,0 17.463002644856203,-30.652446709747835,0 17.46297888206982,-30.652357640892376,0 17.462924370563314,-30.652267668218258,0 17.462584887282787,-30.651639495366396,0 17.462402184613154,-30.65132533519602,0 17.462188821357074,-30.650966285365712,0 17.461974085735505,-30.650629699700858,0 17.461783504105483,-30.650338107117932,0 17.461617333673075,-30.65013548176705,0 17.461462813957723,-30.64994449903935,0 17.461360567336385,-30.64980935971414,0 17.461271505675484,-30.64968128366428,0 17.461079478834904,-30.649492036628146,0 17.46086784317646,-30.649300278684848,0 17.460780133196636,-30.649245977619728,0 17.460663402094383,-30.649122805572972,0 17.46061486028765,-30.649051543294036,0 17.46045919933266,-30.648920198208543,0 17.460304155312542,-30.64878786836539,0 17.46022128638333,-30.648682195327012,0 17.460041326645978,-30.64847558238216,0 17.45983270191772,-30.648307944256203,0 17.459724050324724,-30.64823815866407,0 17.45953611539943,-30.64806609677288,0 17.459347025744705,-30.647894573575684,0 17.4592009218851,-30.647804542445613,0 17.459054637261772,-30.64771459585188,0 17.45881296604557,-30.647446246247227,0 17.45856032939571,-30.64717128212891,0 17.458237650846968,-30.646892443731247,0 17.45774424500098,-30.646444343931307,0 17.457464158344294,-30.646130878037525,0 17.457278729829568,-30.6459298822582,0 17.457200961854937,-30.645851112438834,0 17.456914527783283,-30.645583705323702,0 17.45664317804028,-30.64534333632588,0 17.456618645434162,-30.64529382325128,0 17.45653712638733,-30.645170471340123,0 17.4563056229062,-30.644917645832663,0 17.45603431273338,-30.644668708993663,0 17.455866849975223,-30.644561501711905,0 17.45572342429665,-30.64450821328336,0 17.455619148804715,-30.64446776357636,0 17.45539845157731,-30.64440523011723,0 17.4551517837279,-30.6443414807747,0 17.454958728962197,-30.644298721608664,0 17.454791757233863,-30.644260859251233,0 17.454739664903684,-30.6442453783215,0 17.454270500283428,-30.644099994818873,0 17.45418172820422,-30.64405587138134,0 17.453962540938562,-30.64394189130519,0 17.453728156029626,-30.643829608249803,0 17.453586778107365,-30.643725310274817,0 17.453454682987285,-30.643551776193476,0 17.45336980137529,-30.643349158936473,0 17.45332884804793,-30.64318676655597,0 17.45340334698693,-30.642957184926104,0 17.45329905890452,-30.642799635394795,0 17.45309050792065,-30.642641995931342,0 17.45285561309612,-30.64229303919234,0 17.45273828934063,-30.64205664969461,0 17.45239930608318,-30.641673918916183,0 17.45176062375384,-30.641212421915668,0 17.451076323313714,-30.64085780034719,0 17.45061371295253,-30.640750867358577,0 17.450357328827693,-30.640707975092937,0 17.450210114305378,-30.64068332557497,0 17.45001433729186,-30.640548200638932,0 17.449975130447967,-30.640323097632802,0 17.450054915601925,-30.640166127264933,0 17.450118170317353,-30.640041723146965,0 17.45015709477417,-30.639827837384757,0 17.450404261747337,-30.639523933982332,0 17.450429944586347,-30.639152544554236,0 17.450390631622383,-30.638814830240165,0 17.450286288681355,-30.638567192921585,0 17.44999952186049,-30.638308336560442,0 17.44963470557724,-30.638060601215727,0 17.449517235232292,-30.637846792795187,0 17.449569320367914,-30.637655444043446,0 17.44969946216048,-30.637509099165527,0 17.449712085944043,-30.637374072255568,0 17.449490700735282,-30.637115148445275,0 17.44933419082031,-30.63684497321691,0 17.44929491292993,-30.636563571751367,0 17.449450691696143,-30.636225922188487,0 17.449437523822724,-30.635798151563392,0 17.449332979433507,-30.635640592139566,0 17.448915956606186,-30.635359179882187,0 17.448759384637924,-30.635032779938797,0 17.4487462230598,-30.6347625876233,0 17.448876096854463,-30.634323640223784,0 17.448732211622314,-30.63355826500191,0 17.448536636956305,-30.63329928813158,0 17.448282493042655,-30.63315863326426,0 17.44780687668606,-30.63292779078489,0 17.44758537006885,-30.632758934976835,0 17.447428961777234,-30.63263515678699,0 17.447376834373472,-30.632421289910553,0 17.447519714163548,-30.6321173964007,0 17.44746744106959,-30.631847229266157,0 17.447284893982726,-30.631543316870534,0 17.447050202404967,-30.63130687880937,0 17.446581260816572,-30.63122813776829,0 17.44625574041015,-30.631306927372748,0 17.445904163946068,-30.63152064136449,0 17.445747957102583,-30.631486896103354,0 17.44586492022995,-30.63116043590537,0 17.44589067771267,-30.630856615240532,0 17.44578621156444,-30.630496359419396,0 17.44568182725459,-30.630226180593695,0 17.445408131180386,-30.629922280788605,0 17.4451083376797,-30.62968582114371,0 17.44504323215949,-30.62953950234612,0 17.44529030470386,-30.629179399409736,0 17.445524624861605,-30.628898005138808,0 17.445602438701656,-30.628594093642448,0 17.445550017219546,-30.628211394340326,0 17.445439699182828,-30.628084339920292,0 17.44523717635468,-30.627851131324633,0 17.44507011559341,-30.627767408938723,0 17.444585813584467,-30.62752469181106,0 17.4441427400954,-30.627265733826505,0 17.443725958286393,-30.627164378433292,0 17.44347832996101,-30.626950524147333,0 17.443178485198985,-30.62647776313821,0 17.44277448455489,-30.626083728780998,0 17.442370545963968,-30.62580221490026,0 17.441562820767615,-30.625475759198878,0 17.441198097114523,-30.62539699567475,0 17.440885527844898,-30.625419385196437,0 17.44056661475753,-30.62554877335714,0 17.44029967618917,-30.625723213055778,0 17.440000230726127,-30.62579062803502,0 17.439687612893067,-30.6257005654287,0 17.43923157118013,-30.6253853296692,0 17.438775458420707,-30.62505886497462,0 17.43829328330844,-30.62460854115119,0 17.437850280865803,-30.624203253577264,0 17.43718582666463,-30.623707841343787,0 17.43670373159199,-30.623313826771664,0 17.436377798396734,-30.622751005854184,0 17.43622140089701,-30.622548293269062,0 17.435739185315185,-30.621996718373794,0 17.435491593862025,-30.62181653830254,0 17.43514000210945,-30.621782749873944,0 17.43490557942897,-30.621715120856095,0 17.434814384576214,-30.62155757492212,0 17.434840125871176,-30.6213324026682,0 17.43472286237028,-30.621118575361947,0 17.434188671370123,-30.620611953079106,0 17.43371970460072,-30.62031921475989,0 17.433289828662737,-30.620184088924532,0 17.4329382342122,-30.620240190432412,0 17.432769004286172,-30.620217663314463,0 17.432808000688738,-30.62006007601167,0 17.432951155671333,-30.619835023367614,0 17.43312032714141,-30.619744983244345,0 17.43340678369617,-30.619576226361687,0 17.433550810121858,-30.61937045518232,0 17.43354127011355,-30.61918726597952,0 17.433516381375966,-30.6190521554326,0 17.433479195308678,-30.618945049774197,0 17.43341236039214,-30.618873690368446,0 17.433306643286983,-30.618796928735208,0 17.433241869616666,-30.618741029574835,0 17.433213326034206,-30.618650925599695,0 17.433238692311875,-30.618556200907904,0 17.4333403381861,-30.61843098919877,0 17.433417893920705,-30.61836230707479,0 17.433492491785103,-30.618335177226584,0 17.433645160695676,-30.618267368344334,0 17.43372801793373,-30.618214242693114,0 17.433927412020523,-30.61800314662787,0 17.434127315123533,-30.617792396801633,0 17.43426230156399,-30.61768450603506,0 17.43439457115261,-30.617589337078186,0 17.434536735082304,-30.617555627789955,0 17.434683683405297,-30.617522629865448,0 17.43516374331216,-30.61715306426248,0 17.435360745202274,-30.617049622442096,0 17.435553835940823,-30.61690900444694,0 17.43576208295383,-30.616683881655774,0 17.43584012162438,-30.616492598554544,0 17.43584647893192,-30.616334992365978,0 17.43573560781209,-30.616064834224687,0 17.43537065842918,-30.615411938110412,0 17.435253339170345,-30.615017955913913,0 17.435291899401705,-30.61427506464247,0 17.435356636199856,-30.613734732172134,0 17.4355127603057,-30.61339710059565,0 17.43581206727316,-30.61307079058446,0 17.43613746177448,-30.612811934223316,0 17.436723266665467,-30.61258686269349,0 17.437087634187037,-30.612361848720298,0 17.437256799361876,-30.612058005572464,0 17.437451754395,-30.611585214885736,0 17.437581898885583,-30.611438968933214,0 17.438154668103493,-30.611213953161382,0 17.438779452309916,-30.61084255474009,0 17.439234994899152,-30.610550037654093,0 17.439508660396427,-30.610243160193647,0 17.43958631415711,-30.61015607164535,0 17.439742392397534,-30.609874740326973,0 17.439885324348268,-30.609396352259807,0 17.439893695237913,-30.60931485659529,0 17.43992401228337,-30.60901932228387,0 17.43981965405385,-30.608760397574258,0 17.439598121356255,-30.60841145162715,0 17.439519877640294,-30.608152568286357,0 17.43961079909917,-30.607837423358376,0 17.4398708686457,-30.607398439985957,0 17.440105068294315,-30.60710587703454,0 17.440352140838684,-30.606700645218552,0 17.44040401643224,-30.60639677778903,0 17.440351567071218,-30.605822653292762,0 17.44033828228595,-30.60539496900259,0 17.440494059253467,-30.604697061819877,0 17.44059791566133,-30.60429193702322,0 17.440949038867075,-30.60357157916502,0 17.441196136592453,-30.603200215817253,0 17.44131314918252,-30.602952595585748,0 17.441430043961418,-30.602581107232254,0 17.441833503213672,-30.60227731444644,0 17.442364143690327,-30.602084208419456,0 17.44265718508109,-30.6019569282696,0 17.4428890518883,-30.60179916110235,0 17.4430714343992,-30.601652618373578,0 17.443176469818297,-30.60156821160365,0 17.443353201888783,-30.601401720113245,0 17.443532686784124,-30.601212696108973,0 17.443591905342203,-30.6011164371738,0 17.443610899023838,-30.600942643188375,0 17.44362473959012,-30.60076924580403,0 17.44360618118037,-30.600717629215183,0 17.44358831974523,-30.60064996872103,0 17.443540257277107,-30.60058238826656,0 17.443520131349032,-30.60057070787184,0 17.4433835144377,-30.600491480297535,0 17.443159945675006,-30.600240123382946,0 17.442938478627923,-30.600003695214298,0 17.442690924946305,-30.59968849632702,0 17.44249534308568,-30.599227002923783,0 17.442508260048214,-30.599001884629217,0 17.442625218678927,-30.598776778925185,0 17.442872450403286,-30.598551727180393,0 17.44297836535935,-30.59838910457347,0 17.442978049697274,-30.598305332724863,0 17.442962825074346,-30.598237745975155,0 17.44294558866801,-30.598188117787345,0 17.44297163213514,-30.598102569777723,0 17.44299210520154,-30.597980210718106,0 17.44299591562907,-30.59792542222044,0 17.443003889917634,-30.597900060439372,0 17.44294932984775,-30.597849624660398,0 17.442804752137647,-30.597694969147483,0 17.442729581405104,-30.59759355170098,0 17.44270502901395,-30.59749151731961,0 17.442643824752736,-30.59730021803057,0 17.442604225804416,-30.59720573525641,0 17.4425971796162,-30.59707596218584,0 17.442593699239865,-30.596947512018005,0 17.442570783614826,-30.596918352399996,0 17.442548103612125,-30.596873326043124,0 17.442527653028833,-30.596839562795537,0 17.442507438967198,-30.596805886782192,0 17.442464362340502,-30.596693311447098,0 17.442319727973143,-30.596468206642385,0 17.44219814862572,-30.596278840895764,0 17.442147825261998,-30.59620197763911,0 17.44209436506293,-30.596134417869052,0 17.442003181901384,-30.59602183623872,0 17.44187401137657,-30.595864388330824,0 17.441772887109096,-30.59574240159054,0 17.44170678873735,-30.595641557012186,0 17.441598019333185,-30.595437892944346,0 17.44144702585959,-30.595226700651665,0 17.441358593724146,-30.595105519703907,0 17.441305123632617,-30.595037959034528,0 17.44126087608862,-30.59499296685192,0 17.44115192322272,-30.594869123011563,0 17.441021492747723,-30.59475663221275,0 17.440949503816626,-30.59469186663631,0 17.44087296611457,-30.594615612220707,0 17.440732453340104,-30.594446777097062,0 17.440608887390283,-30.594255529968677,0 17.440584906967956,-30.59420591796868,0 17.440375248019336,-30.59400610389855,0 17.44016663678093,-30.593805188158854,0 17.440072277213858,-30.593666042353902,0 17.439956327622497,-30.593507984705695,0 17.43991097840899,-30.593440476196974,0 17.439859059647915,-30.59337299736592,0 17.43981584902224,-30.593327912553093,0 17.439720726830103,-30.5932154226536,0 17.43957918972785,-30.593015334290214,0 17.4395286109567,-30.592882897427728,0 17.439527991323814,-30.59285515334261,0 17.439342794834147,-30.592635298779953,0 17.439160240552724,-30.5924089358237,0 17.439030648245875,-30.59217429191,0 17.438910152581514,-30.591945180625544,0 17.438813533018163,-30.591825953005298,0 17.43869323610403,-30.591702705415457,0 17.43865089332411,-30.591646974428272,0 17.438598988052888,-30.591579485704642,0 17.438555784621826,-30.59153448273014,0 17.438398040836944,-30.59134313307908,0 17.43820527205571,-30.591143139144492,0 17.438159719595433,-30.59110534693417,0 17.438085660424917,-30.590965548221448,0 17.438016678826727,-30.59082247327848,0 17.43800526463133,-30.590706698155543,0 17.43798595888495,-30.590571746788612,0 17.43798598316664,-30.590527697095524,0 17.437997043928476,-30.59050006542566,0 17.437933971775408,-30.590348053020193,0 17.4377841708029,-30.590066023827887,0 17.437584021285602,-30.589822294063595,0 17.437429300122176,-30.589643254332657,0 17.43727763215702,-30.58948348527457,0 17.43716819995251,-30.589377579311815,0 17.437079102318762,-30.58924802657515,0 17.436938078729384,-30.589060004415614,0 17.43686200777546,-30.588961302921746,0 17.43680677860999,-30.58889320086047,0 17.436677567615675,-30.588713146694317,0 17.436622425684448,-30.58864560670935,0 17.436606773883568,-30.58858073141556,0 17.436555578177433,-30.58849342073472,0 17.436361294038534,-30.5883134331184,0 17.436045522283052,-30.58803486541666,0 17.435775493644144,-30.58775615562206,0 17.435629772895766,-30.58759861418463,0 17.435498563607894,-30.58744486878561,0 17.435340923245064,-30.587264149121154,0 17.435197651350563,-30.587144169667624,0 17.43510649337003,-30.587092821976114,0 17.434912557268774,-30.586993269723564,0 17.434654214420505,-30.58682684208503,0 17.434537674873866,-30.58674763429582,0 17.434228353955405,-30.586495333093126,0 17.433829011799503,-30.58612673785865,0 17.433635714216905,-30.585892041784234,0 17.4334919072258,-30.585647739151796,0 17.433320592671237,-30.58540023223486,0 17.433123197777377,-30.585220072848017,0 17.432923729946253,-30.585026760876246,0 17.432660650368746,-30.58474422896296,0 17.432452233383913,-30.58455214096847,0 17.432290258288845,-30.584467377167698,0 17.432024047272023,-30.584305395777335,0 17.43187552423609,-30.584192012851076,0 17.431808881774543,-30.5840706421464,0 17.43174415486891,-30.583952862434614,0 17.431648759282837,-30.583858313110625,0 17.431538240697307,-30.58374580072808,0 17.431430170965655,-30.583655712940754,0 17.431299977012372,-30.58354313580702,0 17.431241596622442,-30.58348686702527,0 17.431185917795915,-30.583428319361417,0 17.43107919974534,-30.583307954998077,0 17.430949040865585,-30.583216092848375,0 17.43087084931028,-30.58317099994167,0 17.430703713005983,-30.583091853306314,0 17.430514297796663,-30.582998815742712,0 17.430458613574217,-30.58297146915794,0 17.430276264338204,-30.582813846781562,0 17.43009427932759,-30.582556110076382,0 17.43007222885035,-30.582521440312178,0 17.429991878922124,-30.58239509905451,0 17.429905808406374,-30.582309685043867,0 17.429823577995762,-30.58225292433292,0 17.429679840252447,-30.58215372191671,0 17.42941280995325,-30.58197687293432,0 17.429294797317084,-30.581878280258366,0 17.42923493574375,-30.581787229297163,0 17.429178365689097,-30.58163295329814,0 17.429156438418943,-30.58157311780508,0 17.429132831215213,-30.581407743272678,0 17.42912268956053,-30.581341224018217,0 17.429061880101756,-30.581248914006153,0 17.429006837095926,-30.58117892786521,0 17.428845230722857,-30.58106839578977,0 17.428661058561033,-30.580932659314726,0 17.428612547331227,-30.580842640775188,0 17.42858953727739,-30.580719420165053,0 17.428568422994374,-30.580551157010234,0 17.428530351094878,-30.58043503564835,0 17.428403151884027,-30.5802723446929,0 17.42817227433102,-30.57992603915534,0 17.428068681424577,-30.579742336439608,0 17.427817214792697,-30.57947839081504,0 17.42754657641342,-30.57918011536998,0 17.42742941633452,-30.579038265303666,0 17.427298832974827,-30.578883894875787,0 17.42711645675911,-30.57867183743531,0 17.42692221578767,-30.578479119915414,0 17.42687535661247,-30.57843278774294,0 17.426776897036234,-30.57833147821509,0 17.426541281854725,-30.57816267636639,0 17.426254506939983,-30.577940149018616,0 17.42607448155212,-30.57774015868131,0 17.42604604498905,-30.577661378969424,0 17.426041533989633,-30.577638967864004,0 17.425990828414058,-30.57751535874678,0 17.425920729857864,-30.577357775041264,0 17.425831166375303,-30.577200122087902,0 17.425752476595562,-30.577065025930153,0 17.4256999400003,-30.57696466518712,0 17.42563655218521,-30.576841646924436,0 17.425564662179454,-30.576774169891962,0 17.425457913551895,-30.576661554986742,0 17.425419918094804,-30.57663238367752,0 17.425363425381818,-30.576482391149398,0 17.425298238922664,-30.57632668522831,0 17.425171790645663,-30.57617930433139,0 17.42504380812528,-30.57603715928741,0 17.425018967951075,-30.57596540328069,0 17.424995149406698,-30.575892723670222,0 17.42484133925643,-30.57568674294879,0 17.424654850441073,-30.57542280901538,0 17.42445451206612,-30.575203282705274,0 17.424281352102753,-30.575029815173764,0 17.424103861004426,-30.57480163019102,0 17.42392876030408,-30.574573053103848,0 17.423801677105757,-30.574454222084626,0 17.4236803162936,-30.574335368582354,0 17.423578046289833,-30.57417633876696,0 17.423411963091667,-30.57392761866464,0 17.423229708284452,-30.573730886571127,0 17.422934736948605,-30.57346660819735,0 17.42275886822722,-30.573321713026587,0 17.422625088676966,-30.57324814938255,0 17.42239096007478,-30.573142923307216,0 17.422272443818258,-30.57308099599112,0 17.422189946309004,-30.573037894183415,0 17.4220748151007,-30.572948570819847,0 17.422045945064383,-30.572881602803704,0 17.422018069678245,-30.572825343914474,0 17.4220033792526,-30.572807671336932,0 17.422015931989733,-30.57273984806551,0 17.42202513834951,-30.57269026844108,0 17.422045916286038,-30.57257257956087,0 17.422031975895038,-30.572521397344588,0 17.42201925588398,-30.572453894231785,0 17.42200207163836,-30.57240885438506,0 17.42196926526941,-30.572296483196112,0 17.42195054767967,-30.572208382011183,0 17.42189900033867,-30.572127738004667,0 17.421777607150887,-30.572003931036534,0 17.4217144846358,-30.571952175952106,0 17.4216420082721,-30.571825335570736,0 17.4215700373274,-30.571698300935793,0 17.421516436834168,-30.571652722395186,0 17.421462282358505,-30.57162028564761,0 17.421399774080385,-30.571614213425164,0 17.42119202079516,-30.571591187183515,0 17.421075135009517,-30.571569409200833,0 17.421056395836047,-30.57156592073062,0 17.420976912854314,-30.571527221104304,0 17.420835552918504,-30.57140793862544,0 17.420759975692363,-30.571284160435596,0 17.420723829241354,-30.571185738630902,0 17.420718621267383,-30.571171570711385,0 17.42068690307815,-30.571081464937606,0 17.420651673036332,-30.571013979811255,0 17.42058369508152,-30.570936405190878,0 17.42047394631561,-30.570857934845776,0 17.420081662039138,-30.57054873083922,0 17.419884187105595,-30.570271507623943,0 17.419610877739842,-30.570035038086473,0 17.419376469448537,-30.569697293195475,0 17.419129124409608,-30.569483389446816,0 17.418729513356425,-30.569275912253488,0 17.41860855184325,-30.569213108997758,0 17.418048936109585,-30.568976527045038,0 17.41772347955498,-30.568661204950615,0 17.417397995121405,-30.568154622237955,0 17.41705951818227,-30.567760542914698,0 17.416356601775817,-30.567107463338743,0 17.416050180271668,-30.566801602112207,0 17.416018210272227,-30.56676968877008,0 17.415341403882735,-30.566285372371965,0 17.415130994899528,-30.56609544994501,0 17.414742661344803,-30.56574492478842,0 17.414235037217225,-30.565463293096457,0 17.41351933874654,-30.565249179805733,0 17.413259060557266,-30.56513659727608,0 17.412842465807216,-30.564686122366595,0 17.412373897437476,-30.56397681178038,0 17.412126507432447,-30.563526506842777,0 17.411684042784373,-30.563019861177622,0 17.411241466620424,-30.56241178817345,0 17.411085020557323,-30.562171275284072,0 17.4108899827865,-30.56187144311258,0 17.410876982187006,-30.561398622748186,0 17.41107206222597,-30.560959728408704,0 17.411449210013075,-30.5605322068958,0 17.411722416856094,-30.56025086838281,0 17.412138704038,-30.5600596266504,0 17.412424901587997,-30.559778298029983,0 17.41254190518481,-30.55954205692035,0 17.412604828949725,-30.55935697464463,0 17.41265785117895,-30.559252477020152,0 17.412680203828415,-30.559184975706046,0 17.412701274044593,-30.559128652964944,0 17.412719875621804,-30.559106943330733,0 17.412739631928503,-30.559073862668583,0 17.412786234796954,-30.558972562133988,0 17.412831438320268,-30.558882507621604,0 17.412891316081414,-30.55872645186423,0 17.412952146224598,-30.55855913659485,0 17.412985967928137,-30.558446538776707,0 17.413016115901087,-30.558311513665387,0 17.413030571603656,-30.558233430928055,0 17.41306955271773,-30.558065390805098,0 17.413098336419125,-30.55791985261908,0 17.41310265406429,-30.557864326677304,0 17.413110465575585,-30.55775176842934,0 17.413120300561445,-30.557571633324187,0 17.41312989003245,-30.557426103232046,0 17.413139942654254,-30.55732559230222,0 17.413165400662763,-30.557224296264224,0 17.41319086136923,-30.55712300921948,0 17.413207006897892,-30.55704418184348,0 17.413258280845014,-30.556864115986116,0 17.413328838055463,-30.55671791589907,0 17.41336992268384,-30.556605270416867,0 17.41341635018449,-30.556493062005188,0 17.41343877118237,-30.556464484248522,0 17.41341849776552,-30.556335751693553,0 17.413402566275465,-30.556178170685996,0 17.413376486835432,-30.55588552229898,0 17.413358166746036,-30.555806951229783,0 17.413334031640318,-30.555744289167592,0 17.413330681665684,-30.555559519855933,0 17.413350187960873,-30.55530005555306,0 17.413370305795013,-30.555142925105883,0 17.41334322990616,-30.555008381131813,0 17.41331779528008,-30.554940583041457,0 17.413237035261034,-30.554831254258943,0 17.41302069255096,-30.554654392686018,0 17.41289087091701,-30.55455954208918,0 17.412789552395964,-30.55444039270992,0 17.41260012999203,-30.554148175098135,0 17.41245763780978,-30.55380032182734,0 17.41243285429283,-30.553711735907825,0 17.41240933702136,-30.5536276798735,0 17.412370408067943,-30.553561841405838,0 17.412267130823466,-30.553260994799018,0 17.41221354561867,-30.553194039373352,0 17.412149991429033,-30.553114638229943,0 17.41197781712259,-30.553018468327593,0 17.411746602323888,-30.55288931399059,0 17.411148002778134,-30.552483910404078,0 17.41091381302209,-30.55228118522848,0 17.410419400834712,-30.55192080799884,0 17.409898939784284,-30.55165049157688,0 17.40976342724042,-30.551541592670333,0 17.40953455517564,-30.55135769030511,0 17.409352454152497,-30.551109934275985,0 17.409196126799884,-30.550479529306813,0 17.409039926251637,-30.549849127035543,0 17.408714546139436,-30.54903856717607,0 17.40842166482804,-30.548374327013562,0 17.408089779020145,-30.548002807183764,0 17.407634429785162,-30.54772115660603,0 17.40681477418252,-30.547135524384885,0 17.406294364393432,-30.546775094994587,0 17.405995124875176,-30.546504840625857,0 17.40581292312794,-30.54629086673009,0 17.405630734870556,-30.545964375055803,0 17.4055786344465,-30.545491651818224,0 17.40553834122153,-30.54520303329332,0 17.40548746657339,-30.544838672966364,0 17.405279298700748,-30.544152039684832,0 17.404979985438047,-30.543611601993803,0 17.40474576240706,-30.54301491170878,0 17.404433461135397,-30.542575804229955,0 17.404134262086586,-30.542181673645302,0 17.404108258189638,-30.54197910315304,0 17.404147182646398,-30.54170891623346,0 17.404121183246048,-30.54145002659743,0 17.40392598989257,-30.541236100365722,0 17.403782952721144,-30.54085329404427,0 17.403808865786573,-30.540358030198888,0 17.40408200697908,-30.539930401666652,0 17.404359029645548,-30.539730772856842,0 17.404681638946556,-30.539584936995197,0 17.404752000104793,-30.53958700093932,0 17.404893985968727,-30.539574475181837,0 17.405024023439978,-30.53953015569209,0 17.405180257263112,-30.539436502092826,0 17.40528707873574,-30.539362113770494,0 17.405431623170898,-30.53920078079136,0 17.405571276193484,-30.53903451233282,0 17.405581217299414,-30.538998549343546,0 17.40561214588388,-30.53888683555897,0 17.405664337139513,-30.538718030112932,0 17.405676315209803,-30.538673009152035,0 17.405693375349017,-30.53856041403185,0 17.40571318561507,-30.538464634435286,0 17.405683455826875,-30.538301903010392,0 17.405661705723162,-30.53811092567861,0 17.405683295747565,-30.537953603675817,0 17.405713803449316,-30.537796619818096,0 17.405727100825118,-30.537758990385043,0 17.40574286234329,-30.537687278445105,0 17.405755021177356,-30.537608478948073,0 17.405764725761514,-30.537496812827612,0 17.405780438716306,-30.537412871906497,0 17.405763217598462,-30.5373626780451,0 17.405742597942606,-30.53729511287912,0 17.40571787737821,-30.537238845895956,0 17.405696992422293,-30.537197779254086,0 17.405671915726373,-30.537167899279098,0 17.405543258714488,-30.53702159307204,0 17.405389997150678,-30.536852696794483,0 17.405264555215126,-30.536686820440366,0 17.405189086806956,-30.53657088703676,0 17.405090411393417,-30.536474880811056,0 17.40492135503655,-30.536341568908256,0 17.40479241114093,-30.53627930344703,0 17.404702496023447,-30.536265900850594,0 17.404637467844907,-30.536265845092657,0 17.40436425830393,-30.536297183768,0 17.404348317820677,-30.536295592867248,0 17.404283020744856,-30.53628882007297,0 17.404182204045526,-30.536243171385195,0 17.404074267413534,-30.536197303262895,0 17.403936690925605,-30.53618446004475,0 17.403730193993283,-30.53603564293053,0 17.403470078581336,-30.535934294731874,0 17.403001780907516,-30.535686386717316,0 17.402845656801674,-30.535427417041603,0 17.402780661898078,-30.535033514884788,0 17.402702493725144,-30.534808295866128,0 17.402403303669587,-30.534571830825314,0 17.40201311481343,-30.534391556325204,0 17.40154485491115,-30.53428997879945,0 17.40107662198858,-30.534289736881817,0 17.40072539715942,-30.53419959693383,0 17.400465284445374,-30.533985534904446,0 17.400335159739882,-30.533704096566737,0 17.400192171131835,-30.53308497629058,0 17.40019218012509,-30.53267974897119,0 17.400309065011413,-30.53243215931667,0 17.400392227119653,-30.532047239588394,0 17.400446747619355,-30.531866615252056,0 17.40044493188816,-30.531719242449014,0 17.400409226104955,-30.53150534679429,0 17.400389693729437,-30.53141526260424,0 17.400376596902447,-30.531370292005306,0 17.400305304945903,-30.531224237608455,0 17.400227554058404,-30.531078214687795,0 17.400149461428555,-30.53090931391364,0 17.40008444404191,-30.530616653835466,0 17.400084381988677,-30.53018890659274,0 17.400095720641048,-30.529914170002883,0 17.400071281564465,-30.529794917201627,0 17.400006256983204,-30.52963731191238,0 17.399947670648544,-30.52952470420172,0 17.399934723109027,-30.529389627829005,0 17.39995410799571,-30.5292996263766,0 17.39995803173781,-30.529219515668046,0 17.39994179537763,-30.529159154970955,0 17.399787141663296,-30.529046832345387,0 17.399632299990685,-30.528934883837792,0 17.39957303017127,-30.52886435540563,0 17.399529383374386,-30.528774298195287,0 17.399495037366137,-30.528707700699783,0 17.39942993364457,-30.528617837742956,0 17.399376931200436,-30.528549357067106,0 17.39930200868082,-30.528436841986604,0 17.39925154592214,-30.52834274861891,0 17.39911081191451,-30.528191449375868,0 17.398937740984024,-30.528031020215394,0 17.39872966664086,-30.52787697893939,0 17.398521576109886,-30.527722847731184,0 17.398407133782257,-30.527662592254785,0 17.398240484011183,-30.527541414004986,0 17.398154595158474,-30.527474538619003,0 17.397980219311705,-30.52739952256985,0 17.397804520562204,-30.52732766673836,0 17.39773317914296,-30.527319262573883,0 17.39755231558695,-30.527274910708513,0 17.397254255979192,-30.527205358940137,0 17.397078095877475,-30.527179880247218,0 17.396947219338756,-30.5271857806992,0 17.396628256788688,-30.527151244933975,0 17.396277038254766,-30.52700473727873,0 17.396029972904955,-30.526892062118918,0 17.395652793641545,-30.526835581097146,0 17.395197635962177,-30.526711542103953,0 17.39489853583882,-30.526463797765985,0 17.394573411134047,-30.52606957904777,0 17.39413106159924,-30.525540343312173,0 17.393688879338356,-30.52452706187438,0 17.393610818184754,-30.524065536095577,0 17.39333777861566,-30.523468824226825,0 17.393181730052845,-30.52265831023277,0 17.393168768124212,-30.521836580793547,0 17.393025696778523,-30.52143121138124,0 17.392687543595287,-30.521127152396105,0 17.39210238261893,-30.5207440942645,0 17.391231120320015,-30.520327167664618,0 17.390607004309857,-30.52003420721286,0 17.390073811557215,-30.519791869599032,0 17.389917826846272,-30.519561075683043,0 17.38977482384911,-30.519279604070448,0 17.389449763895527,-30.518806643411835,0 17.388890632896448,-30.5180296399559,0 17.388591661376097,-30.51728655892748,0 17.388318572344303,-30.516588486269598,0 17.3877465540603,-30.51581155475941,0 17.387200480317972,-30.515023250422644,0 17.38681043265541,-30.514651582204692,0 17.386251354716308,-30.514223498615536,0 17.385718260889064,-30.5137729607535,0 17.384977182650914,-30.5132885166517,0 17.384197101714904,-30.512612647355752,0 17.383430114008604,-30.51206067406082,0 17.383001026776014,-30.511632700188898,0 17.382793033371854,-30.511317370000597,0 17.382658061320512,-30.510931150751958,0 17.38246585641417,-30.510497350172557,0 17.382344604419984,-30.51030793316454,0 17.382188619709098,-30.51014019161653,0 17.38199356395188,-30.509981115036396,0 17.381849631055672,-30.509875211771543,0 17.38178907070909,-30.50982269676001,0 17.381648399653955,-30.509757411375404,0 17.381354147775767,-30.509591412713462,0 17.381216171089477,-30.509491608650762,0 17.381133438857148,-30.509390468195534,0 17.381034839886013,-30.509278751712998,0 17.380964500311507,-30.509212060688014,0 17.38079580368344,-30.50895600301709,0 17.38071960682447,-30.508837094656144,0 17.38066149802978,-30.508753967621487,0 17.380376367975032,-30.50850836366999,0 17.3800912765912,-30.508252208872307,0 17.37998756137688,-30.508129002651287,0 17.379878502391023,-30.508020607365097,0 17.379794576758343,-30.507980244892337,0 17.379632545006018,-30.50794625411629,0 17.379470700312595,-30.507923333095277,0 17.379248119904844,-30.50784507588952,0 17.37900552238699,-30.507721765347128,0 17.37878851237997,-30.507555969932014,0 17.37859824641197,-30.507367615922703,0 17.378502979429015,-30.507243770283708,0 17.3784684688448,-30.507142441870144,0 17.378448279064855,-30.507070147169486,0 17.37835493483243,-30.506940775196597,0 17.378262470136917,-30.506810315943255,0 17.378240958353615,-30.50671658770034,0 17.378232857260627,-30.506622632828226,0 17.378264108701728,-30.50650396998219,0 17.378297608447895,-30.506387291939916,0 17.378280890950407,-30.506347612052593,0 17.378206123114126,-30.506268815253577,0 17.378117709864455,-30.506167350143073,0 17.378068978300746,-30.50604354767154,0 17.37803428965077,-30.505964652846387,0 17.377993123184126,-30.505875694607596,0 17.37797763865717,-30.505730388446636,0 17.377968914333962,-30.505617858077642,0 17.377866174884105,-30.5054960979665,0 17.377702583707332,-30.505329262935106,0 17.377606787023637,-30.505194111918684,0 17.377570643270644,-30.505036450871444,0 17.377549311351686,-30.50491901829804,0 17.377390277939014,-30.50468836467627,0 17.37722887661141,-30.504459140976508,0 17.37718492764236,-30.504430410335146,0 17.3771428078943,-30.5044012021537,0 17.377072068121493,-30.504262991643714,0 17.376972075201138,-30.50409514397569,0 17.376902846289397,-30.50400449770933,0 17.376846189899766,-30.503869379068533,0 17.376823300355056,-30.503800984727604,0 17.376662005147466,-30.503717867585465,0 17.3764294008962,-30.503576490562523,0 17.37635140719175,-30.50348543780268,0 17.376333290349123,-30.503372865165545,0 17.376322932857136,-30.503290514245805,0 17.376258514418964,-30.503181382414823,0 17.376192469107195,-30.50306376907764,0 17.37619886418628,-30.50287735670463,0 17.376206833978245,-30.50269182296921,0 17.376147681969996,-30.50261836274717,0 17.376069726936407,-30.5025056848894,0 17.37607752855513,-30.50231581822038,0 17.376006339121318,-30.50213714001694,0 17.375881310873865,-30.50201312080884,0 17.375140937704145,-30.50149460768995,0 17.37463359326574,-30.50114523096761,0 17.374128567279627,-30.500852076262277,0 17.37373328106611,-30.500637918904772,0 17.373682037695914,-30.50015232277144,0 17.373569653017114,-30.49994922527651,0 17.373341519295707,-30.499870135298465,0 17.372795789094425,-30.49981345372788,0 17.372012118964165,-30.499534539787135,0 17.371938566111965,-30.499508419877657,0 17.371637096275037,-30.499296555791375,0 17.37089732655045,-30.4987746657182,0 17.37051448965201,-30.498368369104924,0 17.370320817052118,-30.498097535572754,0 17.370258332156368,-30.49781549918589,0 17.370195742939245,-30.497533459201748,0 17.36998134006683,-30.49704828934705,0 17.36988378700721,-30.49651804816932,0 17.36976856137005,-30.496235972212276,0 17.36944225405682,-30.495558979663144,0 17.369235400093714,-30.494915886159163,0 17.369229265818035,-30.49490420936172,0 17.368689275989368,-30.493787880905927,0 17.36848170886384,-30.493190080857516,0 17.368361777973746,-30.493024054316606,0 17.36839483525347,-30.492760079913694,0 17.368367850196194,-30.492696537415213,0 17.36827640802983,-30.492588447898527,0 17.368042441305647,-30.492448311040675,0 17.36770437625603,-30.492294684352146,0 17.36745957809711,-30.4921815379476,0 17.367329342775008,-30.492113801910364,0 17.36719552815117,-30.492040597995185,0 17.36709419883823,-30.491964023420906,0 17.367075519919354,-30.491843656359606,0 17.367024370978015,-30.49162185296609,0 17.366777310124803,-30.491294605861356,0 17.365983441682545,-30.490561196142266,0 17.365350557282454,-30.489877021607242,0 17.36498150789032,-30.48947807155571,0 17.364578343615733,-30.488959159137835,0 17.364500849034982,-30.488575684620116,0 17.364631486354085,-30.488361476001273,0 17.36465019495057,-30.488350560030256,0 17.36479208998304,-30.488267718080692,0 17.36485040382314,-30.488264349220287,0 17.36500040174718,-30.48832387174923,0 17.3652086694446,-30.488391286728472,0 17.365443345733865,-30.488340707057944,0 17.365704302911297,-30.488241268119964,0 17.365839190426357,-30.488135175997513,0 17.365928324932327,-30.488017887315607,0 17.36598387515579,-30.4878600140284,0 17.365999157335295,-30.487760263924997,0 17.365980910990288,-30.487668273172233,0 17.365929035396732,-30.48753291621108,0 17.3656755686726,-30.487266605369484,0 17.36564984176681,-30.487165085400306,0 17.365657335817446,-30.487110542417554,0 17.365695485957986,-30.48706360590063,0 17.365748958747474,-30.48701800937357,0 17.365803981068893,-30.487000138945234,0 17.365911029170718,-30.486965360363058,0 17.366073096895946,-30.486913351669784,0 17.366119835562017,-30.48687854700728,0 17.36622418389902,-30.486732123888373,0 17.366283034634364,-30.48662312965365,0 17.36629607390472,-30.486540433394225,0 17.36628110199132,-30.48640642901347,0 17.366207309919446,-30.48630419857983,0 17.366051050015983,-30.486219063359044,0 17.365941115989756,-30.486176528124247,0 17.36563879179687,-30.48598165582871,0 17.36563935477244,-30.485937285976945,0 17.365704558318782,-30.485813264070828,0 17.365678787346212,-30.48568919360133,0 17.365470471085416,-30.485576319691347,0 17.365066691674542,-30.48541824405669,0 17.364785925130377,-30.485200931877444,0 17.364702205442484,-30.4851361303281,0 17.364494365822395,-30.484707462179585,0 17.364476649178073,-30.484654360810055,0 17.364377657203192,-30.484357800372152,0 17.364234715359885,-30.48412090635469,0 17.36412696308895,-30.48403639076679,0 17.36396134034362,-30.48390648279792,0 17.36354456572917,-30.48372584856901,0 17.36283400508529,-30.4835409623455,0 17.362762865114178,-30.48352244980117,0 17.36195494656357,-30.48340930159793,0 17.361407487865335,-30.483454048265685,0 17.36114661162685,-30.48354412526112,0 17.360846804636367,-30.483555177029757,0 17.360690544732904,-30.48346499481363,0 17.360586730593184,-30.483284479295264,0 17.360652193144233,-30.483047693196454,0 17.3607569398809,-30.482788358395965,0 17.36080940722843,-30.482585387705456,0 17.36097916685509,-30.482416311563497,0 17.361370601272256,-30.482145845854063,0 17.36146211718301,-30.48193163543658,0 17.36144959502286,-30.481728620679235,0 17.36130652817377,-30.48151427806141,0 17.360967938819385,-30.481401318715825,0 17.36014689556282,-30.481310648167835,0 17.359860269935552,-30.481254121280642,0 17.3594176173292,-30.480971941002224,0 17.359092396397045,-30.480644722675777,0 17.358949432070688,-30.480452901779927,0 17.35883255437892,-30.4802385609608,0 17.358845866143838,-30.48000172899657,0 17.358950430318146,-30.4798326321702,0 17.359276825764937,-30.479550872774496,0 17.35947003881131,-30.47925905895835,0 17.35948582820845,-30.47923519724651,0 17.359525568350364,-30.47885179197658,0 17.359422068074025,-30.47851340227163,0 17.35917491638935,-30.478231323616626,0 17.358602241600238,-30.477791186414095,0 17.35857941860536,-30.47777548874774,0 17.358358173690817,-30.478283620992272,0 17.35807265512898,-30.47812447606367,0 17.357814136013644,-30.47825742194243,0 17.357689007941417,-30.478271837175498,0 17.357441895826867,-30.47819214285306,0 17.3562938878527,-30.477897256053495,0 17.355942475964525,-30.477573125099582,0 17.355762475757672,-30.476874547022703,0 17.35583779307973,-30.476221905416537,0 17.355658238936655,-30.475960175721468,0 17.355569089142193,-30.475529070410232,0 17.355497921292056,-30.475460891007288,0 17.355415394105194,-30.475275841107134,0 17.355417691873015,-30.474732723436375,0 17.355521423275093,-30.474534356375386,0 17.355784814917342,-30.474425755144466,0 17.355944196367602,-30.4744102571276,0 17.356279565249793,-30.474449841686805,0 17.356594690392683,-30.47436355893103,0 17.35676944755204,-30.47439546417928,0 17.357388734202743,-30.474671682851863,0 17.357487353858346,-30.474614674827365,0 17.35754322424043,-30.47445765859402,0 17.357779007595184,-30.47423304032253,0 17.35790216075617,-30.474163967892764,0 17.35804769084831,-30.474148324185762,0 17.35818927201734,-30.474163630647013,0 17.35827257082252,-30.474074913426477,0 17.358443522950267,-30.4736932456467,0 17.358444443856058,-30.473632177183163,0 17.35828675942645,-30.473455993699133,0 17.35821818162384,-30.473270636230836,0 17.358241460575016,-30.472916345612816,0 17.358478451719236,-30.47248245060456,0 17.358463618301414,-30.47218545489477,0 17.358355517992834,-30.47178570444663,0 17.358058923380668,-30.471383763250003,0 17.3579319013362,-30.470934811792063,0 17.35789185632416,-30.470634366282923,0 17.357738912221066,-30.470358044188345,0 17.35750930361155,-30.470047022651954,0 17.360880679399884,-30.46914509437056,0 17.362092773962388,-30.46987039130545,0 17.369843915564275,-30.45189755173061,0 17.377917521676352,-30.46906825269764,0 17.396716923647148,-30.467689432821032,0 17.397736529117594,-30.465214959902426,0 17.401655243994355,-30.449986494181303,0 17.40097280784886,-30.445922081039157,0 17.39467604806123,-30.42891657833735,0 17.400073358099064,-30.427184525445455,0 17.39934510599187,-30.417855723862544,0 17.412203728619204,-30.407999710917863,0 17.41221169481389,-30.40801250197535,0 17.414819662197715,-30.407939423965217,0 17.43704170221281,-30.407316740575084,0 17.440185771656104,-30.40722836239894,0</coordinates></LinearRing></outerBoundaryIs><innerBoundaryIs><LinearRing><coordinates>17.42366801986327,-30.42641085487702,0 17.429472601379473,-30.441498747569085,0 17.43029420221569,-30.441198527789766,0 17.43057561537239,-30.44211712140799,0 17.437385223449326,-30.442173823662984,0 17.509155877441856,-30.45994561439852,0 17.508308055972066,-30.45686848059586,0 17.442065123606596,-30.435972098833247,0 17.424856385813598,-30.422631560098353,0 17.42483872762523,-30.422630293852933,0 17.421170398395248,-30.422396358605,0 17.42366801986327,-30.42641085487702,0</coordinates></LinearRing></innerBoundaryIs><innerBoundaryIs><LinearRing><coordinates>17.53933147306907,-30.460238316744892,0 17.539267394574665,-30.461246047566988,0 17.539267558251254,-30.46124577237447,0 17.53933147306907,-30.460238316744892,0</coordinates></LinearRing></innerBoundaryIs><innerBoundaryIs><LinearRing><coordinates>17.379919918869234,-30.50376998869399,0 17.39267822032366,-30.519717217775337,0 17.396406743876184,-30.518881771876238,0 17.392678319249057,-30.519716973159746,0 17.379919918869234,-30.50376998869399,0</coordinates></LinearRing></innerBoundaryIs><innerBoundaryIs><LinearRing><coordinates>17.469215152557297,-30.662715174265827,0 17.474146099363054,-30.68185244883142,0 17.474146126342703,-30.68185247491175,0 17.469215152557297,-30.662715174265827,0</coordinates></LinearRing></innerBoundaryIs><innerBoundaryIs><LinearRing><coordinates>17.529914054090398,-30.749137725125877,0 17.52483814556399,-30.7323189927273,0 17.524838106893185,-30.732318961250996,0 17.529914054090398,-30.749137725125877,0</coordinates></LinearRing></innerBoundaryIs></Polygon><Polygon><outerBoundaryIs><LinearRing><coordinates>17.883630482860553,-30.155555560940343,0 17.8894194494481,-30.17058010268954,0 17.90071245311725,-30.165133813774446,0 17.907633016850298,-30.169043541726012,0 17.911151404813552,-30.17103097689801,0 17.92785513280819,-30.180463902886743,0 17.927434877817404,-30.181277315395732,0 17.92738776593268,-30.1814667998529,0 17.92720840514386,-30.182440029983354,0 17.927167575023645,-30.182682152659197,0 17.92713176042247,-30.182930809808965,0 17.927103244719035,-30.183176552256043,0 17.927080739184817,-30.183547900315318,0 17.927072849432477,-30.183787405963983,0 17.92707486301458,-30.184042236060293,0 17.92708558023537,-30.184308322071388,0 17.927105120704823,-30.184545797050873,0 17.927149272920644,-30.18491696884297,0 17.927670948055834,-30.187336601103198,0 17.92852720966306,-30.19112584598099,0 17.928490398613064,-30.191159639805505,0 17.928579536716313,-30.19135628286614,0 17.929246941593135,-30.194314776305816,0 17.930171388898543,-30.198396271170907,0 17.931088298985856,-30.202461009867648,0 17.931175624055868,-30.202971168284762,0 17.931194263404564,-30.20321639182299,0 17.931201341069084,-30.20346467935144,0 17.93119605305543,-30.203713856309378,0 17.9311812798922,-30.203956642684886,0 17.9311267548959,-30.20432231782064,0 17.931072919679536,-30.20457614966955,0 17.930779964623696,-30.20451892041183,0 17.93068522284483,-30.20472380306103,0 17.93101502402419,-30.204792426729057,0 17.930882948689202,-30.20517505858203,0 17.930687333553635,-30.205623558580328,0 17.930565384584895,-30.205847431313884,0 17.930361740302146,-30.206173914894237,0 17.930133209080395,-30.2064871172866,0 17.929521863443313,-30.207157809185503,0 17.92933059203324,-30.207338359777452,0 17.929059626300784,-30.207532240120713,0 17.92769295536567,-30.207792026380844,0 17.904197419575326,-30.19697490796557,0 17.898477555994475,-30.194340614727537,0 17.89919627528792,-30.196224973203925,0 17.899492520063802,-30.197001743735427,0 17.875907654614593,-30.20816192473302,0 17.874284543796705,-30.206936009389267,0 17.845235400293518,-30.18575939887711,0 17.864483815775543,-30.16706159511648,0 17.872427988760705,-30.15928868002851,0 17.88167817430832,-30.15029879695186,0 17.883630482860553,-30.155555560940343,0</coordinates></LinearRing></outerBoundaryIs></Polygon><Polygon><outerBoundaryIs><LinearRing><coordinates>17.820887519443545,-30.131023852368855,0 17.83093400609954,-30.130726604848917,0 17.827016130290247,-30.14062533379206,0 17.826326139839523,-30.142330296405987,0 17.820887519443545,-30.131023852368855,0</coordinates></LinearRing></outerBoundaryIs></Polygon><Polygon><outerBoundaryIs><LinearRing><coordinates>17.820887519443545,-30.131023852368855,0 17.826326112859874,-30.14233031439244,0 17.82505077437378,-30.143610965173878,0 17.82225116685794,-30.151043102856875,0 17.820069222716484,-30.15663896071942,0 17.80288805274148,-30.16251676143935,0 17.79763517472361,-30.165605763595067,0 17.796686701130398,-30.167716671187407,0 17.792497603281788,-30.161556922214118,0 17.773184637161307,-30.156030931782027,0 17.761378466842814,-30.132014147135123,0 17.783887511999126,-30.1284227603021,0 17.803608550893955,-30.129374271805148,0 17.81018226769754,-30.108585839265004,0 17.820887497859815,-30.131023822691247,0 17.820887519443545,-30.131023852368855,0</coordinates></LinearRing></outerBoundaryIs></Polygon><Polygon><outerBoundaryIs><LinearRing><coordinates>17.704538631752484,-30.143654018418147,0 17.703403727799866,-30.143974458554396,0 17.70315387185377,-30.144443661845457,0 17.702011321865086,-30.14439790433977,0 17.655146633810148,-30.173101414098937,0 17.657894990761292,-30.163090054062707,0 17.662491230585886,-30.149536288768672,0 17.647682780635876,-30.142786832746083,0 17.643882365279012,-30.145254102994386,0 17.60949413564589,-30.12716986709563,0 17.60818808980855,-30.123218574277757,0 17.600049394364135,-30.119274314158247,0 17.59857508087532,-30.12125324174366,0 17.593931018701596,-30.118709039890234,0 17.59400301392799,-30.118340049853373,0 17.595732152117193,-30.117181715863467,0 17.594450212607285,-30.116560319403163,0 17.59096393313905,-30.115920596558226,0 17.589185977950592,-30.086926946621247,0 17.589130119259664,-30.08687611514057,0 17.57737642708048,-30.083109412669216,0 17.458810222214026,-30.101850624007056,0 17.470303153267935,-30.132502444831914,0 17.47030205159848,-30.132502198417683,0 17.47030226203981,-30.13250238457732,0 17.471058728577532,-30.13444636720601,0 17.47741547494428,-30.150782079129613,0 17.4774218313525,-30.150783434407913,0 17.48305038137005,-30.16504186798778,0 17.474021985726097,-30.168081882272986,0 17.43640130757433,-30.18074496081124,0 17.449886519347444,-30.209787767691296,0 17.46632701667852,-30.24576728473238,0 17.44233294980586,-30.244624807588764,0 17.44757168778324,-30.255507209590007,0 17.447571693179157,-30.25552120483968,0 17.434899260792292,-30.289257700282576,0 17.43166027510165,-30.298168344093767,0 17.428955954353853,-30.30560713675993,0 17.42328744206185,-30.321376531201906,0 17.42351915598431,-30.321402648413425,0 17.42574402386765,-30.348772934823046,0 17.46323398286205,-30.37427574662837,0 17.46836534178715,-30.374223181254763,0 17.472032929076477,-30.376350148040842,0 17.475100941954963,-30.380270809050558,0 17.46882060558653,-30.410592890749285,0 17.467188580688514,-30.419331576990658,0 17.4467230281453,-30.409972097734055,0 17.439493070648723,-30.40622880281694,0 17.401147670228852,-30.384649346390177,0 17.39731613473191,-30.38249236203285,0 17.396958297187723,-30.387686373127565,0 17.361736595667423,-30.366750348349854,0 17.348162477816174,-30.3587288588497,0 17.34705686568185,-30.33434526771987,0 17.341901103653072,-30.314966739223564,0 17.34136993977097,-30.31200541831538,0 17.33588091866949,-30.28670553942908,0 17.33601419819672,-30.286709972187396,0 17.364345723176655,-30.26261563720186,0 17.344813159699584,-30.25126540967085,0 17.325173781944557,-30.226226930428425,0 17.323914845293928,-30.224714465899865,0 17.330728048860408,-30.208563473825222,0 17.330729429319774,-30.208548456046344,0 17.320309884093945,-30.20743564034251,0 17.307219187815292,-30.206266860727,0 17.31155945630394,-30.167113143356858,0 17.31485531961738,-30.136775112181624,0 17.313244739952836,-30.110209138940547,0 17.31224637377119,-30.092828761937767,0 17.36330414906729,-30.047896643215495,0 17.353334497788865,-30.04022904773234,0 17.36318574072942,-30.0263114032486,0 17.37736863395537,-30.03544088718712,0 17.383146994838,-30.039611659550417,0 17.329793265646742,-30.091717743079357,0 17.325943705937334,-30.107348292989286,0 17.341054777755858,-30.173426978572138,0 17.341343414267214,-30.178226374347673,0 17.34654960488041,-30.172180036179668,0 17.36439022073216,-30.16151212608372,0 17.37171464031843,-30.14899344808913,0 17.349418176907363,-30.103855282095537,0 17.342121915094367,-30.08950120921338,0 17.396725683943203,-30.048158016778984,0 17.43449893477805,-30.052164493796283,0 17.439137531771735,-30.033095255641513,0 17.396141433980063,-30.018938406782013,0 17.379575263587583,-30.003591011116214,0 17.42835579718235,-29.98321409665317,0 17.48875522717202,-29.97616748933814,0 17.47264454810744,-29.955835973551302,0 17.463418068688952,-29.944323690885597,0 17.482191250925553,-29.932919527414242,0 17.501698455319513,-29.92122506638367,0 17.519249216078492,-29.949870213739302,0 17.55035756065297,-29.94845417991644,0 17.576145289373642,-29.91835285569971,0 17.581678602085844,-29.91196702076138,0 17.592823637600873,-29.916876227355942,0 17.614739847865735,-29.926600929389338,0 17.623235800791633,-29.939702011038946,0 17.667128517267315,-29.904660619092226,0 17.66814896630183,-29.903865253278752,0 17.66830730633717,-29.904759773844432,0 17.66840458240563,-29.905108799831225,0 17.669076010849267,-29.90565236176701,0 17.669411744856177,-29.90686158029763,0 17.670083187688988,-29.90804218060208,0 17.670853833837384,-29.909354387694805,0 17.67151191004666,-29.910231729410725,0 17.671813314233134,-29.911246411092975,0 17.672774674211894,-29.911883427877854,0 17.67370171965871,-29.912970567037974,0 17.674748934315915,-29.913945183023714,0 17.675986879890672,-29.914828238132657,0 17.677018816864972,-29.91560258858857,0 17.67828919019405,-29.916123257382367,0 17.679355456089468,-29.916863270823228,0 17.68020428569929,-29.917441169774122,0 17.681066454053678,-29.917872209434847,0 17.682863284213227,-29.91883535906453,0 17.68464104604749,-29.919922491030093,0 17.686188012167065,-29.92104013879134,0 17.687490820445078,-29.92254879109379,0 17.688240471920267,-29.923729400391494,0 17.689234283035773,-29.92490428010842,0 17.690037339851415,-29.926182150186037,0 17.691427888686178,-29.927194907319063,0 17.693764514420877,-29.92726925067535,0 17.69625178828943,-29.926391857698036,0 17.6986017347823,-29.925796749320455,0 17.700368317144182,-29.92567840033786,0 17.700595002057753,-29.925663211687834,0 17.702214447238987,-29.926300222177474,0 17.703669836293955,-29.927084100051104,0 17.704276432611323,-29.928344811963484,0 17.705020371592923,-29.92997363167774,0 17.7058100923619,-29.931577672371645,0 17.706607441180495,-29.933193176723705,0 17.70640337961231,-29.934493969620974,0 17.706134449045635,-29.9353312888079,0 17.70456082971856,-29.935813861420513,0 17.70334198124749,-29.936185811126222,0 17.70272400131165,-29.93729779765522,0 17.70194770202488,-29.938478430335238,0 17.702060262970804,-29.939453075998642,0 17.701625396694737,-29.940547890872438,0 17.701928710141885,-29.942054648303326,0 17.702001226075765,-29.943246707769276,0 17.70194975427779,-29.944290004979678,0 17.70256778727361,-29.945228389078864,0 17.70350244098489,-29.945630820405995,0 17.704114753393185,-29.946511979744002,0 17.70428645375688,-29.94765826731515,0 17.70388020300902,-29.949556049072385,0 17.70338049741207,-29.951371795571845,0 17.703018118291595,-29.95274887975694,0 17.702760636993844,-29.953969555650417,0 17.70301244896541,-29.95501095169402,0 17.703874625413675,-29.95589402119208,0 17.705316675724077,-29.95675419664883,0 17.706409663175464,-29.957698295040245,0 17.70726041013984,-29.9592012483389,0 17.708549879673285,-29.96087393878122,0 17.70958374929063,-29.962907115271094,0 17.710085431597463,-29.9644558557531,0 17.71017892601668,-29.965768091624113,0 17.71108688874898,-29.967732609372376,0 17.712549879773178,-29.969542627190435,0 17.714445849396498,-29.971306872214313,0 17.71585733085118,-29.97257902710038,0 17.71730506667552,-29.974230741755264,0 17.71903891281562,-29.97503750557638,0 17.72091393632917,-29.975472342174783,0 17.72211943256582,-29.975346436189056,0 17.72405740682393,-29.97568399042376,0 17.725531856110308,-29.97561339004585,0 17.72755373171941,-29.975085031149206,0 17.729718663385654,-29.974346866714484,0 17.73072005938326,-29.973686918116755,0 17.731423885903666,-29.97286104909807,0 17.73254925614333,-29.972241159002238,0 17.733257106230496,-29.971679330936354,0 17.73328101380781,-29.971644652178895,0 17.73438700995257,-29.97130101133257,0 17.735255967289106,-29.97111685355992,0 17.73644788286356,-29.971523427164414,0 17.73766721876717,-29.972313546333055,0 17.739049918319097,-29.97320131568813,0 17.740920391263103,-29.97358991993883,0 17.742639642305676,-29.97427704784741,0 17.743872128096257,-29.976115930305923,0 17.745454022085482,-29.977736889046128,0 17.74703523888519,-29.979260284834254,0 17.748043937377872,-29.980256962988392,0 17.749208134947537,-29.9811919188719,0 17.75025571562884,-29.982615157163707,0 17.75113266703903,-29.984249105711626,0 17.751698669757843,-29.98655744956659,0 17.752402123059596,-29.98896365494869,0 17.75263967717939,-29.991082178899376,0 17.753154708123304,-29.992721002672113,0 17.753394378347934,-29.99314071717032,0 17.754322455317094,-29.994372657971724,0 17.740116694130165,-30.02614275428465,0 17.747075240729828,-30.031168245917797,0 17.747121196985688,-30.03120143359922,0 17.763255719775714,-30.042850420410502,0 17.771891489400787,-29.998544973571654,0 17.771951504758192,-29.998031216067716,0 17.773204388072088,-29.997409556106106,0 17.77502594599065,-29.99601692084417,0 17.77657598689234,-29.994863810116726,0 17.778073735814303,-29.993813233793674,0 17.779762203063285,-29.992900924637922,0 17.781273238569156,-29.99174233793849,0 17.78297383407522,-29.990972762882677,0 17.784692264036778,-29.990987856204583,0 17.78658820038521,-29.991009204311297,0 17.788306650131858,-29.991190572386984,0 17.789938557218704,-29.99164587485717,0 17.791722751004215,-29.99169545178364,0 17.793593982976006,-29.99114401898123,0 17.795300519403497,-29.990563683766936,0 17.79651101587075,-29.99104683464367,0 17.798548468636966,-29.99239657494195,0 17.800265090061885,-29.99323011967425,0 17.802261056202838,-29.99287908370269,0 17.80441577426859,-29.992139144905593,0 17.806631093150486,-29.991049812298968,0 17.808060803863043,-29.99052570629624,0 17.8100893182675,-29.990523893263003,0 17.812064789758267,-29.99021287712253,0 17.813599597943153,-29.990032526180073,0 17.81446799230406,-29.990332147010918,0 17.815870065051513,-29.990392216327677,0 17.81766080680086,-29.990515596117802,0 17.81754876296509,-29.990968759100895,0 17.81013742480235,-30.03418619173931,0 17.84314143502928,-30.03341304457632,0 17.859576957310765,-30.035885987748088,0 17.859514547058723,-30.03635455611783,0 17.860179439229796,-30.036918362692234,0 17.85955108201688,-30.037344491155295,0 17.859442568919462,-30.03752876673917,0 17.859436651380406,-30.038596824983415,0 17.859273447811404,-30.040252780841115,0 17.857751428885365,-30.041536941676497,0 17.857645877255493,-30.04160844137641,0 17.857041477082532,-30.042360895139154,0 17.855334728415016,-30.04307641104748,0 17.85374025111173,-30.044180047371242,0 17.852726054164123,-30.044412228041836,0 17.85143941389788,-30.0444064912665,0 17.848709545209374,-30.046398529168755,0 17.847697872658728,-30.046590332977416,0 17.8472658959044,-30.04658707293504,0 17.84682303105808,-30.04824138842929,0 17.84594930012014,-30.0496116233777,0 17.845489150304104,-30.052713643219988,0 17.84381173122648,-30.056405296367302,0 17.842047308136785,-30.05889830791051,0 17.839805934096603,-30.058903622004493,0 17.83629515889453,-30.058830111420434,0 17.836459030659796,-30.06630772871864,0 17.836002857645838,-30.066742709208597,0 17.835669996073534,-30.066759077769177,0 17.832957835036098,-30.068573338588635,0 17.830808790793128,-30.070284673798596,0 17.830887818717883,-30.07099245823531,0 17.830617654281355,-30.072407937176536,0 17.83067112617158,-30.07301122398877,0 17.81131626333496,-30.0734733711991,0 17.812958910125644,-30.079884063398765,0 17.80962846877884,-30.083024019342986,0 17.8088636457407,-30.082319318681584,0 17.80600099395076,-30.080065017786296,0 17.804551909143356,-30.07934558622975,0 17.802409997423467,-30.079177548804807,0 17.801084018112988,-30.078889947413074,0 17.79977796508109,-30.07883520837811,0 17.79961679218127,-30.07869411644026,0 17.79812821814278,-30.07865472433599,0 17.798121173753202,-30.078578273868175,0 17.79672978675029,-30.078422452833877,0 17.79581544332808,-30.078465876598898,0 17.79480398211814,-30.078465953940565,0 17.793247475090936,-30.0787902611616,0 17.791699909123565,-30.07892317196678,0 17.791499543768964,-30.078678300962792,0 17.79140547738092,-30.07847049371827,0 17.791398534614757,-30.077428943890595,0 17.791926489715763,-30.07653472189986,0 17.789412889093626,-30.073460421860943,0 17.785216440186616,-30.07367020491597,0 17.785234048912287,-30.076438392817522,0 17.78497060331074,-30.07773810203173,0 17.78324458666839,-30.080680862731583,0 17.780094357768462,-30.080678400387797,0 17.78015508808687,-30.077090146792784,0 17.779105626023863,-30.05429689698417,0 17.778013115213128,-30.0619548976004,0 17.776942644087796,-30.06237156519552,0 17.770318740617427,-30.087654749966703,0 17.7476397110039,-30.102676957075857,0 17.715883085635937,-30.111172641104474,0 17.721195336895335,-30.113863721133782,0 17.73482788639791,-30.120527459174866,0 17.759008737063596,-30.132426498883774,0 17.76137775098249,-30.132029736882828,0 17.77318548432271,-30.156045978339193,0 17.79249847472488,-30.161570925557726,0 17.7966874160914,-30.167731377800806,0 17.797635341098157,-30.1656199863732,0 17.802888316242843,-30.162531941096177,0 17.82007033158061,-30.156653286919607,0 17.81663913199037,-30.16569385758544,0 17.78814796565615,-30.172986128207185,0 17.752152350750464,-30.162283274953154,0 17.75209759013171,-30.162195181862103,0 17.75167191222903,-30.162596141898405,0 17.737734946710475,-30.17572008161642,0 17.725976093322117,-30.177575329038177,0 17.728546446561325,-30.184303366806887,0 17.722179530660867,-30.190412540606246,0 17.715423767692755,-30.199460804072828,0 17.706760030051385,-30.19245367789489,0 17.687769352173916,-30.177050803052055,0 17.67702333326025,-30.192236900812304,0 17.673042685671476,-30.197872999739104,0 17.66389278082721,-30.199328472431034,0 17.68590751002364,-30.169782220572984,0 17.703417133993582,-30.146425328765872,0 17.704538631752484,-30.143654018418147,0</coordinates></LinearRing></outerBoundaryIs><innerBoundaryIs><LinearRing><coordinates>17.353232395958344,-30.22648976539034,0 17.356267267920146,-30.23442021382175,0 17.379082246248743,-30.23111458207228,0 17.38117081827869,-30.225852335816626,0 17.353232395958344,-30.22648976539034,0</coordinates></LinearRing></innerBoundaryIs><innerBoundaryIs><LinearRing><coordinates>17.44134807525353,-30.405375104277596,0 17.461018452639507,-30.406751859310816,0 17.462837710092288,-30.398564289310457,0 17.434629718686608,-30.386014785254076,0 17.44134807525353,-30.405375104277596,0</coordinates></LinearRing></innerBoundaryIs></Polygon><Polygon><outerBoundaryIs><LinearRing><coordinates>17.550358176688576,-29.948436825698877,0 17.519248225025592,-29.949853214754,0 17.501697825794054,-29.921207738246494,0 17.509428612140766,-29.89815662043162,0 17.521395849239127,-29.890992558060077,0 17.52907908393263,-29.879567062669764,0 17.567673113623357,-29.89574470165661,0 17.576144983604138,-29.91833759420456,0 17.550358176688576,-29.948436825698877,0</coordinates></LinearRing></outerBoundaryIs></Polygon></MultiGeometry></Placemark></Folder><Folder><name>Main Roads</name></Folder><Folder><name>Gates</name><Placemark>
  <name>Main Entrance Gate</name>
  
  <styleUrl>#style_GATES</styleUrl>
  <Point><coordinates>17.79782207377606,-30.16623622541407,0</coordinates></Point>
</Placemark>
<Placemark>
  <name>Groen Rivier Entrance Gate</name>
  
  <styleUrl>#style_GATES</styleUrl>
  <Point><coordinates>17.57583333333333,-30.82886111111111,0</coordinates></Point>
</Placemark></Folder><Folder><name>Picnic Spots</name></Folder><Folder><name>Bird Hides</name></Folder><Folder><name>Water Holes</name></Folder><Folder><name>Dams</name></Folder><Folder><name>Waypoints</name></Folder><Folder><name>POI</name></Folder><Folder><name>Camps</name><Folder><name>Camping Sites</name><Placemark>
  <name>Bamboeskamp</name>
  
  <styleUrl>#style_CAMPS</styleUrl>
  <Point><coordinates>17.47222222260521,-30.67386111077675,0</coordinates></Point>
</Placemark>
<Placemark>
  <name>Boulder Baai</name>
  
  <styleUrl>#style_CAMPS</styleUrl>
  <Point><coordinates>17.39558333328465,-30.52586111098506,0</coordinates></Point>
</Placemark>
<Placemark>
  <name>Delwerskamp</name>
  
  <styleUrl>#style_CAMPS</styleUrl>
  <Point><coordinates>17.56438412449351,-30.82652968379029,0</coordinates></Point>
</Placemark>
<Placemark>
  <name>Groen River</name>
  
  <styleUrl>#style_CAMPS</styleUrl>
  <Point><coordinates>17.57547954254009,-30.85330569595264,0</coordinates></Point>
</Placemark>
<Placemark>
  <name>Koringkorrel Baai</name>
  
  <styleUrl>#style_CAMPS</styleUrl>
  <Point><coordinates>17.46380555558771,-30.65547222261136,0</coordinates></Point>
</Placemark>
<Placemark>
  <name>Kwass</name>
  
  <styleUrl>#style_CAMPS</styleUrl>
  <Point><coordinates>17.48730735115364,-30.69611182915626,0</coordinates></Point>
</Placemark>
<Placemark>
  <name>Skuinsbaai Noord</name>
  
  <styleUrl>#style_CAMPS</styleUrl>
  <Point><coordinates>17.43541666650249,-30.62052777747395,0</coordinates></Point>
</Placemark>
<Placemark>
  <name>Skuinsklip</name>
  
  <styleUrl>#style_CAMPS</styleUrl>
  <Point><coordinates>17.46711111122104,-30.66419444385175,0</coordinates></Point>
</Placemark>
<Placemark>
  <name>Varswater</name>
  
  <styleUrl>#style_CAMPS</styleUrl>
  <Point><coordinates>17.47927777749005,-30.68680555534323,0</coordinates></Point>
</Placemark></Folder><Folder><name>Private Camp</name><Placemark>
  <name>Namaqua Flowers Beach Camp</name>
  
  <styleUrl>#style_CAMPS</styleUrl>
  <Point><coordinates>17.56494698149418,-30.82747128837285,0</coordinates></Point>
</Placemark></Folder></Folder><Folder><name>Other Features (Viewpoints, Lookouts, Pans, Trails - not in the requested category list, kept so no surveyed data is lost)</name></Folder>
</Document>
</kml>