<?xml version="1.0" encoding="UTF-8"?>
<kml xmlns="http://www.opengis.net/kml/2.2">
<Document>
<name>Tankwa Karoo National Park</name>
<description>Restructured from source 'My Places.kmz' (folder: Tankwa National Park). Boundary is empty - no boundary geometry exists in the source data.</description>
<Style id="style_GATES">
  <IconStyle><scale>0.9</scale><Icon><href>../../icons/gate.png</href></Icon></IconStyle>
  <LabelStyle><scale>0.8</scale></LabelStyle>
</Style>
<Style id="style_CAMPS">
  <IconStyle><scale>0.9</scale><Icon><href>../../icons/camp.png</href></Icon></IconStyle>
  <LabelStyle><scale>0.8</scale></LabelStyle>
</Style>
<Style id="style_PICNIC">
  <IconStyle><scale>0.9</scale><Icon><href>../../icons/picnic.png</href></Icon></IconStyle>
  <LabelStyle><scale>0.8</scale></LabelStyle>
</Style>
<Style id="style_POI">
  <IconStyle><scale>0.9</scale><Icon><href>../../icons/poi.png</href></Icon></IconStyle>
  <LabelStyle><scale>0.8</scale></LabelStyle>
</Style>
<Style id="style_WATER_HOLES">
  <IconStyle><scale>0.9</scale><Icon><href>../../icons/waterhole.png</href></Icon></IconStyle>
  <LabelStyle><scale>0.8</scale></LabelStyle>
</Style>
<Style id="style_OTHER">
  <IconStyle><scale>0.9</scale><Icon><href>../../icons/lookout.png</href></Icon></IconStyle>
  <LabelStyle><scale>0.8</scale></LabelStyle>
</Style>
<Style id="style_BIRD_HIDES">
  <IconStyle><scale>0.9</scale><Icon><href>http://maps.google.com/mapfiles/kml/paddle/grn-circle.png</href></Icon></IconStyle>
  <LabelStyle><scale>0.8</scale></LabelStyle>
</Style>
<Style id="style_DAMS">
  <IconStyle><scale>0.9</scale><Icon><href>http://maps.google.com/mapfiles/kml/paddle/blu-circle.png</href></Icon></IconStyle>
  <LabelStyle><scale>0.8</scale></LabelStyle>
</Style>
<Style id="style_WAYPOINTS">
  <IconStyle><scale>0.9</scale><Icon><href>http://maps.google.com/mapfiles/kml/paddle/wht-blank.png</href></Icon></IconStyle>
  <LabelStyle><scale>0.8</scale></LabelStyle>
</Style>
<Style id="style_MAIN_ROADS">
  <LineStyle><color>ff0055ff</color><width>4</width></LineStyle>
</Style>
<Style id="style_BOUNDARY">
  <LineStyle><color>ff0000ff</color><width>3</width></LineStyle>
  <PolyStyle><color>330000ff</color></PolyStyle>
</Style><Folder><name>Boundary</name></Folder><Folder><name>Main Roads</name><Folder><name>Sedan</name><Placemark>
  <name>Gannaga Pass</name>
  
  <styleUrl>#style_MAIN_ROADS</styleUrl>
  <LineString><tessellate>1</tessellate><coordinates>20.1330796686499,-32.09519370682469,0 20.13275091001798,-32.09658759874601,0 20.13247452556212,-32.09743873896733,0 20.13197913504955,-32.0983482695956,0 20.12984627620723,-32.10173346538724,0 20.12970946740136,-32.10196501552387,0 20.12962547158572,-32.10250785644991,0 20.12948726871793,-32.10342480658463,0 20.12937666754259,-32.10402031173452,0 20.12899941257481,-32.10496066396843,0 20.12890703454352,-32.10534540895361,0 20.12878382870561,-32.10569880257141,0 20.12827715306753,-32.10635712406332,0 20.12805594177366,-32.10659476122718,0 20.12776464331461,-32.10681842535342,0 20.12739192100481,-32.10700733361753,0 20.12589295046798,-32.10747047457267,0 20.12569728019183,-32.10756003503851,0 20.12550298361894,-32.10766585221609,0 20.12532264529635,-32.10780467907643,0 20.12514413986143,-32.10800384414858,0 20.1249668935299,-32.10819723750918,0 20.12483364009402,-32.10853228692091,0 20.12470526270004,-32.10883424717451,0 20.12443754673455,-32.10928750089347,0 20.12420202837325,-32.10973117036294,0 20.12396048977855,-32.11015306822888,0 20.12363465731366,-32.11051869805574,0 20.12199114265481,-32.11231954251656,0 20.12181218143463,-32.11251176938195,0 20.12166527345854,-32.11279848954182,0 20.1215603051716,-32.11305345400042,0 20.12140290823987,-32.11336530074139,0 20.12127531160254,-32.11385843565505,0 20.12120722578515,-32.11418034082006,0 20.12125553494365,-32.11439138085234,0 20.12159344806749,-32.11536625072529,0 20.12167488122379,-32.11566526498363,0 20.1216873718785,-32.11589934913626,0 20.12166477300349,-32.11615493924571,0 20.12170477747474,-32.11641954215885,0 20.12189169301785,-32.11711676067767,0 20.12212921639631,-32.11784888236373,0 20.1223020808842,-32.11818503083246,0 20.12244859132985,-32.11837574899982,0 20.12265670236961,-32.11873620042126,0 20.12267344737354,-32.11905771213354,0 20.12262159941171,-32.11926518502967,0 20.12251023716889,-32.11951882395564,0 20.12153353609319,-32.12103005377784,0 20.12105704529601,-32.12167934959136,0 20.1208202861273,-32.12200995554667,0 20.12055493073854,-32.12238732950046,0 20.12033642162302,-32.12276842767853,0 20.1201786890676,-32.12326094807052,0 20.11968153928833,-32.12463162072862,0 20.11887289495918,-32.12638777892207,0 20.11882707064422,-32.12664304783075,0 20.11890301783215,-32.12686432107611,0 20.11890808737596,-32.12712178257456,0 20.11879035989256,-32.12746595616305,0 20.11861262463722,-32.12760210441598,0 20.11712401657552,-32.12797706678747,0 20.11690980918792,-32.12803605331869,0 20.11673700045016,-32.12810166530237,0 20.11657183000156,-32.12827187003362,0 20.11650884855776,-32.12850526357028,0 20.11640034466363,-32.12879390813777,0 20.11631227522405,-32.1290129832697,0 20.11618926018361,-32.12913918670187,0 20.11599968087388,-32.1291925311358,0 20.1157565769151,-32.12911894650205,0 20.115508983566,-32.12901088947928,0 20.1153620664365,-32.12892244875014,0 20.11524213781342,-32.1287854730605,0 20.11524114420469,-32.12862653797224,0 20.11531047914244,-32.12844628747427,0 20.11541435693938,-32.12825117410697,0 20.11555026515672,-32.12804026172034,0 20.11568869261,-32.12786296303963,0 20.1157929375307,-32.12769022755355,0 20.11577068688236,-32.12759866528843,0 20.11563263874469,-32.12756600924897,0 20.11541965599142,-32.12765951941367,0 20.11531951139063,-32.12781592198171,0 20.11515967302822,-32.12800058166577,0 20.11507881222385,-32.1281040219661,0 20.11491115281394,-32.12823498933437,0 20.11466329650608,-32.1284159736093,0 20.11434210431391,-32.12866218735555,0 20.11408964703162,-32.1288242798597,0 20.11378118478553,-32.12901247542796,0 20.11339592737985,-32.12920987659673,0 20.11338684336419,-32.12932040259873,0 20.11346463226222,-32.12940813871644,0 20.11407035925312,-32.12977430821648,0 20.11420150137223,-32.12985815847941,0 20.11431514317497,-32.12993652396592,0 20.11435386702696,-32.12999517911418,0 20.11429076332929,-32.13004800952547,0 20.11420912278315,-32.13004270486333,0 20.11408185061046,-32.12999188839706,0 20.11389569261653,-32.12984821317119,0 20.11374063039376,-32.12980906764955,0 20.11352787660422,-32.12976030074376,0 20.11331024215953,-32.12971351311431,0 20.11312546873387,-32.12970190346606,0 20.1128259961486,-32.12974619658266,0 20.11267664034246,-32.12974785261172,0 20.11252195722368,-32.12971121267621,0 20.11248687458313,-32.12963158984169,0 20.11248013036685,-32.12951859113963,0 20.11249451186172,-32.12943192869684,0 20.11249767063964,-32.1292898300268,0 20.11253988435701,-32.12913409531758,0 20.11260406254995,-32.12898658037229,0 20.11276616071252,-32.12890394439813,0 20.11293559954764,-32.12880004530703,0 20.11329083160311,-32.12859253181355,0 20.11358046668241,-32.12835498815469,0 20.11404666030382,-32.12791360582411,0 20.11417863976658,-32.12773611621482,0 20.11430128208847,-32.12761013824105,0 20.11441412056703,-32.12754291728808,0 20.11449772564965,-32.12736788069088,0 20.11456860939147,-32.12719071329327,0 20.11459214227281,-32.1270654501395,0 20.11464903982804,-32.12692556432461,0 20.11474059762107,-32.1268266525019,0 20.11484845255707,-32.12669668698038,0 20.11493303956926,-32.12662762937882,0 20.11502244472079,-32.12652173528029,0 20.11505066157278,-32.12645001278567,0 20.11497534887496,-32.12631642300453,0 20.11490031196402,-32.12622001444019,0 20.1148021575825,-32.12613640609005,0 20.11469491410036,-32.12610115459317,0 20.11432106487242,-32.12605735209054,0 20.11409355213475,-32.12605738748243,0 20.11395837814374,-32.126081981954,0 20.11383869149684,-32.12611173257284,0 20.11365914614314,-32.12616522193936,0 20.11342520915346,-32.12618369920723,0 20.11325512475995,-32.12615634194574,0 20.11303594269887,-32.126105078016,0 20.11276898271119,-32.12602587137207,0 20.11255615206312,-32.12591051190225,0 20.11225751770265,-32.12576952864863,0 20.11195741641373,-32.12557621828481,0 20.11175706101895,-32.12539555252429,0 20.11158999941982,-32.12525228467635,0 20.11141992774156,-32.12515751570982,0 20.11120046688781,-32.12510740933242,0 20.11091962717868,-32.12508554202331,0 20.11063431931347,-32.12510312842555,0 20.11038072270701,-32.12513177955736,0 20.11015129489914,-32.12515627063439,0 20.10997251639748,-32.1251968019477,0 20.10965267563049,-32.12513958460423,0 20.10942409344876,-32.12510791558277,0 20.10926413792627,-32.12512205972733,0 20.10903953525347,-32.12518335266405,0 20.10884975629029,-32.12525858706989,0 20.10866840843026,-32.12536338074332,0 20.1084720418533,-32.12541790515807,0 20.10823868598865,-32.12542174804307,0 20.10801850504525,-32.12539472306033,0 20.10788611983458,-32.12534675196903,0 20.10770193359586,-32.12527491954042,0 20.10748693338604,-32.12513290553071,0 20.10735213563724,-32.12501052458366,0 20.10719732612935,-32.12486241791914,0 20.10702570083423,-32.12470568051063,0 20.10689246523192,-32.12457915737886,0 20.10672072547315,-32.12442467484485,0 20.10655471034129,-32.12423801427278,0 20.10648418612618,-32.12406920674091,0 20.10637987524233,-32.12386300639548,0 20.10628456454279,-32.12369197547238,0 20.10617949439661,-32.1234960310815,0 20.10605466049302,-32.1233475956869,0 20.10588562798161,-32.12315366047516,0 20.10580733241026,-32.12297702966285,0 20.10577864729538,-32.12278692319068,0 20.10577035847911,-32.12266655436062,0 20.10568592448119,-32.12256931991411,0 20.10558904814174,-32.12253785108767,0 20.10548922874825,-32.1225971843632,0 20.10537361958395,-32.12273844716739,0 20.10528256929768,-32.12291045486928,0 20.10490916039946,-32.12353969810205,0 20.10482528418408,-32.12371525358191,0 20.10473055154489,-32.12389252688607,0 20.10464678511058,-32.1241632209288,0 20.10457356067816,-32.12448704907789,0 20.10449511301558,-32.12465960099741,0 20.10434626212334,-32.12489184669058,0 20.10417289934297,-32.12511466050843,0 20.10397499204175,-32.12532877114018,0 20.10381530466838,-32.12553418977057,0 20.10369163531007,-32.12567372712761,0 20.10353794299843,-32.12586573943158,0 20.10332741354882,-32.12596893060461,0 20.10301228069631,-32.12604073465746,0 20.10274544015448,-32.12603884632616,0 20.10112114192356,-32.12607029806092,0 20.10093755884401,-32.12607323609343,0 20.10091677453287,-32.12607912395709,0 20.10089606763696,-32.12608499000613,0 20.10069585350662,-32.1261044491396,0 20.10052169998624,-32.12618096029622,0 20.10036682092552,-32.12626367413346,0 20.1001694319872,-32.12636374856886,0 20.09992945697596,-32.12646178043128,0 20.0997266029353,-32.12654079024819,0 20.09954159157059,-32.12661668191222,0 20.09937283699439,-32.12669505991469,0 20.09915253138762,-32.12671981367684,0 20.09873538114797,-32.1267469731609,0 20.09813952091283,-32.12680260058004,0 20.09788237484747,-32.1268259124893,0 20.09760976872502,-32.12683421277166,0 20.09747006118726,-32.12686551544808,0 20.09737566973015,-32.1269479638076,0 20.09731669761238,-32.12701860492925,0 20.09727024674741,-32.12716281226979,0 20.09722083638704,-32.12767645670753,0 20.09717865808447,-32.12777833605809,0 20.09714103234011,-32.12788169439209,0 20.09706546179621,-32.12798003975364,0 20.09693611325185,-32.1280770769455,0 20.0967921379704,-32.12814005532908,0 20.09660104656138,-32.12817466549197,0 20.09625358042334,-32.12817586700804,0 20.09593618142747,-32.12811993802804,0 20.09551627797848,-32.1280494676894,0 20.0951939114335,-32.12798937077631,0 20.09499160284374,-32.12794425364332,0 20.09483080215548,-32.12790368170844,0 20.0947069548098,-32.12784034410751,0 20.09463136550077,-32.12777625334004,0 20.0945183570061,-32.1276591520024,0 20.09439179094589,-32.12753318394231,0 20.09426404341144,-32.12747677065644,0 20.09409524649697,-32.12746851847188,0 20.09390093394089,-32.12750581574142,0 20.09335234031998,-32.12755311152309,0 20.09317665187179,-32.12757829344151,0 20.09305426305873,-32.12760381527901,0 20.09296413637007,-32.12764937256155,0 20.09287499441685,-32.12769586596734,0 20.09279756531027,-32.12777661832043,0 20.09274076535361,-32.12785334935019,0 20.09268549451696,-32.12793089237228,0 20.09260842187221,-32.12800531748635,0 20.09251275142701,-32.12805240110487,0 20.09240482883301,-32.12807318583851,0 20.092305486609,-32.12808839770848,0 20.09203714807779,-32.12807750677995,0 20.09179285928669,-32.1280448960847,0 20.09151799243121,-32.12797723332471,0 20.09135889590998,-32.12790687635881,0 20.09119557003271,-32.12780343668138,0 20.09112792701527,-32.12769203251345,0 20.0910378065512,-32.12756601073005,0 20.09088085220104,-32.12742119254278,0 20.09072120958517,-32.12732917443018,0 20.09049286452897,-32.12727036471487,0 20.09014285477001,-32.12716820250802,0 20.08997822157561,-32.12713961167193,0 20.08971964899451,-32.12714273085538,0 20.08951957499816,-32.12716720141825,0 20.08935514316083,-32.1271942993824,0 20.08923941282218,-32.12722280151802,0 20.08913008867924,-32.12724143838749,0 20.08895686378427,-32.12723627014886,0 20.0887618882655,-32.1272090827497,0 20.08856412778076,-32.12711919277565,0 20.08838860578248,-32.12700184569594,0 20.08822596424464,-32.12687605615189,0 20.08808718754121,-32.12677530603644,0 20.08793563247981,-32.12665828998303,0 20.08778154678045,-32.12655645783462,0 20.08763915616136,-32.12645922099642,0 20.08747731113875,-32.12640555666262,0 20.08735674097642,-32.12641257567289,0 20.08725873864109,-32.12645740637597,0 20.08720797719719,-32.12655464054947,0 20.08714674570854,-32.12670130648107,0 20.08707379839276,-32.1269026827356,0 20.08677936038446,-32.12755243865152,0 20.08653139982478,-32.12788028418425,0 20.08617147614138,-32.12837876648956,0 20.08575720773039,-32.12887018532758,0 20.08554166529023,-32.12909278714555,0 20.08529721028008,-32.12926489437982,0 20.08505139731425,-32.12936889875249,0 20.08482983733785,-32.12944590909236,0 20.08466346169126,-32.12948038028425,0 20.08455786998443,-32.12950523828975,0 20.08446829828599,-32.12949238397017,0 20.08434297442966,-32.12952821405841,0 20.08387011537237,-32.12982963384295,0 20.0830544489277,-32.13044256268463,0 20.08209301967944,-32.13116013057181,0 20.08146114569087,-32.13159811051916,0 20.08055404094961,-32.13209312631825,0 20.07957141283004,-32.13258565229681,0 20.07865428454922,-32.13303432962798,0 20.07508424435413,-32.13493242211401,0 20.07379989287361,-32.13558804595487,0 20.07336530979084,-32.1358395914808,0 20.07318395741203,-32.13595360747029,0 20.07289486590122,-32.13610800147926,0 20.07266182625082,-32.13622347410917,0 20.07242799620727,-32.13630079155413,0 20.07223969442495,-32.13634432946737,0 20.0719600807965,-32.13646071466128,0 20.06951460976121,-32.13782716893658,0 20.06931308954635,-32.13800397777548,0 20.06919084895828,-32.13821694604523,0 20.06906995135575,-32.13843988611286,0 20.06894373436925,-32.13859851544517,0 20.06872089777141,-32.13872031546225,0 20.06849498096667,-32.13878584430428,0 20.06825315790587,-32.13881577436048,0 20.06801282678985,-32.1388425059013,0 20.06781098261779,-32.13884513920679,0 20.06763924199321,-32.13889156510808,0 20.06416279413774,-32.14063535580255,0 20.05969799626828,-32.14300197861256,0 20.0577719711818,-32.14402675880832,0 20.05529244631451,-32.14526520746687,0 20.05227593258915,-32.14679914416758,0 20.05115847057592,-32.14738257851993,0 20.05008280128592,-32.14797366188277,0 20.04966493249508,-32.14823661328887,0 20.04912656774218,-32.14866660761284,0 20.04872571085377,-32.14914072533609,0 20.04840900985689,-32.14961155758738,0 20.04773696844081,-32.15085471988516,0 20.04738925626758,-32.15155380808461,0 20.04713041747366,-32.15219062467703,0 20.04703263337004,-32.15274645418739,0 20.04709538240711,-32.15342275599076,0 20.04720171891411,-32.1540123109577,0 20.04733838595006,-32.15463315128861,0 20.04740614580972,-32.15494545818799,0 20.04744256919127,-32.1553974176055,0 20.04752014782123,-32.15600916953358,0 20.04760656122269,-32.15662526522601,0 20.04776444565454,-32.15753972729612,0 20.04854839092062,-32.16266931373913,0 20.04923279065592,-32.1670271116274,0 20.04954893385724,-32.16911728219446,0 20.04979696588458,-32.17068992233026,0 20.0500625861242,-32.17236370099691,0 20.05029030627362,-32.17388926967621,0 20.05089831631919,-32.17804226974265,0 20.05100546527772,-32.17845045317374,0 20.05104536767079,-32.17866979040475,0 20.05109994461989,-32.17880050009931,0 20.05111505619554,-32.17903976420821,0 20.05110657223818,-32.17929191714533,0 20.05114302917499,-32.17950408076445,0 20.05138054769532,-32.18107075527644,0 20.05166757264605,-32.18295323410745,0 20.05174265424708,-32.18332434875321,0 20.05178228247262,-32.18369377353763,0 20.05184615210818,-32.18399408605194,0 20.05197071248943,-32.1842806039039,0 20.05206519930039,-32.18445447201071,0 20.05238009168184,-32.18497933580166,0 20.05280699858367,-32.18551425203562,0 20.05451860388858,-32.18772312146435,0 20.05550658180421,-32.18902383127465,0 20.05565930891619,-32.1892725803954,0 20.055759897566,-32.18949926461909,0 20.05592576782659,-32.18966940775767,0 20.05614853711948,-32.1899088749569,0 20.05632831358072,-32.19012906674783,0 20.05855441310136,-32.19307135245681,0 20.05920422965003,-32.19390385739114,0 20.06225413944574,-32.1978829064058,0 20.06321325799293,-32.19925062794017,0 20.06442715805811,-32.20084441493172,0 20.06603824976892,-32.2029775140704,0 20.0677387127284,-32.20522077579302,0 20.06861244047717,-32.20636099174812,0 20.06896522721373,-32.20673822810247,0 20.06934108575736,-32.20704918048665,0 20.06974816213904,-32.20740709983154,0 20.07001059242403,-32.20774144879405,0 20.07502032216251,-32.21404470880552,0 20.07949004821643,-32.21962583308692,0 20.08219301172975,-32.2229457580608,0 20.08312462093874,-32.22409740274399,0 20.08372265811367,-32.22493700162276,0 20.08584749436683,-32.22820703116594,0 20.08710739698936,-32.23005418779218,0 20.08787577330324,-32.23113385965524,0 20.08951533752874,-32.23366127832753,0 20.09016315320676,-32.23470485762288,0 20.09062560135564,-32.2355185814829,0 20.09188011123692,-32.2376339807272,0 20.09230438676854,-32.23824553284854,0 20.09272429663104,-32.23882209133976,0 20.09303696796455,-32.23923245617477,0 20.09332635263434,-32.23959157706189,0 20.09374284090007,-32.24006678185843,0 20.09419572381041,-32.24054935013042,0 20.09469315740722,-32.24102851889558,0 20.09507656648624,-32.24141285833815,0 20.09551076822205,-32.24182776135131,0 20.09584333436156,-32.24214548857403,0 20.09608034529751,-32.24238299031934,0 20.09648080405021,-32.24282642141759,0 20.09680196676294,-32.24315047791252,0 20.09715911263008,-32.24352978161068,0 20.09759278433694,-32.24397180486848,0 20.09800353024089,-32.24440258180787,0 20.09835306279723,-32.24475834526729,0 20.09870808236885,-32.24509914491522,0 20.09901056885809,-32.24537902094052,0 20.09926209297674,-32.24562146482558,0 20.09951484055319,-32.24590351042,0 20.09987935134738,-32.24632663976156,0 20.1001399640214,-32.24664581930567,0 20.10036160184433,-32.2469990032342,0 20.10052131383381,-32.24726759990558,0 20.10072616139656,-32.24769890713344,0 20.1008263838208,-32.2480110129439,0 20.10088765079076,-32.24821365779742,0 20.10099304406752,-32.24862175548666,0 20.10101009606006,-32.24887851654606,0 20.10102679196644,-32.24920032899357,0 20.10103821944586,-32.24945838140596,0 20.10101784044597,-32.24985362309565,0 20.10096175467217,-32.25034040505715,0 20.1008777509047,-32.25074848481224,0 20.1008132696867,-32.25101854120123,0 20.10077874843532,-32.2514367377198,0 20.1007418617235,-32.25173820551959,0 20.10071302426849,-32.25190740615916,0 20.10060103897933,-32.25217228021717,0 20.10024723457162,-32.25276223353986,0 20.09964555013676,-32.25389454428713,0 20.09950126712223,-32.25416709789074,0 20.09933574773337,-32.25436903471631,0 20.0991889837131,-32.25450590161748,0 20.09801539431951,-32.25543359591277,0 20.0972236296589,-32.25595610256819,0 20.09654427204563,-32.25638350963833,0 20.09625688386566,-32.25653045899173,0 20.09601503817522,-32.25663664566366,0 20.09553383761091,-32.25675280284428,0 20.0952059384091,-32.25682098121646,0 20.09468751712691,-32.25691461645525,0 20.09373069819147,-32.2571060439575,0 20.0932285733778,-32.25728754791223,0 20.09288028482848,-32.257453104691,0 20.09239964955714,-32.25772293802418,0 20.09053527131703,-32.25875898111037,0 20.08925851459368,-32.2594810925337,0 20.08777848589359,-32.26030935547417,0 20.08600452344112,-32.26128382630679,0 20.08566888463702,-32.26151771368187,0 20.0847490104103,-32.26216426970153,0 20.083953047417,-32.26272248317142,0 20.08376200482893,-32.26289179545603,0 20.08358184163219,-32.26308455385215,0 20.08328702433875,-32.26344342068302,0 20.08310313424786,-32.26372704141349,0 20.08249541015289,-32.26468959414221,0 20.08216494936997,-32.26522051296725,0 20.08203784248391,-32.2654694808949,0 20.08191510912987,-32.26566849760119,0 20.08166063672462,-32.26596204720085,0 20.08141984910628,-32.26629372814315,0 20.08125397234927,-32.26653619862699,0 20.08116285699139,-32.26673110937924,0 20.08063207063299,-32.26813013682527,0 20.08037403172527,-32.26875141865,0 20.08017073191654,-32.26919309412772,0 20.08002108996933,-32.26951585040653,0 20.07986366842163,-32.26975233111506,0 20.07956813118624,-32.27006863431461,0 20.07913338416518,-32.27037388376239,0 20.07839930958316,-32.27074714831541,0 20.07771330845802,-32.27100687901447,0 20.07716584409809,-32.27121199163824,0 20.07672746764485,-32.27148477285335,0 20.07638942110269,-32.27180392426681,0 20.07543021339297,-32.27289964858681,0 20.07461307837304,-32.27388331876271,0 20.07331429773459,-32.27526475249756,0 20.07309630806137,-32.27553789248916,0 20.0726550532085,-32.27618820234285,0 20.07228725052367,-32.27679087078593,0 20.07174783958289,-32.27779222036683,0 20.07146874396246,-32.27863127319441,0 20.07130595259921,-32.27919891993566,0 20.07119897034518,-32.27993342673255,0 20.07113062886626,-32.28064970912714,0 20.07103065603556,-32.28157943051482,0 20.07093886924082,-32.2822723971321,0 20.07077427463656,-32.28300979623937,0 20.07064312051763,-32.28368816368543,0 20.07060769228878,-32.2842072256854,0 20.07064146570698,-32.28480035763339,0 20.07066954805505,-32.28572256422685,0 20.07063352531374,-32.28617341033478,0 20.07052356204872,-32.2865207040282,0 20.07040631772523,-32.28688451700841,0 20.07000166241585,-32.28773519515456,0 20.06952614654098,-32.28885562790279,0 20.06866657685625,-32.29090011208085,0 20.06788304516056,-32.29257818184923,0 20.06713272326193,-32.29422246406026,0 20.06668895505739,-32.29514047480573,0 20.06628995553181,-32.29591342674325,0 20.06608651481643,-32.29636933218548,0 20.06592542230296,-32.29688967030984,0 20.06587258237533,-32.2974152235443,0 20.06581586272504,-32.29781998510612,0 20.06568601330028,-32.29824811852788,0 20.06555102172334,-32.29862287887752,0 20.06526388123912,-32.29927345344414,0 20.06501484967051,-32.29971812357334,0 20.06471655447886,-32.30014231206761,0 20.06442282281887,-32.30053656372925,0 20.06387525575923,-32.30129091262209,0 20.06324327286635,-32.30230038740849,0 20.06248794616429,-32.30345901388921,0 20.06168082464145,-32.30470002495037,0 20.06140377550298,-32.30524297320508,0 20.06102647541697,-32.30595477128252,0 20.06075109996844,-32.30644479129663,0 20.06027459199037,-32.30710643387287,0 20.0597506967513,-32.3077983008141,0 20.05866198437235,-32.30911655144865,0 20.05794688933548,-32.3100245029724,0 20.05706238708302,-32.31122240460472,0 20.05650593302761,-32.31196850787675,0 20.05574848865415,-32.31300446576694,0 20.05518839328131,-32.3138856743165,0 20.0546474024455,-32.31484646252564,0 20.05395490570093,-32.31608913103006,0 20.05367460961155,-32.31661993539422,0 20.05353472369928,-32.31683127102841,0 20.05341486535916,-32.31703315060231,0 20.05315601781942,-32.31749224800659,0 20.05242421669376,-32.31862835894258,0 20.05190541228719,-32.31936722940171,0 20.0513121235391,-32.32018407264268,0 20.0509413098528,-32.32064263108432,0 20.05057598560964,-32.32099749640345,0 20.05004008603727,-32.32140926282553,0 20.0491871785302,-32.32196922783481,0 20.04682763199393,-32.32340588547606,0 20.0453344287411,-32.32431770594422,0 20.04384599522619,-32.32524420994401,0 20.04227129409004,-32.32618553498628,0 20.04091873623854,-32.32698577041666,0 20.03919630770873,-32.32798866883063,0 20.03866796624731,-32.32833088568653,0 20.03825883879284,-32.32862191710695,0 20.03784162372087,-32.32899842600111,0 20.0372706944387,-32.32963840634002,0 20.03667472801207,-32.33028425181075,0 20.03642475526601,-32.33049538295693,0 20.03615730410962,-32.33062565601971,0 20.0354081090837,-32.33090267601502,0 20.03496204714926,-32.33109282691917,0 20.03417257728144,-32.33150972519893,0 20.03392188567762,-32.33170008072919,0 20.03375205930937,-32.33191811137982,0 20.03297972569034,-32.33357028329988,0 20.03275924242317,-32.33412160577021,0 20.03217921581906,-32.33513764285659,0 20.03174086964438,-32.33576425188738,0 20.03151093198681,-32.33600904410126,0 20.03135405661152,-32.33621091042548,0 20.03126124898498,-32.33638036017146,0 20.03122017048288,-32.33651556402823,0 20.0310749991816,-32.33766337166833,0 20.03101116126323,-32.33794036885499,0 20.03100308122633,-32.33822940008291,0 20.03103597892419,-32.33852889410537,0 20.03122473084752,-32.33971954272562,0 20.03127556467275,-32.3400020324396,0 20.0314966995795,-32.34073253624704,0 20.03250584886979,-32.34374385248166,0 20.03390119971959,-32.34913678199094,0 20.03409614135567,-32.34981338258724,0 20.0344797581235,-32.35058705865776,0 20.03513230122561,-32.3518241709328,0 20.03531314898071,-32.35236370113591,0 20.03535294244717,-32.35284743083466,0 20.03529398945064,-32.3534648360104,0 20.0349451168197,-32.35480805734765,0 20.03464745147784,-32.35612303714618,0 20.03440804063295,-32.35705050012296,0 20.0341330512874,-32.35789774555061,0 20.03348497758644,-32.35944449433591,0 20.03274194410398,-32.36088456679834,0 20.0318460324862,-32.36230256122376,0 20.03100573963398,-32.36353526584074,0 20.03043940548409,-32.36441305481689,0 20.02993489347326,-32.36506194598455,0 20.0293447422787,-32.36573752315312,0 20.02837598269107,-32.36664620047282,0 20.02708421849181,-32.3679292569615,0 20.02621811716637,-32.36864590503471,0 20.0248725399192,-32.3699651443498,0 20.02371798912569,-32.37108715720457,0 20.02185002851275,-32.37309645726742,0 20.02040210398165,-32.37470566606513,0 20.01970850006543,-32.37556796493239,0 20.01924320074678,-32.3762673062547,0 20.01901806105738,-32.37653479424029,0 20.01872506293028,-32.37674782196248,0 20.01839674971847,-32.37692481946959,0 20.0171371012846,-32.37738569689069,0 20.01664908595648,-32.37760400993331,0 20.01635380091876,-32.37780739428382,0 20.01584772633759,-32.37827269361535,0 20.01440243461224,-32.379535701415,0 20.01406246766484,-32.37973018614441,0 20.0136350285548,-32.37984077912845,0 20.01291913006271,-32.37992878626127,0 20.01260379917896,-32.37998343321544,0 20.01195221184711,-32.38018706822447,0 20.0112720253084,-32.38045464318098,0 20.01017183526523,-32.38093862273809,0 20.00884768650212,-32.38160566940028,0 20.00837050413437,-32.38187557237068,0 20.00808689601599,-32.38217528560331,0 20.00785974518368,-32.38252981954058,0 20.00768696697934,-32.38284092511456,0 20.00753179198257,-32.38327938540764,0 20.00734347016868,-32.38445544313908,0 20.00712577339859,-32.38585802551629,0 20.00716289737558,-32.38664492760662,0 20.00734564101043,-32.38757950103929,0 20.00782138471,-32.38961512753586,0 20.00818984928322,-32.39077818163679,0 20.00843312727165,-32.39138120497025,0 20.00855393221256,-32.39203323655983,0 20.00850856560929,-32.39276449342454,0 20.00824850906295,-32.3939305887513,0 20.00793493900313,-32.39539171600114,0 20.0078318632489,-32.39605075672586,0 20.00773950410539,-32.39669148496735,0 20.00759229377866,-32.39727733649628,0 20.00599683309189,-32.40031737268491,0 20.00537548133443,-32.40144879147111,0 20.00451613440869,-32.40302053846734,0 20.00415480680549,-32.40376249382555,0 20.00374012109602,-32.40473999297251,0 20.00355484690459,-32.40559148759494,0 20.00352369048595,-32.40645852737283,0 20.0029760761128,-32.41127846163321,0 20.00279013710419,-32.41183360954416,0 20.00231039750276,-32.41246784080681,0 19.99661807193174,-32.41812368842687,0 19.99634557176918,-32.41832154573207,0 19.9961394385899,-32.41843063113286,0 19.99520875436277,-32.41874816084049,0 19.99483427060003,-32.41890548452996,0 19.9944132623687,-32.41913303839544,0 19.99402908034418,-32.41940069900139,0 19.99351258590279,-32.41974029545525,0 19.99305797741059,-32.42010533141541,0 19.99260790875445,-32.42046320328048,0 19.99213202260896,-32.42089724619695,0 19.99178030884319,-32.42127924439031,0 19.99164745046971,-32.42146401163164,0 19.99130386564204,-32.4219576681701,0 19.98941844848862,-32.4249029795122,0 19.98586717412216,-32.42916052886825,0 19.98353304881111,-32.43226463862305,0 19.98287211629611,-32.43297559138326,0 19.97970266878949,-32.43592194721721,0 19.97757781305338,-32.43790363724958,0 19.97698042184902,-32.4385858176196,0 19.97613011316567,-32.43945154186245,0 19.97511442325462,-32.44030509872309,0 19.9740274295663,-32.44113901002471,0 19.97113353300571,-32.4437033619523,0 19.96825867289826,-32.44621447391356,0 19.96552839654412,-32.44849835313718,0 19.96441650367057,-32.44928841249691,0 19.96364469996836,-32.44974366447547,0 19.96068709535018,-32.45119287701918,0 19.95823808170454,-32.45235178585383,0 19.95503752469027,-32.45386064127223,0 19.95157484574773,-32.45550857122496,0 19.94887883962448,-32.45687349406551,0 19.94733206425651,-32.45767574443182,0 19.94623910896263,-32.4583472444729,0 19.94560548745532,-32.45889156341734,0 19.94489106600442,-32.45988630273989,0 19.94415661097141,-32.46138966042157,0 19.9435984340673,-32.46252461873964,0 19.94306868565664,-32.4631676480327,0 19.94242883788669,-32.46358186160413,0 19.93780995955788,-32.46553439881232,0 19.93421522377586,-32.4670176628292,0 19.93195343340414,-32.46792053718841,0 19.93068450250537,-32.46849143993765,0 19.92699974526526,-32.47028975871097,0 19.92429794513204,-32.47158956019432,0 19.92127701887919,-32.4729757197666,0 19.91908469310699,-32.47400169430367,0 19.91660853637517,-32.47517102232501,0 19.91452468711394,-32.47612488474069,0 19.91336665703959,-32.47663361752949,0 19.91209222258143,-32.47712431062787,0 19.91084757956286,-32.47750580957587,0 19.91034330433362,-32.47775644892917,0 19.90613380885525,-32.4792798373281,0 19.90523476499451,-32.47953990769054,0 19.90456740994335,-32.47981944834856,0 19.90274481137562,-32.4806045535849,0 19.89987090678488,-32.48176838159063,0 19.89893776559742,-32.48211953355368,0 19.89801975957076,-32.48237507035255,0 19.89675974211759,-32.48267679748911,0 19.89510538474965,-32.4828778549328,0 19.89360253869397,-32.48294085988135,0 19.8922953353762,-32.48316628043119,0 19.89000975754282,-32.48359895160707,0 19.88857462900607,-32.48381719973693,0 19.88671907428654,-32.4839803615675,0 19.88486091143621,-32.48406391144292,0 19.88371436838407,-32.48408567321184,0 19.88207133984727,-32.48403049937414,0 19.8803470987243,-32.48406501620919,0 19.87457797555212,-32.48418440329126,0 19.86828062528737,-32.48429044225031,0 19.86528062693921,-32.48438364561746,0 19.86031730725558,-32.48451266030641,0 19.85695845013139,-32.48461175787728,0 19.85253557796522,-32.48470954794222,0 19.84829406188282,-32.48478016304005,0 19.8434449652607,-32.48489284290417,0 19.83951201546936,-32.48504669357913,0 19.83847699859603,-32.48514935947668,0 19.83713504382151,-32.48539299263748,0 19.8358831951033,-32.48581420333308,0 19.83482277761184,-32.48623243276222,0 19.82913976794679,-32.48873856593589,0 19.8263708593168,-32.48997539427278,0 19.82484211798996,-32.49063488782351,0 19.82351746455144,-32.49130484803816,0 19.82298490802352,-32.49166465399787,0 19.82225547178617,-32.4923778824722,0 19.82163775717275,-32.49342434818774,0 19.82135419277117,-32.49447581818119,0 19.82069891184549,-32.49714459673584,0 19.82041152310189,-32.49813531854753,0 19.82024481059886,-32.49925642028174,0 19.82009837293253,-32.50062697078672,0 19.82001641588084,-32.50174278536263,0 19.81993684498983,-32.50224024307642,0 19.8197762861051,-32.50264320335104,0 19.81947364651429,-32.50330330370302,0 19.81899628623439,-32.50413705882565,0 19.81842359564699,-32.50492675411412,0 19.81801600789522,-32.50552582397395,0 19.81782426064227,-32.5059778442327,0 19.81757774798714,-32.50669331964627,0 19.81720282555612,-32.50861497592633,0 19.81707818058226,-32.50921464951455,0 19.81688607018261,-32.5096010134943,0 19.81654293641405,-32.51006362312492,0 19.81586166686012,-32.51086661552568,0 19.81561789992157,-32.51124284119626,0 19.81529479082381,-32.51184218499455,0 19.81490195888997,-32.51271681804342,0 19.81474271192919,-32.51330632073424,0 19.81442445769566,-32.51573564588518,0 19.81427951563876,-32.51677254350388,0 19.81416444069753,-32.51757093461524,0 19.81394758804725,-32.51854918954035,0 19.81375055256474,-32.51941364617676,0 19.81357783368107,-32.52009222084986,0 19.81323255440192,-32.52083399507318,0 19.81290020041946,-32.52164306431344,0 19.81262598792927,-32.52234372401696,0 19.8123532773431,-32.52307714313608,0 19.81209666520128,-32.52387868251045,0 19.81184694972772,-32.52477365105976,0 19.81166602060318,-32.52570970592107,0 19.81140374606435,-32.52724307974523,0 19.81119990330794,-32.52850382585327,0 19.81105648411118,-32.5295967128673,0 19.81103277917758,-32.53062624647393,0 19.81103340905789,-32.5365161069878,0 19.81101682514511,-32.54239292071427,0 19.81101224999589,-32.54688034151106,0 19.8110115074732,-32.54888050905694,0 19.81099778501933,-32.55180784292325,0 19.8109845299058,-32.55511008980309,0 19.8110144300572,-32.55692507436324,0 19.81098646997081,-32.55828803791558,0 19.81097135382692,-32.56449791448098,0 19.81096514775162,-32.56993375104457,0 19.81092728824677,-32.57498593361941,0 19.81095138931133,-32.58254430040849,0 19.81086228828236,-32.58817932600277,0 19.81085729748471,-32.58967331179614,0 19.81085019635996,-32.59170144542324,0 19.81088889199679,-32.59296964215606,0 19.81076552768361,-32.59397920850279,0 19.81050916060744,-32.59518576624777,0 19.81004725217781,-32.5966426645928,0 19.80947105898118,-32.59767947329371,0 19.80840539462498,-32.59913708471313,0 19.8071103835766,-32.60043678743508,0 19.80566389602998,-32.60162988214348,0 19.80182462605475,-32.60498291194799,0 19.79924221852543,-32.60725456725361,0 19.79735564411212,-32.60891824378444,0 19.79600987207932,-32.61024093574783,0 19.79469920798593,-32.61164250538575,0 19.79318555904938,-32.61330359010254,0 19.7919259507426,-32.6146750818105,0 19.78983006817866,-32.6170365962263,0 19.78818453862892,-32.61889566822815,0 19.78639094328063,-32.62074844771237,0 19.7853492390468,-32.62177057815869,0 19.78430392071293,-32.62256772652304,0 19.78194753156432,-32.62422749542268,0 19.77920488360614,-32.62604834218791,0 19.7772435206105,-32.62737505071777,0 19.77559878830845,-32.62854369240478,0 19.77245014470676,-32.63087781621174,0 19.77121873379021,-32.63186969512506,0 19.76895418550244,-32.63378199479861,0 19.76832311192586,-32.63437022042887,0 19.76791937270169,-32.63498382636842,0 19.76536549196007,-32.6393875793077,0 19.76429826459333,-32.64124220426031,0 19.7624949579199,-32.64468351281278,0 19.76164585546859,-32.64690373099739,0 19.76133836285844,-32.64768964215432,0 19.76095563486959,-32.64846727235374,0 19.76041263846499,-32.64937534183844,0 19.75982201210265,-32.64995544853536,0 19.7586631204431,-32.65083830502891,0 19.75755857796048,-32.65153302701993,0 19.75282331083567,-32.65440600532912,0 19.74984801387826,-32.65615966530587,0 19.74842827491049,-32.65692626060609,0 19.74650442034672,-32.65813040378079,0 19.74266849266072,-32.66043048321708,0 19.73924107195628,-32.66245097640361,0 19.7357650193473,-32.66447958058436,0 19.73416753231157,-32.66546863137366,0 19.73329096272839,-32.66596369225675,0 19.73161592761598,-32.66654497316952,0 19.72434962985702,-32.66868188708575,0 19.72047575791278,-32.66965591707464,0 19.71908533099823,-32.67003492470806,0 19.71872119633873,-32.67016207928762,0 19.71830443686606,-32.67038925046629,0 19.71799226447716,-32.6706338577942,0 19.7171486515549,-32.67138410428645,0 19.71689609944352,-32.67171850952357,0 19.71671516115165,-32.67221395347126,0 19.71617688870271,-32.67565900159062,0 19.71595791386911,-32.67633774823847,0 19.71565654177119,-32.67674420217848,0 19.71531415817615,-32.67701103498125,0 19.71487469670988,-32.67736830929852,0 19.71224411439476,-32.67895153520838,0 19.70956470747424,-32.68057864101634,0 19.70822982724143,-32.68141112607516,0 19.70803823521649,-32.6815100802925,0</coordinates></LineString>
</Placemark>
<Placemark>
  <name>Maansedam</name>
  
  <styleUrl>#style_MAIN_ROADS</styleUrl>
  <LineString><tessellate>1</tessellate><coordinates>20.02657465925135,-32.19535871011247,0 20.02668775581474,-32.19522217223933,0 20.02699422320231,-32.19504781545096,0 20.02749274486304,-32.19484014356526,0 20.02821190493455,-32.19453600885824,0 20.02898249784428,-32.19424086045522,0 20.02974052237012,-32.19393940522573,0 20.0301484212745,-32.1937864174329,0 20.03056331311774,-32.19361322885042,0 20.03079928654863,-32.19355392533695,0 20.03098649388069,-32.19355087924833,0 20.03119610247787,-32.19360434287967,0 20.03144021766058,-32.19376214680845,0 20.03177805173833,-32.19394923645042,0 20.03196307454037,-32.19401705039332,0 20.03209983610052,-32.19401982948958,0 20.03226053305455,-32.19398554037325,0 20.03242708606691,-32.19392206485144,0 20.03253950762076,-32.19388017545936,0 20.03262858685531,-32.19384445302642,0</coordinates></LineString>
</Placemark>
<Placemark>
  <name>No Entry</name>
  
  <styleUrl>#style_MAIN_ROADS</styleUrl>
  <Point><coordinates>19.99257373253738,-32.13337852944228,0</coordinates></Point>
</Placemark>
<Placemark>
  <name>No Entry</name>
  
  <styleUrl>#style_MAIN_ROADS</styleUrl>
  <Point><coordinates>20.04665906454171,-32.15283466217289,0</coordinates></Point>
</Placemark>
<Placemark>
  <name>No Entry</name>
  
  <styleUrl>#style_MAIN_ROADS</styleUrl>
  <Point><coordinates>19.86610997440467,-32.18327538648652,0</coordinates></Point>
</Placemark>
<Placemark>
  <name>No Entry</name>
  
  <styleUrl>#style_MAIN_ROADS</styleUrl>
  <Point><coordinates>19.78414021857211,-32.17920502962477,0</coordinates></Point>
</Placemark>
<Placemark>
  <name>No Entry</name>
  
  <styleUrl>#style_MAIN_ROADS</styleUrl>
  <Point><coordinates>19.70565571765285,-32.21820290188356,0</coordinates></Point>
</Placemark>
<Placemark>
  <name>No Entry</name>
  
  <styleUrl>#style_MAIN_ROADS</styleUrl>
  <Point><coordinates>19.76601404233101,-32.33862067618807,0</coordinates></Point>
</Placemark>
<Placemark>
  <name>No Entry</name>
  
  <styleUrl>#style_MAIN_ROADS</styleUrl>
  <Point><coordinates>20.1290041310711,-32.32095898957797,0</coordinates></Point>
</Placemark>
<Placemark>
  <name>Untitled Path</name>
  
  <styleUrl>#style_MAIN_ROADS</styleUrl>
  <LineString><tessellate>1</tessellate><coordinates>20.10069884360257,-32.25202891961416,0 20.10065368944776,-32.25288022502454,0 20.10062304019528,-32.25341188155998,0 20.10056735514679,-32.2539740145496,0 20.1005765323573,-32.25476412746449,0 20.10043875086546,-32.25543370857867,0 20.10040399930124,-32.25588771200817,0 20.10044078811118,-32.25645794728506,0 20.10053061075234,-32.25737897873682,0 20.10064768226868,-32.25788675098908,0 20.10071498102249,-32.2586956060613,0 20.10080304839315,-32.25942696942931,0 20.10086282810167,-32.25979698526124,0 20.10100713897822,-32.26017829761608,0 20.10126465895528,-32.26069104088757,0 20.10244824848541,-32.26277706953277,0 20.10312197524107,-32.26375491041822,0 20.10370304960724,-32.26444343421242,0 20.10405018285762,-32.26484444245261,0 20.10419920826454,-32.26504426480381,0 20.10436283282112,-32.2653118409055,0 20.10452131283279,-32.26561787778311,0 20.10464951505379,-32.26586850961684,0 20.10483690150545,-32.26610933322864,0 20.10507768332041,-32.26633713015961,0 20.10524436620982,-32.2665462203791,0 20.10532943592244,-32.26678414676869,0 20.10582364269494,-32.26795457327163,0 20.10592987579478,-32.26828376545804,0 20.10604901952324,-32.26849372103895,0 20.10614123596561,-32.26862924335918,0 20.10633537474,-32.26879861656113,0 20.1066044158965,-32.26899121808671,0 20.10671355920477,-32.26909709485292,0 20.10680111437834,-32.26920255130174,0 20.10688614432878,-32.26942670143376,0 20.10694505162452,-32.26964993215709,0 20.10700386606018,-32.27007602441494,0 20.10704638085445,-32.27024497143171,0 20.10717125232679,-32.27046127049234,0 20.10811101586708,-32.27161729464306,0 20.10873080571624,-32.27231314315861,0 20.1091060735867,-32.27280824351512,0 20.10935939517988,-32.27324738915061,0 20.10954143990793,-32.27359498422658,0 20.10966032823308,-32.27377071276052,0 20.10984289048639,-32.27404260787502,0 20.10997064812944,-32.27418486857567,0 20.11008210574939,-32.27427997527412,0 20.11024800545398,-32.27442647318221,0 20.11041374046772,-32.27462775858963,0 20.11045997300639,-32.27475395168799,0 20.11044818708054,-32.27489215125956,0 20.11037310087001,-32.27503341083786,0 20.11031330164114,-32.27520070309524,0 20.11023838048282,-32.27538438287178,0 20.11009730946102,-32.27543888585407,0 20.10997437765312,-32.27545732271027,0 20.10985291640339,-32.27544684409384,0</coordinates></LineString>
</Placemark>
<Placemark>
  <name>Untitled Path</name>
  
  <styleUrl>#style_MAIN_ROADS</styleUrl>
  <LineString><tessellate>1</tessellate><coordinates>19.86365693022223,-32.23753085333116,0 19.86333872631451,-32.23739543174369,0 19.86295865438018,-32.23723240271032,0 19.86262902985491,-32.23711978431626,0 19.86231043025001,-32.23703191413777,0 19.86199090744719,-32.23699449381639,0 19.86151717628444,-32.23695633878888,0 19.86118937247486,-32.23691475438907,0 19.86071151576718,-32.23684166845722,0 19.85924680861643,-32.23655504933922,0 19.85873894033718,-32.23646554318529,0 19.85805757090506,-32.2363665300829,0 19.85711417950373,-32.23620940162252,0 19.85617720962478,-32.23603996129843,0 19.85593533397611,-32.23600009668263,0 19.85508044129169,-32.23588477327691,0 19.85463986229478,-32.23582883564426,0 19.85426363543112,-32.23581028370334,0 19.8535101506117,-32.23579283698207,0 19.85322896405786,-32.23577315656733,0 19.85259928322542,-32.23570612657031,0 19.85228664755579,-32.23567100356264,0 19.85167439840843,-32.23554278201127,0 19.85145821564404,-32.23551779269607,0 19.85101849559727,-32.23548766063203,0 19.85050622933214,-32.23544790498099,0 19.85017256375539,-32.23538658799986,0 19.84963617132556,-32.23525777173158,0 19.84922211547451,-32.2351279609154,0 19.84893924122817,-32.23502749832564,0 19.84854801245703,-32.23493930884487,0 19.84802468529704,-32.23484467062433,0 19.84778259066176,-32.23477114578262,0 19.84756044780833,-32.23466845886196,0 19.84718613825987,-32.23451439996061,0 19.84692190264478,-32.23438066110386,0 19.84669228798682,-32.23428894169977,0 19.84630722731917,-32.23420431115722,0 19.84594751658301,-32.23414072991812,0 19.84570215309772,-32.23404564624143,0 19.84513147302983,-32.23384496755746,0 19.84472988079315,-32.23373256790848,0 19.84406050746712,-32.23354478334915,0 19.84372781172407,-32.23346434288828,0 19.84326741970336,-32.23337069914459,0 19.84291088013026,-32.23326912498627,0 19.84257271183505,-32.23315906707697,0 19.84224221437795,-32.23307195629207,0 19.8418660779327,-32.23295495590783,0 19.84157489409558,-32.23289128958216,0 19.84130414031288,-32.23284791516747,0 19.8411557180009,-32.23281190691794,0 19.84097815540757,-32.23269099402644,0 19.84082006907503,-32.23254012002504,0 19.84065715058954,-32.23242121208303,0 19.84028144964293,-32.2322488231901,0 19.83991945488053,-32.23209624847436,0 19.83960990433053,-32.23196166187511,0 19.83893843929448,-32.23174633123696,0 19.83787071179645,-32.23136590725942,0 19.83671126990097,-32.23097153533588,0 19.83647513788751,-32.23087495588961,0 19.83610934566502,-32.23069829012744,0 19.83580752795931,-32.23055921895337,0 19.83549859873802,-32.2304259755662,0 19.83504942840939,-32.23027501435674,0 19.83451753917512,-32.23010577101429,0 19.83429613419149,-32.23002626266832,0 19.83384514368101,-32.22986731942446,0 19.83352956868868,-32.22973101145297,0 19.83315062803698,-32.22956166876602,0 19.83285447821959,-32.22946773774439,0 19.83189373119581,-32.22914107760447,0 19.83147752485146,-32.22900555321159,0 19.83130963816975,-32.22893569851352,0 19.83076264729767,-32.22864984950284,0 19.83041037051834,-32.22848664950018,0 19.82996206528994,-32.22823890195046,0 19.82961576523711,-32.22799952841813,0 19.82935742975124,-32.22783623794827,0 19.82906506824638,-32.22770055205492,0 19.82869021128273,-32.2275100977046,0 19.82848104827004,-32.22735664166446,0 19.82825942977662,-32.22717514827056,0 19.82805797189285,-32.22698211253368,0 19.82792825661337,-32.22674277174604,0 19.82778345277195,-32.22650414974673,0 19.82761791859669,-32.22624878612999,0 19.82734863102424,-32.22586471894981,0 19.8270794223962,-32.22553647011459,0 19.82684029649056,-32.22519964179193,0 19.82656306540527,-32.22484604314776,0 19.82622919910948,-32.22447263883885,0 19.82590543319852,-32.22411972082364,0 19.82566432738672,-32.22387046658279,0 19.82543048676626,-32.22365680901483,0 19.8252174304304,-32.22344064507915,0 19.82498709779288,-32.22313818950781,0 19.82483166849143,-32.22294870710518,0 19.82476370358215,-32.2228922187894,0 19.82464425662584,-32.22284799980737,0 19.82452503788976,-32.22283695084255,0 19.82442099886348,-32.22278692204587,0 19.82438149522223,-32.22274232576451,0 19.82435865334606,-32.22269193343447,0 19.82434325294253,-32.22258181398075,0 19.82436852145073,-32.2224458651736,0 19.82436991006188,-32.22231583698457,0 19.82435284675171,-32.22218913918898,0 19.82425195794025,-32.2220506045385,0 19.82407371403877,-32.22183470841245,0 19.82380252782187,-32.22147709267863,0 19.82355783110662,-32.22112617569708,0 19.82335188432791,-32.22082947319615,0 19.82322937888326,-32.22062253554686,0 19.82314242669059,-32.22047249837899,0 19.82311114433834,-32.22038010793973,0 19.82306841581702,-32.22027105757475,0 19.82302075395071,-32.22020124404424,0 19.82297513303226,-32.22011588682695,0 19.82293105402998,-32.22000538175509,0 19.82287395713932,-32.2198643640705,0 19.82272527708595,-32.21967094290803,0 19.8225949156807,-32.21955066444426,0 19.82230162201237,-32.21935737470629,0 19.82204847052857,-32.21920816524889,0 19.82179173867867,-32.21905268109815,0 19.82149780087416,-32.21888468213711,0 19.82128122000632,-32.21876585169484,0 19.82085467497818,-32.21850481899458,0 19.82071942839335,-32.21842562250204,0 19.82053083963506,-32.21835257567719,0 19.82037303793052,-32.218285722829,0 19.82018687443795,-32.21814378723587,0 19.820113663619,-32.2180547645413,0 19.81999797456245,-32.21787359062847,0 19.81990893212375,-32.21766635155559,0 19.81983859381121,-32.21747914318188,0 19.81974797563056,-32.21725499983567,0 19.81966219146694,-32.21707124245864,0 19.81953387943782,-32.21687632781509,0 19.81935113933697,-32.21664386427944,0 19.81916972550847,-32.21646341470763,0 19.81887242671563,-32.2161987646837,0 19.81853243405798,-32.21593913520434,0 19.81824099883936,-32.21574968852249,0 19.81790953350452,-32.21553739727533,0 19.81766266101353,-32.21539752196924,0 19.81739890462704,-32.21523241195354,0 19.81729280558047,-32.21517714007041,0 19.81713534411293,-32.21510903797423,0 19.8170161893845,-32.2150439334006,0 19.81688975878078,-32.21497993101968,0 19.81677079368588,-32.21487325078624,0 19.81666159052911,-32.21476828560068,0 19.81652839536327,-32.2146597805862,0 19.81642134295519,-32.21457119325766,0 19.81621674626628,-32.2144378858743,0 19.81608817900478,-32.2143294915991,0 19.81596486621065,-32.21420614561371,0 19.81585115468347,-32.21406868513439,0 19.81576802363647,-32.21395351767475,0 19.81567397840081,-32.21384240264469,0 19.81557761483436,-32.21377349416753,0 19.81547292810861,-32.21372137958829,0 19.81531882206199,-32.21367459651275,0 19.81515163030297,-32.21357896342829,0 19.81486988116157,-32.2133802595681,0 19.81422486781852,-32.21293475961991,0 19.81403144175945,-32.21280702982469,0 19.81388042009441,-32.21269228985106,0 19.81380433798182,-32.21262287882455,0 19.81366711015796,-32.2125610411976,0 19.81349325662021,-32.21251137683295,0 19.81336728185967,-32.21244780762452,0 19.8132063081342,-32.21235595447386,0 19.81296014828729,-32.2121890656024,0 19.81281626086525,-32.21208526604509,0 19.81251733877771,-32.21190968573798,0 19.81223732412067,-32.21175371476735,0 19.81184201523493,-32.21153251457838,0 19.81141124523258,-32.21129016690163,0 19.8110430030427,-32.21105596630406,0 19.81068049080837,-32.21083667899748,0 19.81012158944501,-32.21052144008798,0 19.80983694684748,-32.21034817287893,0 19.80955622587516,-32.21016807923569,0 19.80923133697329,-32.2099729740621,0 19.80851531036129,-32.20957949307937,0 19.80825278194347,-32.20941656188463,0 19.80789111527112,-32.2091873521373,0 19.80762735856636,-32.20900755422593,0 19.8073217443384,-32.20881589916393,0 19.80699211400053,-32.20864993185769,0 19.80662941330839,-32.20846493338003,0 19.80634216996538,-32.20832983082319,0 19.80597629675557,-32.20814181854117,0 19.80563800823903,-32.20795703279775,0 19.80540277417522,-32.20783989315184,0 19.80512948743049,-32.20771349328269,0 19.80488467726361,-32.20762287715994,0 19.80458673474823,-32.20751775363889,0 19.80439950724445,-32.20743576340244,0 19.80406346644245,-32.20727323393671,0 19.8037506581445,-32.20710236863359,0 19.80346895106312,-32.20692974154553,0 19.80321925149318,-32.20673381421719,0 19.8030284039155,-32.20657872441485,0 19.80259712765016,-32.20628667701717,0 19.80215227525887,-32.20604205793789,0 19.80166893831261,-32.2058220975014,0 19.80128864605155,-32.20565808509596,0 19.8007108542841,-32.20542579580873,0 19.79989498950446,-32.20509358684883,0 19.79896674735695,-32.2047532681572,0 19.79843215255153,-32.20458858840922,0 19.79736304668336,-32.20434596188423,0 19.79707874364948,-32.20427207792106,0 19.79684091339517,-32.20419643228419,0 19.79650691194631,-32.20403554415125,0 19.796243516098,-32.20388501019414,0 19.79595218037184,-32.20367606585926,0 19.79554180558332,-32.20335117225135,0 19.79535570644129,-32.20316673008809,0 19.79525848035097,-32.20296127297821,0 19.79528066994499,-32.20276858869065,0 19.79544303138698,-32.20231535758705,0 19.7955351812944,-32.20179657356647,0 19.79553535476359,-32.20158289406535,0 19.79545594064508,-32.20149027248223,0 19.79527895252295,-32.20141242355086,0 19.79527228072357,-32.20140647849373,0 19.79510858103721,-32.20132820035648,0 19.79493383468108,-32.20123045079158,0 19.79473645080476,-32.20105536447198,0 19.79460137153653,-32.20084056577857,0 19.79425314549964,-32.20042030620536,0 19.79403688260832,-32.20019745355829,0 19.79379846089571,-32.20002565910227,0 19.79345975870866,-32.19978879210114,0 19.7932331603284,-32.19964916038616,0 19.79300515800743,-32.19941572832973,0 19.79275657311448,-32.19916573142646,0 19.79248547166505,-32.19893556021687,0 19.79211250032646,-32.19867634153707,0 19.79183186853903,-32.19853649277935,0 19.79146289935057,-32.19838314588017,0 19.79122753874175,-32.198280814134,0 19.79099824662979,-32.19818109275026,0 19.79083673707958,-32.19810227721047,0 19.79049309842307,-32.19788029079331,0 19.79048606130004,-32.19787083560178,0 19.7904757048047,-32.19786121844448,0 19.79027192480641,-32.19767496012405,0 19.78997164435758,-32.19746595595543,0 19.78969409897012,-32.19732131951057,0 19.78938294272544,-32.197194569929,0 19.78903427275928,-32.19703529016938,0 19.78867907883178,-32.19687449263169,0 19.78827447618638,-32.1966720011826,0 19.7880817606932,-32.19658090401507,0 19.78778082268218,-32.19646210553655,0 19.78740236558748,-32.19630852944848,0 19.78694634125595,-32.19614187354294,0 19.78672525726839,-32.19604601931276,0 19.78651147921627,-32.19590027076945,0 19.7860959063397,-32.19562468359332,0 19.78582107337439,-32.19547132751021,0 19.7854883221511,-32.19527349159301,0 19.78512823984199,-32.19504954926094,0 19.78471149074847,-32.1947310079941,0 19.78451000280604,-32.19449798453203,0 19.78431205762597,-32.19423360261765,0 19.78418876783877,-32.19404048392673,0 19.784121357055,-32.19395858560404,0 19.78408761921136,-32.19387465213282,0 19.78410543663358,-32.19380504758728,0 19.78412837399591,-32.19376060925371,0 19.78416266021357,-32.19372977509495,0</coordinates></LineString>
</Placemark>
<Placemark>
  <name>Untitled Path</name>
  
  <styleUrl>#style_MAIN_ROADS</styleUrl>
  <LineString><tessellate>1</tessellate><coordinates>19.98398815437458,-32.13673100587938,0 19.98412237263865,-32.13690736822863,0 19.98426238194761,-32.1371398382406,0 19.98445195121346,-32.13746336856389,0 19.98675247999627,-32.14084352963108,0 19.98703479111477,-32.14123934416166,0 19.98737744727112,-32.14165896570627,0 19.98795174982615,-32.14233503777618,0 19.99071627639786,-32.14555062596554,0 19.99136981993718,-32.1463123301296,0 19.99208717644556,-32.1471510440659,0 19.99316974816223,-32.14840597694555,0 19.9939702131756,-32.14934391495922,0 19.99397185197826,-32.14934298590547,0 19.9944117601523,-32.1498595916965,0 19.99520509022696,-32.15077345709939,0 19.99570077256865,-32.15134037688812,0 19.99675034888287,-32.15259065719356,0 19.99751191670865,-32.15349924028835,0 19.99919914034967,-32.15544235977382,0 20.00060866426666,-32.15706997089122,0 20.00328391561495,-32.16020405936523,0 20.00421202407381,-32.16129575736306,0 20.00447267840058,-32.16160419128607,0 20.00470568887709,-32.16188689443414,0 20.00493093429211,-32.16224488427015,0 20.00515314191541,-32.16270362225837,0 20.00534165042645,-32.16314550990252,0 20.00547732119827,-32.16361864183849,0 20.0056670014697,-32.16431196664271,0 20.00582747734479,-32.16507420855516,0 20.00600336267505,-32.16597089501023,0 20.00617180209716,-32.16665158321315,0 20.00631111906922,-32.1674069847441,0 20.00638201048777,-32.16785149047211,0 20.00653153797045,-32.16834271352545,0 20.00670813639093,-32.1688733812282,0 20.00694009734438,-32.1695709863739,0 20.0071329758008,-32.17005911116397,0 20.00741574968797,-32.17078467044412,0 20.00773666736153,-32.17145068982569,0 20.00804473538178,-32.17207127448513,0 20.00837619807268,-32.17275895215865,0 20.00887387473482,-32.17370369767277,0 20.0092981138129,-32.17453607660872,0 20.00972017967225,-32.17535709210979,0 20.00998667648213,-32.17589505024024,0 20.01029325963247,-32.17645119013222,0 20.01053940029422,-32.17679407633844,0 20.01083835897548,-32.17713411497815,0 20.01117697607054,-32.17748029884309,0 20.01152094942314,-32.17782745609649,0 20.01192260483733,-32.17825374518804,0 20.01226662780396,-32.17862334806238,0 20.01255924348577,-32.17895335151628,0 20.01293583162718,-32.17937556291457,0 20.01608230672097,-32.1827635928293,0 20.02048593874523,-32.18751404589131,0 20.02097048081095,-32.1879863749144,0 20.02202323162178,-32.18895284281344,0 20.02269221344849,-32.18956689347087,0 20.02300777526165,-32.18991302995126,0 20.02322993238451,-32.19023800886332,0 20.02392629208793,-32.19136709037881,0 20.02502003440085,-32.19314130705398,0 20.02596367794318,-32.19467581056883,0 20.02630471192244,-32.19510640881762,0 20.02642168335837,-32.19523862601633,0 20.02663032006153,-32.19545692996746,0 20.02696600287685,-32.19578574135569,0 20.0273163967549,-32.19605748720984,0 20.0275541953674,-32.1962075554866,0 20.02809262228315,-32.1964838991947,0 20.02855415985608,-32.19669990826964,0 20.0292522513139,-32.19698866904786,0 20.02997336811335,-32.19725549876821,0 20.0307513146975,-32.19753997572127,0 20.03138191471439,-32.19768725910659,0 20.03206568848465,-32.19777230246123,0 20.03275034027114,-32.19780611175361,0 20.03371366960678,-32.19781441469147,0 20.03494367966334,-32.19781006220309,0 20.03595024671321,-32.1977681745552,0 20.03644551433931,-32.19775493828139,0 20.03681086166386,-32.19779577438762,0 20.03711711601516,-32.19789329126926,0 20.03743867220186,-32.19806995882454,0 20.03804041822289,-32.19855076744963,0 20.03848352646602,-32.19893738791977,0 20.03888823154048,-32.19919262163938,0 20.03956759666927,-32.19947977691915,0 20.0404572305219,-32.199802232429,0 20.04168636592961,-32.20018330742003,0 20.04262984240587,-32.20048909479914,0 20.04353829112946,-32.20077707587085,0 20.04465332243065,-32.20113915310395,0 20.04550846944166,-32.20141755634864,0 20.04659638318777,-32.20176408888514,0 20.04766903071067,-32.20208817721911,0 20.04889535031487,-32.20249080162884,0 20.04994470781005,-32.20282276287693,0 20.05066229091201,-32.20304937185594,0 20.05158938258602,-32.20335514990344,0 20.0540888461962,-32.20413117163638,0 20.05453168889689,-32.20423874034953,0 20.05518791390756,-32.20435961763574,0 20.05613472079282,-32.20451265647625,0 20.05732300196722,-32.2046955864859,0 20.06771102642255,-32.20644642047115,0 20.06849872318786,-32.20659818723855,0 20.06867657000903,-32.20664067651823,0 20.06886597398034,-32.20671099654419,0 20.0689628388079,-32.20674404635484,0</coordinates></LineString>
</Placemark>
<Placemark>
  <name>Untitled Path</name>
  
  <styleUrl>#style_MAIN_ROADS</styleUrl>
  <LineString><tessellate>1</tessellate><coordinates>20.02883763952761,-32.19684000120279,0 20.0289213333837,-32.19716456605617,0 20.02895152841138,-32.19773933395604,0 20.02877471636052,-32.19824188441911,0 20.02866144437558,-32.19866955944045,0 20.02853437737289,-32.19909149692408,0 20.0284949167978,-32.19943980841885,0 20.02840685386125,-32.19966287393775,0 20.02832441513331,-32.19990409427229,0 20.02835326104467,-32.20041735324889,0 20.0284013714858,-32.20082543143074,0 20.02857082907934,-32.20106579693055,0 20.02882080242808,-32.20134598767907,0 20.02916232801011,-32.20232373646365,0 20.02922187650029,-32.20256743972482,0 20.02922940073519,-32.20287449996765,0 20.02920524861966,-32.203245860202,0 20.02914296394123,-32.2036826745172,0 20.02905615086851,-32.20401138587233,0 20.02901774965944,-32.20429210936917,0 20.02891924836262,-32.20458321945951,0 20.02881776813826,-32.20478170163803,0 20.02875579545595,-32.20491905538602,0 20.02865414804273,-32.20509999709643,0 20.02856479875084,-32.20522996286621,0 20.02816142038159,-32.20555968451165,0 20.02778567616078,-32.20587624445387,0 20.02723499654679,-32.20647701267908,0 20.02711243968455,-32.20655859121874,0 20.02702652202774,-32.20661364586267,0 20.02589406713324,-32.20681675091772,0 20.02536366824167,-32.20699458262371,0 20.02488236364783,-32.20711607455523,0 20.02452120830228,-32.20715850589057,0 20.02188169387338,-32.20760241903601,0 20.02101525043326,-32.20776093477095,0 20.02083832600018,-32.20773804638901,0 20.02071522381827,-32.20766892462251,0 20.02061531107453,-32.20761808213609,0 20.02050560261647,-32.20759763499596,0 20.02019557535177,-32.20764710645071,0 20.01997742836302,-32.20763143859629,0 20.01988656083466,-32.20762742292564,0 20.01979851225691,-32.20768477131497,0 20.01975309733911,-32.20778004980738,0 20.01971307102524,-32.20785803226369,0 20.01964366000881,-32.20791463214656,0 20.01952781899736,-32.20795644737549,0 20.01931574372336,-32.20799144113838,0 20.01912518392048,-32.20801645701121,0 20.01901882738277,-32.20803597181745,0 20.01893626421535,-32.20802022340462,0 20.01809948027009,-32.20817803900923,0 20.01768802351556,-32.20819228223224,0 20.01728164596337,-32.20826365853156,0 20.01704049791244,-32.20832166009591,0 20.01685998379589,-32.20838953137739,0 20.01618314422638,-32.20854767568865,0 20.01596961911115,-32.20860897617498,0 20.01560096004244,-32.20867081020882,0 20.01518413587629,-32.20869863317029,0 20.01513766317926,-32.20873925466917,0 20.0151384183865,-32.20882289496002,0 20.01521988498541,-32.20889552450866,0 20.01636770399736,-32.20963024361078,0 20.01656251894918,-32.20977309384007,0 20.01673511614349,-32.20993117997265,0 20.01693337155824,-32.21013939129504,0 20.01713825855522,-32.21027560812266,0 20.01733714583555,-32.21038822718158,0 20.01762325201702,-32.21057531113875,0 20.01787426103429,-32.21080687926466,0 20.01800638364122,-32.21105644414283,0 20.01811717706666,-32.21133612861554,0 20.01836951533544,-32.21204045766564,0 20.01853257827401,-32.21264462921307,0 20.01857161685799,-32.21298442733617,0 20.01852621337988,-32.21400652732241,0 20.01854368032563,-32.21435950834252,0 20.01866126457495,-32.21529421886859,0 20.01871040658097,-32.21569679800135,0 20.0186770407595,-32.21609530018305,0 20.01867673186128,-32.21676326692521,0 20.01874072936177,-32.21778226701688,0 20.01872524387606,-32.21843698640367,0 20.01871813686936,-32.21889949829401,0 20.01882176133755,-32.2197586895903,0 20.0188891324867,-32.22055737503999,0 20.01907032235052,-32.2214744168032,0 20.01915641661473,-32.2217648582397,0 20.01920037792417,-32.22193155444435,0 20.01930181477708,-32.22259118449713,0 20.01926915237972,-32.22315062694977,0 20.01924818240328,-32.22378486053114,0 20.01927164497717,-32.22407822965492,0 20.01932097192991,-32.22434154405318,0 20.0193034324448,-32.22451549688027,0 20.01913074648983,-32.22597226055258,0 20.01901004910934,-32.22651414580517,0 20.01880464063107,-32.22711553758743,0 20.01837980948985,-32.22838153175252,0 20.01814845909419,-32.22907650322357,0 20.0181033935123,-32.22949366514059,0 20.0178079931278,-32.23091984065962,0 20.01772928239875,-32.23128446371414,0 20.0177037593736,-32.23163703895224,0 20.01758315074793,-32.23232011143619,0 20.01739179363318,-32.23311819681609,0 20.01708535704791,-32.23409582611357,0 20.01682883336907,-32.23487234299905,0 20.01677606385385,-32.23504615471993,0 20.01667239681844,-32.23519675023479,0 20.01655689635862,-32.23529788409854,0 20.01581547665247,-32.2356417087818,0 20.01509837111848,-32.23598629699182,0 20.01463829826626,-32.23616862628865,0 20.0142932428492,-32.23635629450236,0 20.01339683175261,-32.23704058396617,0 20.01287666119573,-32.23731710932264,0 20.01226835490506,-32.23760779889562,0 20.01193841385167,-32.23784134219984,0 20.01167002446967,-32.23797824994744,0 20.01086128148968,-32.23835761869037,0 20.01002912741222,-32.23882048413439,0 20.00976394479355,-32.23895281110735,0 20.00954887148915,-32.23903129816583,0 20.00694008175915,-32.23990131287552,0 20.00525899338582,-32.24037423955091,0 20.00504075976561,-32.24042152486789,0 20.00461684942304,-32.24051774300487,0 20.00395663084035,-32.24068203334462,0 20.00323203002898,-32.24093874910609,0 20.00295644190955,-32.24100531909343,0 20.0025497512567,-32.24106287543232,0 20.00193034319688,-32.24103802065989,0 20.00126917447187,-32.2408768960677,0 20.0010337336406,-32.24082878559037,0 20.00085396782918,-32.24081571589309,0 20.00062703105319,-32.24082101333923,0 19.99960195982019,-32.24093229734032,0 19.99936562388153,-32.24093237881133,0 19.9986939006009,-32.24089490880381,0 19.99848974707289,-32.2408981970977,0 19.9981455420657,-32.24091740625804,0 19.99791661297487,-32.240946749538,0 19.99729131955213,-32.24102830794953,0 19.99661660057466,-32.2410563135181,0 19.99588181174091,-32.24104460223948,0 19.99556947818736,-32.24098508578629,0 19.99515035027483,-32.24087784681358,0 19.99478338612338,-32.24081585335217,0 19.99444571225164,-32.24079626024677,0 19.99394113820571,-32.24074523082702,0 19.9936049662677,-32.24069174294395,0 19.99322835176258,-32.24064072423311,0 19.99284466847728,-32.24055643349447,0 19.99245901777225,-32.2404538555874,0 19.99180594064935,-32.24020222366046,0 19.99144273926952,-32.24008211602786,0 19.99099306036836,-32.23991170690077,0 19.98899841709719,-32.23930044548583,0 19.98703303418335,-32.23878930676838,0 19.98609740975382,-32.23857942479234,0 19.98488461560036,-32.23822687545412,0 19.98456413069748,-32.23814037039433,0 19.98434364025855,-32.2380600883244,0 19.98406348675738,-32.23790417579583,0 19.98321504543038,-32.23729586777793,0 19.98278824346867,-32.2370743928493,0 19.98244565354618,-32.23696087034345,0 19.98176306709571,-32.23681634896318,0 19.98094215499046,-32.23665933047311,0 19.97992759378476,-32.23651359265093,0 19.97862821086631,-32.23638920028562,0 19.9769100483158,-32.23630733228347,0 19.97648952933624,-32.23631089637398,0 19.97609396193181,-32.23630413727835,0 19.97583734823136,-32.23627464254481,0 19.97557472471107,-32.2362204554466,0 19.97524545757427,-32.23611530423025,0 19.97488164670478,-32.23600908986057,0 19.97459106776223,-32.23594347590776,0 19.97425333401127,-32.2358707805154,0 19.97387179862179,-32.23578894810113,0 19.97328311535585,-32.23564366432241,0 19.97268235946769,-32.23547723342011,0 19.97217945569329,-32.23535198566732,0 19.97171582857004,-32.23525829028331,0 19.97095079139045,-32.23513311635428,0 19.97052178621123,-32.23505404954688,0 19.97018686772221,-32.23496151033421,0 19.96994314973782,-32.23489286076298,0 19.96958340218673,-32.23483224381602,0 19.96880565355135,-32.2346962180324,0 19.96820446669302,-32.23465286408877,0 19.96781901595897,-32.23458144305911,0 19.96755221058491,-32.23448964934184,0 19.96721644672344,-32.23440015923389,0 19.96686078215352,-32.23428602020033,0 19.96645013706021,-32.23419520789704,0 19.96604853336743,-32.23411528676464,0 19.96563753206118,-32.23408518053115,0 19.96533269956777,-32.2340879624718,0 19.96503727686594,-32.23407196352917,0 19.96460130066603,-32.23400845180994,0 19.96436849440011,-32.23401853621989,0 19.96400321095612,-32.23403631574325,0 19.9637227847273,-32.23405489822319,0 19.96338150072819,-32.23406786372563,0 19.96305974552156,-32.23404387021682,0 19.96275539028718,-32.23400261018911,0 19.96250337596271,-32.2339623318678,0 19.96220336224928,-32.23393434475638,0 19.96194919483443,-32.2339387842604,0 19.96164083759162,-32.2340169761337,0 19.96139879694462,-32.2341114292383,0 19.96112248048097,-32.23422316882093,0 19.96081281967447,-32.23431790022415,0 19.96052136568811,-32.23437729356566,0 19.96027351510587,-32.23438625306061,0 19.95973242843956,-32.2344208397686,0 19.95923120390788,-32.23449158398672,0 19.95895121495008,-32.23451377409936,0 19.95875398830007,-32.2344855493575,0 19.95845979740518,-32.23441602489528,0 19.95827481053123,-32.23436754940499,0 19.95799231982534,-32.23430649121121,0 19.95767612479138,-32.23423957455966,0 19.9572917389071,-32.23418109359906,0 19.95712989520382,-32.23414841955786,0 19.95696451636684,-32.23409883809217,0 19.95677104674801,-32.23397699560452,0 19.9566026809097,-32.2338537721029,0 19.95643635143501,-32.23374581826677,0 19.9562698669363,-32.23363116337816,0 19.9560392860662,-32.23352003256752,0 19.95571310023733,-32.23342109581369,0 19.95534333909061,-32.23331233521378,0 19.95496064003143,-32.2331961331013,0 19.95476791911017,-32.23311040299305,0 19.95439345131112,-32.232919863668,0 19.95402519561656,-32.23275406205389,0 19.95378286911615,-32.23264308855026,0 19.95356833073516,-32.23255869434933,0 19.95220662529179,-32.23227346712465,0 19.95180687767916,-32.23217897524705,0 19.95115992814615,-32.23200265895976,0 19.95097628487131,-32.23195318166929,0 19.95069567143026,-32.23184502385772,0 19.9504549072165,-32.23172321746007,0 19.95021833401991,-32.23165542539433,0 19.94982643097701,-32.23160302281291,0 19.94879289694699,-32.23126524579732,0 19.94861246058434,-32.2312136174446,0 19.94809137953157,-32.23109725407726,0 19.94788533045283,-32.23106489065889,0 19.94767703120342,-32.23105277056153,0 19.94733063783927,-32.23108378705518,0 19.94706581749284,-32.23107600897483,0 19.94680003137021,-32.23104590593935,0 19.94646741151799,-32.23100928050241,0 19.94602915851168,-32.23096463428757,0 19.94418735984202,-32.23089054581514,0 19.94331211519994,-32.23080658827599,0 19.94214543085611,-32.23078487451598,0 19.94128582891376,-32.23073814952294,0 19.94061159650923,-32.2306648009473,0 19.93980864754616,-32.2305677009678,0 19.93766069776006,-32.23032149600184,0 19.93586920723797,-32.23007627502163,0 19.9350505803111,-32.22991689488182,0 19.93442414919688,-32.22983273623064,0 19.93375249006569,-32.22975820263051,0 19.93328763989423,-32.2297723984198,0 19.93295308904415,-32.22980110433376,0 19.93252302572152,-32.2298554927909,0 19.93183833531423,-32.23001361058118,0 19.93118381130751,-32.23017168929336,0 19.9304252545757,-32.2303314526623,0 19.92907109985293,-32.23056836951831,0 19.9281763897761,-32.23069166858609,0 19.92721140341682,-32.23084763677701,0 19.92696920916407,-32.23090050432124,0 19.92611212190484,-32.23102745863695,0 19.92499064454005,-32.23120881455028,0 19.92427514633157,-32.23136566730599,0 19.92367496234894,-32.23152845306898,0 19.92246789093096,-32.23181894397513,0 19.92098067602037,-32.23212478123776,0 19.91969431755043,-32.23242232862971,0 19.91867966165647,-32.23262758031434,0 19.91783817748286,-32.2327814422764,0 19.91708020211619,-32.23289630020098,0 19.91582748238574,-32.23307334061364,0 19.91464685964384,-32.23324019144729,0 19.91382058323414,-32.23334694790052,0 19.91277071285285,-32.23351121307463,0 19.91165619824323,-32.23367180879305,0 19.91073059445849,-32.23382003870817,0 19.90982167990373,-32.23398729053045,0 19.90878099845905,-32.23419690939258,0 19.90795913548321,-32.23432608070534,0 19.90674185157015,-32.23451408800161,0 19.90589753106917,-32.2346789053721,0 19.90536636139103,-32.23477692296412,0 19.90469284720397,-32.23485332497975,0 19.90393902753516,-32.23495092386237,0 19.90317929581978,-32.23503203387385,0 19.90268307985503,-32.23508676225158,0 19.90213243977062,-32.23516097843891,0 19.90055776847946,-32.23541959553657,0 19.89844011392419,-32.23576320812016,0 19.89751983303779,-32.23588017079588,0 19.89705593534105,-32.23593407683903,0 19.89645142584455,-32.2359957398979,0 19.89504679764963,-32.23619592655665,0 19.89377489576976,-32.23631091913412,0 19.89258279830198,-32.23640291814044,0 19.89152757676909,-32.23648103086205,0 19.89117649313974,-32.23654785109658,0 19.89003371974053,-32.23678070023879,0 19.88936719072301,-32.23693486877941,0 19.88827401178368,-32.23717749995237,0 19.88733199941387,-32.23735438690612,0 19.88664532660292,-32.2374488732703,0 19.88595894403584,-32.23751667048283,0 19.88510921504339,-32.23761752521234,0 19.88398864439781,-32.23776643777755,0 19.88353888090874,-32.23784169551006,0 19.8828864644474,-32.23795894853559,0 19.88215052257286,-32.23813144513998,0 19.88150450409427,-32.23822145219416,0 19.8806769442016,-32.23826240193603,0 19.87979327047247,-32.23823086852931,0 19.87943098123284,-32.23822647565568,0 19.87915352011262,-32.23816438062264,0 19.87863218720367,-32.23800003245766,0 19.8777985619377,-32.23771318908512,0 19.87664116861104,-32.23741771570111,0 19.8758744594778,-32.23726689634098,0 19.87442552305667,-32.23699866288641,0 19.87365465591885,-32.2369248998277,0 19.87274220140828,-32.23687246537075,0 19.87177933715499,-32.23688572867347,0 19.87098538923091,-32.23693572495591,0 19.86996136863982,-32.23708431195632,0 19.86829534725194,-32.23718762702091,0 19.8678406083507,-32.23717997070157,0 19.86627416816958,-32.23720169187301,0 19.86497146407284,-32.23729169995038,0 19.86469890291932,-32.23732215094969,0 19.86416526098857,-32.23743750638963,0 19.86391744781055,-32.23749215236998,0 19.86377279831337,-32.23753654081587,0</coordinates></LineString>
</Placemark>
<Placemark>
  <name>Untitled Path</name>
  
  <styleUrl>#style_MAIN_ROADS</styleUrl>
  <LineString><tessellate>1</tessellate><coordinates>19.99285290362446,-32.1335510949706,0 19.99274453154611,-32.13355303621096,0 19.99266434447393,-32.13356652273986,0 19.99257419660034,-32.13360777404859,0 19.99242655086712,-32.13368398643614,0 19.99230472013748,-32.13379015791901,0 19.99218644913857,-32.13387752418421,0 19.99203481543699,-32.13400398588351,0 19.99193545783221,-32.13410457047083,0 19.9918692883364,-32.13421187872866,0 19.9918245245279,-32.13425931326866,0 19.99172599285429,-32.13432080212718,0 19.99163621410133,-32.13436576204283,0 19.99158289522202,-32.1343940980714,0 19.99152343433637,-32.13445854458178,0 19.99144465111022,-32.13455087163492,0 19.99137227983181,-32.13464496351356,0 19.99127398679189,-32.13481029437698,0 19.99119189341039,-32.13501335454328,0 19.99114682026528,-32.13514549243823,0 19.99112537999486,-32.13523655051657,0 19.99107396678717,-32.13537968046879,0 19.99102139054291,-32.13546466937405,0 19.99092793358148,-32.13560151850903,0 19.99085890850135,-32.13574052686144,0 19.99083791877707,-32.13581917856709,0 19.9908391428866,-32.13591260019927,0 19.99082902495671,-32.13597849256086,0 19.99076541747191,-32.13615630860999,0 19.99072949120571,-32.13622620153709,0 19.990491046332,-32.13669018780482,0 19.99043294778161,-32.13680268496607,0 19.99034625534372,-32.13698638233242,0 19.99028838416679,-32.13717222933222,0 19.99023838109309,-32.13736241696957,0 19.99020151083924,-32.13754149760247,0 19.99018711029128,-32.13771919636342,0 19.99018983866331,-32.13781183532239,0 19.99022457430753,-32.13787209180407,0 19.99028129547266,-32.137940084572,0 19.99036536593479,-32.13800789280651,0 19.99044250275344,-32.13804070378286,0 19.99052544775127,-32.13806851815992,0 19.99060528053578,-32.13808552983446,0 19.99065108148837,-32.13811675143029,0 19.99067822821368,-32.13817112618856,0 19.99066257701058,-32.13822607337709,0 19.99060755471326,-32.13830457661048,0 19.99056104960588,-32.13837392453325,0 19.99052894361159,-32.1384490065727,0 19.99050278760456,-32.1385192889329,0 19.99049111064494,-32.13858641623054,0 19.99049468584439,-32.1387741523102,0 19.99051550691632,-32.13901582204904,0 19.9905143967941,-32.13917718315307,0 19.99051774413115,-32.13932716362152,0 19.99051447706535,-32.13957984403253,0 19.99059327504857,-32.14039075903216,0 19.99059849877538,-32.14063802604603,0 19.99061875373237,-32.14091993935946,0 19.99064562961308,-32.14106287072568,0 19.99067326847543,-32.14124398358518,0 19.99071691936534,-32.14145268430695,0 19.99076994428625,-32.14159759530754,0 19.99082031626616,-32.14170219488702,0 19.99092976040067,-32.14191263360552,0 19.99134253691706,-32.14255253707633,0 19.99141623878243,-32.14267967812469,0 19.99145307801258,-32.14285256060654,0 19.99147236627802,-32.14301070894473,0 19.99149557095059,-32.14334624727083,0 19.99155907583802,-32.14352266081895,0 19.99163402412759,-32.14380080202207,0 19.9916925786498,-32.14403044163115,0 19.9917236558865,-32.144317874038,0 19.99174813619457,-32.14454849719076,0 19.99173491904,-32.14467543499455,0 19.99169162396239,-32.14478055758545,0 19.99163677049245,-32.14486659283392,0 19.99147095117185,-32.14503214096376,0 19.99133374304409,-32.14511538782599,0 19.9912108920394,-32.14517526575879,0 19.99106219318471,-32.14529902164045,0 19.99094786969796,-32.14537171108765,0 19.99089944369717,-32.14539326447066,0 19.99074027924537,-32.14543018513042,0 19.99064698179988,-32.14546299333934,0</coordinates></LineString>
</Placemark>
<Placemark>
  <name>Untitled Path</name>
  
  <styleUrl>#style_MAIN_ROADS</styleUrl>
  <LineString><tessellate>1</tessellate><coordinates>19.99168905665217,-32.42147699091328,0 19.99435604415075,-32.42110563554944,0 19.99778489775676,-32.42066555304249,0 20.00013155401443,-32.42034227162685,0 20.01018252288662,-32.41896163015684,0 20.01794965846728,-32.41788588072129,0 20.01926172934259,-32.4176971547231,0 20.02053955916944,-32.41754033503764,0 20.02287699107633,-32.417209371596,0 20.02471452378063,-32.4169699162242,0 20.02658594169478,-32.41669557100865,0 20.02740031848577,-32.41658696446071,0 20.02858484762039,-32.41641640284001,0 20.02970885948501,-32.41628083486827,0 20.03071282195031,-32.4161384715804,0 20.0314365520783,-32.41605601098476,0 20.03320037243179,-32.41580249992262,0 20.03397238523182,-32.41568286905311,0 20.03438753893226,-32.4156299360515,0 20.03509058728711,-32.41558904293386,0 20.0370661304628,-32.41546332813941,0 20.03820060866874,-32.41540541653906,0 20.03879586746449,-32.4153819201561,0 20.03986391433391,-32.41531050470904,0 20.04060742753718,-32.41525870280538,0 20.04198917212105,-32.41518028120272,0 20.04329572668469,-32.41511696196657,0 20.04614653194673,-32.41494295110478,0 20.04684819219189,-32.4148944226796,0 20.04904491013772,-32.41478015138639,0 20.05013247986288,-32.41471412135282,0 20.05079545252309,-32.41467663934155,0 20.05141949316069,-32.41464789587289,0 20.0519207842637,-32.41466006357378,0 20.05252195659172,-32.41469702790842,0 20.05306108580617,-32.41473471934268,0 20.05436788035362,-32.41486159195467,0 20.05507125663576,-32.41490452228245,0</coordinates></LineString>
</Placemark>
<Placemark>
  <name>Untitled Path</name>
  
  <styleUrl>#style_MAIN_ROADS</styleUrl>
  <LineString><tessellate>1</tessellate><coordinates>19.77593916455768,-32.195807170879,0 19.77610746902616,-32.19570540422929,0 19.7762726324402,-32.19567251702986,0 19.77653775004058,-32.1956785207641,0 19.77699585634075,-32.19571159099651,0 19.77736685760744,-32.19574730521882,0 19.77760750700169,-32.19573973138661,0 19.77781616393111,-32.19573458072139,0 19.7781260195079,-32.19568018768277,0 19.77839592691033,-32.19560482106058,0 19.77870838522115,-32.1954786152151,0 19.77871461497659,-32.19547880766731,0 19.77897978701705,-32.19537194726708,0 19.77920392531164,-32.19531459741496,0 19.77941697334629,-32.19527338044385,0 19.77973827038011,-32.19521975256509,0 19.7799827613961,-32.19516622703361,0 19.78016842780293,-32.19510439680327,0 19.78051723140332,-32.19499225575828,0 19.78079962794561,-32.19489771980835,0 19.78188321924715,-32.19452492876327,0 19.78223432294093,-32.19441989642553,0 19.78266635426261,-32.19425338488216,0 19.78286938458456,-32.19414407012169,0 19.78311191665813,-32.19404871655537,0 19.7833998525969,-32.19393970140267,0 19.78362140503284,-32.1938577800622,0 19.78387899993568,-32.1937871031159,0 19.78411569605243,-32.19373640319697,0 19.78437552238472,-32.19369632240703,0 19.78574987722815,-32.19345386058321,0 19.7864436559811,-32.19322880366826,0 19.78735207880462,-32.1928846265434,0 19.78795227595612,-32.19267045374838,0 19.78864750473637,-32.192381269794,0 19.78952133439728,-32.19205746653508,0 19.78989277699979,-32.19190361302698,0 19.79016435137167,-32.1918123843719,0 19.79049062983697,-32.19172317629961,0 19.79084706894976,-32.19164039648178,0 19.79119275146735,-32.19155502192624,0 19.79152626301391,-32.19143575481179,0 19.79180781795087,-32.19129448849188,0 19.79233437255239,-32.19094890537978,0 19.79254624120515,-32.19076947973711,0 19.79270500176117,-32.19061485163962,0 19.79280012914624,-32.19050026461163,0 19.79293603122907,-32.19037647539506,0 19.79345786719825,-32.18996408014257,0 19.79360839534683,-32.18987336330964,0 19.79383449515557,-32.18979696336721,0 19.79413566394513,-32.18968442544993,0 19.79424450273496,-32.18962389705683,0 19.79435302525515,-32.18954377798642,0 19.79440286801527,-32.18941340929946,0 19.79442828935762,-32.18928200644115,0 19.79452011348226,-32.18911574866123,0 19.7946206051824,-32.18902404649635,0</coordinates></LineString>
</Placemark>
<Placemark>
  <name>Untitled Path</name>
  
  <styleUrl>#style_MAIN_ROADS</styleUrl>
  <LineString><tessellate>1</tessellate><coordinates>19.79440745305891,-32.18937377536652,0 19.79419439585535,-32.18915613970918,0 19.79393182337899,-32.18893098582736,0 19.79370884771428,-32.18868434055154,0 19.79342757309324,-32.18844549896545,0 19.79329200025727,-32.18832600325438,0 19.79302664296838,-32.18820025312179,0 19.79290190798656,-32.18814499649093,0 19.79277124046436,-32.18799678751532,0 19.79241382880541,-32.18768370562134,0 19.79204998094529,-32.1873902040317,0 19.79174718244428,-32.18720178241507,0 19.79137928014015,-32.18704928611877,0 19.79082369099437,-32.18683995454571,0 19.79049823912655,-32.18672390314814,0 19.790105255405,-32.18650429777849,0 19.78981657712544,-32.1863740824836,0 19.7893970198547,-32.18624192372854,0 19.78912382880507,-32.18616321931826,0 19.78793210555499,-32.18559278543069,0 19.7874374646783,-32.18534352962386,0 19.78709894773776,-32.18513595108188,0 19.78673479854653,-32.18488453524181,0 19.78632242858588,-32.18455653272888,0 19.78588615257028,-32.18413525238534,0 19.78533685440567,-32.18363008235902,0 19.78509563806701,-32.18337103835468,0 19.78485044382853,-32.18284748584968,0 19.78459031786045,-32.18229441868356,0 19.78444187413555,-32.18180285744811,0 19.78433337912522,-32.18137899102647,0 19.78425316329234,-32.18106536687166,0 19.78413684821723,-32.18062687473218,0 19.78403712359243,-32.1802107369296,0 19.78401776307494,-32.17975803675301,0 19.78406466427141,-32.17947005248262,0 19.7841032531258,-32.17922828957924,0 19.78453521124196,-32.17835662426811,0</coordinates></LineString>
</Placemark>
<Placemark>
  <name>Untitled Path</name>
  
  <styleUrl>#style_MAIN_ROADS</styleUrl>
  <LineString><tessellate>1</tessellate><coordinates>19.99285290362446,-32.1335510949706,0 19.99274453154611,-32.13355303621096,0 19.99266434447393,-32.13356652273986,0 19.99257419660034,-32.13360777404859,0 19.99242655086712,-32.13368398643614,0 19.99230472013748,-32.13379015791901,0 19.99218644913857,-32.13387752418421,0 19.99203481543699,-32.13400398588351,0 19.99193545783221,-32.13410457047083,0 19.9918692883364,-32.13421187872866,0 19.9918245245279,-32.13425931326866,0 19.99172599285429,-32.13432080212718,0 19.99163621410133,-32.13436576204283,0 19.99158289522202,-32.1343940980714,0 19.99152343433637,-32.13445854458178,0 19.99144465111022,-32.13455087163492,0 19.99137227983181,-32.13464496351356,0 19.99127398679189,-32.13481029437698,0 19.99119189341039,-32.13501335454328,0 19.99114682026528,-32.13514549243823,0 19.99112537999486,-32.13523655051657,0 19.99107396678717,-32.13537968046879,0 19.99102139054291,-32.13546466937405,0 19.99092793358148,-32.13560151850903,0 19.99085890850135,-32.13574052686144,0 19.99083791877707,-32.13581917856709,0 19.9908391428866,-32.13591260019927,0 19.99082902495671,-32.13597849256086,0 19.99076541747191,-32.13615630860999,0 19.99072949120571,-32.13622620153709,0 19.990491046332,-32.13669018780482,0 19.99043294778161,-32.13680268496607,0 19.99034625534372,-32.13698638233242,0 19.99028838416679,-32.13717222933222,0 19.99023838109309,-32.13736241696957,0 19.99020151083924,-32.13754149760247,0 19.99018711029128,-32.13771919636342,0 19.99018983866331,-32.13781183532239,0 19.99022457430753,-32.13787209180407,0 19.99028129547266,-32.137940084572,0 19.99036536593479,-32.13800789280651,0 19.99044250275344,-32.13804070378286,0 19.99052544775127,-32.13806851815992,0 19.99060528053578,-32.13808552983446,0 19.99065108148837,-32.13811675143029,0 19.99067822821368,-32.13817112618856,0 19.99066257701058,-32.13822607337709,0 19.99060755471326,-32.13830457661048,0 19.99056104960588,-32.13837392453325,0 19.99052894361159,-32.1384490065727,0 19.99050278760456,-32.1385192889329,0 19.99049111064494,-32.13858641623054,0 19.99049468584439,-32.1387741523102,0 19.99051550691632,-32.13901582204904,0 19.9905143967941,-32.13917718315307,0 19.99051774413115,-32.13932716362152,0 19.99051447706535,-32.13957984403253,0 19.99059327504857,-32.14039075903216,0 19.99059849877538,-32.14063802604603,0 19.99061875373237,-32.14091993935946,0 19.99064562961308,-32.14106287072568,0 19.99067326847543,-32.14124398358518,0 19.99071691936534,-32.14145268430695,0 19.99076994428625,-32.14159759530754,0 19.99082031626616,-32.14170219488702,0 19.99092976040067,-32.14191263360552,0 19.99134253691706,-32.14255253707633,0 19.99141623878243,-32.14267967812469,0 19.99145307801258,-32.14285256060654,0 19.99147236627802,-32.14301070894473,0 19.99149557095059,-32.14334624727083,0 19.99155907583802,-32.14352266081895,0 19.99163402412759,-32.14380080202207,0 19.9916925786498,-32.14403044163115,0 19.9917236558865,-32.144317874038,0 19.99174813619457,-32.14454849719076,0 19.99173491904,-32.14467543499455,0 19.99169162396239,-32.14478055758545,0 19.99163677049245,-32.14486659283392,0 19.99147095117185,-32.14503214096376,0 19.99133374304409,-32.14511538782599,0 19.9912108920394,-32.14517526575879,0 19.99106219318471,-32.14529902164045,0 19.99094786969796,-32.14537171108765,0 19.99089944369717,-32.14539326447066,0 19.99074027924537,-32.14543018513042,0 19.99064698179988,-32.14546299333934,0</coordinates></LineString>
</Placemark>
<Placemark>
  <name>Untitled Path</name>
  
  <styleUrl>#style_MAIN_ROADS</styleUrl>
  <LineString><tessellate>1</tessellate><coordinates>19.77594142904378,-32.19580310830029,0 19.77610338487414,-32.19564572568901,0 19.77631652459008,-32.19541696737539,0 19.77675969914509,-32.19470469775651,0 19.77724922532465,-32.193673299182,0 19.77829126368281,-32.19140449950148,0 19.77892290432548,-32.18993039950298,0 19.77930571656946,-32.18899075693128,0 19.77953459081989,-32.18839558885765,0 19.7796452005553,-32.18801951613165,0 19.77973990172689,-32.18761756180155,0 19.77996491436771,-32.18682235464724,0 19.78025716015905,-32.18584959129202,0 19.78036882371194,-32.18540825313998,0 19.78061163879086,-32.18493662682742,0 19.78093023078639,-32.18453200517485,0 19.78117711236391,-32.18422454102539,0 19.7817878624221,-32.1832798688071,0 19.78216736849826,-32.18258679170835,0 19.78248555619079,-32.18202416921006,0 19.78285925947425,-32.18137766434964,0 19.7831973348873,-32.18087626075104,0 19.78356934720001,-32.18033602848029,0 19.78373433325647,-32.18015212279252,0 19.78379721890388,-32.17998122796677,0 19.78392072445313,-32.17968148584748,0 19.78399191701563,-32.17952717458105,0 19.78409137986099,-32.17930636125687,0</coordinates></LineString>
</Placemark>
<Placemark>
  <name>Untitled Path</name>
  
  <styleUrl>#style_MAIN_ROADS</styleUrl>
  <LineString><tessellate>1</tessellate><coordinates>19.83840329664692,-32.4851732537845,0 19.83829311276049,-32.48471641665715,0 19.83822569240004,-32.48451274683911,0 19.83803336803692,-32.48389639738089,0 19.83788048743454,-32.48341274832769,0 19.83751560094898,-32.48201397830032,0 19.83713680285718,-32.48041408968245,0 19.8366583956383,-32.47844642605326,0 19.83631169025136,-32.47708380230817,0 19.83595557249848,-32.47560053166267,0 19.83561849253426,-32.4742571952459,0 19.83530391132319,-32.47305371190256,0 19.83513926123056,-32.47234249637648,0 19.83493913149277,-32.47157832941353,0 19.83476887509729,-32.47082416515361,0 19.83438846758562,-32.46932765969532,0 19.83421553123632,-32.46847688142262,0 19.83396628554132,-32.46753473773226,0 19.8337514729785,-32.46638546966861,0 19.83338148057119,-32.46518103845514,0 19.83312733898309,-32.46422134622649,0 19.83300098228151,-32.46361202587203,0 19.8328406433534,-32.46290784608495,0 19.83266772973523,-32.46236320239617,0 19.83248584344942,-32.46165703538021,0 19.83230648896389,-32.46089107834585,0 19.83213549200265,-32.46017821279035,0 19.83198779716784,-32.45950775115072,0 19.83182694399051,-32.45894045193641,0 19.83158388926038,-32.45802943331295,0 19.83142520995575,-32.45739171443207,0 19.8311864752544,-32.45637156822993,0 19.83095962240036,-32.45549428050105,0 19.83070124019774,-32.45433643634644,0 19.83050492149787,-32.45349694032127,0 19.83033663082971,-32.45309868867659,0 19.83011170253592,-32.45264901453137,0 19.82976748966739,-32.45203297294106,0 19.82940611432078,-32.45136097979043,0 19.82865190922634,-32.44990871706614,0 19.82794993646778,-32.44859887265127,0 19.82757220136752,-32.44779272371044,0 19.82730145163849,-32.4472705867135,0 19.82691794210278,-32.44656578372424,0 19.82650750783606,-32.44581028370775,0 19.82602626054764,-32.44497456704472,0 19.82566596934235,-32.44421803968088,0 19.8250482854818,-32.443029601158,0 19.82433935730149,-32.44162379675918,0 19.82392590323743,-32.44087178234165,0 19.82339392081224,-32.43988578415021,0 19.82279143328115,-32.43870697375788,0 19.82238929575114,-32.43794399535408,0 19.82196577688686,-32.43710476508347,0 19.82124987470283,-32.435760257369,0 19.82060363994484,-32.4345357965803,0 19.82011013322633,-32.43356056361817,0 19.8197077455096,-32.43277439059936,0 19.81919229612391,-32.43179163712207,0 19.81877401840085,-32.43096159358716,0 19.81824848776662,-32.42994195473188,0 19.81748965054974,-32.42851863397154,0 19.81691561523817,-32.4274276445591,0 19.81588110857993,-32.42542579768409,0 19.81489095792007,-32.42345953847378,0 19.81468871743387,-32.423145673057,0 19.81453860187419,-32.42298427156545,0 19.81433049847664,-32.42282211944636,0 19.81252633554904,-32.42147044980366,0 19.81221146274563,-32.42123417771043,0 19.81201571506724,-32.42100646344264,0 19.81189339871476,-32.42073311506849,0 19.81179667650687,-32.42021302524854,0 19.81157581244999,-32.41924675899985,0 19.81133401243422,-32.41804289379676,0 19.81112214490756,-32.41702754107973,0 19.81084666086736,-32.41582763385183,0 19.81071458032859,-32.4153641533587,0 19.8107046025658,-32.41512371712263,0 19.81077796929207,-32.41495082070559,0 19.81092255191782,-32.41486164572716,0 19.81116562398238,-32.41477808553436,0 19.81178179620417,-32.41460527257883,0 19.81265051161675,-32.41432761907619,0 19.8131624375382,-32.41416081921427,0 19.81378795943406,-32.41395116928799,0 19.8143337150065,-32.41378353381553,0 19.81515303474797,-32.41351741540471,0 19.81546385949089,-32.41340929665814,0 19.81617202256825,-32.41318718356809,0 19.81869660341269,-32.41236543370306,0 19.82061665437759,-32.4117625599098,0 19.82106679289025,-32.41162634442951,0 19.82128048442734,-32.41157199871174,0 19.82152021322401,-32.41151792304522,0 19.82163452504826,-32.41148362600403,0 19.82173671309339,-32.41143278262128,0 19.82185170317496,-32.41137704800388,0 19.82203460884211,-32.41123180556766,0 19.82354234795957,-32.41018861441764,0 19.82493911032138,-32.40918660501621,0 19.82676532022025,-32.40788008128174,0 19.82827671034476,-32.40677271920099,0 19.8302196871283,-32.40532490415585,0 19.8324282550092,-32.40371052656371,0 19.83377195028229,-32.40272723613546,0 19.83587069122567,-32.40118212132287,0 19.83800722200894,-32.39968006894317,0 19.8396478947832,-32.39849298104804,0 19.8417333365646,-32.39700914092254,0 19.8419672555309,-32.39682069812241,0 19.84211323247053,-32.39653706438107,0 19.8422427644461,-32.39619562375565,0 19.84239050897429,-32.39583331365359,0 19.84254636203081,-32.39548302367589,0 19.84270606765176,-32.39522732710245,0 19.84280759477807,-32.395005415758,0 19.84287609484519,-32.39473751477539,0 19.84285387651259,-32.3945121924024,0 19.84286485294154,-32.39417327852566,0 19.84290474705927,-32.39399389371202,0 19.84291509845768,-32.39377278123828,0 19.84289800526938,-32.39360791780933,0 19.84290016728281,-32.39360408693324,0 19.84288482423785,-32.39348930245991,0 19.8428561098554,-32.3933473979953,0 19.84281265727229,-32.39324937220257,0 19.84274841399891,-32.39318491844612,0 19.84268756689533,-32.39313533959106,0 19.84225077483983,-32.39288065920322,0 19.84207856081856,-32.3927411039591,0 19.841832340038,-32.39247541519113,0 19.84163545565238,-32.39220001892831,0 19.841417346478,-32.39182166984696,0 19.84128745985998,-32.39141472250591,0 19.84122434843272,-32.39124411350328,0 19.84118636458315,-32.39095007774762,0 19.84110226920399,-32.39077566518697,0 19.84094209274282,-32.39053408539752,0 19.84072150842245,-32.39014320335345,0 19.84060732698542,-32.38990038265422,0 19.84057275814435,-32.38970078108595,0 19.84063563187426,-32.38948035399513,0 19.8407689516231,-32.38918007636869,0 19.84089224903623,-32.38890236832369,0 19.84102187375659,-32.38868712816711,0 19.84113198913289,-32.38845045229335,0 19.84124058246508,-32.3881980542742,0 19.84188343208727,-32.38684552839065,0 19.84282134670071,-32.38468127347412,0 19.84345779924943,-32.38342045044632,0 19.84413508045467,-32.38193857489203,0</coordinates></LineString>
</Placemark>
<Placemark>
  <name>Untitled Path</name>
  
  <styleUrl>#style_MAIN_ROADS</styleUrl>
  <LineString><tessellate>1</tessellate><coordinates>19.84263281116834,-32.39534644813062,0 19.84260242202034,-32.39555616898591,0 19.84260137225109,-32.39557471686252,0 19.84260362632382,-32.39574594360558,0 19.84260637009003,-32.39595844183029,0 19.84268922062548,-32.39614690529485,0 19.84278110189082,-32.39632328590913,0 19.84284605243171,-32.39643058226995,0 19.84293526286367,-32.39658444776819,0 19.84299110917874,-32.3966908991599,0 19.84308845966773,-32.39685357737409,0 19.84315991786163,-32.39697699892991,0 19.84323466498428,-32.39706638003142,0 19.8433396864603,-32.39715383352598,0 19.8434393142222,-32.39720375878176,0 19.84351543433529,-32.39723620573924,0 19.84359557274356,-32.3972739035389,0 19.84363969107083,-32.39730908780285,0 19.8436900465223,-32.39738393918753,0 19.84369110250041,-32.3974431249561,0 19.84370646289772,-32.39749859928902,0 19.84376289870327,-32.3975975950046,0 19.84384426932811,-32.39768211833164,0 19.84423440273135,-32.39801582666998,0 19.84440263400746,-32.39820448395653,0 19.84454801377407,-32.39840463903708,0 19.84464256825893,-32.39860081017442,0 19.84470208739307,-32.39873543601395,0 19.84477812891597,-32.39879917486885,0 19.84494181127951,-32.3988554122885,0 19.84506874082762,-32.39892209844263,0 19.84520433778664,-32.39899867303684,0 19.84544714017308,-32.39913169276031,0 19.84565085125247,-32.39920710890399,0 19.84586706006866,-32.39928117729085,0 19.84602684362808,-32.39935137495101,0 19.84623795202226,-32.39944900494492,0 19.84640300124052,-32.3995419375409,0 19.84656814084185,-32.3996465678355,0 19.84669571140728,-32.39972918333761,0 19.84681062197486,-32.39980461244772,0 19.84687481356423,-32.39983698985569,0 19.84690557358216,-32.39985454504513,0</coordinates></LineString>
</Placemark>
<Placemark>
  <name>Untitled Path</name>
  
  <styleUrl>#style_MAIN_ROADS</styleUrl>
  <LineString><tessellate>1</tessellate><coordinates>19.83997204321297,-32.3982686733057,0 19.8402138441396,-32.3982143103303,0 19.84051997697969,-32.39821982942095,0 19.84079917278635,-32.39829052031428,0 19.84110184304468,-32.39840288909346,0 19.84160217486076,-32.3986070583053,0 19.8421882852537,-32.39883979353331,0 19.84300036199993,-32.39914645208286,0 19.84413110889371,-32.39959934122121,0 19.84504128869036,-32.39993536853881,0 19.84529017213797,-32.40001051003694,0 19.84549646021181,-32.40001369334063,0 19.84620318964299,-32.39998810909253,0 19.8467184498363,-32.39991684293113,0 19.84697469593318,-32.39985037305971,0 19.84775922324832,-32.39955809677441,0 19.84815797793817,-32.39942286415519,0 19.84847267039134,-32.39932762766652,0 19.84876947993189,-32.39928958684336,0 19.8490655979828,-32.39930660676448,0 19.84935030649603,-32.39936810846866,0 19.84961580857797,-32.39941184063683,0 19.84997866827514,-32.39941145775234,0 19.85026503660291,-32.39938527671833,0 19.85066187694752,-32.39935436687543,0 19.85091720180817,-32.39934308012666,0 19.8511888377891,-32.39935625808785,0 19.85143360024704,-32.39939171088413,0 19.85234932160436,-32.39955664405871,0 19.85255536561789,-32.39959472516073,0 19.85302418418852,-32.39963245456507,0 19.85464591355132,-32.399755732974,0 19.85552792772424,-32.39983608687881,0 19.8562917569109,-32.39991758620168,0 19.85733073228399,-32.40002460825182,0 19.85769160428775,-32.40003822621971,0 19.85848775270776,-32.40002186867297,0 19.85901259902257,-32.39998181843421,0 19.85931895802448,-32.39998143850511,0 19.85966061590716,-32.40000957209205,0 19.85997777763888,-32.40004327531528,0 19.8602619279266,-32.40008635839231,0 19.86055624220782,-32.40012569432991,0 19.86094501813264,-32.40019102992172,0 19.86126462198416,-32.40023269618076,0 19.86183647258757,-32.40030938505178,0 19.86245889428428,-32.40039262555371,0 19.86273898441377,-32.40043054852143,0 19.86314924223109,-32.40045609926551,0 19.8637285095453,-32.40052175188158,0 19.86438866562684,-32.4005852097339,0 19.86502245367173,-32.40066359056659,0 19.86565191467139,-32.40074444460358,0 19.86607206689041,-32.40081845597135,0 19.8668857801962,-32.40095246028341,0 19.86742484206416,-32.40099687314255,0 19.86773070194569,-32.40102116707103,0 19.86841784282496,-32.40106231283491,0 19.86893090509673,-32.40107847705076,0 19.86946200379413,-32.40109064497527,0 19.87013854916884,-32.40112989174818,0 19.87056354018204,-32.40117735047625,0 19.87097784984985,-32.4012744075363,0 19.87124884462977,-32.40133743650456,0 19.8717837834532,-32.40144253456685,0 19.87235247094402,-32.40150287943604,0 19.8728164902279,-32.40152764792143,0 19.873403925858,-32.40153825223623,0 19.87366323923365,-32.40154407140386,0 19.8739279993819,-32.40154897078402,0 19.87424974984928,-32.40155736556542,0 19.87456868635621,-32.40157342761068,0 19.87520283921408,-32.40156391552089,0 19.87580443742844,-32.40154518029762,0 19.87643189396637,-32.40151966773158,0 19.8772236561245,-32.40150372294074,0 19.87751199078337,-32.40149236551412,0 19.87766533069818,-32.40152114372751,0 19.87776523826879,-32.40157076278575,0 19.87787992120244,-32.40163226571749,0 19.8781626242707,-32.40184973747709,0 19.87867977613619,-32.4022236930729,0 19.87906404325887,-32.40246744544461,0 19.87954089816288,-32.40273486768507,0 19.87994024526282,-32.40304891304167,0 19.88024102895386,-32.40337760182629,0 19.88058132880734,-32.40372005519568,0 19.88088940967889,-32.40400822085064,0 19.8811885541519,-32.4043321843702,0 19.8817812673062,-32.40492423757394,0 19.88209693235538,-32.40514281171188,0 19.88281343264773,-32.40564503173449,0 19.88316282026733,-32.4058526663253,0 19.88377177048608,-32.40619824694552,0 19.88498843856868,-32.40676778751936,0 19.88578819623356,-32.40712829096037,0 19.88664465217756,-32.40749028980198,0 19.88698348409732,-32.40769034395456,0 19.8873163796781,-32.40799313096341,0 19.88760218437837,-32.40828728716065,0 19.88789963660688,-32.40859340754344,0 19.88813311028315,-32.4089130425968,0 19.88840237037417,-32.40933091761046,0 19.88875460561737,-32.40981237117394,0 19.88901546428066,-32.41014908438437,0 19.88928945933868,-32.41050920660518,0 19.89011278871426,-32.41156002792044,0 19.89032863890364,-32.41181240682625,0 19.89074576517736,-32.41218118748952,0 19.89102665679393,-32.41243384753479,0 19.89125003879422,-32.41265084765494,0 19.89146833386327,-32.41296141801875,0 19.89163725121519,-32.41319871246826,0 19.89184832327582,-32.41336971965986,0 19.89205316226217,-32.41349573132226,0 19.89232941930602,-32.41364710939891,0 19.89258337717946,-32.41374994961449,0 19.89282020749922,-32.41382620115319,0 19.89310756306722,-32.41388364618251,0 19.89359245877591,-32.41396077977414,0 19.89560944544249,-32.41417213799491,0 19.89715146452659,-32.41433718846892,0 19.89967945338898,-32.41459624252013,0 19.90181505232599,-32.41481315329092,0 19.90329003444659,-32.41495762627999,0 19.90401729894577,-32.41501885581532,0 19.90448680021768,-32.41507463692364,0 19.90490036932535,-32.41512695653714,0 19.90512272505744,-32.41513185424258,0 19.90554624082058,-32.41515982737796,0 19.90583888581132,-32.41517265466714,0 19.90624694209125,-32.415239380775,0 19.9066928285039,-32.41530394898413,0 19.906894827343,-32.41532425207807,0 19.90744735285234,-32.41535028971858,0 19.90773177591041,-32.41538181350071,0 19.90863530568431,-32.41548253678274,0 19.90898012382009,-32.41552154952676,0 19.90978188461735,-32.41559814518248,0 19.91070642918051,-32.41568670101751,0 19.9115121379004,-32.41576057124816,0 19.91204144409423,-32.41581189483487,0 19.91452681227905,-32.41605400390538,0 19.91549172952389,-32.41615943132135,0 19.91635784272309,-32.41623182477932,0 19.9179135224167,-32.41639667152818,0 19.91970999490868,-32.4165546640642,0 19.92067725570242,-32.41664493399492,0 19.92190572480519,-32.41673950102482,0 19.92228338863552,-32.41677802649915,0 19.92265405182786,-32.41683480904764,0 19.92286149620605,-32.41691008238385,0 19.92308961158556,-32.41700750755268,0 19.92329755399605,-32.41712851196801,0 19.92433280493418,-32.41772118844231,0 19.92535490255064,-32.41834114200456,0 19.92649419244755,-32.41901695972974,0 19.9272732863448,-32.41950018675138,0 19.9281154914011,-32.42004715406379,0 19.92868933129125,-32.4204683671671,0 19.92983762703548,-32.42139600952361,0 19.93218139615478,-32.4232477770494,0 19.9327241090234,-32.42364961594719,0 19.93302670450839,-32.42388224770658,0 19.93334342944299,-32.42413933121487,0 19.93447101441349,-32.42501542409766,0 19.9353584389737,-32.42569630650952,0 19.93640282437079,-32.42648530011272,0 19.93712837443372,-32.42706461129849,0 19.93819045912525,-32.4279886797324,0 19.93904204109995,-32.42867808321495,0 19.93996294423408,-32.42940986652879,0 19.94073849562889,-32.4300184814806,0 19.94164929050966,-32.43075088627666,0 19.9422052410877,-32.43121305055589,0 19.94298923663012,-32.43191513169101,0 19.94360720204614,-32.43245119188222,0 19.94409550097717,-32.43289789532694,0 19.94441511855761,-32.43321668131775,0 19.94468023016837,-32.43347699411881,0 19.9453788074747,-32.43420505712662,0 19.94613991621333,-32.4350288699908,0 19.94671024240684,-32.43559785917169,0 19.94751885545187,-32.43648346300257,0 19.94780190398162,-32.43677332556651,0 19.94802244907437,-32.43696403238353,0 19.94824455262758,-32.43717309198127,0 19.94882747411436,-32.4377915293918,0 19.94898970456597,-32.43797000682346,0 19.95093909191759,-32.44007217277684,0 19.95158254888698,-32.44075449857785,0 19.95200618290992,-32.44120763712401,0 19.95234193839491,-32.44154054221851,0 19.95285015613505,-32.44205275432118,0 19.95341200726942,-32.44253584343806,0 19.95388210885296,-32.44294680154841,0 19.95449532040076,-32.44363481903717,0 19.95496484661487,-32.44421702055327,0 19.95562967260253,-32.44499908414809,0 19.95610532313723,-32.44557161039058,0 19.95640432692456,-32.44589541980972,0 19.95679820868091,-32.44634916292443,0 19.95699724268145,-32.44659448378975,0 19.95724727098765,-32.44688905275643,0 19.95805532525443,-32.44789635008123,0 19.95833308655453,-32.44821052917425,0 19.95852815157081,-32.4483890723492,0 19.9587340950057,-32.44857899295371,0 19.95949775307528,-32.44926775529787,0 19.95964113646036,-32.44939779675731,0 19.9597837360692,-32.44957186618083,0 19.95987663610958,-32.44973566802325,0 19.96002087932811,-32.45000720546409,0 19.96040713932968,-32.45078631751447,0 19.96051024044866,-32.4509803008085,0 19.96055194166678,-32.45105589314823,0 19.96064752672815,-32.45111317031292,0 19.96072312578506,-32.4511272456599,0 19.96083353218476,-32.45112453822676,0</coordinates></LineString>
</Placemark>
<Placemark>
  <name>Untitled Path</name>
  
  <styleUrl>#style_MAIN_ROADS</styleUrl>
  <LineString><tessellate>1</tessellate><coordinates>19.87752476841093,-32.40148714989089,0 19.87790403155106,-32.40144285353043,0 19.87825241473476,-32.4014054266566,0 19.87875270517624,-32.40136645740935,0 19.87921045939319,-32.40135503002534,0 19.87953756988988,-32.4013630849115,0 19.87981955111365,-32.40138843323102,0 19.88000307904848,-32.40140652428163,0 19.88050035109664,-32.40141583115062,0 19.88211023413611,-32.40140930202079,0 19.88259294868267,-32.40142178245192,0 19.88341870129644,-32.40141059315564,0 19.88402369965958,-32.40140396024467,0 19.88482704377372,-32.40138430022626,0 19.88557316700839,-32.40136591854256,0 19.88614651521702,-32.40137268315571,0 19.88674495667365,-32.40132328131818,0 19.88732320428914,-32.40126254546586,0 19.88792173363605,-32.40119696375555,0 19.88833605585876,-32.40113699231582,0 19.88884284274094,-32.40104803294418,0 19.8890176820025,-32.40100412905764,0 19.88914911704235,-32.40097723313433,0 19.88940084083902,-32.40093241896645,0 19.88958207203378,-32.40092968056719,0 19.8897478550128,-32.40094711336615,0 19.89011078579043,-32.40096997241479,0 19.89038628150289,-32.40098173368646,0 19.89060386953059,-32.40096751678904,0 19.89080461691189,-32.40092993694825,0 19.89098595317655,-32.40083461992996,0 19.89109764821195,-32.40072594315657,0 19.891218730037,-32.40064057768112,0 19.89141949110011,-32.40057727923961,0 19.89162424955968,-32.40054346898953,0 19.89184634296892,-32.40048714665021,0 19.89222406434382,-32.40036993324036,0 19.89240307634692,-32.40030882631996,0 19.89262239101363,-32.4002155695952,0 19.89292285881005,-32.39998228467752,0 19.89316413433745,-32.39975651574402,0 19.89334138198253,-32.39951644317878,0 19.89350594171005,-32.39925669220906,0 19.89365681532824,-32.39904002042014,0 19.893840575044,-32.39884051933093,0 19.89424687807622,-32.3984513305805,0 19.89444212552259,-32.39824917977021,0 19.89474201002296,-32.397873635209,0 19.89497962867364,-32.39760091254701,0 19.89526905041333,-32.39741797929999,0 19.89547389714025,-32.39736392941025,0 19.89572548138231,-32.39734241549906,0 19.89600134895112,-32.39734581563653,0 19.89632554958168,-32.39737987396792,0 19.89653609409886,-32.39742579509146,0 19.89696503716531,-32.39751152013969,0 19.89724724955592,-32.39751660242659,0 19.89747866110049,-32.39750488253525,0 19.89763871406231,-32.39749737627048,0 19.89807030093012,-32.39748234926274,0 19.89824856284473,-32.39747860246628,0 19.89838783769646,-32.39751532619244,0 19.8983940755925,-32.39751502640196,0 19.89853032798413,-32.3975360798806,0 19.89867434391059,-32.39751996688044,0 19.89875622467688,-32.39748462827902,0 19.89885529699719,-32.39746106908542,0 19.8989361425481,-32.39745645400419,0 19.89901609917888,-32.39745922312122,0 19.89913563317758,-32.39742637354967,0 19.8992030258477,-32.39736306234601,0 19.89922051549281,-32.39728633965656,0 19.89925780744654,-32.39718903828524,0</coordinates></LineString>
</Placemark>
<Placemark>
  <name>Untitled Path</name>
  
  <styleUrl>#style_MAIN_ROADS</styleUrl>
  <LineString><tessellate>1</tessellate><coordinates>19.81777840708951,-32.36022894632861,0 19.81778787190767,-32.36043377228764,0 19.817775836989,-32.36068326513242,0 19.81776372462813,-32.36088906483617,0 19.81773298476615,-32.36101693550958,0 19.81758661500332,-32.3615782446045,0 19.81750815224657,-32.36200735603057,0 19.81732897349395,-32.36292386084882,0 19.81718942768463,-32.36357957483548,0 19.81702157578487,-32.364502963884,0 19.81684994555988,-32.36532317999208,0 19.81681189555097,-32.36554047988651,0 19.81677106410225,-32.36580552166763,0 19.81673241066979,-32.36604836333705,0 19.81666813228756,-32.36637850528949,0 19.81661816916932,-32.36669129418829,0 19.81653566263841,-32.36710460179356,0 19.81645442294885,-32.36749709491767,0 19.81636945993225,-32.36796339548942,0 19.81633893866945,-32.36817378418407,0 19.81634151547346,-32.36835529246864,0 19.8163882632931,-32.3685575071836,0 19.81646077703967,-32.36872258622375,0 19.81654470927635,-32.36885021274922,0 19.81668601607505,-32.36902004175102,0 19.81692231990743,-32.36928367493219,0 19.81710712035364,-32.36945647591691,0 19.81733731014167,-32.36963945168839,0 19.81762415378517,-32.36981026103128,0 19.8178885909145,-32.3699405137951,0 19.81816376556167,-32.3700698007986,0 19.81841260842194,-32.37021385920868,0 19.81871073434224,-32.37039968571333,0 19.81900786462387,-32.37061277636729,0 19.81918766867372,-32.37071936806753,0 19.81938156989416,-32.37082135616232,0 19.81968529599635,-32.370929794267,0 19.81993229868386,-32.37100970771618,0 19.82071575143441,-32.37122546454266,0 19.82105864142541,-32.37131788103709,0 19.82121168264944,-32.3713457981552,0 19.82136139738245,-32.37135777123159,0 19.82152425835716,-32.37138012115729,0 19.82169919611011,-32.37140888619906,0 19.82198108301209,-32.3714675185033,0 19.82218101044903,-32.37152724804482,0 19.82233778962743,-32.37157991916318,0 19.82265276708852,-32.37169037687188,0 19.82286087853804,-32.37175167267968,0 19.82307094751941,-32.37178950181102,0 19.82325323039538,-32.37181792596994,0 19.82345586361508,-32.37186900550999,0 19.82370970312236,-32.37193530537043,0 19.82395050088763,-32.37200298890959,0 19.82446199143418,-32.37216983536719,0 19.82530200200786,-32.37243071651469,0 19.82592443251865,-32.37263191419006,0 19.82626312356508,-32.37275917126993,0 19.82657378765985,-32.37289990859767,0 19.8268239973989,-32.37305181949981,0 19.82703184310045,-32.37319447213637,0 19.82729938584087,-32.37337070163409,0 19.82751253152228,-32.3735100241184,0 19.82804912134075,-32.37389756297485,0 19.82845213443315,-32.37420698452412,0 19.82896917304614,-32.37459794724997,0 19.82936585414455,-32.37492103127678,0 19.82990191390427,-32.37528433479287,0 19.83028416291419,-32.37550604881616,0 19.83079387195087,-32.37578230609084,0 19.83127952380139,-32.37606315961092,0 19.83201856716601,-32.37648165032595,0 19.83241208623726,-32.37670729744612,0 19.83274769319403,-32.37690571972072,0 19.83314031959308,-32.37717376224971,0 19.83334146513782,-32.37730440382295,0 19.83361636000183,-32.37749684183672,0 19.83388693976998,-32.37764846995081,0 19.83449512031301,-32.37797372008755,0 19.83497412549469,-32.37821940532697,0 19.83536767914973,-32.37842847375639,0 19.83568261122529,-32.37854638872723,0 19.83605799327744,-32.37869126829784,0 19.83653862630299,-32.37889354504173,0 19.83705195724459,-32.37909966661548,0 19.83774221857804,-32.37937850399447,0 19.83905384195986,-32.37989643036968,0 19.84041085753136,-32.38043328923642,0 19.84104093298956,-32.38068001071342,0 19.84200868868355,-32.38107311742242,0 19.84236340356333,-32.38120381784227,0 19.84279486933491,-32.38137234225145,0 19.84321232108092,-32.38155576430031,0 19.84345269808894,-32.38165420125267,0 19.84373118850822,-32.38175342096375,0 19.84388869735872,-32.38181639733844,0 19.8440474741938,-32.38190707517106,0 19.84413618434932,-32.38194470981036,0</coordinates></LineString>
</Placemark>
<Placemark>
  <name>Untitled Path</name>
  
  <styleUrl>#style_MAIN_ROADS</styleUrl>
  <LineString><tessellate>1</tessellate><coordinates>19.87728081714834,-32.26691267024344,0 19.87723313359591,-32.26699367134537,0 19.87721926078831,-32.2670876422288,0 19.87721903750571,-32.26708943964424,0 19.87722970804467,-32.2671950357482,0 19.87725308029526,-32.26729775251918,0 19.87727400534516,-32.26744893824768,0 19.87726297129023,-32.26756285395171,0 19.87726251258178,-32.26756628119074,0 19.87726068183033,-32.26757995869406,0 19.87722780679851,-32.26767237734487,0 19.87722715302012,-32.2676773660728,0 19.87722628283289,-32.26768400730208,0 19.87717752661069,-32.26776244331558,0 19.8770718054111,-32.26788513782653,0 19.87697156802553,-32.26798439205839,0 19.8768878537155,-32.26807172807004,0 19.87688035697747,-32.26808365683353,0 19.87683611380175,-32.26820005666971,0 19.87683581073746,-32.26820351591012,0 19.87682646864176,-32.26829052803555,0 19.87682591247513,-32.26829727445356,0 19.87684186466298,-32.26837597794496,0 19.87687429123137,-32.26850467996908,0 19.87694986062093,-32.26863427454386,0 19.87701176321622,-32.26874603906979,0 19.87711407907895,-32.26888069765382,0 19.87721597643134,-32.26904825529569,0 19.87729192864764,-32.26914415014014,0 19.87735968448034,-32.26922718662981,0 19.87739089749366,-32.26927861679479,0 19.87741229097854,-32.2693391578311,0 19.87742693828457,-32.26942628591687,0 19.87744049828867,-32.26949383989049,0 19.87752300374959,-32.26993458309025,0 19.87758025841524,-32.27024290098144,0 19.87762529714113,-32.2704738975558,0 19.8777098993575,-32.27072794737582,0 19.87771164423155,-32.27073173560478,0 19.8777797703968,-32.27095142696455,0 19.87788652013806,-32.27126779307669,0 19.87798569323995,-32.27152993026534,0 19.87803057732456,-32.27170988792367,0 19.87815608012789,-32.27211204785633,0 19.87828307272957,-32.27259148321765,0 19.8784496894898,-32.2731278660893,0 19.87852269873125,-32.27335919068246,0 19.87856774420408,-32.2736660034169,0 19.87860729235599,-32.27389484958248,0 19.87864889151437,-32.27411875926621,0 19.8786485243909,-32.2741261610373,0 19.87877347579938,-32.274429638932,0 19.87877496883036,-32.27443652466361,0 19.87880910178098,-32.27458289317081,0 19.87887574054459,-32.27499475461492,0 19.87891219438953,-32.2752034683953,0 19.87894271883337,-32.27533009035415,0 19.8790595966112,-32.27581924005477,0 19.87913535439948,-32.27606959574865,0 19.87918031532459,-32.2762572766685,0 19.87919061944648,-32.27633918789422,0 19.87920477988942,-32.27652558082308,0 19.87923654540879,-32.27672995641805,0 19.87927704478959,-32.2768571498434,0 19.87935639735646,-32.27712863520792,0 19.87941978033829,-32.2772952533651,0 19.87950394119283,-32.27754905961845,0 19.87956383418904,-32.27779691452761,0 19.87969030683543,-32.27823586569613,0 19.87975799315824,-32.27846539658442,0 19.87981521752918,-32.27859205708039,0 19.87986800067043,-32.27869650832905,0 19.87995998185139,-32.27892203674499,0 19.88000767247158,-32.27907718779031,0 19.88004396098114,-32.27925527335194,0 19.8801087334891,-32.27944141441346,0 19.88017684231981,-32.27956625509138,0 19.880242582161,-32.27970675840302,0 19.88037728279357,-32.28001248300387,0 19.88058743595576,-32.28049256971419,0 19.88066639485662,-32.28064678818011,0 19.88086640708844,-32.28104724294785,0 19.8810039363905,-32.28124073491127,0 19.88113573781084,-32.28141108441719,0 19.88122898731042,-32.2815119265887,0 19.88166841126966,-32.28204889189659,0 19.88189028422257,-32.28233654194783,0 19.88198490001535,-32.28246677260358,0 19.88236691574043,-32.28297210218612,0 19.88262749393111,-32.28331794226551,0 19.88335896033004,-32.28436536454785,0 19.88390402626563,-32.28521947326421,0 19.8840908528205,-32.28552110062311,0 19.88442939211883,-32.2862367824751,0 19.88460515701165,-32.28665451901431,0 19.88487220498654,-32.28733674321497,0 19.88495296599159,-32.28754411693233,0 19.88523144158875,-32.2882132034547,0 19.88540507675038,-32.28874701315658,0 19.88549829034802,-32.28903177264637,0 19.88553048610308,-32.28913042127165,0 19.88555149664786,-32.28926800850142,0 19.88558500597872,-32.28941941155078,0 19.88565690411132,-32.28962151803297,0 19.88571060291263,-32.28973867666788,0 19.88580661681166,-32.28997828361761,0 19.88589413960078,-32.29026187978963,0 19.88597852271002,-32.29057500873945,0 19.88603052449999,-32.29079017343794,0 19.88616094469068,-32.29113348034218,0 19.88624049686269,-32.29145184783067,0 19.88627721731057,-32.29162058506527,0 19.88642946445422,-32.29198341303395,0 19.88659807061481,-32.29227315859948,0 19.88668757629264,-32.29246955578901,0 19.88682739860843,-32.29277955046214,0 19.88698852020807,-32.29308997220443,0 19.8871692636356,-32.29343023992454,0 19.88728314659132,-32.29361112579425,0 19.88748306288436,-32.29394971964292,0 19.88760565294958,-32.29417226410369,0 19.88768527291734,-32.29434226946823,0 19.88777433126454,-32.2945978506484,0 19.88787690968286,-32.29488962168554,0 19.88793929973052,-32.29516675260991,0 19.8879902572558,-32.29543086122741,0 19.8880481308291,-32.29573240398571,0 19.88807369320229,-32.29599881038038,0 19.88808030710536,-32.29622034552839,0 19.88806790871397,-32.29646191807701,0 19.88806488323488,-32.29698180748364,0 19.88808739160669,-32.29730879379212,0 19.88810059386633,-32.29766444971545,0 19.88814196888808,-32.29798487117509,0 19.88816457640936,-32.29812691800908,0 19.88821660636098,-32.29845312134696,0 19.88829145690854,-32.29885744529867,0 19.888332928759,-32.29912616390273,0 19.88838383277538,-32.2993871542832,0 19.88845440238148,-32.29965840166736,0 19.88857290071876,-32.3001896020456,0 19.88865582304301,-32.30053180451469,0 19.88874220334806,-32.30092902042262,0 19.88880453189476,-32.30122564675466,0 19.88884941246612,-32.30144949487181,0 19.88885495089577,-32.30185608012643,0 19.88886588369252,-32.30210887842753,0 19.88891553022605,-32.30232817174884,0 19.88894088642389,-32.30248185139519,0 19.88894585786257,-32.30264585178612,0 19.88894574404363,-32.30329672200087,0 19.88894962592064,-32.30361724458685,0 19.88895535419207,-32.30404911017551,0 19.88895931121658,-32.3043516129282,0 19.8889607412432,-32.30464079439644,0 19.88899762864615,-32.30485304976686,0 19.88911496163312,-32.30565191288464,0 19.88917399889975,-32.3060643566374,0 19.88922830572702,-32.30628148136618,0 19.88931752884544,-32.30645911810509,0 19.88941037847766,-32.30666270836679,0 19.88946665694587,-32.30688946910708,0 19.88962047281951,-32.30726302087756,0 19.88974488348579,-32.30763566853913,0 19.88987325558764,-32.3079379610992,0 19.889951154683,-32.30815127520784,0 19.89002611024889,-32.30848648851082,0 19.89017627849959,-32.30920995954804,0 19.89021110657991,-32.30943006487272,0 19.89025742101283,-32.30956774671815,0 19.89053630236652,-32.3100353548499,0 19.89092806158811,-32.31073649297034,0 19.89113812781442,-32.31121956869726,0 19.89134572387184,-32.31177396871449,0 19.89151989037802,-32.31243942016482,0 19.89158705388824,-32.31281867894641,0 19.89164644491983,-32.31299071369931,0 19.89181826518517,-32.31341244989111,0 19.89187491909103,-32.31356419624567,0 19.8918872981323,-32.31368649240217,0 19.89193991423388,-32.31387985639488,0 19.89199548893548,-32.3141028920538,0 19.89202456000821,-32.31427944274966,0 19.89209373689441,-32.31464690037484,0 19.89213420337871,-32.31481969946491,0 19.8921531170813,-32.31494398868411,0 19.89217933219368,-32.31543399804872,0 19.89219377024945,-32.31557841228663,0 19.89220209015475,-32.3156751669504,0 19.89223011476247,-32.31577877790156,0 19.89235411521363,-32.31609707442152,0 19.89244528991748,-32.31627400994606,0 19.89247967442834,-32.31637402526304,0 19.89248536357661,-32.31644517135454,0 19.89251359528996,-32.3165185023126,0 19.89257749927918,-32.316572366579,0 19.89262428532895,-32.31663158844788,0 19.89267210674766,-32.31672843067761,0 19.89273271357312,-32.31688690222594,0 19.8927449136643,-32.31705467176382,0 19.8927211574518,-32.31750381705465,0 19.89273088483074,-32.3177407815146,0 19.89272603122542,-32.31794024225499,0 19.89272837188501,-32.31810016089064,0 19.89271157522363,-32.31859453051841,0 19.89266501579213,-32.3187897978363,0 19.89264336642384,-32.31890190264015,0 19.89262488491819,-32.31903661829826,0 19.89261511971538,-32.31914887156938,0 19.8925903403852,-32.3195302218023,0 19.89255261405915,-32.31980673749591,0 19.89253193371687,-32.32011191788322,0 19.89251062541489,-32.32038176841631,0 19.89250245073198,-32.32065601592866,0 19.89250682700381,-32.32099844368054,0 19.89251102274968,-32.32148569607335,0 19.89250722178227,-32.32181611711765,0 19.89247982831103,-32.32221604788364,0 19.89243196899392,-32.32254200516194,0 19.89239215501149,-32.32337361376093,0 19.89238802238672,-32.32418412010598,0 19.89240343335736,-32.3245373064252,0 19.89243811571746,-32.3252999067335,0 19.89244601341276,-32.3255889271195,0 19.89244705441405,-32.32595170252657,0 19.89244707038076,-32.3262125413779,0 19.89246309089106,-32.32639132960139,0 19.89245902434062,-32.32659003811288,0 19.89246884108106,-32.32685469048029,0 19.89247449858053,-32.32709947882942,0 19.89248961933595,-32.32732016219127,0 19.89247945883202,-32.32752800942026,0 19.89248294370451,-32.32778951841772,0 19.89248636328918,-32.32807442626472,0 19.89248125482779,-32.32838833507326,0 19.89247218774734,-32.32875166269983,0 19.89246814152319,-32.32910550810661,0 19.89247317041333,-32.32935439684735,0 19.89247867225268,-32.32960214697862,0 19.89249692902169,-32.32983733667038,0 19.892503107728,-32.33017519395481,0 19.89252440831223,-32.33037421663784,0 19.89257474459724,-32.33052186718241,0 19.89260824573396,-32.33063796955373,0 19.89261227048178,-32.33070967041007,0 19.89259982862033,-32.33082094866913,0 19.89257643450905,-32.330910643906,0 19.89256230502818,-32.33100839862376,0 19.89257473028279,-32.33115041898999,0 19.8926160026866,-32.33171579638141,0 19.89264364927498,-32.33215876030076,0 19.89265980575319,-32.33261839140204,0 19.89273933554673,-32.33335906493807,0 19.89275558937227,-32.33374082780735,0 19.8927545902538,-32.33398812577231,0 19.89275518459206,-32.334077162128,0 19.89279833508384,-32.33442711148247,0 19.89284861488105,-32.33466968765408,0 19.89283998817842,-32.3349421469845,0 19.89284159452049,-32.33516745392476,0 19.89286821874378,-32.33536154375286,0 19.8928787884111,-32.33557010418326,0 19.8930713171704,-32.33678397341469,0 19.8931004240983,-32.33688574383943,0 19.89312373299336,-32.33703364084207,0 19.89320607254424,-32.33760662542843,0 19.89326149061213,-32.33776494525912,0 19.89336158130087,-32.33794000305121,0 19.89351312980282,-32.3381276311852,0 19.89363135794399,-32.33825569442292,0 19.89370050998916,-32.33841898923401,0 19.89369584303066,-32.338577513872,0 19.89366700646391,-32.33869839981207,0 19.8935529085939,-32.33888441954279,0 19.89340230335488,-32.3390577027025,0 19.89302503371441,-32.33934263723967,0 19.89281489185867,-32.33951355113378,0 19.89200731531669,-32.34020399152855,0 19.89162229812201,-32.34052363411227,0 19.89148690268421,-32.34065287792927,0 19.89132531078049,-32.34081759372199,0 19.89113403921382,-32.34103747615005,0 19.89090796323097,-32.34132518438756,0 19.89062702040279,-32.34169311377193,0 19.89042944041398,-32.3419159991827,0 19.89023311964436,-32.34214945214646,0 19.88990420320605,-32.342418452404,0 19.88956740523312,-32.3426618242163,0 19.88932240419804,-32.34288438158821,0 19.88881662763213,-32.34347089543653,0 19.88855646178019,-32.34375921352988,0 19.88811126263684,-32.3442306356581,0 19.88784273636418,-32.3444832032714,0 19.88752499214984,-32.34471152991079,0 19.88716956635403,-32.34485467301496,0 19.88653458359877,-32.34504478876659,0 19.88607876347798,-32.34514098508696,0 19.88549744742925,-32.34524599036762,0 19.88509933175811,-32.34535118068546,0 19.88472155256934,-32.3454261755731,0 19.88415256288643,-32.34550556875341,0 19.88342938513287,-32.34560316581326,0 19.88322427059364,-32.34562883287731,0 19.88294427611933,-32.34565032654929,0 19.88243892385849,-32.34567280609901,0 19.88208050166707,-32.34567056559578,0 19.88094049434443,-32.34566064646113,0 19.88049408318193,-32.34566529704473,0 19.8801480234252,-32.34566401632641,0 19.87923463186075,-32.34573669573509,0 19.87895595711032,-32.34576834672242,0 19.87865390119242,-32.34585302576772,0 19.87832249435992,-32.34598762601912,0 19.87795850725281,-32.34614777496608,0 19.87750730917373,-32.34634940801504,0 19.87692721048231,-32.34656646973966,0 19.87632661671767,-32.34672945860889,0 19.87563289562867,-32.34687997783496,0 19.87515675144459,-32.34697439771267,0 19.8745147911347,-32.34711761198482,0 19.8741386333574,-32.34721469162776,0 19.87391122108798,-32.34728967867579,0 19.87327230226292,-32.34748350975925,0 19.87282839386294,-32.34758383337346,0 19.87210145290233,-32.3476735852877,0 19.87089235760717,-32.34784782859384,0 19.87012464881832,-32.34794376085011,0 19.86964409835628,-32.3480106200382,0 19.86838105286558,-32.34829375148418,0 19.86771341727755,-32.34843445798986,0 19.86717428302589,-32.3485828900155,0 19.86663899163276,-32.34873859656931,0 19.86626009186166,-32.34887292013991,0 19.86580630312261,-32.34906329442676,0 19.86534218794402,-32.34924701930212,0 19.86493133035339,-32.34939299711237,0 19.86414452372009,-32.34959520966996,0 19.86363555109852,-32.34972062773383,0 19.86294745034434,-32.3499016835632,0 19.86255203821075,-32.35001200445709,0 19.86223839355534,-32.35008046114654,0 19.86191650419146,-32.35014797126269,0 19.86128454343933,-32.35024754136443,0 19.86069408187872,-32.35036675235514,0 19.86014521146682,-32.35050021902838,0 19.86001998996301,-32.35052622604169,0 19.85956936570381,-32.35059749701777,0 19.8591798801032,-32.35063726003335,0 19.85861001544198,-32.35068686338875,0 19.85783919844265,-32.35076190201313,0 19.85738971563328,-32.35080475408077,0 19.8571533827677,-32.35084092672867,0 19.85698733295518,-32.35087088248648,0 19.8563803741832,-32.35102507908169,0 19.85597677330354,-32.35115806231808,0 19.85559632305743,-32.35131178591239,0 19.85530851257291,-32.35146167252355,0 19.85507337222409,-32.3515881512954,0 19.85467694766917,-32.35176949039138,0 19.85431060737517,-32.35190799885694,0 19.85392181837822,-32.35202664591049,0 19.85276975919746,-32.35225344626627,0 19.85170253611799,-32.35249785944381,0 19.85153105160556,-32.35252506465358,0 19.85096279784657,-32.35262183412494,0 19.8504516278081,-32.35271520886033,0 19.84990299823544,-32.35281264613436,0 19.84930959439042,-32.35294968785242,0 19.84877860060924,-32.35307447912896,0 19.84821673676811,-32.35321792237333,0 19.84777453646056,-32.35330617889251,0 19.84736796355733,-32.35339498301736,0 19.8465065370318,-32.35361569100936,0 19.84563096457714,-32.35381331720984,0 19.84516617670847,-32.35393662466827,0 19.84497576228844,-32.35399150812773,0 19.84449581004527,-32.3541442637891,0 19.84412320782783,-32.35424161554546,0 19.84339954798868,-32.35436296185139,0 19.84304064744387,-32.35443954900799,0 19.84291813649335,-32.35447183101842,0 19.84276114680957,-32.35449203082484,0 19.8421924919367,-32.35458659568143,0 19.84140935960892,-32.35471661322339,0 19.84105415405087,-32.35478933027663,0 19.84020135647483,-32.35508081427458,0 19.83974676598602,-32.35526996678058,0 19.83940141480589,-32.35542740523743,0 19.83916957603453,-32.35554007509462,0 19.83903917036121,-32.35561844742799,0 19.83884195324043,-32.35574622089015,0 19.83873473774485,-32.35583438201564,0 19.83860723412531,-32.35592499508798,0 19.83849673710074,-32.35601068983574,0 19.83836833035818,-32.35604989240947,0 19.83809924212225,-32.35609656063465,0 19.83763101221748,-32.35619608723565,0 19.83649716874601,-32.35646934935575,0 19.83561489488598,-32.3567010248794,0 19.83499297692618,-32.35686278283055,0 19.83410616457137,-32.3570814730279,0 19.83345134463021,-32.35723199840668,0 19.83309215864319,-32.35731896383725,0 19.83263624906494,-32.35742464671661,0 19.83223868279873,-32.35752497506422,0 19.8317512187813,-32.3576609232364,0 19.83113406134726,-32.35781209468277,0 19.83064940347683,-32.35794133736841,0 19.8299663735858,-32.35815841828805,0 19.82935675705786,-32.35832574847743,0 19.82773949147751,-32.35873576276757,0 19.82686278222074,-32.35899191502083,0 19.8239778435295,-32.35970332451839,0 19.82264164736089,-32.3600447071593,0 19.82232881410581,-32.36011260831392,0 19.82204937771584,-32.36015740319828,0 19.82184956792077,-32.3601790227392,0 19.82134882628829,-32.36019418556575,0 19.81926739418817,-32.3602158687674,0 19.8184503498879,-32.36023204607314,0 19.81809481493296,-32.36024152318023,0 19.81791421291248,-32.36023595570201,0 19.81778234204002,-32.36022639296915,0 19.8177167857074,-32.36021076499233,0 19.81754987667654,-32.36015023688873,0 19.81650313897193,-32.3598473810525,0 19.81149496980407,-32.35846474337718,0 19.81438525289849,-32.359269226381,0 19.80780521669125,-32.35744467178401,0 19.80476392353186,-32.35658093535288,0 19.80431900606003,-32.35646030664453,0 19.79831593260734,-32.35488296046491,0 19.79764086431641,-32.35468870447519,0 19.79621232693562,-32.35428952872008,0 19.79139267347532,-32.35305427799311,0 19.79014936364312,-32.35269670687798,0 19.78956389380947,-32.35250079468418,0 19.78872460403837,-32.35212319348233,0 19.78813560726492,-32.35180748964883,0 19.787740836297,-32.35159937318019,0 19.78664126460814,-32.35109788299488,0 19.78611967030211,-32.35087623707707,0 19.78586668831564,-32.35077355859892,0 19.78546323459197,-32.35056454012155,0 19.78466493055595,-32.35012175521231,0 19.78425837601268,-32.34991782602678,0 19.78401122124948,-32.3498118088397,0 19.78382342021778,-32.3497476845831,0 19.7821359964069,-32.34921855581344,0 19.78186997269058,-32.34911601424027,0 19.78158795836051,-32.34902195647601,0 19.78087780636524,-32.34883287107014,0 19.77976736531647,-32.34853526666095,0 19.77827942115047,-32.3480879691038,0 19.77780632647324,-32.34794269417879,0 19.77756059375295,-32.34785570890952,0 19.77730913409111,-32.34772690114298,0 19.77708670929239,-32.34758146934313,0 19.77686219902667,-32.34742485880583,0 19.77646608884254,-32.34707430324291,0 19.77591804266113,-32.34657971440296,0 19.77511723067346,-32.34585223468869,0 19.77474088148105,-32.34554433398444,0 19.7744784342067,-32.34531988931573,0 19.77400949015581,-32.34488521700384,0 19.77330792441597,-32.34421773976445,0 19.77252126894716,-32.34347833019145,0 19.77189681451971,-32.3428802753323,0 19.77099783164058,-32.34210156662239,0 19.77034266223489,-32.34151218179533,0 19.76981868302319,-32.34106094345713,0 19.76957134800103,-32.34085748457153,0 19.76879597446459,-32.34024534059572,0 19.76818972560337,-32.33978513828192,0 19.7677701282678,-32.3394359032408,0 19.76713693037378,-32.33898240828317,0 19.76677788399547,-32.33880566030008,0 19.76633589360864,-32.33864008103476,0 19.76594519509574,-32.33851884146787,0 19.76537281718218,-32.33834158041002,0 19.76489371589693,-32.33827892781407,0 19.76456850672022,-32.33827630009264,0 19.7631512274713,-32.33835654101803,0 19.76229229947219,-32.33835613327972,0 19.76179629247706,-32.33835592734269,0 19.76123918884228,-32.33837256324668,0 19.76041828537445,-32.33843408071803,0 19.75951560513514,-32.33854074265615,0 19.75894237899123,-32.33857430614214,0 19.75826143695441,-32.33861585923158,0 19.75736293968542,-32.33869835450089,0 19.75681149010037,-32.33875551733694,0 19.7563906608951,-32.33881959626645,0 19.75516247871303,-32.33904114542451,0 19.75473730927903,-32.33911108085916,0 19.7535913968755,-32.33924393076893,0 19.75304228970677,-32.33930266068438,0 19.75158155889,-32.33942555431794,0 19.75053065886936,-32.3395445675606,0 19.74977484646885,-32.3396178242642,0 19.74925512031872,-32.33968373517192,0 19.74790061946106,-32.33979241289617,0 19.74714051082331,-32.33985602740901,0 19.74640989248074,-32.33987452075387,0 19.74578810329736,-32.33990698451623,0 19.74517480505926,-32.33994817524297,0 19.74406116660463,-32.34001795097426,0 19.74363107066671,-32.34004676378584,0 19.74304613082956,-32.34009865122345,0 19.74229506300674,-32.34016395863252,0 19.74167310519198,-32.3402133885445,0 19.74117802741282,-32.3402749894569,0 19.74044680723653,-32.34037252979876,0 19.73983712510226,-32.34038668441409,0 19.73933806520908,-32.34035136088708,0 19.73842197236536,-32.34020332899112,0 19.73770942692489,-32.34009417949658,0 19.73679296869912,-32.33997934502147,0 19.73592737979545,-32.33987814188207,0 19.73495042822393,-32.3397293212687,0 19.73390987134584,-32.33954723022204,0 19.73287476984172,-32.3393810347601,0 19.73156302571591,-32.33920496365997,0 19.73067863926234,-32.33907264450267,0 19.73016760773821,-32.33896685635728,0 19.72966766479996,-32.33888813424593,0 19.72944588986015,-32.33886502846415,0 19.72917951981782,-32.33884154940316,0 19.72895835907369,-32.33882091386094,0 19.7286994489281,-32.33877100141182,0 19.72737492626477,-32.33855971616588,0 19.72701332638963,-32.33848652171025,0 19.72667876070393,-32.33841919488412,0 19.72637991780357,-32.33837512955302,0 19.72580711044459,-32.33830702783076,0 19.72524535881803,-32.33820994093131,0 19.72107310642575,-32.33748988247965,0 19.7204268293664,-32.33737216589635,0 19.71995352252385,-32.33730668390901,0 19.71924726866955,-32.33722025794543,0 19.71856921498067,-32.33714442564963,0 19.71810810521422,-32.33709160494971,0 19.7178430189071,-32.33701331497449,0 19.71695350095864,-32.33680812700637,0 19.71622914512246,-32.33666378187247,0 19.71509067308616,-32.33643220045749,0 19.7146935029047,-32.33636055091612,0 19.71418083617277,-32.3362324468801,0 19.71326188778027,-32.33600990546567,0 19.71270455598394,-32.33589404389386,0 19.71238441714382,-32.33582172109658,0 19.71194578457583,-32.33567408967289,0 19.71149171029112,-32.33550570466002,0 19.71075554919689,-32.33527768367822,0 19.70984096486905,-32.33495025577521,0 19.70961930296087,-32.33486700141844,0 19.70946967014372,-32.33482812320087,0 19.70927142844175,-32.33482226731518,0 19.70915745462068,-32.33482665226515,0 19.70891408897882,-32.33482257939505,0 19.70871629407195,-32.33482075764777,0 19.70855174940058,-32.33483679393593,0 19.70830398147247,-32.33489522533451,0 19.70808994549735,-32.33494646701264,0 19.70786894691495,-32.33497455890154,0 19.7069627460484,-32.33502964324978,0 19.70657348169879,-32.33505219281906,0 19.7061595365939,-32.33504993670026,0 19.70596424645078,-32.33505560527067,0 19.70576651923484,-32.33507572726097,0 19.70552515170508,-32.33510583056471,0 19.70536914305999,-32.33510965690242,0 19.70505466994968,-32.3351022305697,0 19.70469463446124,-32.33506274957357,0 19.70431745382078,-32.33498847802024,0 19.70311829668093,-32.33458342935295,0 19.70253792580128,-32.33439564012618,0 19.70222612959369,-32.33428075664634,0 19.70193123224167,-32.33417197077349,0 19.7016656578878,-32.33400993283634,0 19.70147130064392,-32.33385486815775,0 19.70122016796209,-32.33364203665288,0 19.70101269839037,-32.33349038987434,0 19.70077186933787,-32.33332119527133,0 19.70039372683124,-32.33311184973028,0 19.69998074688052,-32.33293347810746,0 19.69866931742981,-32.33240150249254,0 19.69760711857628,-32.33196125794129,0 19.69704264109462,-32.33173618225438,0 19.6966453594659,-32.33159352656301,0 19.69617683925935,-32.33142631533703,0 19.69574941759219,-32.33128829949595,0 19.69529069454005,-32.33117820552368,0 19.69462110957212,-32.33104608645047,0 19.69401487718691,-32.33097599416814,0 19.69333090129266,-32.33092975876946,0 19.69262118945099,-32.33090428810089,0 19.69206875755052,-32.33087574228855,0 19.69167774369873,-32.33086904120374,0 19.69133149159144,-32.33084614953844,0 19.69112152969279,-32.33081286758455,0 19.69089382846408,-32.33080479484822,0 19.69078161228809,-32.33082749866293,0 19.69060694761005,-32.33083757173547,0 19.69023394760229,-32.33079130931135,0 19.6898942210464,-32.33070708385429,0 19.68953032444101,-32.33065135440846,0 19.68922332250582,-32.33061739161589,0 19.68887802335807,-32.33061394711803,0 19.68868698410954,-32.3306029032625,0 19.68838252417286,-32.33059318301326,0 19.68808294739024,-32.3305366907506,0 19.68780386939001,-32.33046154571555,0 19.68737879020244,-32.33033524853503,0 19.68714062132988,-32.33026220128863,0 19.6868538060459,-32.33013954691958,0 19.68648023033425,-32.32996224742806,0 19.6861584341415,-32.32978948034945,0 19.68575878912775,-32.32950597205544,0 19.68553735421371,-32.32931427193109,0 19.68498076886962,-32.3288890777325,0 19.68459446770851,-32.32858029428313,0 19.68440961289882,-32.3284386831017,0 19.68416587873127,-32.32825687363509,0 19.68388196518296,-32.32804515772386,0 19.68355093623237,-32.32780407248933,0 19.68331848690688,-32.32765713345548,0 19.68295776362331,-32.32744951301924,0 19.68221947738271,-32.32703683854994,0 19.68162101196081,-32.32669463947173,0 19.68104155210969,-32.32635636495624,0 19.6803497012603,-32.32595413543599,0 19.67960801411522,-32.32552225745733,0 19.67886778055439,-32.32508082676011,0 19.67809013617748,-32.32462718279047,0 19.67766804178546,-32.32435019053708,0 19.67730458580147,-32.3241439007599,0 19.6768149335648,-32.32387706618353,0 19.67608121739347,-32.32348076331469,0 19.67552844263233,-32.32315402726619,0 19.6741471249942,-32.3224516072786,0 19.67321688893745,-32.32205583609095,0 19.67117503008398,-32.3214072822035,0 19.66975984068631,-32.32101977307626,0 19.6684248006848,-32.32059037264552,0 19.66551906884676,-32.31973245973119,0 19.66366238969957,-32.31915370001121,0 19.66161698898677,-32.31853275550627,0 19.65234482120244,-32.31572681208828,0</coordinates></LineString>
</Placemark>
<Placemark>
  <name>Untitled Path</name>
  
  <styleUrl>#style_MAIN_ROADS</styleUrl>
  <LineString><tessellate>1</tessellate><coordinates>20.00348510778889,-32.4069116046616,0 20.00383176627403,-32.40711516893973,0 20.00409511681546,-32.40728102016412,0 20.00430318231371,-32.40745939337848,0 20.00457348169127,-32.40765439592003,0 20.0047097833613,-32.40776212457291,0 20.00483405470955,-32.40793227232574,0 20.00478489921736,-32.40804733277277,0 20.00462320041077,-32.40811187196405,0 20.00441108247092,-32.40811017393418,0 20.00421638994192,-32.40810407172298,0 20.00394011619004,-32.40809088239035,0 20.0037164531725,-32.40811702702932,0 20.00349101316172,-32.40821133990765,0 20.00338422525856,-32.40828162456134,0 20.00332073835411,-32.40833303052668,0</coordinates></LineString>
</Placemark>
<Placemark>
  <name>Untitled Path</name>
  
  <styleUrl>#style_MAIN_ROADS</styleUrl>
  <LineString><tessellate>1</tessellate><coordinates>19.92393360370978,-32.23145704857913,0 19.92055557002899,-32.23391110232595,0 19.91965303870227,-32.23497357524227,0 19.91786118107516,-32.23619513092618,0 19.91434896119249,-32.23821202493537,0 19.91154593620469,-32.24012270090655,0 19.90907471533535,-32.24180349690377,0 19.90709473453214,-32.24461686284699,0 19.90562125730751,-32.24703856698353,0 19.90321567908648,-32.24876898171876,0 19.89697511848273,-32.25290205225149,0 19.89259944498269,-32.25609170680212,0 19.88891403247504,-32.25867104215831,0</coordinates></LineString>
</Placemark>
<Placemark>
  <name>Untitled Path</name>
  
  <styleUrl>#style_MAIN_ROADS</styleUrl>
  <LineString><tessellate>1</tessellate><coordinates>19.83606488431777,-32.28420685382423,0 19.83610408606518,-32.28427487403587,0 19.8361585596743,-32.2843213733266,0 19.83624276449196,-32.28436201285567,0 19.83631488397953,-32.28438227263021,0 19.83641753099298,-32.28435971777277,0 19.83743133610354,-32.28407119705128,0 19.83987624459342,-32.28333472859598,0 19.84162374841359,-32.28267426700302,0 19.84187596257512,-32.28254530210792,0 19.84203069943041,-32.28245182141902,0 19.84216412022245,-32.28236378996674,0 19.8435558065023,-32.28134473704629,0 19.84402859013681,-32.28101957868139,0 19.84451437046829,-32.28068318689639,0 19.8447861377802,-32.28048103097062,0 19.84595721423941,-32.27959099539952,0 19.8463757460476,-32.27926672617372,0 19.84672696407024,-32.2790185005496,0 19.84727887268681,-32.27864190448103,0 19.84758590236113,-32.27842467447266,0 19.84819910876477,-32.27799130433901,0 19.848567874939,-32.27770491123859,0 19.84905372627607,-32.27734109746466,0 19.84985561909673,-32.27678298947013,0 19.84987279366256,-32.27677490785627,0 19.85033954623255,-32.2764604358764,0 19.85054341681965,-32.27635417265469,0 19.85074637620311,-32.27624838694096,0 19.8511343119399,-32.27604595834852,0 19.85129484539745,-32.2759400856197,0 19.85152810687854,-32.27581692441409,0 19.85181324915691,-32.27570686916465,0 19.85230603583196,-32.27545786128475,0 19.85275287973961,-32.27521523016376,0 19.85317647123687,-32.2749729249681,0 19.85337590555707,-32.27487832569138,0 19.85361219841791,-32.27478274530321,0 19.85513268991891,-32.27415088480647,0 19.85534077717724,-32.27406140984994,0 19.85552503762985,-32.27400442568346,0 19.85576238465211,-32.27393838575271,0 19.85612177204875,-32.27385015935099,0 19.85635368704292,-32.27382018233173,0 19.85666153430908,-32.27380489278037,0 19.85695439247673,-32.27373755060731,0 19.85720115105497,-32.27365408020953,0 19.85754683583063,-32.27349514030608,0 19.85781594645016,-32.27336551619159,0 19.85812620956995,-32.27328256304291,0 19.8584348485633,-32.27316826003815,0 19.8602045745212,-32.27260659998824,0 19.86075470302503,-32.27245889832921,0 19.86127112093234,-32.27228746118435,0 19.8618251997147,-32.27211367114352,0 19.86259105763596,-32.27184678963485,0 19.86343370534549,-32.2715864457774,0 19.86381758561378,-32.2714617920201,0 19.86418950124293,-32.27137521580528,0 19.8647488613141,-32.27125459618094,0 19.86558818815531,-32.27106175143532,0 19.86619718784858,-32.27090065403917,0 19.8672226559915,-32.27065466382798,0 19.86809809510462,-32.27042630446822,0 19.86890676802027,-32.27020724359209,0 19.86920714303604,-32.27009274837704,0 19.86954232697991,-32.26999461470474,0 19.87021531555948,-32.26984453249466,0 19.87079018248558,-32.2697029985192,0 19.87139934684551,-32.26949898344434,0 19.87204260644426,-32.26928681501487,0 19.87302213412063,-32.26907886505836,0 19.87398695726455,-32.26883868458563,0 19.87484917975126,-32.26845060915166,0 19.87516583272111,-32.26823439397752,0 19.8754019720448,-32.26813379263772,0 19.87563937965369,-32.26807209376208,0 19.87585751192124,-32.26796915338095,0 19.87616329057673,-32.26776391424912,0 19.87617136052623,-32.26776010058116,0 19.87660973250011,-32.2674223270301,0 19.87692349781456,-32.26714836551178,0 19.87692718953633,-32.26714127206333,0 19.87712982704328,-32.26696360994469,0 19.87728514492066,-32.266891986623,0 19.87773893336124,-32.26676422975049,0 19.87809891312496,-32.2666918175464,0 19.87842672684019,-32.26663451756264,0 19.87865084351184,-32.26655369708189,0 19.87902054946682,-32.26637536074881,0 19.87931857054266,-32.26618786557025,0 19.87986943836062,-32.26588965658294,0 19.880153853506,-32.26574493820232,0 19.88063842816704,-32.26558155791192,0 19.88105337326629,-32.26548357288506,0 19.88147814975206,-32.26540583495155,0 19.88187146967341,-32.26535323000644,0 19.88209332867409,-32.26534474060114,0 19.88257978495134,-32.26519501361097,0 19.88311326565624,-32.26494078758926,0 19.88407045431863,-32.26445228578204,0 19.88518127727866,-32.26378792846273,0 19.88547776849362,-32.26357701270347,0 19.88566853677032,-32.26341432632745,0 19.88601595991535,-32.26297447617279,0 19.88668184931063,-32.26212337780478,0 19.88764506927718,-32.26075406813664,0 19.88813150157436,-32.25997515870303,0 19.88840220171249,-32.25945353689367,0 19.8889064880673,-32.25867076435232,0 19.88925250859334,-32.25798756659108,0 19.8895233136439,-32.25741591310258,0 19.88963808369874,-32.25700303439015,0 19.88983062390688,-32.25620474705747,0 19.889928342296,-32.25557518787531,0 19.8899593079715,-32.25516449443976,0 19.88994765367296,-32.25455949822621,0 19.88994829993847,-32.25357349421604,0 19.88997126949409,-32.25275169060548,0 19.88997845294501,-32.25231052710136,0 19.88996359862302,-32.25174702961093,0 19.88981043005697,-32.25109440947359,0 19.88966094180173,-32.25049109899909,0 19.88950495968117,-32.2499735671534,0 19.88932672743533,-32.24960378319089,0 19.88901895782029,-32.24900343463343,0 19.88861606804499,-32.2482226516419,0 19.88825971030596,-32.24759373360448,0 19.88774595199005,-32.24668163561203,0 19.88719546878091,-32.24581651215,0 19.8866777526567,-32.24499859467643,0 19.88619395742454,-32.24440956330727,0 19.88566582186062,-32.24386819640429,0 19.88524575180508,-32.24348346670912,0 19.88450821197042,-32.24275253453267,0 19.88353021844751,-32.24158127479613,0 19.88320905484584,-32.24122462914105,0 19.88268851509825,-32.2408327459482,0 19.88229106116327,-32.24062163839363,0 19.88180151150875,-32.24042963256391,0 19.88116301952441,-32.24020118276587,0 19.88059232353646,-32.24000846146679,0 19.88030878201936,-32.23990391649725,0 19.8801884542331,-32.23980421110035,0 19.88010822293625,-32.23964682093796,0 19.88005949579881,-32.23937890156621,0 19.87996854930321,-32.23883366703112,0 19.87994872328167,-32.23844287387031,0 19.87995741637224,-32.23823122857402,0</coordinates></LineString>
</Placemark>
<Placemark>
  <name>Untitled Path</name>
  
  <styleUrl>#style_MAIN_ROADS</styleUrl>
  <LineString><tessellate>1</tessellate><coordinates>19.87995649358947,-32.23822931071308,0 19.87997833017986,-32.23763437304329,0 19.8799741653226,-32.23724398250414,0 19.8799575418134,-32.23677029629014,0 19.87994212455469,-32.23622987655072,0 19.87988442570862,-32.23550104876485,0 19.87984918709092,-32.23499443216706,0 19.87983708740269,-32.23442061366355,0 19.87984627557168,-32.23398199789563,0 19.87990299561034,-32.23351459933612,0 19.87997702951255,-32.23294682123759,0 19.88007110828282,-32.23241531369084,0 19.88012605892504,-32.23185529336175,0 19.88017687519277,-32.23155975766575,0 19.88022674798915,-32.23114080801054,0 19.88028856161844,-32.23065304170893,0 19.88040075481763,-32.22995057451833,0 19.88046101062793,-32.22959938041544,0 19.88050423748289,-32.22912202791897,0 19.88049203003514,-32.22865608197557,0 19.88047096220542,-32.22824379927691,0 19.88049266873861,-32.22789474897942,0 19.88057660934339,-32.22737990294847,0 19.88064326909713,-32.22693059030996,0 19.88068194359613,-32.22659793931916,0 19.88075787045012,-32.22596395656893,0 19.88080065454922,-32.22547729947111,0 19.88085630103968,-32.22499916613979,0 19.88087236886931,-32.2246476652969,0 19.8809042294159,-32.22445256654698,0 19.88090387972331,-32.2244472210682,0 19.88097289900926,-32.22428857491455,0 19.88097221227267,-32.22427780724456,0 19.88100924273816,-32.22410838406824,0 19.88100890218821,-32.22410296006292,0 19.88102689846383,-32.22356058173068,0 19.8810261854425,-32.22354979770902,0 19.8810254720464,-32.22353900653015,0 19.88106912835391,-32.22332766057458,0 19.88106824845815,-32.22331398603876,0 19.8810854771088,-32.22313129004887,0 19.88117185799946,-32.2223793991293,0 19.88121977557972,-32.22213024989011,0 19.88133065958632,-32.22200880878356,0 19.8813302481134,-32.22200348420151,0 19.88142859432192,-32.22187656235477,0 19.88143116376674,-32.22186841045916,0 19.88149384831529,-32.22176915913697,0 19.88160224820188,-32.22163527189169,0 19.88172515868553,-32.22151650063521,0 19.88177130017612,-32.22138677290421,0 19.88177095236254,-32.22138132952323,0 19.88171821049021,-32.2212603193626,0 19.8816263834495,-32.22118428578394,0 19.88153332888287,-32.22107434996445,0 19.88153313722907,-32.22107170306754,0 19.88141360482052,-32.22091375899501,0 19.88129888641307,-32.22078400458982,0 19.8811753140859,-32.2206673694276,0 19.88016629487735,-32.21970081396293,0 19.87990493256935,-32.21946085825525,0 19.87980874960642,-32.21926353511486,0 19.87980824199519,-32.21925802694977,0 19.87976325552274,-32.21905133585134,0 19.87975622646295,-32.21890578151389,0 19.87975727360596,-32.21891700049697,0 19.87979244838065,-32.21872573546158,0 19.87984835253936,-32.21844905456095,0 19.87991193655532,-32.21830741852833,0 19.87991141310482,-32.2183018560413,0 19.8799556941165,-32.2180834898738,0 19.8799630794569,-32.21793876773325,0 19.87996156678499,-32.21792237610893,0 19.87993867690244,-32.21774402101715,0 19.87993765476047,-32.21773296695027,0 19.87995884341504,-32.21754229430763,0 19.88005262884788,-32.21743126953319,0 19.8801860518866,-32.21725321301619,0 19.88031278183873,-32.21708206019838,0 19.88042064277719,-32.2168229729267,0 19.88046502390265,-32.21663525140998,0 19.88052207424818,-32.21638632959439,0 19.88051997442738,-32.21635624489206,0 19.88055352680759,-32.21609328138494,0 19.88055314637738,-32.21608776392074,0 19.88057571030769,-32.2158241845201,0 19.88057854026963,-32.21531055038499,0 19.88052825432397,-32.2150752441561,0 19.88054253838664,-32.21488491030798,0 19.88062988812906,-32.21471714269899,0 19.88062958048871,-32.21427095278251,0 19.88066225121099,-32.21390594524032,0 19.8806617162987,-32.21389779367042,0 19.88061426079543,-32.21344247217511,0 19.88054464710758,-32.2125940860149,0 19.88044439043092,-32.21201748864511,0 19.88037185207144,-32.21175879855949,0 19.88033633761962,-32.21138723305734,0 19.88033541589924,-32.21137616631407,0 19.88029468706012,-32.2110968740817,0 19.8802309385643,-32.21043018053863,0 19.88016037644962,-32.20957431544007,0 19.88002426570711,-32.20870145764089,0 19.87997885670962,-32.20819184074246,0 19.87998245161534,-32.20787057916467,0 19.88000369455684,-32.20741977472481,0 19.88000070343847,-32.20708321841757,0 19.87996024798468,-32.2067490350646,0 19.87984958376184,-32.20639856792614,0 19.87971447129762,-32.20607604234445,0 19.87956340352747,-32.20569678820389,0 19.87920545591739,-32.20499655743698,0 19.87888873867402,-32.20424166236564,0 19.87874425873803,-32.20384535650656,0 19.87858857618008,-32.20331681076239,0 19.87842196611188,-32.20264480427986,0 19.87832039799265,-32.20224732604778,0 19.87817841085374,-32.20187008181229,0 19.87799630523282,-32.20142165368422,0 19.87782699391551,-32.20112456801343,0 19.87768290975567,-32.20081199075426,0 19.87754625250125,-32.20054278182275,0 19.87731347295664,-32.20004487090304,0 19.87708233831081,-32.19960514679834,0 19.87688390816272,-32.19923174651103,0 19.8766605724685,-32.19894767087831,0 19.87630637426307,-32.19856167191467,0 19.87593664054803,-32.19824088941648,0 19.87592082010302,-32.19823198886684,0 19.87569357903346,-32.19795213485627,0 19.87551848834705,-32.19764976511151,0 19.87534364844819,-32.19734483026497,0 19.87507136833669,-32.19705781893421,0 19.87487633659531,-32.19685885654572,0 19.87470081652026,-32.19652248789794,0 19.87452324906164,-32.19624647325158,0 19.87433893249357,-32.19595935552599,0 19.87418065808214,-32.19555078265171,0 19.87399127613941,-32.1952684943617,0 19.87382116304726,-32.19500124625029,0 19.87365163868081,-32.19468286935821,0 19.87352071872783,-32.19439235953738,0 19.87323406678527,-32.19388361549365,0 19.87303189637851,-32.19323923206731,0 19.87276464971706,-32.19238963628052,0 19.87247404833791,-32.19178749094932,0 19.872084945752,-32.19096818218425,0 19.87179916975801,-32.19038203588512,0 19.87160341915005,-32.18999982975591,0 19.87137450923609,-32.18957639314566,0 19.8710591212424,-32.18909355345761,0 19.87063254774924,-32.18848922033772,0 19.8701172391326,-32.1878337213792,0 19.86946315323755,-32.1869993547168,0 19.86926305905051,-32.18673550397273,0 19.86912727617549,-32.18652938540294,0 19.8690527853999,-32.18639069691987,0 19.86894827919519,-32.18624818958083,0 19.86880087009155,-32.18606500349703,0 19.86863616855834,-32.18587077733755,0 19.86843270769054,-32.18568247011437,0 19.86828978582304,-32.1855563497041,0 19.86806893395045,-32.18533291271836,0 19.86786310941142,-32.18511618910996,0 19.86767873652098,-32.18491790764661,0 19.86751893912045,-32.18475113409993,0 19.86742351435908,-32.18458536388687,0 19.86730448103274,-32.18442486139671,0 19.86722937676186,-32.18427213414513,0 19.86706225864981,-32.18410640610756,0 19.86680451051925,-32.18387136271748,0 19.86662644062049,-32.18373364985416,0 19.86634207695845,-32.18350201610798,0 19.86618187299817,-32.18329259233407,0</coordinates></LineString>
</Placemark>
<Placemark>
  <name>Untitled Path</name>
  
  <styleUrl>#style_MAIN_ROADS</styleUrl>
  <LineString><tessellate>1</tessellate><coordinates>19.99918588260515,-32.15547603778741,0 19.99870796719435,-32.15534743010699,0 19.99815328716316,-32.15520920140218,0 19.99768679484368,-32.15519871328806,0 19.99725167580463,-32.1551912112658,0 19.99697108155735,-32.15515542114142,0 19.99674425117955,-32.15509201325364,0 19.99646093491616,-32.15495622204426,0 19.99606532817293,-32.15481601790629,0 19.99537856204201,-32.15466941024727,0 19.99517121258732,-32.15460685466051,0 19.99493523289056,-32.15449337277445,0 19.99456302002393,-32.15430956694897,0 19.99426113607867,-32.15417290696452,0 19.99407077458968,-32.15408927801076,0 19.99379550460623,-32.15415699258039,0 19.99352463736272,-32.15427997001238,0 19.99302965935713,-32.15448876014115,0 19.99273130708652,-32.15460182188935,0 19.99232864002395,-32.15470785385471,0 19.9919615258846,-32.15481561178855,0 19.99127325040519,-32.15507761486207,0 19.99093741370217,-32.15518147454269,0 19.99064210172299,-32.15526624956799,0 19.99030660061218,-32.15533284950146,0 19.99001459975231,-32.15533672499348,0 19.98973725518941,-32.15528533846182,0 19.98947435716956,-32.15517915660305,0 19.98915546782847,-32.15518437128988,0 19.9888017088926,-32.15528629863671,0 19.98726694618244,-32.15570520530627,0 19.9870020662705,-32.15579288365618,0 19.98650633697762,-32.1560201451363,0 19.98620064895053,-32.15613241591049,0 19.985845635916,-32.15615306184781,0 19.98564530402858,-32.15619362328893,0 19.98552184465262,-32.15625791767229,0 19.9853297567196,-32.15631775903677,0 19.98498748454378,-32.15628861647316,0 19.9848047664075,-32.15627680664854,0 19.98467905097304,-32.15631115506508,0 19.98456380799404,-32.15636980742964,0 19.98447301483119,-32.1564418567966,0 19.98435261355752,-32.15653697766894,0 19.98416135991805,-32.15661046113969,0 19.98396387602318,-32.15666933144825,0 19.98377368857962,-32.15673613252199,0 19.98356804008163,-32.15682436942209,0 19.98337389599318,-32.1568650216581,0 19.98309670524223,-32.15687249016777,0 19.98287798926948,-32.15686952751813,0 19.98257314285369,-32.15688536376657,0 19.98225733036841,-32.15688877331535,0 19.98207945003736,-32.1568563256217,0 19.98199822408781,-32.15688081873687,0 19.9818797047913,-32.15692594312156,0 19.98176473774951,-32.15702368417723,0 19.98163312731914,-32.15711929704473,0 19.98148360454162,-32.15718511924328,0 19.98128322070819,-32.15724022850776,0 19.9810621704138,-32.15729249325771,0 19.98074222576317,-32.15736038874025,0 19.98063300302465,-32.15739892413345,0 19.98052935377345,-32.15745101492662,0 19.98039380289779,-32.15759649503374,0 19.98021252194622,-32.15782285947231,0 19.98008442698486,-32.15792213395325,0 19.97979513086112,-32.15807181034629,0 19.97959023452804,-32.15817071624326,0 19.97933517153062,-32.15838030509958,0 19.97888405550375,-32.1586252666114,0 19.97872542300755,-32.15871973085247,0 19.97858497649195,-32.15873626570534,0 19.97830778971949,-32.15866496004842,0 19.97812563388582,-32.1586678249238,0 19.97793327599309,-32.15867373596873,0 19.97775588485808,-32.15864846216904,0 19.97758101420363,-32.15858128365206,0 19.97730679383861,-32.15852297137838,0 19.97708824786583,-32.15845543512715,0 19.97688776925448,-32.15841153491883,0 19.976602643993,-32.15837537827633,0 19.97639851122299,-32.15836881640325,0 19.97618290993977,-32.15834769655432,0 19.97594305946237,-32.15828445574878,0 19.97572003939987,-32.15821577203911,0 19.97555036724263,-32.15816596463306,0 19.97531040025588,-32.15814349946383,0 19.97485421251742,-32.1581045135019,0 19.97448319180437,-32.15807605226985,0 19.9740925584047,-32.15801483399221,0 19.97398099752075,-32.15803326173576,0 19.97384821061925,-32.158097280488,0 19.97377939794318,-32.15823635362602,0 19.97368316048306,-32.15836963625499,0 19.97346677417558,-32.15856510627523,0 19.97307434829062,-32.15899986488325,0 19.97281688035281,-32.15934300685925,0 19.97265712813168,-32.15960776323466,0 19.97247227808776,-32.16011462591295,0 19.97229927886468,-32.16049422692747,0 19.97212230900115,-32.16077532253286,0 19.9719151514699,-32.16118790521889,0 19.9717469224042,-32.16152053436171,0 19.97162959772681,-32.16186459099254,0 19.97153463190772,-32.16218804089522,0 19.97144079751373,-32.16241796597443,0 19.97130116310256,-32.16271073214664,0 19.97120725082752,-32.16289387023456,0 19.97116359577672,-32.16324879088441,0 19.97115705894845,-32.16351884270226,0 19.9711233474851,-32.16372486149,0 19.97101498563086,-32.16388726994537,0 19.97093209733635,-32.16401962841303,0 19.97084946610958,-32.16424621764374,0 19.97072350356909,-32.16464618674205,0 19.97061246414573,-32.16489867046952,0 19.9705240716694,-32.16521199057723,0 19.97045505725621,-32.165481235601,0 19.97040091923702,-32.16571260982288,0 19.97029227909352,-32.16598880871167,0 19.97023254884523,-32.16630179412263,0 19.97018114770819,-32.16656242683069,0 19.97011982579072,-32.16683615704191,0 19.97001756521066,-32.16714744701808,0 19.96995995051341,-32.16734724561604,0 19.96993487323076,-32.16743953411044,0 19.96997440049997,-32.16757280364251,0 19.97007254303669,-32.16764438222501,0 19.97020624228422,-32.16774049475398,0 19.9706008446589,-32.16796745715987,0 19.97092606912534,-32.16813117900383,0 19.97107181916072,-32.16819201240926,0 19.97119066441627,-32.16826806980943,0 19.97123159167542,-32.16838053944488,0 19.97119832714093,-32.16846700395473,0 19.9710403904109,-32.16861006268193,0 19.97065604548883,-32.16903263316068,0 19.96954813630681,-32.17029832793018,0 19.96872681811026,-32.1711431677442,0 19.96816281169603,-32.17174128910751,0 19.9680623862331,-32.17184270362402,0 19.96800792609826,-32.171942065485,0 19.9679731937502,-32.17202919121352,0 19.96800864635209,-32.17209942181952,0 19.96808530981951,-32.17216178665176,0 19.9696731540864,-32.17299767307639,0 19.97025956745816,-32.17332805203532,0 19.97043539618824,-32.1734117826077,0 19.97063272831971,-32.1734920196574,0 19.97101082438786,-32.17368501387948,0 19.97124457250914,-32.17382607000066,0 19.97136065824179,-32.17389871537957,0 19.9714797217826,-32.17397257263286,0 19.97161276750016,-32.17403204051012,0 19.97179229258662,-32.17410572235217,0 19.97197635493802,-32.1741336553771,0 19.97212332175911,-32.17416215527052,0 19.97226165753125,-32.17421578106542,0 19.97241324436,-32.1742770509956,0 19.97255168413192,-32.17435579711273,0 19.97267781507287,-32.17441718877838,0 19.97277274455419,-32.17445729907787,0 19.97289818992135,-32.1745029236079,0 19.97303743221172,-32.17457511884523,0 19.9731902190761,-32.17466391237892,0 19.97327230777734,-32.17475741855047,0 19.9733325620441,-32.1748470840087,0 19.97343174295384,-32.17496840531481,0 19.97356642223705,-32.17505472414851,0 19.9736705498524,-32.17511018811079,0</coordinates></LineString>
</Placemark>
<Placemark>
  <name>Untitled Path</name>
  
  <styleUrl>#style_MAIN_ROADS</styleUrl>
  <LineString><tessellate>1</tessellate><coordinates>20.03099978297522,-32.33781640322155,0 20.03071772181427,-32.33814850643068,0 20.03041190428898,-32.33844029101157,0 20.03015933318243,-32.33852264302768,0 20.02975498404082,-32.33868460405366,0 20.02911513549156,-32.33889531334192,0 20.02884171382995,-32.33896534135884,0 20.02844048353468,-32.33902256049634,0 20.02791123639609,-32.33904127532507,0 20.02518712782391,-32.33904968993603,0 20.02476419040291,-32.33904589421424,0 20.02331771796318,-32.33897178154994,0 20.02271470272476,-32.33895475387442,0 20.02211678117608,-32.33902131515632,0 20.0217597150722,-32.33919314088894,0 20.0215213343471,-32.33944517452886,0 20.02116120042474,-32.33982805763041,0 20.02085807186093,-32.34011020056975,0 20.02068780953361,-32.3402375576552,0 20.02042018076562,-32.3403083916214,0 20.01948710637591,-32.34040308169872,0 20.01946119547216,-32.34040188542695,0 20.0189365765522,-32.34042590680602,0 20.01852013282478,-32.34050736282375,0 20.01796205402698,-32.3406691623529,0 20.01739962154608,-32.34088346238688,0 20.01606450882708,-32.34135633817491,0 20.01522237182656,-32.3416295818867,0 20.01463600001661,-32.34184005537154,0 20.01356601429345,-32.34219671223173,0 20.01329810147396,-32.3422936761861,0 20.01274248276786,-32.34246217386865,0 20.01022658507132,-32.34311445003851,0 20.00846156840654,-32.34360211906425,0 20.00729516701466,-32.34392110878595,0 20.00709217844579,-32.34398204915684,0 20.0068811993023,-32.34407215988804,0 20.00670373353,-32.34420260127071,0 20.0065012100132,-32.34430010673437,0 20.00631771371163,-32.34438713625486,0 20.00611866329082,-32.34444842986887,0 20.00600531904002,-32.34448983373931,0 20.00598215447833,-32.34456331773372,0 20.00599339944363,-32.34469263162655,0 20.00591513577806,-32.34604351723537,0 20.00592327828293,-32.34628023544162,0 20.0059811777598,-32.34645281980812,0 20.00598983572389,-32.34666246417466,0 20.00598782590694,-32.34688256975205,0 20.00595510335105,-32.34711120069445,0 20.00568656454114,-32.34799407285404,0 20.0053057204774,-32.34907999553347,0 20.0051098409734,-32.34955051551572,0 20.00500152465379,-32.35001310111682,0 20.00489498372958,-32.35032810079915,0 20.00462599031262,-32.35100048151746,0 20.00447480734254,-32.35129040225112,0 20.00433380553479,-32.35173514921029,0 20.00424897411538,-32.3520815159165,0 20.00421168291393,-32.35235293113109,0 20.00421043368675,-32.35262740771099,0 20.00425016201874,-32.35304969728762,0 20.00434645417786,-32.35347437562958,0 20.00443496311278,-32.35383169010563,0 20.00447401685418,-32.3540565367472,0 20.00447694680485,-32.35446446065579,0 20.00449532415537,-32.35477186043281,0 20.00457680327628,-32.35494671992735,0 20.00468135707747,-32.35511285691059,0 20.00486690691693,-32.35549083092964,0 20.0049690366508,-32.35576511291982,0 20.00523347383998,-32.35639263391317,0 20.00545622453983,-32.35704263022549,0 20.00569594781214,-32.35749139062286,0 20.00593053211476,-32.35785866763447,0 20.00605691299528,-32.35805323928205,0 20.00627587204196,-32.35830797543563,0 20.00645727568113,-32.35852821867012,0 20.00668157195904,-32.35880093916115,0 20.00685079634798,-32.35907036214951,0 20.00703006730238,-32.3593932062898,0 20.00717302774299,-32.35976235575021,0 20.00729031419911,-32.36008142589273,0 20.00752390551447,-32.36054664914649,0 20.00779099790623,-32.36098355236492,0 20.00779577754088,-32.36099387898888,0 20.00805121305086,-32.36132939950537,0 20.00821869117169,-32.3617588487056,0 20.0083922317264,-32.36244365335403,0 20.00853916539101,-32.36286830860885,0 20.00867584676835,-32.36366227663832,0 20.00893113451449,-32.36420397841374,0 20.00916878772087,-32.36458550382684,0 20.00953951972051,-32.36508337554622,0 20.00984298544286,-32.36538666718233,0 20.01005066176746,-32.36566757912699,0 20.0101840569736,-32.36591461863242,0 20.0106992171673,-32.36691440610588,0 20.01096430072455,-32.36736590594078,0 20.01116454669821,-32.36763896156278,0 20.01145739300551,-32.36791172363799,0 20.01186636095804,-32.36837842354594,0 20.01203001274084,-32.36859197490657,0 20.0122090237928,-32.36880384292573,0 20.01244815555265,-32.36905268629678,0 20.01274251803101,-32.36929155947995,0 20.0129567628897,-32.36953673773864,0 20.01313059847946,-32.3697616897739,0 20.01332918343469,-32.36999658748308,0 20.01333357545797,-32.37000661372042,0 20.01351454336189,-32.37021900687405,0 20.0135239875562,-32.37022900652556,0 20.013776588073,-32.37041054753261,0 20.01410524363299,-32.37057620088674,0 20.01440919502702,-32.37072310557101,0 20.01473181437314,-32.37088964186221,0 20.01499645194052,-32.37107759463148,0 20.01536257264593,-32.37142225075712,0 20.01566015078452,-32.37171662368654,0 20.01592725515293,-32.37201716636615,0 20.0161576633326,-32.37219764879801,0 20.01640738135774,-32.37241835360045,0 20.01674446428388,-32.37274965175948,0 20.01705515774239,-32.37308746829669,0 20.01721963523048,-32.37325847423922,0 20.01744149861804,-32.37343247757773,0 20.01775166078034,-32.3736566235808,0 20.0179458249217,-32.37384647267843,0 20.01819497835667,-32.37408499350802,0 20.0184682943523,-32.37438490054775,0 20.01847755091644,-32.37439529011518,0 20.01873096823903,-32.37462512325588,0 20.01895974742222,-32.37485569621563,0 20.0190803452345,-32.37499614788769,0 20.01923560546893,-32.37521382104226,0 20.01937773392857,-32.37539996852216,0 20.01945620472201,-32.37560923004725,0 20.01950503639436,-32.37584829104611,0</coordinates></LineString>
</Placemark>
<Placemark>
  <name>Untitled Path</name>
  
  <styleUrl>#style_MAIN_ROADS</styleUrl>
  <LineString><tessellate>1</tessellate><coordinates>20.01514618686814,-32.20882969899006,0 20.01465750202483,-32.20861526948179,0 20.01424067821088,-32.20844171679971,0 20.01391633784246,-32.20830737548916,0 20.01366097041409,-32.20821060432582,0 20.01349085052106,-32.20806239908632,0 20.01348550875685,-32.20805363290695,0 20.01332454136712,-32.20785034959274,0 20.01322302158226,-32.20765209422606,0 20.01321224982011,-32.20763436369514,0 20.01311367400776,-32.20735507692164,0 20.01310290378859,-32.2073373961469,0 20.01294130825289,-32.20705904573204,0 20.01294120553823,-32.20705019345395,0 20.01283411690825,-32.20684827967187,0 20.01257886572152,-32.20654594518201,0 20.01256815823768,-32.20653269752734,0 20.01237664654812,-32.20636552734454,0 20.01202260818935,-32.20619193762055,0 20.01183220661454,-32.2060521231898,0 20.01182166004594,-32.20604779946158,0 20.01154122476532,-32.20586011258725,0 20.01152519750075,-32.20583371393726,0 20.01128333155784,-32.2056157899661,0 20.01126766557637,-32.20560279120674,0 20.0110522541847,-32.20542455603538,0 20.01077315983425,-32.20516330631372,0 20.01049241463248,-32.20490464244431,0 20.01028607563568,-32.20471601106078,0 20.01027039719363,-32.20470299079386,0 20.01000647205467,-32.20436748927393,0 20.00996990560792,-32.20431528132971,0 20.00974177463998,-32.20405557733768,0 20.0097364994739,-32.20404251907017,0 20.00947256677582,-32.20374928534466,0 20.00946217109508,-32.20374068317881,0 20.00918637976984,-32.20346475360776,0 20.00898686269231,-32.20322271254894,0 20.00898148444776,-32.20320530022035,0 20.00861728483431,-32.20287297813787,0 20.00841042579249,-32.20265965857841,0 20.0082262610778,-32.20242164517394,0 20.00822104714193,-32.20241733523941,0 20.00803946065546,-32.20221408096578,0 20.00789581129356,-32.20206748633697,0 20.00769790855203,-32.20184327127036,0 20.00751795013172,-32.20155764839546,0 20.00742113756396,-32.20135268207756,0 20.00720717767489,-32.20107499327472,0 20.00702171971906,-32.20088494028926,0 20.00701114120973,-32.20086362920355,0 20.00685516143501,-32.20062437560086,0 20.00665421547203,-32.20032068313153,0 20.00663331130065,-32.20029947068596,0 20.00643816166108,-32.20013817075971,0 20.00642784930392,-32.20012538442219,0 20.00598688411435,-32.19987245992274,0 20.00559908775804,-32.19968851400588,0 20.00545721452446,-32.1995588614113,0 20.00520336959644,-32.19933483565096,0 20.00518811213122,-32.19920150508791,0 20.00524651051335,-32.19908359833523,0 20.00528906976686,-32.19899322904884,0</coordinates></LineString>
</Placemark>
<Placemark>
  <name>Untitled Path</name>
  
  <styleUrl>#style_MAIN_ROADS</styleUrl>
  <LineString><tessellate>1</tessellate><coordinates>19.88716413344437,-32.34486193110052,0 19.88884024032469,-32.34454948345191,0 19.89005473998042,-32.34429209679724,0 19.8913745141631,-32.34398403443549,0 19.89208786498699,-32.34385590927346,0 19.89262350819002,-32.34374334506219,0 19.89396274551947,-32.34362393155988,0 19.89539708146999,-32.3433732692074,0 19.89637702912403,-32.34323576043837,0 19.89750286379016,-32.34301598452169,0 19.89852320620724,-32.34279119379421,0 19.8992718558904,-32.34262955590049,0 19.90051214134163,-32.34237047339834,0 19.90141445557634,-32.34217294976448,0 19.90220913770472,-32.34197748051728,0 19.90310800144902,-32.34182838290491,0 19.90377083761535,-32.3416605171314,0 19.90494773430861,-32.34136797379129,0 19.9059772791422,-32.34110569033686,0 19.90646393502717,-32.34097268939335,0 19.90707828675955,-32.34088623156773,0 19.90777242715732,-32.34075644348357,0 19.90886049624663,-32.34051231926072,0 19.9095193388146,-32.34034379740179,0 19.91003668639256,-32.34020624927614,0 19.91084205744305,-32.34000159685598,0 19.91134162218197,-32.3398637339857,0 19.91206426765093,-32.33970857631604,0 19.91282851509978,-32.33955135652941,0 19.91360066521467,-32.33938056571771,0 19.91467639823151,-32.33913163771377,0 19.91538017050325,-32.33894216859869,0 19.91619537514704,-32.33867774199339,0 19.91743404589495,-32.33831208301184,0 19.91800089150144,-32.33816329484999,0 19.91845379172611,-32.33809058866078,0 19.91899451778863,-32.33799128471866,0 19.91941868210898,-32.33791191738105,0 19.91975640656484,-32.33788272841502,0 19.91997350347018,-32.33789060800747,0 19.92057623695666,-32.33784446898244,0 19.92113350765772,-32.33776382531443,0 19.92173942671601,-32.3376671747251,0 19.9221456264915,-32.33758696469784,0 19.9228819917861,-32.33748759851685,0 19.92359720643509,-32.33736616127284,0 19.92363184559047,-32.33736743130225,0 19.92417535122783,-32.33729906861896,0 19.92482046553644,-32.33720489822944,0 19.92548257550136,-32.33708744673474,0 19.92617621756888,-32.33700061966196,0 19.92620407067069,-32.33700162774002,0 19.92671482355747,-32.33693220902973,0 19.92674968332514,-32.33692763600242,0 19.92718681033965,-32.3369087447514,0 19.92722135428313,-32.33691003587646,0 19.92758949598244,-32.33686518079303,0 19.92785996887228,-32.33684593136555,0 19.92860068822114,-32.33679549347372,0 19.92927442909429,-32.3367367353456,0 19.92978062472588,-32.33672060756589,0 19.9298222704731,-32.33671632346641,0 19.93014234812264,-32.33670454933797,0 19.93087718365149,-32.33664314378034,0 19.93157619423536,-32.33656872929074,0 19.93217005959171,-32.33647941847461,0 19.93256640093783,-32.33644162778498,0 19.93354232385591,-32.33640874777889,0 19.93447879451461,-32.33639585411046,0 19.93510922514855,-32.33633285606658,0 19.93565421350645,-32.33625857113641,0 19.93617316942749,-32.33618845425214,0 19.93655356433928,-32.33611924920785,0 19.9374177455315,-32.33597947793983,0 19.93814321530548,-32.33588352725792,0 19.93872878880777,-32.33582085412282,0 19.93964754469479,-32.33571850121649,0 19.940396320316,-32.33567385436226,0 19.94117562820022,-32.33558396860121,0 19.94197534399959,-32.33556624846251,0 19.94287545662271,-32.33557473109681,0 19.94331636893417,-32.33560172771283,0 19.9440753302288,-32.33569356000258,0 19.94459576371055,-32.33569925929971,0 19.94521869210861,-32.33566888289568,0 19.94566111980131,-32.33564918694775,0 19.94703424619874,-32.33563133674142,0 19.94777279794844,-32.3356102638941,0 19.94817666942146,-32.33561805855764,0 19.94878965662012,-32.33565620262014,0 19.94950491848224,-32.33564496078331,0 19.94984645888378,-32.33557402539785,0 19.95017601491524,-32.33555692498266,0 19.95064830476359,-32.33556875908189,0 19.95131063414238,-32.33555102475162,0 19.95198362148449,-32.33553265346944,0 19.95290249468356,-32.33548292082202,0 19.95373748113718,-32.33545834364364,0 19.95417035120445,-32.33544948067637,0 19.95470368317372,-32.33544926992784,0 19.95548694471674,-32.33542841741743,0 19.95655412607097,-32.33543795922513,0 19.95719196459866,-32.3354288252469,0 19.95813720737584,-32.33541989632608,0 19.95857260036148,-32.33541748465083,0 19.95894206991,-32.3354488716206,0 19.95928335313436,-32.33547321469555,0 19.95962794703111,-32.33545458327249,0 19.96011826699826,-32.33546880716595,0 19.96096257138934,-32.33549777291376,0 19.96136547888851,-32.33550953607752,0 19.96201840232278,-32.33553223832047,0 19.96244481260309,-32.33550421982616,0 19.96315755483666,-32.33550915745403,0 19.96355071040033,-32.33543707018176,0 19.96381753475692,-32.33542844456952,0 19.96419245464022,-32.33541762974599,0 19.96422148550265,-32.33541260891072,0 19.96467632938875,-32.335433529215,0 19.9651293489432,-32.33550325014029,0 19.96551951153835,-32.33552902790963,0 19.96584746665951,-32.33557406569405,0 19.96634799656729,-32.33570408760295,0 19.96668675276137,-32.33576123602312,0 19.96700445809383,-32.33575010360383,0 19.96733868540578,-32.33572207689766,0 19.96761709474665,-32.33566375429174,0 19.96805109759803,-32.33566143864366,0 19.96823510759769,-32.33566837505165,0 19.96864530759178,-32.33569299010547,0 19.9688267967848,-32.335680553807,0 19.96909781502584,-32.33569297455752,0 19.96926876754603,-32.33570216644874,0 19.96938120881506,-32.33570946982614,0</coordinates></LineString>
</Placemark>
<Placemark>
  <name>Untitled Path</name>
  
  <styleUrl>#style_MAIN_ROADS</styleUrl>
  <LineString><tessellate>1</tessellate><coordinates>19.89364804716881,-32.33827255305602,0 19.89384591644951,-32.33848005518411,0 19.89399154398425,-32.33861015440719,0 19.89418504700825,-32.33878149449303,0 19.89435022040571,-32.33890735261316,0 19.89450266625454,-32.33898685193095,0 19.89451718641949,-32.33899243980426,0 19.89473461059409,-32.3390908443311,0 19.89495051855424,-32.33914614191082,0 19.89510575795315,-32.33919704137391,0 19.89549847935799,-32.33933281855529,0 19.89570550672416,-32.33943932685556,0 19.89591883251751,-32.33963323458027,0 19.89609474631348,-32.3397960571269,0 19.8962717570946,-32.33992951137779,0 19.89689291919351,-32.34035342450836,0 19.89722038442954,-32.34051275529743,0 19.89753419823928,-32.34070506583185,0 19.89768282538351,-32.34083903944681,0 19.89768808213678,-32.3408444164881,0 19.89820011578826,-32.34122861461748,0 19.89855348549528,-32.34148617303264,0 19.89870658322403,-32.3416566154818,0 19.89879560228188,-32.34183927267064,0 19.89886985687069,-32.34197689361315,0 19.89887768251431,-32.34198488026519,0 19.89900681810171,-32.34209622862894,0 19.8992230811016,-32.34226812014178,0 19.89942093579095,-32.34236998357812,0 19.89952555929243,-32.34245354211492,0 19.89956769919125,-32.34253380689404,0 19.89958569867844,-32.34256048477138,0</coordinates></LineString>
</Placemark>
<Placemark>
  <name>Untitled Path</name>
  
  <styleUrl>#style_MAIN_ROADS</styleUrl>
  <LineString><tessellate>1</tessellate><coordinates>19.85534666430788,-32.26126217680395,0 19.85487794880891,-32.26094925865612,0 19.85445061330196,-32.26074062119051,0 19.85409363300698,-32.26054364613856,0 19.85360197346164,-32.26025893036161,0 19.85300025417885,-32.25990496273654,0 19.85253624037994,-32.25959257914374,0 19.85195421658664,-32.25919864294906,0 19.85150120816798,-32.2588365519702,0 19.85088456364306,-32.25845852329378,0 19.85032717130495,-32.25812072244155,0 19.85004428324805,-32.25788833835685,0 19.84978732217873,-32.25778162107855,0 19.84964340049646,-32.25760548527255,0 19.84951127765092,-32.25743918202589,0 19.84923961841303,-32.25726566195236,0 19.84896480045402,-32.25717282354753,0 19.84866314136148,-32.25706889392576,0 19.84829384111525,-32.25687615544864,0 19.84802439385549,-32.25666701726347,0 19.84800397850646,-32.25664928303617,0 19.84778754942872,-32.25653795302877,0 19.84748296367398,-32.25640902484962,0 19.84720625185192,-32.25630465614587,0 19.84695002081815,-32.25623903243223,0 19.84676075931009,-32.25617816854761,0 19.84661660766523,-32.25606915950925,0 19.84646266119208,-32.25591329141203,0 19.84629899919824,-32.25580307207132,0 19.84587014849969,-32.25565999375885,0 19.84543301539469,-32.25551632825627,0 19.84471618541588,-32.25534642960107,0 19.84389628890735,-32.2551446767571,0 19.84309186727117,-32.25497553260922,0 19.8428139829498,-32.254940088422,0 19.84257316040065,-32.25487384716166,0 19.84244445233037,-32.25482184216875,0 19.8423198462285,-32.25475906967987,0 19.84205027638679,-32.25465276751814,0 19.84177729506264,-32.25454174344682,0 19.84152858476628,-32.25451051962309,0 19.84128211754609,-32.25446580079859,0 19.84105178390097,-32.25441612369973,0 19.84084488778403,-32.25440381845034,0 19.8406579811825,-32.25440861397287,0 19.84046994185923,-32.25438564189977,0 19.84034142269807,-32.25433270123549,0 19.84018348708699,-32.2542863820244,0 19.84016375927624,-32.25428158868367,0 19.84006238717962,-32.25423293728815,0 19.84005097322784,-32.25421609592883,0 19.84001031611828,-32.25415258947754,0 19.83999874678653,-32.25413551151522,0</coordinates></LineString>
</Placemark></Folder><Folder><name>4 x 4</name><Placemark>
  <name>Untitled Path</name>
  
  <styleUrl>#style_MAIN_ROADS</styleUrl>
  <LineString><tessellate>1</tessellate><coordinates>20.12069519183979,-32.30086586784182,0 20.12092047022248,-32.30077671921783,0 20.12108682091004,-32.30075436918502,0 20.12126457655457,-32.30071980151374,0 20.12146227040108,-32.30066509097921,0 20.12158679053492,-32.30061449303121,0 20.1218585925028,-32.30048527340532,0 20.12354012634111,-32.29974688383004,0 20.12382387066527,-32.29946845730535,0 20.1283030994401,-32.29715503040434,0 20.12831400709833,-32.29714155004415,0 20.13095825197871,-32.29618358675662,0 20.13168485552518,-32.29595675058403,0 20.1317224061072,-32.29589767503032,0 20.13218771115567,-32.29515951984986,0 20.13211832660943,-32.29472192114559,0 20.13253916684768,-32.29430159279121,0 20.13293814679085,-32.29422720712322,0 20.13353856722858,-32.29422629326986,0 20.13389947187427,-32.29401302610622,0 20.13420961484105,-32.29363612288338,0 20.13741373735412,-32.29227368348242,0 20.13804363272085,-32.29159579680795,0 20.13861643657382,-32.29139103010402,0 20.13952751038955,-32.29056175002555,0 20.14136150730319,-32.29011581594964,0 20.14186586257018,-32.29014598312944,0 20.14243349158665,-32.28988683075823,0 20.14717606006976,-32.28917219128539,0 20.15116576165518,-32.28815571193963,0 20.15189436254233,-32.28770908157091,0 20.15243349438438,-32.2873377463135,0 20.15359962762167,-32.28719847309886,0 20.15485762690633,-32.28700506319404,0 20.15544892189161,-32.28702826650618,0 20.15552935881599,-32.28680602343056,0 20.15581282463231,-32.28661461743068,0 20.15974557313218,-32.28528140876839,0 20.15983543494082,-32.2852940478199,0 20.15996518992532,-32.28536506053804,0 20.16006328314774,-32.28539458997881,0 20.16020639438007,-32.28538217599323,0 20.16031676098746,-32.28535381465632,0 20.16044484071572,-32.28525196102146,0 20.16053156701768,-32.2851740484727,0 20.16057349423896,-32.28510284860379,0 20.16059201671213,-32.28503357926002,0 20.16067243365883,-32.28497704075252,0 20.16067503148998,-32.28497279663245,0 20.16076659377955,-32.28495336804728,0 20.16092270277864,-32.28494010990927,0 20.16107717857449,-32.28490617498652,0 20.16114639553832,-32.28486865301426,0 20.16119798126435,-32.28484172327716,0 20.16123712699119,-32.28483141116462,0 20.16130302810456,-32.28486226896892,0 20.16135651465326,-32.28489710198603,0 20.16140013902242,-32.28492978615435,0 20.16146502562661,-32.28492951266122,0 20.16181131268654,-32.28476701772281,0 20.16191149491369,-32.28469755546826,0 20.16191150025012,-32.28469554387828,0 20.16194241181589,-32.28461718149049,0 20.16194477416974,-32.28461317962124,0 20.16205708683589,-32.28454730427689,0 20.16213350198148,-32.284486112753,0 20.16220389163019,-32.28441748635202,0 20.16225714033887,-32.28436793379109,0 20.16230552772046,-32.2843441582765,0 20.16235379144289,-32.28433793502376,0 20.16241765324238,-32.28431402985971,0 20.16245163115297,-32.28429440605211,0 20.16266280290819,-32.28396311476512,0 20.16272956085514,-32.28389587568408,0 20.16277767024377,-32.28381619757946,0 20.16283643705533,-32.28375051473497,0 20.16289733323835,-32.28371131328343,0 20.16298116237648,-32.2836786838166,0 20.16302515131811,-32.28365753434111,0</coordinates></LineString>
</Placemark>
<Placemark>
  <name>Untitled Path</name>
  
  <styleUrl>#style_MAIN_ROADS</styleUrl>
  <LineString><tessellate>1</tessellate><coordinates>19.8691513944354,-32.18658570713275,0 19.86894965747388,-32.18642513036438,0 19.86865068244011,-32.18630213541576,0 19.86839217064076,-32.18614473169827,0 19.86820566690779,-32.18597517891788,0 19.86801958301471,-32.18582671580381,0 19.86772559162522,-32.18566526559726,0 19.86734215815049,-32.18546716090005,0 19.86682169202,-32.18526892082098,0 19.86634950040769,-32.18511653044976,0 19.86574167424384,-32.18494458576407,0 19.86532607270662,-32.18487714563282,0 19.86485988319429,-32.18486471166126,0 19.86452590008186,-32.1849061753454,0 19.86425473829599,-32.18498333523681,0 19.86399759938409,-32.18509504453622,0 19.86382044003772,-32.18517241248368,0 19.86351258773009,-32.18527963043939,0 19.86332392538355,-32.18530567757107,0 19.86315954026191,-32.18531030304074,0 19.8629372546739,-32.18528881802867,0 19.86263028686796,-32.18524413022445,0 19.86223588823387,-32.18516196159898,0 19.86207066488393,-32.1851251126626,0 19.86191883211455,-32.18509511940206,0 19.86175076227818,-32.18508402298377,0 19.86150466243538,-32.18510584180173,0 19.86128009324084,-32.18511311348934,0 19.86106830905969,-32.18508827101952,0 19.86084357434577,-32.18503885944492,0 19.86055367642818,-32.18497006039117,0 19.86018907891662,-32.1848912514349,0 19.859773977219,-32.18480987365522,0 19.85931300651054,-32.18471000604109,0 19.8590631540455,-32.18465777712726,0 19.85872840160987,-32.18460228467598,0 19.85853832078289,-32.18458322517277,0 19.85836550665834,-32.18457897051255,0 19.85814842856656,-32.18456966172769,0 19.85780614774199,-32.1845311384322,0 19.85763580167804,-32.18448681172306,0 19.85742803520845,-32.18444470229013,0 19.85727541876603,-32.18443289911096,0 19.85693840722144,-32.1844135856668,0 19.85680729988729,-32.18443133209594,0 19.85659205249743,-32.18446753026096,0 19.85648993225921,-32.18448370305755,0 19.85645217060227,-32.18449208335107,0 19.8564193394562,-32.18449750097488,0 19.85638644516224,-32.18450496494987,0 19.8563432070298,-32.18449479433775,0 19.85627124731709,-32.18451368135457,0 19.85626762046002,-32.18451360118688,0 19.85619464118136,-32.18452632235404,0 19.85606901356019,-32.18455938117517,0 19.8559537609897,-32.18460905138025,0 19.85581477002465,-32.18465896122629,0 19.85581228895804,-32.18466095413749,0 19.85566955538104,-32.18473868505721,0 19.85554230800734,-32.18478501796668,0 19.85554224484189,-32.18478706432924,0 19.85541948560161,-32.18484475909024,0 19.85541821346036,-32.18484677872635,0 19.85538218316717,-32.18491662986568,0 19.8553499691949,-32.18498042217791,0 19.85534889524126,-32.18501521041839,0 19.85525781011661,-32.1851510087423,0 19.8551593958504,-32.18524302976582,0 19.85515812369454,-32.18524504939315,0 19.85506294951092,-32.18532468386122,0 19.85493621506313,-32.18539355288266,0 19.85493367077121,-32.18539759213184,0 19.85477085653374,-32.18545951993188,0 19.85464535343848,-32.18548848475158,0 19.85451329949042,-32.18553368677943,0 19.85430301212319,-32.1856479163661,0 19.85429687248567,-32.18565085220912,0 19.85412665339944,-32.18575664240283,0 19.85193824701338,-32.18740323224859,0 19.78812039313196,-32.19557376735959,0 19.78752020869995,-32.1955587957151,0 19.78721454354184,-32.19552692261291,0 19.78707113250212,-32.19551394144717,0 19.78667385193268,-32.19551279439706,0 19.78649366255558,-32.19552275137299,0 19.78635127597406,-32.19556004079632,0 19.78634649118409,-32.19556410698509,0 19.78605482069805,-32.19558065849662,0</coordinates></LineString>
</Placemark>
<Placemark>
  <name>Untitled Path</name>
  
  <styleUrl>#style_MAIN_ROADS</styleUrl>
  <LineString><tessellate>1</tessellate><coordinates>20.12573977406026,-32.14735316342959,0 20.12575679811145,-32.14756553839953,0 20.12579353615753,-32.14784028242043,0 20.12584396937503,-32.14802480420959,0 20.12585758671371,-32.1481926606132,0 20.1258619596015,-32.14819667368985,0 20.12592692297331,-32.14834599980165,0 20.12598088925217,-32.14852144266531,0 20.12604244528398,-32.14864266472707,0 20.12610302097766,-32.14877887477861,0 20.12612733202076,-32.14890966328115,0 20.12609704861472,-32.14903030264062,0 20.12603110519204,-32.14914154753846,0 20.12603035535095,-32.14922832990138,0 20.12600889636994,-32.14934723317222,0 20.12599257075625,-32.14938969560193,0 20.1259432080915,-32.14954314853392,0 20.12596176444993,-32.14962855942409,0 20.12601209028331,-32.14971871232773,0 20.12607134507294,-32.14981296430113,0 20.12607532276306,-32.14982463980049,0 20.1261490791968,-32.14990392425582,0 20.12626438362395,-32.1500653433507,0 20.12632332265423,-32.15018651966302,0 20.12632248484508,-32.15030965397857,0 20.12628859720811,-32.15044699018218,0 20.12631498727202,-32.15058277467718,0 20.12629044967958,-32.15070400161507,0 20.12630776956273,-32.15091307980004,0 20.12630708557049,-32.15092493128036,0 20.12633655529667,-32.15106382527228,0 20.12638360632029,-32.151301240579,0 20.12644817596691,-32.15155021263387,0 20.12651660991045,-32.15172050140053,0 20.12659508179004,-32.15200346334516,0 20.12667584137042,-32.15231555944419,0 20.12678791448403,-32.1526664839649,0 20.12687440023048,-32.15293523005899,0 20.12692734955668,-32.1531628899092,0 20.12692683206037,-32.15334182321568,0 20.12693366368398,-32.15364081230782,0 20.1269332359894,-32.15364854393985,0 20.12699691809559,-32.15392550199451,0 20.12696907159107,-32.15409541144299,0 20.12701472963653,-32.15443550945587,0 20.12707843256157,-32.15469252707111,0 20.12710096165616,-32.15491601273406,0 20.12714931446787,-32.15508878070932,0 20.12718390188424,-32.1552565398047,0 20.12719219718341,-32.15557985094627,0 20.12722129335766,-32.15588405386608,0 20.12724500048438,-32.15610840054802,0 20.12724913092815,-32.15633890670823,0 20.12723965782647,-32.15657950096686,0 20.12724651487509,-32.15677710867175,0 20.12723768872045,-32.15692726251019,0 20.12721929701933,-32.15717088269269,0 20.12725246029,-32.15731652342386,0 20.12730771181243,-32.15755590074664,0 20.12735541958788,-32.15782483265476,0 20.12740615063783,-32.15831058105958,0 20.12740877134633,-32.15833838435113,0 20.1274703453618,-32.15870511168222,0 20.12755311507888,-32.15892263460665,0 20.12760168470786,-32.15909150724416,0 20.1276385957757,-32.15921676911968,0 20.12775602773556,-32.15942534652145,0 20.12792030341134,-32.15961826456987,0 20.12805484092205,-32.15977440241701,0 20.12819103782607,-32.15995759697003,0 20.12845621761539,-32.16016736187348,0 20.12864597742922,-32.16039271201696,0 20.12897611930937,-32.16058777712567,0 20.12928446369519,-32.16072130496751,0 20.1292890210109,-32.16072145315059,0 20.12961205315723,-32.16079723148397,0 20.12962110574243,-32.16079751729071,0 20.12999833996287,-32.16083687384749,0 20.13044935119218,-32.16085932154794,0 20.13067291456319,-32.16084006719952,0 20.13069589803786,-32.16084085530478,0 20.13082839718209,-32.16086082275839,0 20.13094700176335,-32.16095739336885,0 20.13107424303507,-32.1610618933066,0 20.1312136726789,-32.16121315216144,0 20.13126297782041,-32.16133556382076,0 20.13136431682967,-32.16144011058334,0 20.1314536727717,-32.16159489378448,0 20.13147290300682,-32.16166945259938,0 20.13161120831942,-32.16177918201489,0 20.13167193257357,-32.16183935242597,0 20.13182164508977,-32.16193704940307,0 20.13194532366933,-32.16205252252372,0 20.13207977144227,-32.16216297891211,0 20.13221535328502,-32.16232747618638,0 20.13229716922962,-32.16245116988992,0 20.13236798153246,-32.16261347485954,0 20.13239043561308,-32.16271947923315,0 20.13245072575058,-32.16281508556092,0 20.13252667564465,-32.16290565180834,0 20.13260561225,-32.16298273592113,0 20.13266396945262,-32.1630981896698,0 20.13268799583923,-32.16316545487281,0 20.13273265177616,-32.16327627616647,0 20.13274264584529,-32.16334684151178,0 20.132733031224,-32.1634401206471,0 20.13271718332698,-32.16347859253066,0 20.13272738222818,-32.16354510943525,0 20.13275138844839,-32.16362788491754,0 20.13275121923971,-32.16363178564006,0 20.13278848040478,-32.1638816546714,0 20.13278338381443,-32.16398780910487,0 20.13280199781647,-32.16408682024611,0 20.13282508378009,-32.16418988709302,0 20.13280914059822,-32.1643270041717,0 20.13277404272843,-32.16437692000797,0 20.13270280433634,-32.16440200884783,0 20.13258597873926,-32.16440589191569,0 20.13241081376918,-32.16436059038439,0 20.13222604946758,-32.16432151372428,0 20.1320421710544,-32.16434019881863,0 20.13193325953222,-32.1643687461947,0 20.13193016587813,-32.16443565108091,0 20.13196496164512,-32.16459420494047,0 20.13202938642675,-32.16472222563181,0 20.13207192702501,-32.16481819482696,0 20.13205850408503,-32.16490845817321,0 20.13200635258045,-32.1650249505835,0 20.13194509696975,-32.16513704066771,0 20.1318715855521,-32.16521315082387,0 20.13174889095937,-32.16534603165309,0 20.13167068587546,-32.16541098269312,0 20.13156188868155,-32.16550497615103,0 20.1315614104474,-32.16561277474045,0 20.13153918160739,-32.1657797120214,0 20.13153209145493,-32.16592674636496,0 20.13156007972495,-32.16603078160028,0 20.13154989261283,-32.16623689204064,0 20.1315772929432,-32.16643957698103,0 20.13161309338113,-32.16656706179509,0 20.13161984679538,-32.16673317975233,0 20.13151753855222,-32.16703808135711,0 20.13146259561724,-32.16719911469365,0 20.13139096223068,-32.16732422858114,0 20.13136670071814,-32.16744690777995,0 20.13138072087711,-32.16755903252714,0 20.13136202688358,-32.16766214718999,0 20.13133798964446,-32.16778122423715,0 20.13135103189732,-32.16788916924322,0 20.13131265502789,-32.16800072586872,0 20.13131867575885,-32.16807750142584,0 20.1312822601477,-32.16814092123583,0 20.13121580885176,-32.1682355338143,0 20.13118483422757,-32.16828685178981,0 20.1311014343356,-32.16834043710472,0 20.13103337066798,-32.16837433447062,0 20.13094290375528,-32.16848750301111,0 20.13089659750244,-32.1685699206956,0 20.13084457503315,-32.16867596487429,0 20.13080025570984,-32.16879445473349,0 20.13079086959963,-32.1688945921387,0 20.13077454208497,-32.16904803829061,0 20.13077151761939,-32.16911675103833,0 20.13077674946833,-32.16921389816565,0 20.13074894848755,-32.16930583765893,0 20.1307510037316,-32.16936628279557,0 20.13072492287759,-32.16952223855581,0 20.13074971780007,-32.16960346946966,0 20.13075354741167,-32.16962370633431,0 20.13078682783221,-32.16972930611851,0 20.13081266185737,-32.16989469928738,0 20.13083677954759,-32.16999167073936,0 20.13086194526163,-32.17006474766092,0 20.13086158079525,-32.17007278517492,0 20.13086431547807,-32.17011715691117,0 20.13090498104634,-32.1701627889048,0 20.13094215323923,-32.17030283326728,0 20.13109881549346,-32.17044580063752,0 20.13114226220824,-32.17054031127044,0 20.13124125242886,-32.17067723844608,0 20.13134442234611,-32.17083069149705,0 20.13146080578588,-32.17101324969456,0 20.13158774461003,-32.17117056819456,0 20.13163747110263,-32.17123249710442,0 20.1316568982261,-32.17129178101949,0 20.13166351731026,-32.17136163368034,0 20.13169415427699,-32.17143210642214,0 20.13174990284501,-32.17147887145524,0 20.13179115126023,-32.17152504192755,0 20.13180299674409,-32.17158248076867,0 20.13180947553481,-32.17165189078171,0 20.13181576045561,-32.17172525202357,0 20.13187075698275,-32.17178394176626,0 20.13192828235233,-32.17189136577465,0 20.131972928195,-32.17196154226323,0 20.13205071719166,-32.17203659305014,0 20.132110028229,-32.17209481526685,0 20.13214467201512,-32.17215896640243,0 20.13214448208559,-32.17222825693359,0 20.13218897191313,-32.17237958251047,0 20.13228209425269,-32.17252778783288,0 20.13236057016292,-32.17266622577805,0 20.13245075524918,-32.17277067709574,0 20.13254317799186,-32.1728817049483,0 20.13254565913629,-32.17288744002737,0 20.13268325359973,-32.1730145128663,0 20.13279922114422,-32.17307087006228,0 20.13289523244103,-32.17313068302246,0 20.13343057920089,-32.17356021565442,0 20.13351957607512,-32.17367590812929,0 20.13355532482866,-32.17379431080276,0 20.1335586900582,-32.17387821139104,0 20.13355781986268,-32.1738836789488,0 20.13359028151411,-32.17397347724575,0 20.13366958797163,-32.17406295486453,0 20.13367572473267,-32.17406642606174,0 20.1337632794819,-32.17418677913276,0 20.13378641856131,-32.17430113600901,0 20.13388998840701,-32.17439391684662,0 20.13395790076489,-32.17450567595436,0 20.1340284903342,-32.17457871288971,0 20.1340610549772,-32.17469468829939,0 20.13408619656623,-32.17478978240997,0 20.13416294116139,-32.17487302834563,0 20.13423176041195,-32.17497355209162,0 20.1343240964568,-32.17500625357294,0 20.13445873501468,-32.17508531058664,0 20.13457473807618,-32.17511477183211,0 20.1347767660316,-32.17513701455699,0 20.13490862347621,-32.17515414438589,0 20.135262558794,-32.17513564068781,0 20.13550222390298,-32.17513191604228,0 20.13571546794039,-32.17514269391742,0 20.13581009480829,-32.17512966501992,0 20.13598660652743,-32.17509315412817,0 20.13616137191383,-32.17508131821391,0 20.13629452564735,-32.17506876110651,0 20.13643370904478,-32.17506818057335,0 20.13656129333567,-32.17503997969113,0 20.1366266659153,-32.17505210430922,0 20.13671061657984,-32.17510123860936,0 20.13680712457398,-32.17518107574581,0 20.1368803893312,-32.17524096166549,0 20.13692615316192,-32.17529210116268,0 20.13693642719623,-32.17535173568815,0 20.13693810979952,-32.17546938150773,0 20.13688811774814,-32.17556651108139,0 20.1367516168561,-32.17572199504286,0 20.13671169271866,-32.1758026325797,0 20.13660172643868,-32.17588177774551,0 20.13648229520679,-32.17592120493277,0 20.13637716039983,-32.17599580520296,0 20.13630609238292,-32.17605369171857,0 20.13621358255772,-32.1761628419032,0 20.13610228690045,-32.17629217803568,0 20.13600909462865,-32.17639600520706,0 20.13596334054109,-32.17650140800581,0 20.1358734341725,-32.176585171028,0 20.13577454125059,-32.17662835430748,0 20.13568096650672,-32.17665528277617,0 20.13553030380117,-32.17665928335984,0 20.13542889348272,-32.17664290718073,0 20.13535700529824,-32.17667515455745,0 20.13523990676701,-32.17669406964609,0 20.13512006867218,-32.17670718401631,0 20.13496238952054,-32.17674242447436,0 20.13474237598505,-32.17677734259249,0 20.13448961222471,-32.17685022097034,0 20.13429072798148,-32.17689235825366,0 20.1341456522425,-32.17695512338467,0 20.13379747049844,-32.17698900628486,0 20.13356650945195,-32.17704292303469,0 20.13344706597782,-32.17712997449534,0 20.13338599678084,-32.17724175006384,0 20.13333039449181,-32.17736100554259,0 20.13324981162693,-32.17747876766457,0 20.13320114208151,-32.17757363879485,0 20.1332035832526,-32.17757996773147,0 20.1331962839416,-32.1776964183024,0 20.1331181688069,-32.17791586616267,0 20.13302673810283,-32.1781014838982,0 20.1330222069032,-32.1781070574805,0 20.13293646626125,-32.17827482777084,0 20.13284749620111,-32.17841952163521,0 20.13281501518292,-32.17855266495799,0 20.13280164463713,-32.17863548686652,0 20.13259118510601,-32.17885364861735,0 20.13252883229223,-32.17901196720126,0 20.13251514113958,-32.17908570934127,0 20.13252081753819,-32.179180872747,0 20.13251997613139,-32.17918710969649,0 20.13246533015456,-32.17926065357202,0 20.13231965091615,-32.17939216841668,0 20.13220829300704,-32.1794607251544,0 20.13208336396341,-32.17954118709977,0 20.13186665514226,-32.17959915425357,0 20.13168730193869,-32.17963200901161,0 20.1315261328173,-32.17970485366189,0 20.13130714608943,-32.17986843040875,0 20.13109651810616,-32.18002902463163,0 20.13095829989112,-32.18015401899037,0 20.13087047473304,-32.18022779040622,0 20.1308034523457,-32.18026960425035,0 20.13075699539449,-32.18032806311947,0 20.1306999651856,-32.18042078100805,0 20.13061767650327,-32.18049371241592,0 20.13047317689363,-32.18061239242799,0 20.13033083216392,-32.18064744206249,0 20.13015456120154,-32.18064663507595,0 20.12998920218752,-32.18060723746314,0 20.12986624143895,-32.1805511549897,0 20.12970597786976,-32.18050221790563,0 20.12949776918209,-32.18045547491514,0 20.12916129204428,-32.18037475455675,0 20.12907810116041,-32.18033870572177,0 20.12896432193274,-32.1802761562336,0 20.12895099434512,-32.18026138166453,0 20.12882789596681,-32.18015970882684,0 20.12873910731392,-32.18003792363117,0 20.12860663246227,-32.17987282820791,0 20.12846320924365,-32.17969667125382,0 20.12839544502304,-32.179582086485,0 20.1282276000474,-32.1794127698936,0 20.12816268029604,-32.17932810195427,0 20.12815508755793,-32.17930550517555,0 20.12812335862564,-32.17922456430745,0 20.12802602861343,-32.17915849298901,0 20.12791338928829,-32.17909344266293,0 20.12782995863696,-32.17898473155978,0 20.1277560789405,-32.17888080396823,0 20.12763279746473,-32.17877906714305,0 20.12752206060947,-32.17869073301811,0 20.12739046474852,-32.1786067991678,0 20.1273142983062,-32.17854889162193,0 20.12719795316184,-32.17842976682372,0 20.12710294546144,-32.17833447683728,0 20.12700487825456,-32.17815424608173,0 20.12694657107138,-32.17782503205113,0 20.12694427220434,-32.17765891999734,0 20.1268684101031,-32.17744646550354,0 20.12686580305049,-32.17743986140879,0 20.12680012406114,-32.17717320779438,0 20.12677645900671,-32.1770372010221,0 20.12677828425418,-32.17697503338454,0 20.12681848487377,-32.1768689484718,0 20.12702857821641,-32.17675586214462,0 20.12707551071013,-32.17672415411433,0 20.12712011785557,-32.17663651262821,0 20.12714767532367,-32.17652212269673,0 20.12714858393584,-32.17651603391356,0 20.12718928986235,-32.17631348166884,0 20.12722861387159,-32.17621352966051,0 20.12722188416284,-32.17613839150386,0 20.12720395280537,-32.17599419007634,0 20.12717901234151,-32.1758581223648,0 20.12717290659033,-32.17566731674241,0 20.12716530949394,-32.17553168448904,0 20.1271555566261,-32.17537475620195,0 20.12714232034679,-32.17526977546972,0 20.12715255636792,-32.17517447179984,0 20.12712680185927,-32.17508458432456,0 20.12710904206412,-32.17491371070805,0 20.12708799872735,-32.17478886049314,0 20.12715813548251,-32.1746723782606,0 20.12719201551185,-32.17438937442341,0 20.1272210310037,-32.17423763025847,0 20.12723370132773,-32.17408416303309,0 20.12722534666125,-32.17394908980882,0 20.12726979702604,-32.17387984418364,0 20.1272970358739,-32.17383361518483,0 20.12731203708102,-32.17377659330897,0 20.12727352120309,-32.17370903102926,0 20.12725285667674,-32.17358743959961,0 20.12724441060795,-32.17347668493581,0 20.12729564890514,-32.17338148433235,0 20.12733942603952,-32.1732622790286,0 20.12734995531859,-32.17310900721778,0 20.12735036794544,-32.17310597196077,0 20.12737054816777,-32.17297936105299,0 20.12730675843543,-32.172884799015,0 20.12730445289408,-32.1728230789516,0 20.12736410000824,-32.17276434351984,0 20.12742889070907,-32.17271600063513,0 20.12748837200877,-32.17270373496865,0 20.12761701004284,-32.1726195160674,0 20.12778706417144,-32.17250177857722,0 20.12784444962575,-32.1723792611794,0 20.12791765203158,-32.17223840519476,0 20.12791803864517,-32.17223547529771,0 20.12792971531981,-32.17207053337588,0 20.12791710450986,-32.17189089687291,0 20.1278976996257,-32.17177926168699,0 20.12787552842141,-32.1716800675872,0 20.1278412032227,-32.1716234892232,0 20.12767034369288,-32.17136876031717,0 20.12746054076553,-32.17109954006655,0 20.1271633834309,-32.17076176579553,0 20.12710534078548,-32.17067880035879,0 20.1269983948561,-32.17059595112796,0 20.12654160229896,-32.17027310883622,0 20.12628538033536,-32.17010412847215,0 20.12611786470827,-32.16998308322157,0 20.12603574776656,-32.16990075677089,0 20.12593854198274,-32.16989555908971,0 20.12579439742083,-32.16994082257293,0 20.12569951755889,-32.16995960396125,0 20.12559134205613,-32.16997126580167,0 20.12553533293965,-32.17000948765407,0 20.12549964656077,-32.17004984128162,0 20.12542646851515,-32.17005969416505,0 20.12530110652432,-32.17007882646212,0 20.12517708857002,-32.17012212955749,0 20.12505794909675,-32.17018759103849,0 20.1247685690271,-32.17025890751159,0 20.1246704871529,-32.17030076643906,0 20.1244662907178,-32.1703439775247,0 20.12429470044683,-32.1703689706542,0 20.12413374276187,-32.17041707801202,0 20.12398552806573,-32.1704260444196,0 20.12385565507719,-32.17045257947213,0 20.12375279053682,-32.17046971668147,0 20.12359433774282,-32.17047155915218,0 20.12353421226434,-32.17047765926881,0 20.12350432246385,-32.17054403267688,0 20.12340086733282,-32.17059736207845,0 20.12334775768257,-32.1706275156838,0 20.12321564519438,-32.17059931183196,0 20.12294012453833,-32.17058846591944,0 20.12278054606235,-32.17055452648948,0 20.12270112280351,-32.17057190711159,0 20.12257917095035,-32.17056508951958,0 20.12236042275379,-32.17051302317494,0 20.12218919962877,-32.17050136864518,0 20.12207798758514,-32.17046031662056,0 20.12193727605579,-32.1703936371344,0 20.12183051862727,-32.17025648571761,0 20.12177842066635,-32.17020755362624,0 20.12169517204889,-32.17019243283615,0 20.12153810559659,-32.17013582935266,0 20.12131141299228,-32.17005115443445,0 20.12124836233035,-32.17002048299577,0 20.12119127169129,-32.17000803874322,0 20.12112988986039,-32.17004332076044,0 20.1210246252997,-32.17006491765836,0 20.12091211640216,-32.17005879548384,0 20.12076147462771,-32.17005170399259,0 20.12062770040467,-32.1700502456837,0 20.12055241261551,-32.17003645611311,0 20.12047047950421,-32.17000043666344,0 20.12030400207523,-32.1699497591088,0 20.12015919704766,-32.16992580586358,0 20.12004008682827,-32.16990775293725,0 20.11997505743682,-32.1698803954101,0 20.11989085963401,-32.16989010175016,0 20.11983448076765,-32.16990252519785,0 20.11973956250475,-32.16987227930918,0 20.11963310057194,-32.16984704071121,0 20.11948617414555,-32.16985008660593,0 20.11936205860423,-32.16984954575613,0 20.11926871765895,-32.16982882567682,0 20.11907254751117,-32.16982769370113,0 20.11893059964863,-32.16984031632568,0 20.11880821571556,-32.16982188446546,0 20.11865926383281,-32.16983588824996,0 20.11861026642967,-32.16985736082801,0 20.11838639759574,-32.16983745226502,0 20.1182361644278,-32.16980755211043,0 20.11803410573282,-32.16978071481453,0 20.11785142384177,-32.16977052803357,0 20.11775089178161,-32.16979775392919,0 20.11766084773585,-32.16985809388581,0 20.11763167605908,-32.1699369435085,0 20.11762079501483,-32.17002359519898,0 20.1176105552259,-32.17011761475088,0 20.11757622284465,-32.17019379558218,0 20.11749658253727,-32.17026672683465,0 20.11741678932353,-32.17036719862787,0 20.11736487796636,-32.17042142990734,0 20.11724417197751,-32.17048632073483,0 20.11718198743758,-32.17052936813887,0 20.11713777548594,-32.17057182972401,0 20.11705479071916,-32.17056305842418,0 20.11695436628597,-32.17054948441592,0 20.11683900920622,-32.17053729009238,0 20.1167609788247,-32.17052313228219,0 20.11665498640311,-32.17043864861523,0 20.11655665842217,-32.170316608285,0 20.1165283092491,-32.17025042398572,0 20.11654871956478,-32.17019973844152,0 20.11657179440967,-32.17015280335842,0 20.11656473981506,-32.17008968087622,0 20.11655962173095,-32.17002918786381,0 20.11655124570737,-32.16997802420224,0 20.11643745569572,-32.16992762292072,0 20.11633441115873,-32.16991365834053,0 20.1162311596133,-32.16989966347263,0 20.11610386233127,-32.16985082642608,0 20.11604589476524,-32.16981553294887,0 20.1160376640591,-32.16974355389687,0 20.11607735183341,-32.16970027811571,0 20.11607153652452,-32.16964362652308,0 20.11598071892893,-32.16958710568341,0 20.11578929246253,-32.16952038879894,0 20.11569452122697,-32.1694983823886,0 20.11558092704237,-32.1694862492125,0 20.11540326240298,-32.16947024082221,0 20.115304309477,-32.1694834742859,0 20.11517646678355,-32.16946772490362,0 20.11509248021305,-32.16944060210316,0 20.11502407041061,-32.16938771280046,0 20.11481394512008,-32.169312226983,0 20.1147449294991,-32.16926140801633,0 20.11463909026239,-32.16919494657748,0 20.11456140735504,-32.16912866973107,0 20.11440187139851,-32.16902062133387,0 20.11426019710736,-32.16899122149066,0 20.11413412119687,-32.16896921246955,0 20.11404636365957,-32.16895699673061,0 20.11394605450449,-32.16899196686847,0 20.1138775224169,-32.1690334416537,0 20.11387203834433,-32.16912836815136,0 20.11381983283379,-32.16923702445067,0 20.11378817716201,-32.16929280120371,0 20.11371533933026,-32.16934766688425,0 20.11361015936286,-32.16938065098383,0 20.11353713110221,-32.16938757647115,0 20.11344088894692,-32.16942774809577,0 20.11337651939305,-32.16945974275046,0 20.11328460903373,-32.16945281141167,0 20.11318754556837,-32.1694391013668,0 20.11309458701159,-32.1694051091277,0 20.1130175900039,-32.16937343185662,0 20.11290720739016,-32.16935306007661,0 20.11278351965014,-32.16935901437634,0 20.11267816207362,-32.16938891398785,0 20.11259299475564,-32.16937992292894,0 20.11247232842328,-32.16937594481542,0 20.11238626663175,-32.16939039922578,0 20.11218666768729,-32.16936892562487,0 20.11194780584572,-32.16932293460967,0 20.11158309550778,-32.16921665135144,0 20.11135011620846,-32.16916276620146,0 20.11114229930006,-32.16908831366308,0 20.11094950853485,-32.16900620945591,0 20.11084208451627,-32.16897728169384,0 20.11073152463994,-32.16894503613227,0 20.11036570162579,-32.16878421249863,0 20.11018110717956,-32.16870908021072,0 20.11009776374117,-32.16867982256784,0 20.10995361921983,-32.16863241485643,0 20.10984054225125,-32.16857008615182,0 20.10969129089753,-32.1684766309362,0 20.10953449996006,-32.16838310570376,0 20.10934929384028,-32.16823898835811,0 20.10920792413272,-32.16812924678461,0 20.1090135512314,-32.16795171543328,0 20.10888014478188,-32.16781341956207,0 20.10875280521612,-32.16772232459309,0 20.10869547080223,-32.16772106253107,0 20.10862714148962,-32.16775930644593,0 20.10853844029989,-32.16780713298814,0 20.10850741111926,-32.16785640405873,0 20.1084654220937,-32.16792863331644,0 20.10838732225293,-32.16796334588768,0 20.10831599300684,-32.1679994299996,0 20.1083079583975,-32.16804944407949,0 20.10826878968197,-32.16815624520567,0 20.10824139202874,-32.16823483703153,0 20.10820372550866,-32.16828522702708,0 20.10818552799235,-32.16832891573942,0 20.1082178936985,-32.1684030105354,0 20.10826994158788,-32.16847024249547,0 20.10826612910827,-32.168586884022,0 20.10825874511863,-32.16872874120823,0 20.10827919235619,-32.16883675266939,0 20.10827207632794,-32.16895473769514,0 20.10820506700895,-32.16909867548139,0 20.1081294630244,-32.1692478660215,0 20.10805570707725,-32.16935800552115,0 20.10797884953638,-32.16941387351803,0 20.10781271869549,-32.1694765091658,0 20.1075729300125,-32.16954137825037,0 20.10724025652629,-32.16958375674554,0 20.10696500956142,-32.16960027275789,0 20.10680570775966,-32.16958398549797,0 20.1067148702776,-32.16957436411393,0 20.1066020720289,-32.16960791647652,0 20.10642295183566,-32.16962144986292,0 20.1061770665321,-32.16960324191748,0 20.1060551951675,-32.16959424341975,0 20.10591333151228,-32.16958591379778,0 20.10575058988502,-32.16961174564491,0 20.10561199244088,-32.16962482635578,0 20.10550843794836,-32.16960277217024,0 20.10531367050021,-32.1695336886274,0 20.10486530653676,-32.16932019238475,0 20.10476884701972,-32.16927739468284,0 20.1047310774647,-32.16921366367565,0 20.10475964829452,-32.16913357613522,0 20.10477880436355,-32.16898697626897,0 20.10470851050144,-32.16886113583199,0 20.10450571710101,-32.16868768974944,0 20.1043183565689,-32.16856140723742,0 20.10052128816636,-32.16723168002174,0 20.09822542663909,-32.16677262959257,0 20.09586880512795,-32.16686635312943,0 20.09536429638929,-32.167150571211,0 20.09437290156559,-32.16685959366225,0 20.09268139537438,-32.16646871227706,0 20.09251204639676,-32.1654306817696,0 20.09255729680322,-32.16530386635495,0 20.09252550395984,-32.16520451827743,0 20.09256664136808,-32.16509196953645,0 20.09255919560152,-32.16501078553012,0 20.09247084733751,-32.16493514770966,0 20.09246157149715,-32.16492677278684,0 20.09239038210745,-32.16476389448626,0 20.09226441585165,-32.16457174025734,0 20.09225997565921,-32.16456362436175,0 20.09212074100275,-32.16438581181298,0 20.09211162990437,-32.16437740842054,0 20.09198997154906,-32.16422866992786,0 20.09199542928974,-32.16410544598673,0 20.0921656572354,-32.16387722823201,0 20.09225339068545,-32.16383247014779,0 20.09250143066213,-32.1637936045877,0 20.09307226206621,-32.16368799306132,0 20.09333466985113,-32.1636476193672,0 20.0933445212527,-32.16363989453848,0 20.09367310899638,-32.16354060940135,0 20.09406998175847,-32.16335003458764,0 20.09464071807224,-32.16310619779147,0 20.0947448412047,-32.16306083448226,0 20.09524487861366,-32.16300749291416,0 20.09567450823876,-32.16294325120005,0 20.09616830714882,-32.16286789689761,0 20.09662711457111,-32.16277300545302,0 20.09759730664687,-32.16261125779074,0 20.0979802661682,-32.16252815614592,0 20.09833482242006,-32.16242406566153,0 20.09862566803232,-32.16233460952724,0 20.09886174118944,-32.16217747175979,0 20.09908567049819,-32.16204481542711,0 20.09910483959814,-32.16204547524465,0 20.09928448402614,-32.16201042689331,0 20.09948840560885,-32.16198436672714,0 20.09964627930189,-32.1620417711572,0 20.09982748010362,-32.16217987253343,0 20.09983688438917,-32.16218431482275,0 20.10012413882247,-32.16229699268185,0 20.10043089941621,-32.1622993520396,0 20.10065344233347,-32.16224172540379,0 20.1010769810335,-32.16214994926655,0 20.10125123192509,-32.16210022961141,0 20.10171753893642,-32.16218877156137,0 20.10172688195506,-32.16218924940151,0 20.10209985601242,-32.16231300580656,0 20.1021138771562,-32.16231754909411,0 20.10246688198427,-32.16244767717064,0 20.10266682206598,-32.16250184936658,0 20.10329548802318,-32.16252305520776,0 20.10386154081597,-32.16251391170297,0 20.10403726788519,-32.16247580085299,0 20.10423892042442,-32.16248255633355,0 20.10447185727508,-32.16249052219279,0 20.10477095641934,-32.16244113810673,0 20.10521813360472,-32.16233011523426,0 20.1055053388763,-32.16228816183026,0 20.10552433689548,-32.16228088032808,0 20.10576889732225,-32.16222981530089,0 20.10591289349072,-32.16212807700607,0 20.1061139034939,-32.1620955539166,0 20.10633021677781,-32.1620280748384,0 20.1065264991311,-32.16198757475817,0 20.10674641736524,-32.16198249970842,0 20.10701170140789,-32.16197833143204,0 20.10716530395469,-32.16191003593092,0 20.10728173667004,-32.161848264062,0 20.10729115827512,-32.1618446499772,0 20.10738355304336,-32.16182740626389,0 20.10747433682965,-32.16182240769203,0 20.10758409851023,-32.16181536547036,0 20.1076933880411,-32.16178433549578,0 20.10776765286371,-32.16173589532689,0 20.10790337103233,-32.16164216823915,0 20.10802548803996,-32.1616070152669,0 20.10820913456676,-32.16158420223221,0 20.10838877657353,-32.16154010197884,0 20.10859651179124,-32.16149695995569,0 20.10882655715849,-32.16144929074492,0 20.10899862534971,-32.16142361742721,0 20.10915001769897,-32.16139950363249,0 20.10929601056369,-32.16124271376314,0 20.10935924214492,-32.1611400733601,0 20.10940855632286,-32.16108614537484,0 20.10949704565778,-32.16104902859801,0 20.10958697625726,-32.1610304539194,0 20.10968382154619,-32.16104043136934,0 20.10977452933745,-32.16108902117021,0 20.10988694992529,-32.16117034128566,0 20.10996763420976,-32.16124731738609,0 20.11009267930898,-32.1613041107252,0 20.11009884619526,-32.16130431188626,0 20.11022573474089,-32.16136604830151,0 20.11034361514691,-32.16139583658891,0 20.11043348189331,-32.16136740428156,0 20.11050229246391,-32.16133555395391,0 20.11060716816495,-32.1612915083942,0 20.11062104230034,-32.16119919386599,0 20.11073998680382,-32.16101857239719,0 20.11086909017999,-32.16093385961013,0 20.11096695691723,-32.16089213246845,0 20.11104621657868,-32.16082554742417,0 20.11114539018892,-32.16072924088252,0 20.11120517212649,-32.1606301707835,0 20.11121838706855,-32.16052017037227,0 20.11120137582999,-32.16044446747475,0 20.11123234918723,-32.16034927978867,0 20.11133115823152,-32.16025591181794,0 20.11142410339756,-32.16016784237071,0 20.11156535089697,-32.16007087187261,0 20.1116524828543,-32.16000034280017,0 20.11169919242292,-32.15983717016437,0 20.11180876234339,-32.15967911987497,0 20.11187524504638,-32.15957833779316,0 20.11195095267692,-32.15950735584795,0 20.1120226823832,-32.15939967706405,0 20.11211304658052,-32.15925167897922,0 20.1121798287713,-32.159153366027,0 20.11221215738874,-32.15908572358111,0 20.11221729918007,-32.15902080502279,0 20.11221714846263,-32.15897855656134,0 20.11224215643453,-32.15893237573945,0 20.112275535057,-32.15890106665212,0 20.11241846394726,-32.15880664621221,0 20.11254460350773,-32.15870908475068,0 20.11265867334575,-32.15861484248467,0 20.11271151889277,-32.15855581848623,0 20.11274168748263,-32.15851825531275,0 20.11280893750494,-32.1584964932018,0 20.11290106655032,-32.15843907858042,0 20.11298051665122,-32.15840766547957,0 20.11307732387068,-32.1583871839873,0 20.11308499805626,-32.15838729431079,0 20.1132264566473,-32.15836728907602,0 20.11331150701302,-32.15835284916289,0 20.11335831207992,-32.15835347742109,0 20.11344155537426,-32.15834445136237,0 20.11352037714523,-32.15831605768261,0 20.11360222113879,-32.15826790396519,0 20.11366458285919,-32.15826036779324,0 20.11371376562671,-32.15823721399055,0 20.11378110289048,-32.15818768497594,0 20.11384337509829,-32.15814615348005,0 20.11390973385658,-32.15812557410754,0 20.11400240673986,-32.15810633420585,0 20.11407160374885,-32.15808211691628,0 20.11418316765954,-32.15804052892602,0 20.11427158193594,-32.15799355907382,0 20.11434033182382,-32.15796643452966,0 20.11441863366395,-32.15792884666155,0 20.11448983393281,-32.15787577057354,0 20.11454133769393,-32.15780637744607,0 20.11455315359283,-32.1577303704031,0 20.11458046621583,-32.15768967987195,0 20.11461982304551,-32.15765529747422,0 20.11467667633508,-32.15764231765616,0 20.11471718467772,-32.15763936288514,0 20.11475557778987,-32.15763421609982,0 20.11479356173658,-32.15758423516102,0 20.11485997949201,-32.15748657684057,0 20.11492234325787,-32.15741773010662,0 20.1149652406111,-32.15737641925378,0 20.11501304981162,-32.15733680228953,0 20.11504408848441,-32.157285762723,0 20.11504470144957,-32.15728159270991,0 20.11506829543331,-32.15725072104479,0 20.11505854864282,-32.15720366784585,0 20.11508091096022,-32.15709844156524,0 20.11512275937913,-32.15703508142493,0 20.11513583930447,-32.15695010591196,0 20.1151407210679,-32.15688752664132,0 20.1151816806095,-32.15680826583272,0 20.11525258413795,-32.156713106137,0 20.11530498841579,-32.15666086934289,0 20.11534595208074,-32.15663399022188,0 20.1153930380906,-32.15662900183248,0 20.11550384742936,-32.15659971879916,0 20.11557382139508,-32.15651083101715,0 20.11564848628294,-32.15637142949692,0 20.11569120699446,-32.15622616364955,0 20.11570230197396,-32.15612462273609,0 20.11569976952083,-32.15604539157256,0 20.11566071446652,-32.15598900516302,0 20.11563437300553,-32.15593414825681,0 20.11562696022598,-32.15591972375773,0 20.11562550006523,-32.15581486115121,0 20.11562947328386,-32.15572042804683,0 20.11560748275254,-32.15565134783285,0 20.1156119640997,-32.15558224051638,0 20.11568344080335,-32.15547688436716,0 20.11574711745744,-32.15539627865667,0 20.11582542315943,-32.15528072783616,0 20.11588024136326,-32.15523093771522,0 20.1159795368946,-32.15518618610887,0 20.11607533185147,-32.15515616597391,0 20.11616563973967,-32.15511693306313,0 20.11623906073945,-32.15512296229086,0 20.11634304536293,-32.15513244900172,0 20.11643423722888,-32.15517057775344,0 20.11660851389504,-32.15518157049857,0 20.11666659169297,-32.15519046380515,0 20.11673946266417,-32.15519576072548,0 20.11683856253584,-32.15520436698871,0 20.11692716754625,-32.15519929008249,0 20.11699970718205,-32.15518520881205,0 20.11710299238631,-32.15511798073344,0 20.11722931302433,-32.15508681346008,0 20.11738023196861,-32.15500711708613,0 20.11746244040804,-32.15498895386229,0 20.11755819162018,-32.15496263910496,0 20.117619333326,-32.15495062462577,0 20.11766066479033,-32.15488331200367,0 20.11765132775379,-32.15481772506897,0 20.1176518013349,-32.15481351231764,0 20.11767818653317,-32.15472934390755,0 20.11768481809385,-32.15464969134372,0 20.1176850639555,-32.15464752683783,0 20.11768864796785,-32.15455120842955,0 20.11774568004259,-32.15448894384097,0 20.11783647767758,-32.15437875367928,0 20.11788140483973,-32.15428591803285,0 20.11790885845881,-32.15422746435673,0 20.11796839355728,-32.15418514743654,0 20.11808653429759,-32.15408891257974,0 20.11820289848118,-32.15396327187969,0 20.11823741659579,-32.15386621368364,0 20.11825617628901,-32.15375045136744,0 20.11824998329789,-32.15368783720285,0 20.11828042659031,-32.15359070395039,0 20.11828313272623,-32.15349581788585,0 20.11828354941877,-32.15349189574516,0 20.11829349672263,-32.15337697515612,0 20.11829413266011,-32.15337097951312,0 20.11832244411421,-32.15325478494375,0 20.11834949615868,-32.15310717392769,0 20.11835003162597,-32.15310151709424,0 20.11841599774533,-32.15296656212751,0 20.11842174039325,-32.15295327705853,0 20.11847716303605,-32.15286615172032,0 20.11861500112563,-32.1527128401508,0 20.11871508848685,-32.15260260020939,0 20.11871765091364,-32.15259886139273,0 20.11878594077608,-32.15251076934527,0 20.11885502380005,-32.15241802391818,0 20.11894205604414,-32.1523420110362,0 20.11902995136374,-32.15226524403413,0 20.11911831096392,-32.15219160679248,0 20.11917199280201,-32.15216616405966,0 20.11922107306734,-32.15216271440845,0 20.11927828665097,-32.15211894077496,0 20.11939547623811,-32.15203271230475,0 20.1195178624656,-32.15192873650543,0 20.11962277853633,-32.15182910875006,0 20.1197534942552,-32.15172947698114,0 20.11984070584233,-32.15168412494092,0 20.11985113865862,-32.15168104195868,0 20.11985753143393,-32.1516777936616,0 20.11996500896177,-32.15165424056499,0 20.12006020775214,-32.15161258207915,0 20.12020085153238,-32.15157180316916,0 20.12021454456233,-32.15155525193288,0 20.12037186842423,-32.15146407720506,0 20.12049465188509,-32.15137764115697,0 20.12063411708859,-32.15127384138711,0 20.12072430482339,-32.15116257767848,0 20.12084197208745,-32.15109859000153,0 20.12093703260848,-32.15099665191932,0 20.12099126707416,-32.15095314231056,0 20.12108025173428,-32.15086210827039,0 20.12108489004865,-32.15085551686763,0 20.12122731219695,-32.15075124721082,0 20.12122786835155,-32.15074609998703,0 20.12137960913743,-32.15063462281019,0 20.12149280571636,-32.150518550819,0 20.12161349046501,-32.15038602738483,0 20.12170754291646,-32.15027712898191,0 20.1217984117141,-32.15022615705158,0 20.12190645259503,-32.15016575569883,0 20.1219862616584,-32.15012200995052,0 20.12208057863016,-32.15003037466948,0 20.12219141490941,-32.14994887962062,0 20.12219418307847,-32.14994361684323,0 20.12229157459574,-32.14984149689678,0 20.12229836805182,-32.14983800483851,0 20.12231589709525,-32.14983292955204,0 20.1224312270743,-32.14976914444178,0 20.12265105184295,-32.14966355074382,0 20.1226599436694,-32.14965685339617,0 20.12284586783059,-32.14956503439795,0 20.12296654741575,-32.149477983607,0 20.12296917163709,-32.14947440282099,0 20.12301473042272,-32.14942405402786,0 20.12307400961205,-32.14940101286487,0 20.12318802887569,-32.14937177263063,0 20.1233139970951,-32.14934237688834,0 20.12332069105974,-32.14933889935202,0 20.1234670675599,-32.14929660507931,0 20.123587042503,-32.14924220758478,0 20.12371914247946,-32.14918582182503,0 20.12385699313823,-32.14909728222796,0 20.12398507284567,-32.1490223229502,0 20.1239922989344,-32.14901530318008,0 20.12413276419126,-32.14890534861353,0 20.12425157320861,-32.148834813481,0 20.12425871561012,-32.14883115475401,0 20.12435896825982,-32.14878329152741,0 20.12449732416851,-32.14864205272699,0 20.12464076798769,-32.14853426371895,0 20.12473197800397,-32.14842361571706,0 20.12487045847838,-32.148296485514,0 20.1250292780951,-32.1481750420983,0 20.12518986623047,-32.1480561995438,0 20.12533108134047,-32.14792272825015,0 20.12546192084896,-32.14775339554672,0 20.12556437168182,-32.14762286819742,0 20.1255692023779,-32.14761751944692,0 20.12565192224534,-32.14751034923108,0 20.12565533628798,-32.14749915800051,0 20.12574065032774,-32.14734979159099,0 20.12577904251283,-32.14714241773211,0 20.12577671018957,-32.14712435510041,0 20.12581348820353,-32.14693023124199,0 20.12581453111361,-32.14692087244124,0 20.12581557603697,-32.14691149649536,0 20.12584126241076,-32.14668120595137,0 20.12581380407202,-32.14655858256703,0 20.12581257533732,-32.14655133761948,0 20.12575981740808,-32.1462580521646,0 20.12572166750027,-32.14600739869474,0 20.12569537562663,-32.14582816361625,0 20.12569555770878,-32.14582641292697,0 20.12568450280399,-32.14560285620904,0 20.12568524072499,-32.14559548695911,0 20.12565967734052,-32.14545981227162,0 20.12566058805417,-32.14545030840672,0 20.12568801565308,-32.14532525559746,0 20.12572447623985,-32.14511343978459,0 20.12571127672087,-32.14488903505121,0 20.12566786227815,-32.14471654300677,0 20.12565123932168,-32.14447323895151,0 20.1256949473944,-32.14424769007999,0 20.12569355926559,-32.1442400186459,0 20.12573968616419,-32.14410731986837,0 20.12574091434217,-32.14409549123162,0 20.12574422245669,-32.14399943792785,0 20.12572526111052,-32.14392143430048,0 20.12574786112084,-32.14383669510222,0 20.12574858999994,-32.14382923053586,0 20.12574932006159,-32.1438217534682,0 20.12577967797811,-32.14355613262907,0 20.12578065137873,-32.14354621148534,0 20.12582179057088,-32.14342418664311,0 20.12588663889407,-32.1432560782087,0 20.12593343932257,-32.14302859639153,0 20.12599025358995,-32.14278893894242,0 20.12605726099322,-32.14261760048652,0 20.12605928764581,-32.14259975000098,0 20.12607592688535,-32.14244890216207,0 20.12611300214965,-32.14213496520048,0 20.12615361146956,-32.14195294621698,0 20.12620399539541,-32.14172679656722,0 20.12624495613687,-32.14149676713351,0 20.12622958097924,-32.14128484274797,0 20.12619502341937,-32.14074850539508,0 20.12615274939039,-32.14061885442133,0 20.12615103843258,-32.14061502572881,0 20.12610611522169,-32.14041256492669,0 20.12610413155645,-32.14041053154899,0 20.12605698697771,-32.14024386003903,0 20.12604596319077,-32.14004339211712,0 20.12607395949854,-32.13989402691611,0 20.12612179721817,-32.13973291532727,0 20.12612247288687,-32.13972697867791,0 20.12612066916002,-32.13952516123594,0 20.12610687256607,-32.13941479039815,0 20.12606566536616,-32.13924968051614,0 20.12603070025391,-32.13910728330606,0 20.12600341464209,-32.13895908813769,0 20.12600481635617,-32.13883581444724,0 20.12599851849989,-32.13873386722557,0 20.12597940860331,-32.13865063551542,0 20.12595559154836,-32.13859183906697,0 20.12592523586515,-32.13852592517505,0 20.12590761306072,-32.13835404671848,0 20.12591456127948,-32.13820590616565,0 20.12591545478585,-32.13819414348891,0 20.12589752228164,-32.13798594610572,0 20.12586837753771,-32.13782003096208,0 20.12589466272927,-32.13766156197072,0 20.12596256686105,-32.13746676299481,0 20.12601207234644,-32.13735870306893,0 20.12603040236988,-32.13721169559589,0 20.12603715644212,-32.1369765525974,0 20.12603527442126,-32.13697252865278,0 20.12604593325162,-32.13676302289247,0 20.12604429634001,-32.1365693081304,0 20.1259999461598,-32.13631717871347,0 20.12595416791697,-32.13616964516999,0 20.12591747473869,-32.1360676238627,0 20.1259161555446,-32.13605406749009,0 20.12591670009072,-32.13583861679459,0 20.12594355445236,-32.13563512121785,0 20.12596724043034,-32.13546707446289,0 20.12596973460848,-32.13546317953993,0 20.12597562484192,-32.13528006068191,0 20.12593412386463,-32.13511390105843,0 20.1259214486154,-32.1349535279145,0 20.12587219252893,-32.13439489282182,0 20.12584891236729,-32.13424193564651,0 20.12582919264743,-32.13406121271493,0 20.12584618649061,-32.13384869249185,0 20.12584650878512,-32.13384643706259,0 20.12588353563878,-32.13362495467838,0 20.12586357132656,-32.13347895461032,0 20.12581434824535,-32.13328579156004,0 20.12576150800806,-32.13317273823317,0 20.12576181846236,-32.13317042694677,0 20.12572253859009,-32.13303452591968,0 20.12564024456779,-32.13278516870241,0 20.12557651488608,-32.13265988148469,0 20.12557712693915,-32.13265518464907,0 20.12552654946762,-32.13246532312697,0 20.12550133179037,-32.13228777028535,0 20.1254456062802,-32.13218434753699,0 20.12531459261013,-32.13207527614244,0 20.12505865908933,-32.1318687780712,0 20.12492782385217,-32.13178859032345,0 20.12486408400541,-32.1316953341676,0 20.1248033095978,-32.13157162348688,0 20.12468610957306,-32.13141780095218,0 20.12465733810503,-32.13139238868985,0 20.12451369908301,-32.13123461499343,0 20.12440269086334,-32.13115991407209,0 20.124297756619,-32.13110328593837,0 20.12420698158851,-32.1309528497425,0 20.12417917783655,-32.13082109877551,0 20.12416922212929,-32.13080479386818,0 20.12411861829423,-32.130682112739,0 20.12406826122401,-32.13050710843088,0 20.12406319002324,-32.13047559800594,0 20.12400661253005,-32.1302267143939,0 20.12393587356588,-32.13005024197952,0 20.12385944842602,-32.1299114228908,0 20.12379061399647,-32.1297600212845,0 20.12370986920735,-32.12959550561183,0 20.12362116925789,-32.12932869115443,0 20.12358489036428,-32.12920446439824,0 20.1235242115018,-32.12899287806251,0 20.12352240671596,-32.12898510782159,0 20.12346275162875,-32.12884773897427,0 20.1233872564032,-32.12869305192083,0 20.12333054078528,-32.12855390986555,0 20.12328164117987,-32.12845993532128,0 20.12327391737674,-32.12845150075192,0 20.12319789949854,-32.12833933984685,0 20.12319570203763,-32.1283340354006,0 20.12312766177936,-32.12819008295796,0 20.12312291064853,-32.12818199395463,0 20.12305133982732,-32.12808349668676,0 20.12296269818674,-32.12800104413341,0 20.12287959455238,-32.12785305676281,0 20.12287628555213,-32.12775129080834,0 20.12289534691214,-32.1276186734097,0 20.12292880263109,-32.1274694225426,0 20.12289277195561,-32.12734892380776,0 20.12284484678282,-32.12729237536976,0 20.12278305080746,-32.12714004529278,0 20.12274812501045,-32.12707297758611,0 20.12265661065406,-32.12688336848311,0 20.12259238136937,-32.12673131519565,0 20.12253175007786,-32.12661318389768,0 20.12248180732625,-32.12648340608089,0 20.12247060831621,-32.12637832974524,0 20.12246821742738,-32.12623654292599,0 20.12246153345254,-32.12611612660426,0 20.12244376693957,-32.12599534184863,0 20.1224135940166,-32.12583800314759,0 20.12240695526392,-32.12570360668978,0 20.12238471785041,-32.12549471688273,0 20.12234882137743,-32.12531899407007,0 20.1223105322337,-32.1251616716194,0 20.12225285125848,-32.12501519602298,0 20.12213273860028,-32.12473688080382,0 20.12202496082827,-32.12452227544952,0 20.12191142459138,-32.12424934789316,0 20.12179330844288,-32.12396706575388,0 20.12162151462945,-32.12358867409873,0 20.12162225738554,-32.12358383289892,0 20.12153628074018,-32.12342225713737,0 20.1214925519324,-32.12323379756732,0 20.12150025849693,-32.12309065041136,0 20.12155937663989,-32.12293351207791,0 20.12165406216024,-32.12275096228469,0 20.12165948489184,-32.12273451051366,0 20.12168453690067,-32.1225916931603,0 20.1216650825967,-32.12249562305845,0 20.12160805713363,-32.1224037643006,0 20.12150269849767,-32.12228836269725,0 20.12149780809133,-32.1222830059347,0 20.12140977719204,-32.12220345364644,0 20.12136304776717,-32.1220994965093,0 20.12134754820296,-32.12191061027093,0 20.12136008238021,-32.12174505662603,0 20.12136947324676,-32.12156031633476,0 20.12132891627298,-32.12151046334305,0 20.12125747179467,-32.12149314895837,0 20.1212166297225,-32.12148158732835,0</coordinates></LineString>
</Placemark>
<Placemark>
  <name>Untitled Path</name>
  
  <styleUrl>#style_MAIN_ROADS</styleUrl>
  <LineString><tessellate>1</tessellate><coordinates>20.12279198030081,-32.12710763709678,0 20.12280583129062,-32.12712676175592,0 20.12293175750898,-32.1272548811508,0 20.12317214615389,-32.12730666724883,0 20.1233760076858,-32.12735745807137,0 20.12339070321534,-32.12735798408047,0 20.12361672733372,-32.12738383498107,0 20.12363086861017,-32.12739025982504,0 20.12380982153633,-32.12743687327569,0 20.12390217529624,-32.12748205539342,0 20.12392371551302,-32.1274887037122,0 20.12414923437796,-32.12750573600867,0 20.12417121399141,-32.12750626953405,0 20.1243100524794,-32.12753594515121,0 20.12442659772211,-32.12757138670485,0 20.1246079388362,-32.12764037819746,0 20.12473100691918,-32.12768812710974,0 20.12473778663335,-32.12770077049083,0 20.12488285747647,-32.12774865913951,0 20.12490464300225,-32.12775553421071,0 20.12508723104,-32.12779213348734,0 20.12513765755788,-32.12781856158658,0 20.12522382359111,-32.12787099960151,0 20.12540701406136,-32.12790146118729,0 20.12558244579484,-32.12794418278425,0 20.12571310498088,-32.12800404637434,0 20.12582966408239,-32.12804513402912,0 20.12594598914888,-32.12809250540663,0 20.12602282049931,-32.12819503135705,0 20.12615206079595,-32.12828669466857,0 20.12622297655885,-32.12835779442822,0 20.12624462500261,-32.12837099705931,0 20.12633943229669,-32.12841146029745,0 20.12638918650506,-32.12846309800582,0 20.12638661919849,-32.12851942607043,0 20.12640550327591,-32.12859521734796,0 20.12646331508731,-32.12879762430822,0 20.12654702946638,-32.12910767953181,0 20.12663658107075,-32.12929922413031,0 20.12667599638648,-32.12944542312569,0 20.12674276439095,-32.12963027150182,0 20.12679184297041,-32.12973281280693,0 20.1268589314839,-32.1298141910778,0 20.12692345442708,-32.12988398607764,0 20.12688237905198,-32.12996906912645,0 20.12676574010942,-32.13004329475045,0 20.12671131172316,-32.13005222845048,0 20.12664038401457,-32.13008081850054,0 20.1265648966448,-32.13013378535246,0 20.12635636626815,-32.13016804416703,0 20.12582725625924,-32.13019268793997,0 20.12562057462344,-32.13019662718827,0 20.12492032825339,-32.13026397016502,0 20.12467976843492,-32.13029573901559,0 20.12451460206972,-32.13029961475665,0 20.12440760601218,-32.13030536610847,0 20.12430984863045,-32.13032289311833,0 20.12421385595305,-32.13035631502251,0 20.12406931154457,-32.13048622074392,0</coordinates></LineString>
</Placemark></Folder><Folder><name>4 x 2</name><Placemark>
  <name>Untitled Path</name>
  
  <styleUrl>#style_MAIN_ROADS</styleUrl>
  <LineString><tessellate>1</tessellate><coordinates>20.10074184053507,-32.24774656956818,0 20.10099099691929,-32.24768558516983,0 20.10124807756792,-32.24765163533211,0 20.10147433315267,-32.24762589199148,0 20.10178842648655,-32.24757943982455,0 20.10245125238867,-32.24751191983932,0 20.1026443657506,-32.24747232614051,0 20.10274333272475,-32.24742915915306,0 20.10291300382236,-32.24736813178178,0 20.10310789134714,-32.24733627028227,0 20.10326413176426,-32.24729016347862,0 20.1068939282335,-32.24665636321165,0 20.10903596449607,-32.24731407505317,0 20.10951527932829,-32.24775240152506,0 20.11005887268868,-32.24815396276102,0 20.11028856737415,-32.24845697190655,0 20.11095401343954,-32.24857805461809,0 20.11144133476411,-32.24870256989563,0 20.11223473607958,-32.24883978331508,0 20.112265390929,-32.24886420904085,0 20.11284550100837,-32.24891883623168,0 20.1138777935427,-32.24923102961336,0 20.11418490221636,-32.24940780057167,0 20.11483787919281,-32.24929902164478,0 20.1157219283335,-32.24933977342551,0 20.1162082431217,-32.24961175524254,0 20.11666469056798,-32.24975018615194,0 20.1175524097958,-32.24958165107789,0 20.1183895759068,-32.2493642289941,0 20.11931710640302,-32.24925211685707,0 20.11997167843039,-32.24890865465927,0 20.12039711162798,-32.24857529336651,0 20.12043850881078,-32.24854927117062,0 20.12117532344406,-32.24820318081313,0 20.12120245952886,-32.24817781965783,0 20.12182737098219,-32.2478857309668,0 20.12239389199934,-32.24751156945532,0 20.12243541394239,-32.24748568260966,0 20.12307783881461,-32.24720602808171,0 20.12389089463422,-32.24696915805723,0 20.12450235336449,-32.2467408826983,0 20.12490171751214,-32.24654526668119,0 20.12520756172354,-32.24619698684526,0 20.12552185205008,-32.24601730748915,0 20.12577708799488,-32.2457794614751,0 20.12606295704803,-32.24558866198139,0 20.12660957908476,-32.24549240596424,0 20.12703360516657,-32.24521124437705,0 20.1272594107811,-32.24493824149987,0 20.12727013729775,-32.24487790363121,0 20.1274422332018,-32.24442765518377,0 20.12758280721051,-32.2441579432729,0 20.12785832509792,-32.24400296221221,0 20.12861066933243,-32.24378185806273,0 20.12912076628511,-32.24355833626221,0 20.12947537495747,-32.24334122112819,0 20.12980599147112,-32.24320896866831,0 20.1302669234371,-32.24305931009282,0 20.13050947262733,-32.2429988339039,0 20.13070862882202,-32.24288537927691,0 20.13099327223522,-32.24267995534422,0 20.1312698424688,-32.24257461964044,0 20.13167588975252,-32.24254245621568,0 20.13221847212017,-32.24245842213406,0 20.13242817758033,-32.24231208413264,0 20.1325136755631,-32.24209943865193,0 20.13265273505774,-32.24190122511671,0 20.13291291470575,-32.24173265575292,0 20.13309944184904,-32.24167084169939,0 20.13330097586487,-32.24166834814511,0 20.13363981746841,-32.24169384672815,0 20.13414799368481,-32.24161108486772,0 20.13460998064258,-32.24150213311378,0 20.13502817509947,-32.24150930069128,0 20.13558079729186,-32.24173068257387,0 20.13606058817416,-32.24187669396301,0 20.13641080298917,-32.2420483731874,0 20.13674109716733,-32.24211670382546,0 20.13722870064981,-32.24225951973983,0 20.13775933885214,-32.24219527471976,0 20.13851968927992,-32.24247165377261,0 20.13896037145108,-32.24282212425628,0 20.13973308119501,-32.24275279655652,0 20.14034188884704,-32.24259992027169,0 20.14084251292589,-32.24256338078601,0 20.14129184038467,-32.24251304119145,0 20.14179213598922,-32.24246598111894,0 20.14219479543624,-32.24236989689307,0 20.1423883763052,-32.24235669678241,0 20.14341279037523,-32.24250440959453,0 20.14464580858946,-32.24276885708156,0 20.14529076102943,-32.24280455793042,0 20.14734461160944,-32.24339488052373,0 20.14764166801236,-32.24353333854909,0 20.14801594950492,-32.2435377055353,0 20.14991848694289,-32.24380524385931,0 20.15058177064465,-32.24411950212007,0 20.15076839272084,-32.24434243456222,0 20.15093434890504,-32.24453451101576,0 20.15123273001302,-32.24451039380251,0 20.15136911056875,-32.24444327469695,0 20.15157824791597,-32.2444810164388,0 20.15226855589709,-32.24471511538832,0 20.15262578533174,-32.24480538692033,0 20.15301728362614,-32.24488946500548,0 20.15343601197979,-32.24500529212313,0 20.15397492903344,-32.24519027845122,0 20.15437577023675,-32.24536479667607,0 20.15511056883839,-32.2456800581277,0 20.1557052485602,-32.24592570823914,0 20.15631861958277,-32.24617699713735,0 20.15671868836877,-32.2462774160386,0 20.15704259321068,-32.24633824100213,0 20.1573908709613,-32.24642506499898,0 20.15768012543233,-32.24646484752302,0 20.15792213971739,-32.24651661384885,0 20.15828887504483,-32.24657522960241,0 20.15858899876307,-32.2466328617899,0 20.15876100421555,-32.24663503313503,0 20.15894522825088,-32.24662823720897,0 20.15939636472201,-32.24660536604763,0 20.15952176573809,-32.24661322622049,0 20.15968212757795,-32.24664813649832,0 20.16007679045657,-32.2466969721681,0 20.16021278631365,-32.24677904314343,0 20.16026205772987,-32.2468576109831,0 20.16036932643577,-32.24688080382382,0 20.16049445746126,-32.24687810647054,0 20.16061638407794,-32.24689852802935,0 20.16072067275049,-32.24695315104096,0 20.16119944498787,-32.24724954564125,0 20.1613052007537,-32.24730285837359,0 20.16135255178729,-32.24737311710701,0 20.16155754000211,-32.24755798978714,0 20.16165822987187,-32.24765717219886,0 20.16175764490496,-32.24769588518248,0 20.16190176077572,-32.24779409469842,0 20.16203925054335,-32.24793200653595,0 20.16213829020558,-32.24797549965384,0 20.16231320906584,-32.24799687299801,0 20.16242910008114,-32.24794424723366,0 20.16250987339576,-32.24783836698907,0 20.16263657412259,-32.2476905818806,0 20.1627337939222,-32.24762264408155,0 20.16282011838869,-32.24751380102926,0 20.16296920406813,-32.24746372187651,0 20.16304312932319,-32.24741801068083,0 20.16307448970039,-32.24723315356987,0 20.16312497415926,-32.24711155177558,0 20.16320427743117,-32.24701735037416,0 20.16331249588504,-32.24695598956288,0 20.16340435487522,-32.24687099164906,0 20.16350823921485,-32.24681923232699,0 20.16356822948007,-32.24676712257604,0 20.16356696320616,-32.2466615748455,0 20.16359840855147,-32.24650178639133,0 20.16366386964204,-32.24635053005796,0 20.16371384327139,-32.24630179875629,0 20.16383375533445,-32.24629221508309,0 20.16426018474206,-32.24632635990148,0 20.16460225730801,-32.24635684636315,0 20.1648252454532,-32.2463971166595,0 20.165024793752,-32.2464463581141,0 20.16519147035083,-32.24654310672368,0 20.16541201355129,-32.24666096847007,0 20.16560094945023,-32.2467110617682,0 20.16581670353705,-32.24674864045429,0 20.16603625446657,-32.24680065660926,0 20.16615434443723,-32.24685498501027,0 20.16627430102115,-32.24688340580535,0 20.16638659656518,-32.24686925400548,0 20.16654731483573,-32.24688829515154,0 20.16664557826303,-32.24696595200845,0 20.16673350919706,-32.24704349303867,0 20.1669096155019,-32.24710725568731,0 20.1669887413699,-32.24717874768745,0 20.16712440411455,-32.24726184897469,0 20.16730710187439,-32.24729394154688,0 20.16744598503998,-32.24727953274748,0 20.16756067582731,-32.24727434185099,0 20.16765950415729,-32.2473369863356,0 20.16780930536473,-32.24743484379078,0 20.16803605293987,-32.24754191702604,0 20.16820001302182,-32.24758488418495,0 20.16852743817007,-32.24761701201839,0 20.1690211843615,-32.2477520308319,0 20.16926086064692,-32.24781222752407,0 20.16950800360664,-32.24795997101833,0 20.16960173822179,-32.24804286881669,0 20.16975381700987,-32.24815491675355,0 20.16987664285067,-32.24821389812305,0 20.17002574305787,-32.24824511458604,0 20.17014583628016,-32.2482794747802,0 20.17027568329194,-32.24837206561616,0 20.17040410239755,-32.2484826050454,0 20.17053602203406,-32.24875213784372,0 20.17053603146144,-32.24875934781769,0 20.17064990459222,-32.24894905478768,0 20.1709396300924,-32.249272349536,0 20.17119471241428,-32.2494806270835,0 20.17132377870176,-32.24957818712014,0 20.17143465308831,-32.2496023490971,0 20.17196181457573,-32.24958542129223,0 20.17204522134433,-32.24954741583451,0 20.17209321081732,-32.24950352186858,0 20.17217515932278,-32.24950295141738,0 20.17235994960875,-32.249519933782,0 20.17257230576809,-32.24953133621151,0 20.17293647074307,-32.24957849204147,0 20.17305118139704,-32.24959700593416,0 20.17315234363355,-32.2495794887593,0 20.17319492252209,-32.2495528593174,0 20.173493498254,-32.24946697633033,0 20.17378500455144,-32.24940222389722,0 20.17395494250436,-32.24933934357488,0 20.17414884734196,-32.24926814111854,0 20.17435470030196,-32.24926560817924,0 20.1745741980505,-32.24929178038575,0 20.17489703412775,-32.24935861493889,0 20.17553913012262,-32.2493883450496,0 20.17572501737531,-32.24938647711406,0 20.17586369836788,-32.24931356861207,0 20.17593931080389,-32.24913300255775,0 20.17593166744033,-32.24906572526296,0 20.17593927694186,-32.24901914065077,0 20.17602072968893,-32.2489580970383,0 20.17618229035523,-32.24873321682603,0 20.17629629995646,-32.24866472973899,0 20.17629885818546,-32.24866233664333,0 20.17642650648353,-32.24865336213549,0 20.17669918640785,-32.24871103015752,0 20.17687214073705,-32.24874299258455,0 20.17713835302916,-32.24884556342621,0 20.17729781299477,-32.24890880793114,0 20.17732948976328,-32.24898760133352,0 20.17739940203244,-32.24904622909875,0 20.17750339888373,-32.24910508732231,0 20.17767682820054,-32.24917165547962,0 20.17787079892196,-32.24921517429204,0 20.17793691332012,-32.24926421692722,0 20.17802710833919,-32.24937936959723,0 20.17821444031828,-32.24962988130504,0 20.17829273031251,-32.24970104856142,0 20.17843682814855,-32.24982613344797,0 20.1784784506646,-32.24989371251444,0 20.17862358382749,-32.24990871726156,0 20.17872582203941,-32.2499184375399,0 20.1788694159144,-32.24990844220318,0 20.17903881767536,-32.2499034677023,0 20.17920692738035,-32.24987414094762,0 20.17930755756632,-32.24987744927351,0 20.17942171985186,-32.24991163731075,0 20.17951059314507,-32.24989959787407,0 20.17959940681547,-32.24988532509577,0 20.17969619838942,-32.24988841875498,0 20.17978010883449,-32.24995594020588,0 20.17991363396113,-32.25006133906045,0 20.18005872522617,-32.25017901705339,0 20.18013781792402,-32.25018499158435,0 20.18028276432836,-32.25021065829171,0 20.18043068317012,-32.25026882453036,0 20.18057706603992,-32.25032838056269,0 20.18092546613262,-32.25041753058826,0 20.18120558060592,-32.25044653107121,0 20.18133262092938,-32.25043310610383,0 20.1815857999304,-32.25044190287176,0 20.18170385158665,-32.25044762512012,0 20.18184527009511,-32.25050776784897,0 20.18203131177052,-32.25055895794262,0 20.18217070423155,-32.25056338448336,0 20.18230922643956,-32.25058758444642,0 20.18251227722366,-32.25066971354173,0 20.18261747760785,-32.25075775824696,0 20.18274858035243,-32.25084252376598,0 20.18290022401805,-32.25096889728803,0 20.18301910122485,-32.25116841194856,0 20.18310313290359,-32.25133281588563,0 20.18311632834696,-32.25139472705759,0 20.18317464199284,-32.25142715581466,0 20.18323285767128,-32.25140993998431,0 20.18328045693628,-32.2513720364363,0 20.18332885206851,-32.2513784966533,0 20.18334323173864,-32.25141994559274,0 20.18339008545183,-32.25145126270886,0 20.18345370478827,-32.2514424155279,0 20.18349720248809,-32.25139679673051,0 20.18349705842075,-32.25139259946472,0 20.18353527786846,-32.25130796746662,0 20.18358710631109,-32.25124049679752,0 20.18364989018464,-32.25117799358495,0 20.18372869269541,-32.25115449087287,0 20.18382962567931,-32.2511727096326,0 20.18389109118097,-32.25125460030008,0 20.18396384974149,-32.2513103347092,0 20.18408116260012,-32.25133330975897,0 20.18436828693698,-32.25138499188757,0 20.18446639614298,-32.25140488518071,0 20.18453093642546,-32.25143401885886,0 20.1846206422923,-32.25146418858218,0 20.1847034233278,-32.25147123578221,0 20.18489860205692,-32.25147594622583,0 20.18497905005426,-32.25146836153778,0 20.18505962806675,-32.25146281021253,0 20.18517378065581,-32.25147979147477,0 20.18536394325513,-32.25150336964443,0 20.18548314424226,-32.25150514935397,0 20.18555455613941,-32.25149821689141,0 20.1856138913519,-32.25150436872722,0 20.18567053813034,-32.25151688030574,0 20.18574992643098,-32.25154715675998,0 20.18582767953821,-32.25157003342055,0 20.18590131038918,-32.25156723066912,0 20.18598685714389,-32.25157445573351,0 20.18606484427714,-32.25159668935093,0 20.18617029709815,-32.25162177474362,0 20.18629571979802,-32.251659838405,0 20.18656471234434,-32.25169380216819,0 20.18674258895202,-32.2516710695861,0 20.18707557745549,-32.25169276354188,0 20.18733517186646,-32.25171070553273,0 20.18753189048211,-32.25172873024266,0 20.18771912829209,-32.25170237809228,0 20.18772813449454,-32.2517001051088,0 20.18787298238484,-32.25165743533407,0 20.1879992662687,-32.25163182099864,0 20.18815450709736,-32.25163529081709,0 20.18826967918231,-32.25164381356523,0 20.18836584565267,-32.25161943793586,0 20.18847779315742,-32.25158687147482,0 20.18856794864773,-32.25155694312407,0 20.18865403924534,-32.25152897092982,0 20.1887251659935,-32.25151670666803,0 20.18882299537457,-32.25152448642994,0 20.18891819705289,-32.25157921419665,0 20.18905478888811,-32.25165141158134,0 20.18933841305629,-32.2518385708239,0 20.18944072666543,-32.25188871953208,0 20.18951707095047,-32.25192634361859,0 20.18956201708594,-32.25198452672546,0 20.18963132206476,-32.25205467575413,0 20.189666253043,-32.25209517066572,0 20.18976886683829,-32.2521438792208,0 20.18983832789407,-32.2522038522247,0 20.18992416343471,-32.25225141285299,0 20.19001782808506,-32.25230174290101,0 20.19017755777902,-32.25239383462498,0 20.19026804937403,-32.25244551749157,0 20.19036714801652,-32.25249428703567,0 20.19047689856683,-32.2525486877114,0 20.1905492490888,-32.25258950368335,0 20.19060521811506,-32.25260919523733,0 20.19069303652247,-32.25264287845866,0 20.19083133750429,-32.25266127693146,0 20.19090693807434,-32.25267451876004,0 20.1910109147364,-32.2527296564582,0 20.1911381384499,-32.25273567602806,0 20.19127666456362,-32.2527136671968,0 20.19142772571439,-32.25269812489044,0 20.191611361306,-32.25267965734039,0 20.19171818652333,-32.25266441866375,0 20.19183657360138,-32.25259856185485,0 20.19191591190748,-32.25257857960125,0 20.19199781416276,-32.25256220201698,0 20.19206230967155,-32.25250838098196,0 20.19210355339543,-32.25242735914984,0 20.19211143853049,-32.25231459745944,0 20.19212573483277,-32.25225001711605,0 20.19217565682861,-32.25221006440252,0 20.19227618468879,-32.25215863066347,0 20.19231159417723,-32.25208953025167,0 20.19236351340155,-32.25197122650273,0 20.19246189951409,-32.25188520079492,0 20.19252498665861,-32.25183112860377,0 20.19260985817299,-32.25180508699717,0 20.19273287212641,-32.25179330837278,0 20.19281983126702,-32.25185017655926,0 20.19296792007586,-32.25188514164164,0 20.19304339743162,-32.25189955410138,0 20.19317632780749,-32.25190437562321,0 20.19330228320222,-32.25185302155465,0 20.19337560185487,-32.25180552701478,0 20.19337955909441,-32.25180162716595,0 20.19343823801837,-32.25177699820463,0 20.19354196337801,-32.2517659132283,0 20.19355931460493,-32.25176527688748,0 20.19362241020261,-32.25176505056468,0 20.19374441820461,-32.25174027288146,0 20.1938476453057,-32.25168808955068,0 20.19384950597939,-32.2516823747001,0 20.19391758248115,-32.25161007554238,0 20.19398954818277,-32.25156197351539,0</coordinates></LineString>
</Placemark>
<Placemark>
  <name>Untitled Path</name>
  
  <styleUrl>#style_MAIN_ROADS</styleUrl>
  <LineString><tessellate>1</tessellate><coordinates>19.99259979279774,-32.1334865680055,0 19.99664638396969,-32.13437850554121,0 19.99695173096752,-32.13443792306244,0 19.99724420429937,-32.13448956845998,0 19.9976756045367,-32.13455118478253,0 19.99810238151568,-32.13461568227287,0 19.99835566517045,-32.13466950117278,0 19.99866075918389,-32.13473786676925,0 19.9990273333031,-32.1348350877887,0 19.99941649456576,-32.13493108345379,0 20.00046520513013,-32.13515195421444,0 20.0007973385699,-32.13522212599006,0 20.00122735574173,-32.13533536583292,0 20.00155577880739,-32.13543041202404,0 20.00195245057475,-32.13558502951726,0 20.00782455589888,-32.13837491073495,0 20.0095084298392,-32.13912438058012,0 20.01099305087952,-32.13982035380807,0 20.0135402834389,-32.14100716162633,0 20.0138580983349,-32.14115003633383,0 20.01401384444741,-32.14119186451437,0 20.01413749997735,-32.14122793116406,0 20.01428408344249,-32.14132158699069,0 20.0144282097169,-32.14140500569373,0 20.01459655840453,-32.14148969961192,0 20.01683113142386,-32.14252765055363,0 20.01864052352023,-32.14336701161886,0 20.02648945839398,-32.14707649078837,0 20.02677523407817,-32.14720489750708,0 20.02719248975894,-32.14754344119119,0 20.02750155745543,-32.14785226027169,0 20.02778933586878,-32.14819467782746,0 20.02798747371516,-32.14834406551223,0 20.03202765826094,-32.15283317921927,0 20.03548243578042,-32.15677985696514,0 20.03571485666372,-32.15708803929674,0 20.03617804584259,-32.15760064833844,0 20.03634367485576,-32.15782427469117,0 20.03655973517454,-32.15798715226512,0 20.03677196900501,-32.15821725588321,0 20.03693114382267,-32.1584500083688,0 20.03710630382877,-32.15869794353945,0 20.0374456345634,-32.15898481859389,0 20.03746008656779,-32.15900664428169,0 20.03763421018766,-32.15915678327001,0 20.03759318488462,-32.15924986303642,0 20.0374688294849,-32.15941368735318,0 20.03742069587333,-32.15954866167824,0 20.03750467967502,-32.15969583459695,0 20.03766353768505,-32.16000083677058,0 20.03766681149839,-32.16000821465988,0 20.03770397760231,-32.16011397557058,0 20.03770358942352,-32.16011761238296,0 20.03765273917085,-32.16044869647958,0 20.0375786992213,-32.16067042912569,0 20.03751820335084,-32.16102910990229,0 20.03743388961117,-32.16138291324773,0 20.03741894576099,-32.16176460657147,0 20.03734439922103,-32.16200845091716,0 20.03730233197615,-32.16219208708324,0 20.03726190026211,-32.1624573753255,0 20.03719545443669,-32.16260251774163,0 20.03718703523169,-32.16261167500481,0 20.03706682060682,-32.16271153394018,0 20.03694567292657,-32.16277159178691,0 20.03679705194855,-32.16283414334421,0 20.03653425262404,-32.16297189437331,0 20.03632827408758,-32.16303517813126,0 20.03600239699403,-32.16306119797691,0 20.03578379527098,-32.16309996643251,0 20.03564022821974,-32.16324357854937,0 20.03547279224307,-32.16349046946065,0 20.03535626537936,-32.16365786759496,0 20.03524783534293,-32.16384653412335,0 20.03516790535122,-32.16408582885654,0 20.03507369224764,-32.16426882620873,0 20.03506960755176,-32.16428655530925,0 20.03496134948033,-32.16450034788995,0 20.03496138659637,-32.16450698562402,0 20.03494574671172,-32.16473985115027,0 20.0349143093737,-32.16515847440785,0 20.03495568611302,-32.16544007187909,0 20.03497232503954,-32.16590111497166,0 20.0349309219462,-32.16625755062679,0 20.03488315134856,-32.16655587915194,0 20.03484972529788,-32.16680060418126,0 20.03478805358672,-32.16690856597684,0 20.0347508928056,-32.16710820939633,0 20.03471946298518,-32.16731222695024,0 20.03461108110177,-32.16760281475868,0 20.03448085346016,-32.16777027513914,0 20.03437886364293,-32.16796780053431,0 20.0341362083147,-32.16858147421669,0 20.03403204927792,-32.1688498832126,0 20.03380839129253,-32.16912603278515,0 20.03356994765422,-32.16935654187326,0 20.03334872079864,-32.16958976516618,0 20.03322836732336,-32.16975044031792,0 20.03302318417387,-32.16997759449643,0 20.0328124235103,-32.17008773156051,0 20.03270423358125,-32.17026688462335,0 20.03239597820265,-32.17065308322199,0 20.03212507166229,-32.1708169835609,0 20.03192522737911,-32.17095047288436,0 20.0317712041673,-32.17110259492713,0 20.03157145471248,-32.1714603707366,0 20.03146158643217,-32.1717493286988,0 20.03121848136173,-32.17230886925804,0 20.03101474260093,-32.17274641761302,0 20.03085115747323,-32.17296740283827,0 20.03083804576119,-32.17299027172782,0 20.03071988323639,-32.17312584166962,0 20.03071418051791,-32.17325896196329,0 20.03078682720516,-32.17343430410396,0 20.03078637250876,-32.17361400758642,0 20.03079408994219,-32.17375431594156,0 20.03084678857261,-32.17397807525295,0 20.03091669495329,-32.1741233526471,0 20.03116420467897,-32.17433460240149,0 20.03254213915755,-32.17546601940862,0 20.03269087023114,-32.17561636727804,0 20.03278839046683,-32.17575799930502,0 20.03283108450264,-32.17583303607395,0 20.03285065303479,-32.17597342919735,0 20.0330343467428,-32.17613976686745,0 20.03304168007302,-32.17615065138506,0 20.03325902298499,-32.17633005101789,0 20.03350776128798,-32.17651066397913,0 20.03363760827634,-32.1766511255469,0 20.03373905779181,-32.17681941697795,0 20.03392983064039,-32.17711912873317,0 20.03406873697285,-32.17760002281423,0 20.03406719281319,-32.17762102409414,0 20.03419924411608,-32.17798468042634,0 20.03420198333535,-32.17799993422431,0 20.03430088329407,-32.17819981822728,0 20.03433769241882,-32.17855001222764,0 20.03432050691256,-32.17872986400305,0 20.03434023654467,-32.17934802035437,0 20.03438980117253,-32.17990021358176,0 20.03439651125376,-32.17991053789191,0 20.0344464549766,-32.18021506351082,0 20.03449251124232,-32.180547798193,0 20.03455762000434,-32.18074928357062,0 20.0345648681595,-32.18076178648326,0 20.03457381900666,-32.18079505075648,0 20.03463136060273,-32.18104399084352,0 20.03465488966169,-32.18146110524957,0 20.03465383518535,-32.18146813121543,0 20.03457538355106,-32.18175878340018,0 20.03435084210536,-32.18225129798595,0 20.03434887461559,-32.18227017923698,0 20.03436205536574,-32.18272074525407,0 20.03449666677874,-32.18324808413424,0 20.03457432288574,-32.18343866354794,0 20.03477857401847,-32.18363357355454,0 20.03514269052609,-32.18419756173522,0 20.03529064326731,-32.18450477004675,0 20.03536064554369,-32.18525320119301,0 20.0354017044533,-32.1855028305736,0 20.03543177112953,-32.18582031675805,0 20.03550974383452,-32.1859602563725,0 20.03558002007826,-32.1862793401784,0 20.03563712655607,-32.18663199846392,0 20.03568813061633,-32.18697546814379,0 20.03576107416755,-32.18735263272551,0 20.03589337957897,-32.18819124561173,0 20.03594599793908,-32.188562188616,0 20.03602810584971,-32.18922468715777,0 20.03607791424214,-32.18959754319644,0 20.0361077527544,-32.18971610175115,0 20.0360999893103,-32.18983273480609,0 20.03608663879139,-32.18999175459157,0 20.03604698068521,-32.19041772551934,0 20.03603312940666,-32.19080477748451,0 20.03601295946599,-32.19103448398001,0 20.03599935885731,-32.19117528418395,0 20.03595341800207,-32.19132041801621,0 20.03591256976489,-32.19149055842868,0 20.03590818411233,-32.19150127061005,0 20.03589840347461,-32.19163300980966,0 20.03591715341525,-32.19183022584438,0 20.03595399514836,-32.19203649788141,0 20.03598783183127,-32.19218963027427,0 20.03600539731848,-32.19226622601105,0 20.03603576447331,-32.19235039780304,0 20.03602831650031,-32.19249144025299,0 20.03596870966614,-32.19264038480029,0 20.03588324793703,-32.19275894836536,0 20.03588107950695,-32.19276255717809,0 20.03576738029675,-32.19286165809801,0 20.03565462111823,-32.19293562247637,0 20.03564787280458,-32.19293946475989,0 20.03546709509782,-32.19302756204177,0 20.03538515127191,-32.19307117727302,0 20.03528178723706,-32.19315341090983,0 20.03520363127174,-32.19320361675559,0 20.03518996150772,-32.19320955188247,0 20.03501053917044,-32.19329765075793,0 20.03492135592397,-32.19334548906925,0 20.03475467442996,-32.19337351748462,0 20.03455339228441,-32.19333840959583,0 20.0341974443018,-32.19308681057002,0 20.03418690184559,-32.19307771511671,0 20.03386760500766,-32.19295791528116,0 20.03386095030356,-32.19295609563805,0 20.0338431190504,-32.19295628176497,0 20.03357055577003,-32.19290785216018,0 20.03322980572847,-32.19286698917522,0 20.03304498615331,-32.1928804489435,0 20.03274847023239,-32.19297880793803,0 20.03259218736315,-32.19300237243063,0 20.03234981562671,-32.19304060737534,0 20.0321008743653,-32.19307232382673,0 20.0317943534876,-32.19307496864179,0 20.0316209663415,-32.19315661885368,0 20.03160813870674,-32.19330635300571,0 20.03161506191383,-32.19348888903924,0 20.03160978261024,-32.19349756968915,0 20.03156667131383,-32.19362673512131,0 20.03144338517335,-32.19370038480589,0 20.03138725059704,-32.19371369756152,0</coordinates></LineString>
</Placemark>
<Placemark>
  <name>Untitled Path</name>
  
  <styleUrl>#style_MAIN_ROADS</styleUrl>
  <LineString><tessellate>1</tessellate><coordinates>20.00349781886558,-32.40665290944214,0 20.00323021670541,-32.40636390139339,0 20.00313707120581,-32.40625979160572,0 20.002958685779,-32.40606683737197,0 20.00288008839616,-32.40585170004206,0 20.00280252036872,-32.4057473579009,0 20.00260463530073,-32.40566310302633,0 20.00240889515909,-32.40557502084882,0 20.00226075758832,-32.40548750093113,0 20.00207305272883,-32.40539402696977,0 20.00199013900784,-32.40531556482239,0 20.00193703136599,-32.40526392669559,0 20.00183296422527,-32.40522150588169,0 20.00166744675612,-32.40516098320919,0 20.00160005457998,-32.40511167298437,0 20.00158862888373,-32.40503288761234,0 20.00158038099376,-32.40499143602353,0 20.00153189653317,-32.40495178965495,0 20.00146340977918,-32.4049424412319,0 20.00141100203442,-32.4049371183334,0 20.00133389948178,-32.40491008993347,0 20.00128842076389,-32.40486663203303,0 20.00124879622694,-32.40479057032911,0 20.00119531178578,-32.40469129630318,0 20.00119085747334,-32.40468386181959,0 20.00108964955787,-32.40456249374891,0 20.00095101988067,-32.40439639417,0 20.00062107644069,-32.40411017172141,0 20.00030290039957,-32.40389567758026,0 19.99975709784698,-32.40353398276457,0 19.99925586581792,-32.40326294499891,0 19.99912262855024,-32.40316974905498,0 19.99902417970314,-32.40307661064734,0 19.99887380080255,-32.40299594314594,0 19.99858529061497,-32.40288071751125,0 19.99816165672073,-32.40268776420483,0 19.99791761615841,-32.4026265364225,0 19.99772483687725,-32.40260033484841,0 19.99704516389575,-32.40259687525729,0 19.99671940345419,-32.40256804338812,0 19.99630909444918,-32.40255542150542,0 19.99603228343747,-32.40255762717478,0 19.99575235446916,-32.40255071560617,0 19.99557795539474,-32.40252435815921,0 19.99533697885752,-32.40246072819577,0 19.9952377929605,-32.40241925289029,0 19.99511611879825,-32.40237091346752,0 19.99500558632026,-32.40233894849951,0 19.99473033617572,-32.40230887925148,0 19.99451769613411,-32.40227140186029,0 19.99441514701136,-32.40226832442594,0 19.99426974915149,-32.40229802036424,0 19.99419042870472,-32.40232026002035,0 19.99402604025278,-32.40237027669258,0 19.99385941242905,-32.40241055766526,0 19.99384900614867,-32.40241626573504,0 19.99361446058132,-32.40245982417763,0 19.99340021070906,-32.40250581168684,0 19.99313469086546,-32.40254939206665,0 19.99297825162046,-32.40257167035301,0 19.99281909066001,-32.40258768813703,0 19.99262225767041,-32.40260536269319,0 19.99243551745136,-32.40259946690096,0 19.9922226757259,-32.4026075537285,0 19.99200454423195,-32.40260948811276,0 19.99169912678056,-32.40257298882634,0 19.99148344851687,-32.40251760012939,0 19.99117797143948,-32.40244604665485,0 19.99070277256491,-32.40229998577097,0 19.99038024898646,-32.40218701156121,0 19.99002249929251,-32.40207155777477,0 19.98947017408043,-32.40194350893731,0 19.98905173403563,-32.40183933808788,0 19.98876459916581,-32.40177925434733,0 19.98858090516292,-32.40173487001104,0 19.9881099551653,-32.40167515038394,0 19.98773947167186,-32.40164742643206,0 19.9875963201009,-32.4016418424752,0 19.98718147452665,-32.40161738533389,0 19.98678644375192,-32.40157960111139,0 19.98646414661954,-32.4015688116127,0 19.98561817711651,-32.4015329170083,0 19.98494541535487,-32.40150616618543,0 19.98480446002562,-32.4015007214563,0 19.98450865953839,-32.40150284529927,0 19.98425651248056,-32.40149457966469,0 19.98375655702736,-32.40149630538141,0 19.98345398468121,-32.40147866175108,0 19.9830754460829,-32.40146804688948,0 19.98286733997162,-32.40146652099027,0 19.98262718950338,-32.40144352658346,0 19.98241055228406,-32.40142161698334,0 19.98201244942828,-32.40136639405385,0 19.98164555871521,-32.40131266677835,0 19.98110351517801,-32.40123871512136,0 19.98048428719466,-32.40118984219696,0 19.97992131586799,-32.40117401628189,0 19.97960602428029,-32.40115307930038,0 19.97950882776483,-32.40114049183849,0 19.97929879552957,-32.40109906399398,0 19.97909608364831,-32.40102586766065,0 19.97887058069122,-32.40092595887748,0 19.97848251421848,-32.40074758273787,0 19.97827519598203,-32.40062878646638,0 19.97815863094365,-32.40057653952314,0 19.9779909664998,-32.4005170333358,0 19.97781771064184,-32.40043379034768,0 19.97761863875366,-32.40027597333637,0 19.97747027633791,-32.40017768064688,0 19.9772658151909,-32.40004733834061,0 19.97701819291875,-32.39991304120331,0 19.97680551291099,-32.3998173651699,0 19.97660383383239,-32.39974838733965,0 19.97640910920632,-32.39969764040348,0 19.97627137374973,-32.3996716330587,0 19.97601925418812,-32.39963234118309,0 19.97589097176773,-32.39961863173607,0 19.97570656436212,-32.39960961211255,0 19.97519730042308,-32.39960072810978,0 19.97483807231035,-32.39962831486253,0 19.9744427984073,-32.39966323371482,0 19.97430768654172,-32.39968936417117,0 19.97387598263968,-32.39977702215283,0 19.97311827733736,-32.39995426713084,0 19.97297533509741,-32.3999750291561,0 19.97277254716281,-32.40001063357057,0 19.97259262948991,-32.40002426695019,0 19.97233381443712,-32.40001838302912,0 19.97200848192309,-32.39998764192841,0 19.97125642814356,-32.39989927929008,0 19.97084372078393,-32.39985959240563,0 19.97051334075831,-32.39981713320921,0 19.97014997048067,-32.39975942556585,0 19.96998450335678,-32.3997468340038,0 19.9696493195687,-32.39974746405896,0 19.96940400614938,-32.39974986871069,0 19.96902760237949,-32.39972255343493,0 19.9687510831643,-32.39967321172397,0 19.96845601567566,-32.39962137269391,0 19.96825634470994,-32.39959265348395,0 19.96801580779347,-32.39956973551289,0 19.96778609114026,-32.39955044320625,0 19.96764040325092,-32.39954298803735,0 19.96750805415624,-32.39954821169432,0 19.96736330740188,-32.39955607107156,0 19.96720923161561,-32.399577169437,0 19.96712343879778,-32.39958912964794,0 19.96698708059569,-32.39960306995673,0 19.96683800199218,-32.39961106792192,0 19.96668900418963,-32.39961477631002,0 19.96653518898857,-32.39960928665789,0 19.96632725635208,-32.39959366979341,0 19.96612967281597,-32.39958846761522,0 19.966000214459,-32.39958064718316,0 19.96579301284345,-32.39958654063664,0 19.96554784093166,-32.39960247868243,0 19.96538033907202,-32.3996175950107,0 19.96524604629781,-32.39963140349896,0 19.9651243572679,-32.39963827212643,0 19.96496928116513,-32.39963696968002,0 19.96477456431246,-32.39960592275262,0 19.96463565918852,-32.39957486153532,0 19.96448919601631,-32.39954838845023,0 19.96431708316024,-32.39952290051645,0 19.9641592310225,-32.39950327419651,0 19.96402639450789,-32.39949339037326,0 19.96384807217531,-32.3994852673429,0 19.9636853367682,-32.39948512941302,0 19.96349524414064,-32.39950107693916,0 19.9633160270224,-32.39950587640045,0 19.96312412087572,-32.39951545892257,0 19.96294267343847,-32.39953534046802,0 19.96274346815876,-32.3995601959529,0 19.96258234970922,-32.39958360675701,0 19.96241566646657,-32.399605108467,0 19.96223392041462,-32.39963797942151,0 19.9620794936241,-32.39966121450087,0 19.96181055823734,-32.39969972477866,0 19.96163282530471,-32.39971744275321,0 19.96141194253272,-32.39974340605612,0 19.96114423282282,-32.39978450655121,0 19.96084483491447,-32.39982246596763,0 19.9605479378723,-32.3998577516254,0 19.96037740417506,-32.39988163767832,0 19.9600856682276,-32.39993611320728,0 19.9597494871006,-32.39996027389757,0 19.95953336967291,-32.39994679505001,0 19.95927629809766,-32.3999261873924,0 19.9590095825478,-32.39991474962987,0 19.95877382929703,-32.39990240282155,0 19.95855542187047,-32.39990014007959,0 19.95829126573878,-32.39990170595998,0 19.9579482200026,-32.39990661830538,0 19.95764506470454,-32.39992093624785,0 19.95739740107527,-32.39993076064945,0 19.95712368804739,-32.39991295623315,0 19.9568607008156,-32.39988821647525,0 19.9566030510446,-32.39987854010047,0 19.95633857786882,-32.39985166119791,0 19.95610412825502,-32.39983037476487,0 19.95582406832645,-32.39979351631641,0 19.95555390535178,-32.39976264367782,0 19.95531189991139,-32.39973928782996,0 19.95502374512192,-32.39969778704653,0 19.95471408316419,-32.39963311676975,0 19.95447641719003,-32.39959206100888,0 19.95415301250463,-32.39955234938363,0 19.95379195265684,-32.39950549138331,0 19.95348830331548,-32.39947600353677,0 19.95327120040539,-32.39947134759373,0 19.95298450321603,-32.39942140335749,0 19.95268168439409,-32.39934317984067,0 19.95245750059462,-32.39932117699718,0 19.95222075524266,-32.39933009709268,0 19.95197289089152,-32.39932415098897,0 19.95169097563562,-32.39929124569191,0 19.95150346200961,-32.39926359669079,0 19.9512806356844,-32.39923731432577,0 19.9509673499111,-32.39919040447153,0 19.95057171092642,-32.39916212888229,0 19.95013779415847,-32.39912018641351,0 19.94987225770418,-32.39909295759068,0 19.94959252218031,-32.39909577145419,0 19.94936326148693,-32.3990818709422,0 19.94908719773189,-32.39904172965447,0 19.94888524311908,-32.39900793600305,0 19.94862265772003,-32.39898349315262,0 19.94838898748179,-32.39896899400132,0 19.94813617428376,-32.39893961846849,0 19.94791795648117,-32.39892845640559,0 19.94771782134727,-32.39891329113767,0 19.94757283790365,-32.39886634713666,0 19.94745850638608,-32.39881822290616,0 19.94736961211342,-32.39875598099525,0 19.94731423491991,-32.3986794457884,0 19.94730375461188,-32.3985887111411,0 19.94730467104397,-32.39853037861165,0 19.94727454845519,-32.39839809769617,0 19.94723162673088,-32.39828476940034,0 19.94719415057552,-32.39817359720242,0 19.94712863177829,-32.3980768248159,0 19.94703477950296,-32.39797276028413,0 19.94690937730705,-32.39786204816299,0 19.94678729452809,-32.3977581844738,0 19.94662406784741,-32.39765818820515,0 19.94646824940349,-32.39759770448466,0 19.94634789637786,-32.39751480936003,0 19.94623125837542,-32.39739264728367,0 19.9461677687616,-32.39724646217906,0 19.94608883939024,-32.39708978735558,0 19.9460249561802,-32.39695151585563,0 19.94595629925347,-32.39681992070474,0 19.94588901042572,-32.39671771839482,0 19.94577576089215,-32.39665881460274,0 19.94563193073161,-32.39664286835471,0 19.94552044997167,-32.39665759245604,0 19.94541379806368,-32.39668677592586,0 19.94522048307021,-32.39675909093626,0 19.9451079436333,-32.39680534229449,0 19.94489105514681,-32.39686615681539,0 19.944725342879,-32.39690405285666,0 19.94450963728126,-32.39694600673408,0 19.94431807410096,-32.39696600844032,0 19.94407904584891,-32.39698784094346,0 19.94387775843517,-32.39698277683497,0 19.9435822149848,-32.39694886470911,0 19.94331223865195,-32.39691369687603,0 19.94310667206044,-32.39689479077798,0 19.94285664389397,-32.39688802397614,0 19.94262444737857,-32.39688953706546,0 19.94240796493906,-32.39690561837249,0 19.94219336399678,-32.39690204515574,0 19.9419933008659,-32.3968736128146,0 19.94184542850702,-32.39685102873009,0 19.94163536066198,-32.39681008110966,0 19.94142951758892,-32.3967637055801,0 19.94058218637702,-32.39655947539048,0 19.94002994350549,-32.39642419292264,0 19.93931558009972,-32.39623405115995,0 19.93876143506227,-32.39608092421406,0 19.93772725250163,-32.39577393703364,0 19.93749341003521,-32.39570697293354,0 19.93726534405534,-32.39564683522946,0 19.93699460439489,-32.39558219772196,0 19.93678753721867,-32.39552898639094,0 19.93652363363584,-32.39544442383123,0 19.93607423169504,-32.39528301813152,0 19.93570980439107,-32.39514425120262,0 19.93546083881061,-32.39505823575998,0 19.93513629137353,-32.39495159762699,0 19.93493758626208,-32.39489949313046,0 19.93464706481237,-32.39485119337012,0 19.93427505299136,-32.39481653232241,0 19.93373406858491,-32.39477801959869,0 19.93316121879363,-32.39471668329752,0 19.93284783899679,-32.39468510976033,0 19.93241208412844,-32.39467603106226,0 19.93167257698904,-32.39462828573772,0 19.93139809435538,-32.39460790062618,0 19.93139040487458,-32.39460600843043,0 19.93122990712232,-32.39458375220612,0 19.93103363066951,-32.39451417957325,0 19.93047391084452,-32.39430930662708,0 19.93005706220727,-32.39413868943367,0 19.92994297219327,-32.3940601013763,0 19.92969947430384,-32.39383632751515,0 19.92953882468321,-32.39361374152713,0 19.92941946317871,-32.39345181334681,0 19.92928553012855,-32.39334167584436,0 19.92916964108504,-32.39323956918619,0 19.92903047171442,-32.39315149618741,0 19.92886748886886,-32.39303115516557,0 19.92876608432068,-32.39298207283108,0 19.92855908018624,-32.39291845214108,0 19.9285488631554,-32.39291671652467,0 19.92843129017541,-32.39284479571248,0 19.9284285409761,-32.39284065589187,0 19.92834362210445,-32.39276530466863,0 19.92834339250027,-32.39276106794004,0 19.92829601936348,-32.39268001314418,0 19.92818611357211,-32.39261196108919,0 19.92730415219688,-32.39206009000098,0 19.92717089861801,-32.39193953698835,0 19.92704053194883,-32.39184574197035,0 19.92688761658626,-32.3917199861006,0 19.92681191402054,-32.39165153157474,0 19.92670346023007,-32.3915516780816,0 19.92662732947497,-32.39147226542988,0 19.92649974974957,-32.39139049632151,0 19.92636170583063,-32.39131325420587,0 19.92618498570366,-32.39126067625065,0 19.92600971331338,-32.39125339594273,0 19.92578213673242,-32.39127523293242,0 19.92555149365912,-32.39129709794862,0 19.92483429417714,-32.39132466328967,0 19.92469833791954,-32.39134958782329,0 19.92428857699819,-32.39142872253226,0 19.92407356494345,-32.3914611353181,0 19.92366585812644,-32.39151849084097,0 19.92341285190769,-32.39151929571098,0 19.92324575939876,-32.39151215741393,0 19.92292209828477,-32.39145875280029,0 19.92252252157339,-32.39137141092731,0 19.9220724186668,-32.39125627719525,0 19.9209790498416,-32.39101668923667,0 19.92018070228,-32.39081299202417,0 19.91980464323848,-32.39072098822177,0 19.9190514686461,-32.39056401133568,0 19.91751466128925,-32.39029383769059,0 19.91707997360416,-32.39020506550752,0 19.9166170632673,-32.39010510885014,0 19.91633822402574,-32.39003904952769,0 19.91612015763724,-32.38998177324714,0 19.91557426022844,-32.38986755250321,0 19.91513145917672,-32.38976583077016,0 19.91475469224259,-32.38967684590254,0 19.91430757706025,-32.38954789651022,0 19.91358503155126,-32.38934647473258,0 19.91321604560091,-32.38925408955374,0 19.91267887976344,-32.38914193713803,0 19.91209689823285,-32.38898007868559,0 19.91183375386991,-32.38886980481503,0 19.91156256558388,-32.38871538469621,0 19.91138535704452,-32.38860205102163,0 19.91087251617427,-32.38833417352095,0 19.91072110373077,-32.3882364771929,0 19.91040661096398,-32.38800007001536,0 19.91025813456904,-32.387879210493,0 19.91016554059094,-32.38778194229067,0 19.91010893348179,-32.38767413162763,0 19.91003311255888,-32.3875822883971,0 19.90991548580008,-32.38749631491417,0 19.90978295396561,-32.38744510539869,0 19.90966393535708,-32.38738337389663,0 19.90956067773066,-32.38731004937374,0 19.90944940842089,-32.38722784707439,0 19.90937332771004,-32.38716897546503,0 19.90930294599682,-32.38711874780184,0 19.90921610228824,-32.38706685834775,0 19.90906257485021,-32.38699409392742,0 19.90887249146167,-32.38694367552031,0 19.90864260720134,-32.38689678975695,0 19.90778555016262,-32.38671037261486,0 19.90712429695834,-32.38658360388568,0 19.90593341671333,-32.38638674394102,0 19.90432237327943,-32.38609470953167,0 19.90396329946719,-32.38603618594063,0 19.90369773144154,-32.38600031144582,0 19.90350128614669,-32.3859772299487,0 19.90303010633224,-32.38587959586715,0 19.90256487313655,-32.3857944889653,0 19.90163431018605,-32.38565857740781,0 19.90108880575899,-32.38556889539163,0 19.90078085478061,-32.38551023187122,0 19.90043365075234,-32.38545679705825,0 19.89997530511646,-32.38538465332488,0 19.8997439001034,-32.38534985436333,0 19.89912653261247,-32.38525388468387,0 19.89877898339411,-32.38521478765505,0 19.89847899407011,-32.38520116620957,0 19.8979664441326,-32.38518238947025,0 19.89726266608594,-32.38516664646389,0 19.89649162846369,-32.38515546330637,0 19.89562329706722,-32.38511002572566,0 19.89525358305711,-32.38511479971123,0 19.89478585391122,-32.38508622969791,0 19.89450989718309,-32.38507395350272,0 19.89415330138806,-32.38500752076163,0 19.89387907461491,-32.38495323987787,0 19.89364018659233,-32.38487315901514,0 19.8933212608914,-32.38479177223648,0 19.89312120283304,-32.38476336574009,0 19.8929694165714,-32.38475242418005,0 19.89272775875202,-32.38476763048876,0 19.89246070616544,-32.38481524857815,0 19.8910559014322,-32.38531736160224,0 19.89097129218463,-32.38534462812135,0 19.89084707201218,-32.38536304544486,0 19.89073267334886,-32.38533978965563,0 19.89064470832855,-32.38528005019193,0 19.89052154726317,-32.38516509669702,0 19.89039809480878,-32.38508309593215,0 19.89026219143971,-32.38504414719024,0 19.89012696396653,-32.385016426012,0 19.88997486713202,-32.38496985368252,0 19.88986189570247,-32.38491559734785,0 19.88975855730137,-32.38487697636689,0 19.88955144720098,-32.38484321687596,0 19.88945526949848,-32.38485120389507,0 19.88936421277726,-32.38487865103593,0 19.889259282389,-32.38491867401944,0 19.88918360538148,-32.38496921445505,0 19.88907115990579,-32.38503600135663,0 19.88897338310639,-32.38508514133912,0 19.88884030477728,-32.38512831600214,0 19.88876711023285,-32.38516525121793,0 19.88858287320318,-32.38534404361968,0 19.88851534622773,-32.38543678129955,0 19.88847151082724,-32.38550401410416,0 19.88823636739457,-32.38570375528835,0 19.88816262162962,-32.38577286963566,0 19.88810160113536,-32.38584835719043,0 19.88806098850314,-32.38589263457187,0 19.88805490996719,-32.38589822235274,0 19.88800409844912,-32.38593378643903,0 19.88796071198405,-32.38595699481796,0</coordinates></LineString>
</Placemark>
<Placemark>
  <name>Untitled Path</name>
  
  <styleUrl>#style_MAIN_ROADS</styleUrl>
  <LineString><tessellate>1</tessellate><coordinates>19.84414142278317,-32.38195465477915,0 19.84437537047613,-32.38203107803914,0 19.84461532984498,-32.38213541807412,0 19.84492171871092,-32.38224065925628,0 19.84516484080973,-32.38232741718132,0 19.84543645609572,-32.38242331994187,0 19.84580031656715,-32.38254306661127,0 19.84608191024277,-32.38262845404108,0 19.84629324864624,-32.38269718769818,0 19.84678283958082,-32.38284496378718,0 19.84693654768424,-32.38289533223057,0 19.84721285680741,-32.38299389976187,0 19.84749819966191,-32.3831152442455,0 19.84770619630202,-32.38322125286371,0 19.84792833757528,-32.38333810577655,0 19.84835252807005,-32.38357947372825,0 19.84878812482102,-32.38385485692057,0 19.84894164035464,-32.38394664216899,0 19.84924718501414,-32.38406716407154,0 19.84949979154461,-32.38417096969777,0 19.8496704019941,-32.38423912632264,0 19.85005372476934,-32.38438251924775,0 19.8502772646801,-32.38447107127831,0 19.85045022241469,-32.3845575094315,0 19.85060864064421,-32.38463969885228,0 19.85084534861088,-32.38475579190435,0 19.85105647652821,-32.38483690311861,0 19.8512643611503,-32.38491381786053,0 19.85135700871904,-32.38495442846177,0 19.85146813299574,-32.38502303032779,0 19.85160563373965,-32.385093023921,0 19.85172610976914,-32.38514462603072,0 19.85182180710514,-32.38518152793667,0 19.85188933629566,-32.3852059362484,0 19.85197685763176,-32.38522406478474,0 19.85203910574854,-32.38523842658019,0 19.85208586251554,-32.38526438492145,0 19.85214140366959,-32.38529557878896,0 19.85220881840539,-32.38533300142886,0 19.85221070161765,-32.38533440110911,0 19.85228654605403,-32.38536598231679,0 19.85242840095215,-32.3854041475477,0 19.85255234573257,-32.385446821895,0 19.8526647153001,-32.38548372344659,0 19.85277418804985,-32.38551810950315,0 19.85287225155458,-32.38555378079617,0 19.85296034647502,-32.38558271886923,0 19.85305899958349,-32.38560735291429,0 19.85330892652291,-32.38565703531184,0 19.85346329366226,-32.38569532173992,0 19.85360207630434,-32.3857282211621,0 19.85379540470693,-32.38576963289731,0 19.85390041472459,-32.38579769952437,0 19.85402154984568,-32.38580930437345,0 19.85410258630836,-32.385789682167,0 19.85415197776159,-32.38576493438248,0 19.85419900473051,-32.38570884931568,0 19.85420602324658,-32.38561909765339,0 19.85422924111938,-32.38552477563271,0 19.8542570514665,-32.38546941165201,0 19.85433391806807,-32.3854203862485,0 19.85444133957298,-32.38541497493374,0 19.8545889552539,-32.38545717469206,0 19.85469932921419,-32.38551411706674,0 19.85478112935583,-32.38560711471258,0 19.85484457525874,-32.38571268503425,0 19.85488044428389,-32.38581669568782,0 19.85492144745949,-32.38596273691039,0 19.85499511881676,-32.38608192445509,0 19.85512728317406,-32.38616318944327,0 19.85532133954303,-32.38623221477284,0 19.85565866240861,-32.38631576892596,0 19.85593836011667,-32.38634518078721,0 19.85623863727091,-32.38635189860321,0 19.85704641121536,-32.38639648678365,0 19.85727097357819,-32.38640869232729,0 19.85764910360778,-32.38643696177978,0 19.85783085587571,-32.38644303640292,0 19.85815600230701,-32.386444219886,0 19.8583645669531,-32.38645539762343,0 19.85879879630124,-32.38652169690054,0 19.8590359647982,-32.38657349282204,0 19.85938649308021,-32.38666262619567,0 19.85979644387148,-32.38680262684629,0 19.86014158239216,-32.38690903693508,0 19.86050085551947,-32.3869876383452,0 19.86073279034853,-32.38705049205701,0 19.86100435859373,-32.38711985613445,0 19.86138769160861,-32.38721085659987,0 19.86182891579556,-32.3872796567895,0 19.8620720167615,-32.38730731828066,0 19.86218968045287,-32.38729394256482,0 19.86228874061746,-32.38725908090806,0 19.86235665756341,-32.38724147856623,0 19.86244599206694,-32.38724224982085,0 19.86251175711829,-32.38727427472887,0 19.86257288926445,-32.38731192904615,0 19.86273482478624,-32.38740282623748,0 19.86283914907549,-32.38743909525091,0 19.86296746719878,-32.3874649047518,0 19.86318512092164,-32.38749790830691,0 19.86334513977205,-32.38751991125335,0 19.86362928554077,-32.3875509235756,0 19.86386727757179,-32.38758256975627,0 19.86407178793651,-32.38761148638303,0 19.86444399097336,-32.38765581202121,0 19.8647194063143,-32.38768020618397,0 19.86490347826658,-32.38770253337691,0 19.86508485843213,-32.38772588691561,0 19.86527436337336,-32.38774810353554,0 19.86558119517657,-32.38779848285554,0 19.86582108609162,-32.38783301539173,0 19.86598051153235,-32.38785976974307,0 19.86661080570413,-32.38794462562193,0 19.86688119315018,-32.38797816313203,0 19.86704023590051,-32.38800296648127,0 19.86733597193431,-32.38803784378562,0 19.86776043554655,-32.38810424490277,0 19.86792640059971,-32.38812923284421,0 19.86826077469872,-32.3881931810999,0 19.86856766769476,-32.38826193071886,0 19.86962586356516,-32.3883960212525,0 19.87051633295399,-32.38848028663329,0 19.8708194569387,-32.3885061815406,0 19.87157135448571,-32.38857975445625,0 19.87221087014747,-32.38864573958067,0 19.87262154089486,-32.38864323004009,0 19.87293908872121,-32.38860103504992,0 19.87317182774103,-32.38852317697769,0 19.87398468304754,-32.38824415398551,0 19.87410424568573,-32.38817693607768,0 19.87418223457781,-32.38810157992333,0 19.87425275301468,-32.38797506586069,0 19.8742883724272,-32.3878546952923,0 19.87430744063951,-32.38763690551754,0 19.87428319875495,-32.38744779098673,0 19.87433619173993,-32.38719386404699,0 19.87438827170061,-32.38700391038049,0 19.87447811791576,-32.38681521015401,0 19.87468000068908,-32.38662750229126,0 19.8748762338812,-32.38652810725534,0 19.87512072881717,-32.38647123466992,0 19.87610390978058,-32.38621539260938,0 19.87640854352886,-32.38609816036954,0 19.87664807533255,-32.38598902605396,0 19.87690339734493,-32.38586615109301,0 19.87708421802074,-32.38572922445265,0 19.87729185033936,-32.38554303841496,0 19.87750437397529,-32.38535139038404,0 19.87766386148932,-32.38517040171769,0 19.87785807499308,-32.38500820094799,0 19.87803838368902,-32.38494327787552,0 19.87823046768385,-32.38488365752675,0 19.87847072162341,-32.38485684953542,0 19.8786832034758,-32.38486885489913,0 19.87889549197496,-32.3849442468319,0 19.88109755297453,-32.38575299495743,0 19.8815549228528,-32.3859047507245,0 19.88181908020825,-32.3859762420104,0 19.88199854049686,-32.38602950552562,0 19.88239296243479,-32.38609517542225,0 19.88284630814288,-32.38617220782335,0 19.88330369816772,-32.38626534582861,0 19.88347501445423,-32.38629716764243,0 19.88366235930047,-32.38630287413614,0 19.88391756894339,-32.38630808878673,0 19.88423730583951,-32.38629809720082,0 19.88457823251212,-32.38629652100111,0 19.88488734272257,-32.38629165400596,0 19.88530608083583,-32.3862926885294,0 19.88575424963426,-32.38628896611291,0 19.88653139076753,-32.38626813265741,0 19.88665640212084,-32.38627560461584,0 19.88678151652891,-32.38623601923085,0 19.8868879472084,-32.38615519315579,0 19.88699764497641,-32.38608426905197,0 19.8871472179009,-32.38601915598368,0 19.88729538671507,-32.38598169750541,0 19.88749093284794,-32.3859506481167,0 19.88762547379291,-32.38594754312612,0 19.88785012007291,-32.38594824224015,0 19.88796144989461,-32.38596141361045,0 19.88806985522638,-32.38596433644405,0 19.88816613825603,-32.38593209711578,0 19.88827282601833,-32.38591019302113,0 19.88837280224225,-32.38589212000053,0 19.88849361821941,-32.38588377460484,0 19.88867758977417,-32.38589383194269,0 19.88868187789041,-32.38589721886682,0 19.88884971566874,-32.38597106358324,0 19.8890126841865,-32.38603652117936,0 19.88913860637224,-32.3860927805915,0 19.8891422209495,-32.38609263857382,0 19.88928329880687,-32.38614699770594,0 19.88944326190035,-32.38621506314411,0 19.88952440260478,-32.38623434619531,0 19.88957895423973,-32.38626550692836,0 19.88962218963028,-32.38633010683602,0 19.88964413880991,-32.38641399134823,0 19.88959761235462,-32.38648441831001,0 19.88955023603126,-32.38653534251051,0 19.88951760171991,-32.38660846650925,0 19.88947395244997,-32.38667904180021,0 19.8894387701134,-32.3868025888772,0 19.88899025082897,-32.38830188492412,0 19.88892331354501,-32.38854320453873,0 19.88886301941533,-32.38875597243177,0 19.88883334190702,-32.3888816813777,0 19.88884743939371,-32.38895953207676,0 19.88892483104582,-32.38901836625995,0 19.88903408771595,-32.3890303087662,0 19.88916189936528,-32.38903592529739,0 19.8892952358651,-32.38905287841096,0 19.88942213718127,-32.38909028792014,0 19.88961687699874,-32.38916549884338,0 19.88985161013282,-32.38925776401732,0 19.89064569122168,-32.38959967514685,0 19.89080168047697,-32.38968087866241,0 19.8909650861305,-32.3897869613001,0 19.8912827529627,-32.39004923855046,0 19.89176146809821,-32.39044082358443,0 19.89228198794769,-32.39084565781715,0 19.89314689408448,-32.39153417445565,0 19.89349262382024,-32.39184479779731,0 19.89801865560598,-32.39591154762186,0</coordinates></LineString>
</Placemark>
<Placemark>
  <name>Untitled Path</name>
  
  <styleUrl>#style_MAIN_ROADS</styleUrl>
  <LineString><tessellate>1</tessellate><coordinates>20.1104201653991,-32.27463491114493,0 20.11075229827712,-32.27497216427236,0 20.11106832479156,-32.27531057886771,0 20.11135478044364,-32.27566279344645,0 20.11153711466994,-32.27587825289757,0 20.11153999229004,-32.27587830744885,0 20.11186836916179,-32.27629134102929,0 20.11228483037047,-32.27696422644855,0 20.11263940530061,-32.27738500154658,0 20.11280259910668,-32.27759449691201,0 20.11310175897032,-32.27826253708815,0 20.11327418307206,-32.27855148980431,0 20.1133614929788,-32.27867296372709,0 20.11347762654638,-32.27880273264244,0 20.11372743270129,-32.2794258899648,0 20.11379906242256,-32.27974342372691,0 20.11386349706266,-32.28003602019521,0 20.11388977252401,-32.2802994686783,0 20.11394313429711,-32.28050893627171,0 20.11405617244072,-32.28086180535775,0 20.1141400892013,-32.28114681527486,0 20.11422160365341,-32.281408940839,0 20.11432084407916,-32.28176892711283,0 20.11439032614924,-32.28207809947372,0 20.11451043566331,-32.28241092607858,0 20.11458065935843,-32.28266673840367,0 20.11462146937652,-32.28284511250917,0 20.1146768310019,-32.28299154727832,0 20.11476559064609,-32.28316110846894,0 20.11484744644152,-32.283244421413,0 20.11494277758206,-32.28337679403207,0 20.11504395951601,-32.28354307125979,0 20.11515097908692,-32.28371761904305,0 20.11521223416403,-32.28400709130779,0 20.11525985107089,-32.28428470946023,0 20.11529372922235,-32.28448717681894,0 20.11532695301423,-32.28465541745119,0 20.11542300821586,-32.28488680418742,0 20.11557129006724,-32.28523109440502,0 20.11567802004004,-32.28544409974251,0 20.11583525110073,-32.28569685090532,0 20.11607243902671,-32.28609360042159,0 20.11625667444297,-32.28640478946589,0 20.11659785082452,-32.28693048823715,0 20.11674032970339,-32.28714071701543,0 20.11682294515235,-32.2873404622071,0 20.11688433663241,-32.28758096938309,0 20.1169395487406,-32.28777556873015,0 20.11700557543361,-32.2879505962139,0 20.11708652545778,-32.28814767372002,0 20.11730706816569,-32.28861045966138,0 20.11744530613634,-32.28886467745763,0 20.11756036010482,-32.28907142366519,0 20.11765828403328,-32.28921973513319,0 20.11790470141836,-32.28959633336047,0 20.11810197457569,-32.28988143225745,0 20.11821996003917,-32.29005248144082,0 20.11829231047771,-32.29019115377362,0 20.11837147688475,-32.29041260679042,0 20.11846719154847,-32.29068636692897,0 20.11857718133869,-32.29096065291988,0 20.11867336843655,-32.29120244686123,0 20.11889392954291,-32.29191419015463,0 20.11899105664433,-32.29221714555839,0 20.11902829427147,-32.29244515903709,0 20.11906091265151,-32.29291102269737,0 20.11909115606764,-32.29327494015936,0 20.11906242195649,-32.29356577286363,0 20.11901981163284,-32.29385211053143,0 20.11902296597433,-32.29396832956486,0 20.11907995851786,-32.29407279708138,0 20.11913571692806,-32.29419890996807,0 20.11919023852558,-32.29438449845294,0 20.11924426311652,-32.29459854727927,0 20.1193089980709,-32.29475112569658,0 20.11939424882302,-32.29489112248,0 20.11948167044172,-32.29501042777198,0 20.11957854375467,-32.29509443793022,0 20.11965834276939,-32.29521808917061,0 20.11972708606658,-32.29540377872772,0 20.11973997047968,-32.2955194512495,0 20.11972565201986,-32.29563165692414,0 20.11969880479636,-32.29576924681128,0 20.11970357448672,-32.29596185883442,0 20.11975696294004,-32.29621241434082,0 20.11977019886486,-32.29637901464425,0 20.11979584116973,-32.29658763551253,0 20.11984837965919,-32.29684493112995,0 20.1199327003796,-32.29710252227805,0 20.11996691349068,-32.29727000621639,0 20.11996645718273,-32.29769425365065,0 20.12001035595719,-32.29797774404143,0 20.12006733719953,-32.29828909722006,0 20.12018209378832,-32.29869511247637,0 20.12030018257903,-32.2990044371526,0 20.12039926070527,-32.29924991640835,0 20.12044374954007,-32.2994435925993,0 20.12049662156389,-32.2996045906295,0 20.12055867029029,-32.29969142916879,0 20.12066892374767,-32.29976900614974,0 20.1207664214042,-32.29982783894442,0 20.12081105783347,-32.2998967116621,0 20.12081114726205,-32.29998705896818,0 20.12076951497504,-32.30032548781151,0 20.12070859992052,-32.30060656186049,0 20.12068712850044,-32.30078325833716,0 20.12068841110931,-32.30092196358574,0 20.12068828809749,-32.30164719268367,0 20.1207696907894,-32.30198330943978,0 20.12091455159851,-32.30245932401439,0 20.12104217645337,-32.30284783090586,0 20.12110575724754,-32.30314285256895,0 20.12122494492449,-32.30338599378226,0 20.12138945463882,-32.30365082017202,0 20.12150262038621,-32.30384843032756,0 20.12161145913936,-32.30402323526904,0 20.12169584040194,-32.3042520433883,0 20.12185476099419,-32.30472197125679,0 20.12199511122964,-32.30501555104206,0 20.12217331374396,-32.30532871255148,0 20.1222435307513,-32.30549800082886,0 20.12222771889811,-32.30575478170233,0 20.12222561069739,-32.30591887707927,0 20.12226189285499,-32.3061347993449,0 20.12237913398803,-32.30631980593985,0 20.12248978252219,-32.30648975147978,0 20.12263736350392,-32.30669771416271,0 20.12297173262511,-32.30735441193369,0 20.12312456267062,-32.3077030020038,0 20.12340179113418,-32.30845461377843,0 20.12387057489341,-32.30948588250012,0 20.12413684181101,-32.31018539943253,0 20.12424388164003,-32.31062170364702,0 20.12435759185151,-32.3110897534378,0 20.12454044189506,-32.31154361358342,0 20.12472808111032,-32.31199580352082,0 20.12487347482545,-32.31228247663548,0 20.12500155479177,-32.31258912831845,0 20.12523505690051,-32.313127615581,0 20.12535482378886,-32.31343342471642,0 20.12552518556111,-32.31378829517665,0 20.12565527882749,-32.31411294561892,0 20.12578272388022,-32.31433338662057,0 20.12593277571865,-32.31461718620907,0 20.12614617289992,-32.31498184620907,0 20.12624830832012,-32.31512802088375,0 20.12643573818075,-32.3154387402348,0 20.12657821864078,-32.31565470815744,0 20.12668690986542,-32.31578478269088,0 20.12681455718034,-32.3159721199216,0 20.1269323048458,-32.31620925746969,0 20.12699435255835,-32.31653145425515,0 20.12706373007934,-32.3168008508016,0 20.12709042838264,-32.31707299120956,0 20.12710327385369,-32.31729517982952,0 20.12710532854343,-32.31730451964526,0 20.12715225225774,-32.31766166183017,0 20.12717836727831,-32.31791861899364,0 20.12723628174601,-32.31812886681015,0 20.12731913442445,-32.3183825983875,0 20.12741404491016,-32.31859432854344,0 20.12771487367528,-32.3190764907154,0 20.12786125251187,-32.31931447941459,0 20.12786191591296,-32.31931856765537,0 20.12797342252874,-32.31947955646911,0 20.12815501827093,-32.31975272353338,0 20.12831305717853,-32.3199952238558,0 20.12843530981139,-32.32017003192649,0 20.12867730278031,-32.32053031791524,0 20.12889963066815,-32.3208198236261,0 20.12913700487276,-32.32119301559154,0 20.12935925396479,-32.32153480392412,0 20.12946168308756,-32.32170361470195,0 20.12964994199656,-32.32207729125625,0 20.12970764775287,-32.32228989767379,0 20.12990896244966,-32.32285833573669,0 20.12999614468523,-32.32308149123298,0 20.13007235811476,-32.32322017271316,0 20.13036607900439,-32.32379030061171,0 20.13060323835191,-32.32417134434908,0 20.13071034166689,-32.32432881102962,0 20.13078915624899,-32.32447899790879,0 20.13114590588794,-32.32525864744599,0 20.1313170148248,-32.32559745284373,0 20.13150546685688,-32.32610214608435,0 20.13173542590328,-32.32655215991123,0 20.13188840632263,-32.32677169746025,0 20.13200813538584,-32.32693829714521,0 20.13204405365486,-32.32700395854023,0 20.13210717947317,-32.32726670483521,0 20.13215835936476,-32.32752553012247,0 20.13228029652001,-32.3282918248901,0 20.13229319745537,-32.32852514751153,0 20.13236568890257,-32.32873591554329,0 20.13248199811154,-32.32892839229508,0 20.13282314302794,-32.32931434956443,0 20.13317890605713,-32.32978987730457,0 20.13339544793446,-32.33009214628407,0 20.13358996587365,-32.33039083302064,0 20.13365228482905,-32.33054175829502,0 20.13372451979772,-32.33068653005653,0 20.13387089836373,-32.33103751087697,0 20.13399018774859,-32.3313377277924,0 20.13418714003666,-32.33187169594019,0 20.13436497936398,-32.33231782665735,0 20.13446071539296,-32.33273193131979,0 20.13454338194503,-32.33297993122421,0 20.13479830704825,-32.33329662543429,0 20.13496328794214,-32.33346190718009,0 20.13522509262469,-32.33373162620746,0 20.13538892427356,-32.33396231097755,0 20.13548068972953,-32.33409497807447,0 20.1355665208022,-32.33422001900181,0 20.1357698442116,-32.33450866102884,0 20.13589792708894,-32.33473231094734,0 20.13598856407431,-32.33488686914404,0 20.13611472932984,-32.33518411479189,0 20.13628579503288,-32.33547486976391,0 20.1362873344166,-32.33548323408982,0 20.13639405964887,-32.33564772434905,0 20.13653680108075,-32.33593967778921,0 20.13662529726499,-32.33620177857414,0 20.1366906945417,-32.33635426542968,0 20.1368271000926,-32.3367742130789,0 20.13688388352008,-32.33704136889752,0 20.1370102021856,-32.33742761102504,0 20.13717910698717,-32.33767962345949,0 20.13728453910317,-32.33787358303578,0 20.13759771801447,-32.33817894288048,0 20.1377463648624,-32.33834428364565,0 20.13787871900155,-32.33853374421257,0 20.13820747256386,-32.33889232202633,0 20.13820823679025,-32.33889669030279,0 20.13839089289217,-32.33909183812615,0 20.13863772845436,-32.33933697634156,0 20.13890903863876,-32.33962865712912,0 20.13907890875639,-32.3397731166759,0 20.1393052013454,-32.33999004054998,0 20.13956255319215,-32.3401522556306,0 20.13976370049724,-32.34020180332276,0 20.14021194859031,-32.34033830191756,0 20.14131649254285,-32.34040036875412,0 20.14192576812325,-32.34042518978065,0 20.14228659379338,-32.34047748852419,0 20.14286817155331,-32.34057929090717,0 20.14358525425938,-32.3406906810186,0 20.1440843901521,-32.34079438102861,0 20.14424329849622,-32.34084776737933,0 20.14453733000043,-32.34095119974508,0 20.14474410668172,-32.34103676020414,0 20.14505507370716,-32.34116668469748,0 20.1454395497194,-32.34134027037208,0 20.14568946593866,-32.34147382443497,0 20.14588072270948,-32.34164214221371,0 20.14607891551737,-32.34179647787111,0 20.14632786856638,-32.34199885898102,0 20.14656163911646,-32.34218110115079,0 20.14669903894869,-32.34226397712435,0 20.14696556459487,-32.34246961537724,0 20.14713713888322,-32.34258827794523,0 20.14731301474578,-32.34273065847492,0 20.14785906653053,-32.34316965048144,0 20.14810776756096,-32.34336846176577,0 20.14831718818474,-32.34354966962151,0 20.14850163797296,-32.34380942907819,0 20.148754918593,-32.34405391343476,0 20.1490371737364,-32.34435098583204,0 20.1497325261581,-32.34501070698916,0 20.15018177811941,-32.34543368816677,0 20.1505060963552,-32.34571474855455,0 20.15088915708589,-32.34603002893626,0 20.15116570957422,-32.34629174325691,0 20.15158062762564,-32.34672304503542,0 20.15180060246926,-32.3469349229476,0 20.15209811324584,-32.34723761279612,0 20.15217545298459,-32.34742792214477,0 20.15224562181941,-32.34759566739697,0 20.15233389670411,-32.34788290586124,0 20.15245764662438,-32.34810776767874,0 20.15265421812834,-32.34830076725052,0 20.15302032090715,-32.3486693201424,0 20.15364149557669,-32.34925847514509,0 20.15397291727564,-32.34964281555992,0 20.15426235049571,-32.34998863345131,0 20.15459734389683,-32.35033985133428,0 20.15489234544254,-32.35055608542135,0 20.15524628278163,-32.35080164712083,0 20.15535509877291,-32.35091326580383,0 20.15540380906961,-32.35100811242247,0 20.15550650620838,-32.35119629754713,0 20.15562201559867,-32.3513810498014,0 20.15586369919799,-32.35175542647714,0 20.15612715869073,-32.35205380410025,0 20.15648925224223,-32.35243328531551,0 20.15722886234082,-32.35318676864394,0 20.15781079916708,-32.35379030631344,0 20.15836917376295,-32.35440815671639,0 20.15862429474768,-32.35464878292336,0 20.15883319793977,-32.35484750179011,0 20.15897001532948,-32.354976509707,0 20.15901716212381,-32.35510934562604,0 20.15901736869276,-32.35511369248548,0 20.15907691930574,-32.35523658685055,0 20.15919564119378,-32.35543039937692,0 20.15934031312823,-32.35563243609038,0 20.15954175867565,-32.35579766646658,0 20.16051857317118,-32.35675946139274,0 20.16064791593952,-32.35689617347178,0 20.16098585503133,-32.35723356082423,0 20.1616724273762,-32.35781692051464,0 20.16228015021806,-32.35832339744036,0 20.16269824289224,-32.35867788260197,0 20.16300374687433,-32.35894299244207,0 20.16370773420752,-32.35958248140791,0 20.16430715322054,-32.36014209458612,0 20.1647887022455,-32.36055354146062,0 20.16499528097306,-32.36068285061114,0 20.16551628657162,-32.36100479692215,0 20.16565843327222,-32.36111493217175,0 20.16571197612515,-32.36121618904542,0 20.16578878826094,-32.36159482968235,0 20.1658820660437,-32.3617492485543,0 20.16626719939838,-32.36220875087447,0 20.16639302347085,-32.3623732992825,0 20.16650535020023,-32.36249295099751,0 20.16661847495768,-32.36255971136099,0 20.16675633002335,-32.36261474402142,0 20.16687705060866,-32.3627379265899,0 20.16692334165421,-32.3628836132518,0 20.16697914732248,-32.36302571583741,0 20.16705310977386,-32.36312332717666,0 20.1671628847377,-32.36330821461635,0 20.16729449596566,-32.36350741478628,0 20.16730105750781,-32.36351806314244,0 20.16741163577273,-32.3636883010212,0 20.16756460323473,-32.36384399786533,0 20.16792214724237,-32.36414492881517,0 20.16825519338054,-32.36444834454328,0 20.16874150601086,-32.36490788577578,0 20.16893088778437,-32.36509492730075,0 20.16918134815485,-32.36530725152935,0 20.16941763669696,-32.36548982382535,0 20.16959641077934,-32.36561004379129,0 20.16974556793855,-32.36571246879788,0 20.17006836537982,-32.36598198429567,0 20.17036532784284,-32.36625152587864,0 20.17055133497957,-32.36643680171348,0 20.17070492546662,-32.36659336474841,0 20.17086154142469,-32.36674933673935,0 20.17102887942858,-32.36689100609891,0 20.17118793755792,-32.36698729415024,0 20.17139858357961,-32.36712114362765,0 20.17155101663401,-32.36720272580871,0 20.17184656962219,-32.36736091560714,0 20.17203843363855,-32.3674527034747,0 20.17219606209999,-32.36754521951439,0 20.17232972725392,-32.36763579221304,0 20.17242285759669,-32.36769473766183,0 20.172557760525,-32.36775609981613,0 20.17267633694351,-32.36778790876263,0 20.1727814176551,-32.36781086821936,0 20.17290565553556,-32.36783056460255,0 20.17297888533485,-32.36787280315898,0 20.17312996219323,-32.36799244625171,0 20.17326009935935,-32.36808664500112,0 20.17342271177627,-32.36820798771856,0 20.17359397496642,-32.36834368433733,0 20.1737077730885,-32.36843162240022,0 20.17377549949646,-32.36852368908443,0 20.17384139975749,-32.3686376065428,0 20.17388576515992,-32.36879150807442,0 20.17394139985581,-32.36891869781487,0 20.17406079576259,-32.36901924062158,0 20.17422822443618,-32.36909591682413,0 20.17442005156616,-32.36919595415458,0 20.17457676298508,-32.36927099077412,0 20.17476588118768,-32.36938872914862,0 20.17493238920102,-32.36950819766118,0 20.17493854280435,-32.36951490395116,0 20.17512849620523,-32.36965352425132,0 20.17532531643944,-32.36985657192804,0 20.17579999263383,-32.37035020036333,0 20.17621585195441,-32.37078880441101,0 20.17651480642137,-32.37110159572238,0 20.17664273954049,-32.3712349786482,0 20.17697401977944,-32.37154984464443,0 20.17721905932085,-32.37176011889155,0 20.17759417537989,-32.37211415717214,0 20.17782271966159,-32.37233974065476,0 20.17798019832448,-32.37243141511416,0 20.17812165946304,-32.3725012610095,0 20.17841386577013,-32.37260427428794,0 20.17865483818759,-32.37270336271386,0 20.178847346576,-32.37279462677594,0 20.17894084503376,-32.37287309823758,0 20.17895890761065,-32.37295035392018,0 20.17894730594924,-32.37312639845271,0 20.17895859097419,-32.3732559113789,0 20.17901311686705,-32.37336098330123,0 20.17924929427473,-32.37364501257756,0 20.17967192597077,-32.37415255694086,0 20.17996437128215,-32.3744551359251,0 20.18034749714695,-32.37484369738504,0 20.18058610700766,-32.37512303879792,0 20.18087053420597,-32.37543188898982,0</coordinates></LineString>
</Placemark>
<Placemark>
  <name>Untitled Path</name>
  
  <styleUrl>#style_MAIN_ROADS</styleUrl>
  <LineString><tessellate>1</tessellate><coordinates>20.00423113602118,-32.35315890298796,0 20.00408495841046,-32.35299045118002,0 20.00392719789053,-32.3529204027371,0 20.00364172534781,-32.35279675866628,0 20.00338337236288,-32.35270832921449,0 20.00321860501298,-32.35262739690809,0 20.00304458690366,-32.35251338290454,0 20.00278903700284,-32.3524577591694,0 20.00245803444877,-32.35240450873869,0 20.00210003894071,-32.35231784361174,0 20.00183894193652,-32.35231238316788,0 20.00170030569963,-32.35230895554134,0 20.0015351867173,-32.35228187112788,0 20.00132681631834,-32.35221607705989,0 20.00103524310957,-32.35213202769309,0 20.00083458585226,-32.35212117477297,0 20.00064943821322,-32.35210594229339,0 20.00051846266313,-32.35209715489386,0 20.00051253297961,-32.35208728646027,0 20.00038941523743,-32.35203005009012,0 20.00030842226981,-32.35195424697312,0 20.00030788216307,-32.3519444369376,0 20.00021113375555,-32.35179825593772,0 20.00021053959243,-32.35178828511328,0 20.00014017998055,-32.35164987988734,0 20.00013844014869,-32.35162436555187,0 20.0000375197967,-32.35147648330595,0 19.99987823989901,-32.35140264751151,0 19.99973776539638,-32.35136553082451,0 19.999629272189,-32.35137154966292,0 19.99955976837154,-32.35142134814745,0 19.99948709158461,-32.35154370781846,0 19.99946143841812,-32.35167147904337,0 19.9993813576511,-32.35181056698034,0 19.99931897065413,-32.3519973219537,0 19.9992749864625,-32.35214222010397,0 19.99926901542646,-32.3523240303951,0 19.99927910749266,-32.35259066661918,0 19.99928228824216,-32.35277156241192,0 19.999292685245,-32.35299239202485,0 19.99926752864406,-32.35324518031256,0 19.99922174150046,-32.35348670862337,0 19.99922213458795,-32.35349133962136,0 19.99915257561768,-32.35374414671143,0 19.99909978919137,-32.35386751969007,0 19.99902640540756,-32.35398876753361,0 19.99899924789932,-32.35413987399083,0 19.9990035225947,-32.35432880688242,0 19.99898675778458,-32.35448929752266,0 19.99903003194673,-32.35458130712321,0 19.99904155740182,-32.35459517100532,0 19.9991158998807,-32.35468248317839,0 19.99915485917633,-32.35479913734733,0 19.99919003803315,-32.35496902957804,0 19.99923671451116,-32.35506190628431,0 19.99924953521559,-32.35508153228776,0 19.99936519573502,-32.35520910638469,0 19.99938286477231,-32.35522384701309,0 19.99951579463355,-32.35538710809753,0 19.99958210225404,-32.35554123091951,0 19.99962150469655,-32.35570100046243,0 19.9996222127372,-32.35570999995141,0 19.99985392126684,-32.3562487510866,0 19.99997877016852,-32.35644138467351,0 20.00002564575391,-32.35666147831102,0 20.00002635032535,-32.35668068399441,0 19.9999722890963,-32.35684032628826,0 19.99985791275448,-32.35695402068365,0 19.99978338861286,-32.3570861395042,0 19.99974034456246,-32.35719009391472,0 19.99965413792593,-32.35736812742244,0 19.99957193804251,-32.3574948521069,0 19.99951453978402,-32.35757704915415,0 19.99950834206063,-32.35767281843039,0 19.99951898543509,-32.35785490262875,0 19.9994689746947,-32.35794837791771,0 19.99934810999407,-32.35805372021101,0 19.99926267387443,-32.3581688784604,0 19.99920163614301,-32.35829790941212,0 19.9992240664195,-32.35850735914319,0 19.99921983375131,-32.35852135052573,0 19.99927759462591,-32.35889939616678,0 19.99927774343398,-32.3590419052565,0 19.99928825575621,-32.3591244852487,0 19.99930545316786,-32.35937447782427,0 19.99932321065948,-32.35963269452364,0 19.99932420185153,-32.3596471071005,0 19.9993398896839,-32.35979498593916,0 19.99934118344226,-32.35981387659304,0 19.99931600938339,-32.36000416024257,0 19.99932624173305,-32.36015101290141,0 19.99932703811547,-32.36016459579442,0 19.99938616455513,-32.36039067236731,0 19.99947256999174,-32.3606317589867,0 19.99958724996116,-32.36079193998869,0 19.9995933041906,-32.36080181800192,0 19.99973294612991,-32.36096408961826,0 19.99984138609814,-32.36108964078488,0 20.00000224713217,-32.36119233387608,0 20.00000782856585,-32.36119716187077,0 20.00008059188082,-32.36127809348582,0 20.00010695783338,-32.36145221122182,0 20.00010709435306,-32.36145674107365,0 20.00013904522474,-32.36164123102144,0 20.0002664878431,-32.36222242076565,0 20.00030849882769,-32.36244193462767,0 20.00030872571896,-32.36245632838875,0 20.00024701976333,-32.36267659358362,0 20.00019042669902,-32.3628412020086,0 20.0001905827863,-32.36285035642099,0 20.00016419044077,-32.36311653770706,0 20.00013172856804,-32.36328836227099,0 20.00014120822342,-32.36340669144732,0 20.00017378091357,-32.36363635431334,0 20.00018349731151,-32.36383175652453,0 20.00017987355608,-32.36417612061541,0 20.00020085881027,-32.3643941375808,0 20.00020112424125,-32.36440841446675,0 20.00026423765996,-32.36463062089526,0 20.00027314767497,-32.36484213227163,0 20.00028005453451,-32.36525302929782,0 20.00030070634092,-32.36556147612051,0 20.00034697190202,-32.36576870867381,0 20.00042384911735,-32.3659328326141,0 20.0004671082639,-32.36618183664935,0 20.00047188737856,-32.36651187247531,0 20.000471206664,-32.36690513196794,0 20.00047085340963,-32.36720919675774,0 20.00050223977618,-32.36751800523172,0 20.00060632360417,-32.36775275527208,0 20.00069327531778,-32.36812788348721,0 20.00078407665445,-32.36852200783912,0 20.00111135208327,-32.36991968717438,0 20.0011560300417,-32.3701507326435,0 20.00122569973462,-32.37061769492047,0 20.00122012199255,-32.37099812972971,0 20.0013051258527,-32.37127214240559,0 20.00131495719376,-32.37129123567505,0 20.00138803633995,-32.37152978951939,0 20.00147086866206,-32.37182524367753,0 20.00159509066996,-32.37206058947125,0 20.00159479909985,-32.37206489674994,0 20.00170718885277,-32.37230897860078,0 20.00176664025497,-32.37254315514088,0 20.00188260133104,-32.37295296982295,0 20.00197422464489,-32.37326385386661,0 20.00212511369131,-32.37358053986851,0 20.00236480405181,-32.37388649948316,0 20.00262514435892,-32.37420804820444,0 20.00278977019233,-32.37452752976822,0 20.00279515282822,-32.3745371337977,0 20.00296300684403,-32.37466356222762,0 20.0041421086276,-32.3755116780358,0 20.00432335869064,-32.37558315406857,0 20.00455720960299,-32.37563385034996,0 20.00480625688695,-32.37564525517102,0 20.00497024200499,-32.37574058841901,0 20.00513200748469,-32.37586141140928,0 20.00513188216793,-32.37586605935461,0 20.00536827037198,-32.37600124296207,0 20.00536811531629,-32.37600585271191,0 20.00611398749589,-32.37674656895154,0 20.00646135443724,-32.37708893205764,0 20.00660084233955,-32.37736039202139,0 20.00672573055854,-32.37771069261194,0 20.00680728226353,-32.37792978760588,0 20.00684706414478,-32.37815954163656,0 20.00689658045199,-32.3786087455167,0 20.00689646843014,-32.37862415168868,0 20.00697806963171,-32.37900074995042,0 20.00705706887602,-32.37933986219777,0 20.00713244645959,-32.37971839693642,0 20.00715406397409,-32.37997700883462,0 20.00720908986214,-32.38049905520727,0 20.00730940560495,-32.38086983879872,0 20.00739303345652,-32.38144219845719,0 20.00739753874254,-32.3814647867553,0 20.00742411635213,-32.38201612156798,0 20.00742008419299,-32.38253756952474,0 20.00745842179376,-32.38288650589261,0 20.00749223411376,-32.38307569181367,0 20.00751578823524,-32.38326194687186,0</coordinates></LineString>
</Placemark>
<Placemark>
  <name>Untitled Path</name>
  
  <styleUrl>#style_MAIN_ROADS</styleUrl>
  <LineString><tessellate>1</tessellate><coordinates>19.70565001506775,-32.21824665684191,0 19.70643744636048,-32.21817700018087,0 19.70711767102027,-32.21806825523171,0 19.70749421887993,-32.21797143986139,0 19.70780530566294,-32.217824584111,0 19.70805180954627,-32.21762457951945,0 19.70830024821291,-32.21747026593564,0 19.70866132608581,-32.21726547593158,0 19.70886684294768,-32.21716014352863,0 19.70905406319061,-32.21715932957664,0 19.70965316402779,-32.2173735966874,0 19.70992159496099,-32.21739754286007,0 19.71031503068968,-32.21734100305908,0 19.71075374807696,-32.21727954099548,0 19.7110661016887,-32.21720731924665,0 19.71135340810627,-32.21709901126449,0 19.71196516598421,-32.21685361014158,0 19.71448955492693,-32.21616658393579,0 19.71482324338919,-32.21611857332926,0 19.71555697501637,-32.21594567785822,0 19.71603182787734,-32.21584676113265,0 19.71667072985478,-32.21570050008322,0 19.71704128517753,-32.21555249871637,0 19.71729764581015,-32.2154350428762,0 19.71757502252621,-32.21528140984298,0 19.71792352332355,-32.21513472830787,0 19.71835050994904,-32.21504680932996,0 19.71865704029123,-32.21489800243985,0 19.7190218315978,-32.21471522822895,0 19.71927709890925,-32.21460772555842,0 19.71959991411769,-32.21449799182281,0 19.7200408665216,-32.21435046174921,0 19.72004415590585,-32.21435025823529,0 19.72053365987782,-32.21426599707657,0 19.7210734741,-32.21413390565489,0 19.72169024713505,-32.21396279842147,0 19.72233306282263,-32.21380445003501,0 19.72313567515828,-32.2136253716957,0 19.72380768737843,-32.21346120918657,0 19.72412624485503,-32.21337457505643,0 19.72494597715865,-32.21316489381877,0 19.72562349018387,-32.2129630811049,0 19.72606837379582,-32.21274749157771,0 19.72656770211547,-32.21257831403602,0 19.72691815981713,-32.21250300385087,0 19.72742369086645,-32.21241090940742,0 19.72779723509676,-32.21236182061558,0 19.72829205646276,-32.21231424542764,0 19.72870162576565,-32.2123019220901,0 19.72922318820805,-32.21229293090883,0 19.72947231357828,-32.21226042393239,0 19.72977170768345,-32.21221907956096,0 19.73020491555484,-32.21210507560852,0 19.73057742694314,-32.21199874159207,0 19.73102126054099,-32.21190573790136,0 19.73156336858403,-32.21173787384886,0 19.73200829126381,-32.2116350659426,0 19.73239085846508,-32.21152785092088,0 19.73305459126469,-32.21122686054924,0 19.73346030853377,-32.21104061905916,0 19.73394458088095,-32.21089640888487,0 19.73540931769023,-32.21043523457971,0 19.73608222606733,-32.21022468205009,0 19.73632290095857,-32.21010038792766,0 19.73673098563048,-32.20989802720895,0 19.73758969145787,-32.20955162377397,0 19.7383834784529,-32.20918412658469,0 19.73875061911288,-32.20899124918437,0 19.7393045451154,-32.20876372378609,0 19.74074163278407,-32.20807700673984,0 19.74104974843155,-32.20791140829269,0 19.74218586450519,-32.20717933386402,0 19.74280339105208,-32.20677389002372,0 19.74355889648975,-32.20625736336295,0 19.74480703295068,-32.20545884046732,0 19.74602616127431,-32.20467126379239,0 19.74707767654731,-32.20407554223252,0 19.74781934488249,-32.20371688750146,0 19.74841589040755,-32.20346683849787,0 19.75051746378547,-32.20261566759431,0 19.75136138311073,-32.20228086011929,0 19.75181221386078,-32.20208973677817,0 19.7523993643871,-32.20186574695859,0 19.75342023296088,-32.20154514573839,0 19.75642192309551,-32.20069593896593,0 19.75729008308919,-32.20046807671557,0 19.75776261601661,-32.20029853481167,0 19.75803193752525,-32.20016328697439,0 19.75803896872681,-32.20016292817691,0 19.75828934421171,-32.20005853398202,0 19.75955973670807,-32.19969957651281,0 19.76033196188456,-32.1994472198834,0 19.76065244477055,-32.19931635551377,0 19.76106645002293,-32.19924564013459,0 19.76142339595799,-32.19921681112328,0 19.7617674221415,-32.19916577284459,0 19.76206869268977,-32.19911278606382,0 19.76262556368984,-32.19894767349793,0 19.76445304316495,-32.19843314230663,0 19.76547146242715,-32.19811527444568,0 19.76587711087498,-32.19798661355526,0 19.76637952261729,-32.19784941432093,0 19.76707599100497,-32.19765242266416,0 19.76757678270997,-32.19762319022235,0 19.76807900860357,-32.19760643698413,0 19.76894609510672,-32.19746233099306,0 19.76933494235439,-32.1974208509037,0 19.77132118024221,-32.19699233443971,0 19.77322823359055,-32.19651892591988,0 19.774023610258,-32.19632776728242,0 19.77465439671724,-32.19615654079386,0 19.77518913737362,-32.19605186877781,0 19.77574042892798,-32.19589578925423,0 19.77582898088709,-32.19585651456041,0 19.77594298844858,-32.19580516156768,0</coordinates></LineString>
</Placemark>
<Placemark>
  <name>Untitled Path</name>
  
  <styleUrl>#style_MAIN_ROADS</styleUrl>
  <LineString><tessellate>1</tessellate><coordinates>20.09940339678495,-32.24555257545063,0 20.0998921872714,-32.24531021989705,0 20.10052572733605,-32.24496742937529,0 20.10080789832475,-32.24471134865274,0 20.10118706985174,-32.24441160017531,0 20.10133471848756,-32.24424857542416,0 20.10135546529145,-32.24397752952763,0 20.10128011123426,-32.24376491708849,0 20.10131750183296,-32.24357259996297,0 20.10169927531756,-32.24340854567882,0 20.11474276627614,-32.23360562168561,0 20.11778659221982,-32.2311991996272,0 20.11781359655439,-32.23106219251835,0 20.12144860135912,-32.22261783571264,0 20.12595306903852,-32.2145190318439,0 20.12766577043528,-32.21027833089408,0 20.12749529021616,-32.2085492428204,0 20.12805565010573,-32.2080564156458,0 20.15612884333036,-32.17584829941972,0</coordinates></LineString>
</Placemark>
<Placemark>
  <name>Untitled Path</name>
  
  <styleUrl>#style_MAIN_ROADS</styleUrl>
  <LineString><tessellate>1</tessellate><coordinates>20.12769278135438,-32.20843624763929,0 20.12738402243729,-32.20837538927954,0 20.12710854130011,-32.20827059745908,0 20.12671693663967,-32.20806095221636,0 20.12634502675862,-32.20784722277791,0 20.12609430801947,-32.20768048222138,0 20.12587495147156,-32.20759940938743,0</coordinates></LineString>
</Placemark>
<Placemark>
  <name>Untitled Path</name>
  
  <styleUrl>#style_MAIN_ROADS</styleUrl>
  <LineString><tessellate>1</tessellate><coordinates>20.01602829221343,-32.34133654001568,0 20.01592310518228,-32.34127249566672,0 20.01581999838908,-32.34111191724198,0 20.01567725173612,-32.34088414808969,0 20.01559528568309,-32.34073534761316,0 20.01554229217163,-32.3405941441275,0 20.01545283734029,-32.34049047610043,0 20.01531161279899,-32.34043836766566,0 20.01511383308502,-32.34039354168592,0 20.01493602077789,-32.34030113180315,0 20.01474835736737,-32.34024080642057,0 20.01451927220597,-32.34015287907677,0 20.01438357928941,-32.34003692438424,0 20.01423882210691,-32.3398768611983,0 20.01409352788754,-32.33973856208571,0 20.01388346166246,-32.33957175161884,0 20.01367848675779,-32.33945652400762,0 20.01345173168605,-32.33937483270282,0 20.01316855949218,-32.33932272186418,0 20.01280639050982,-32.33926382245462,0 20.01258457731752,-32.33918537665069,0 20.01234944125246,-32.3390542187358,0 20.01211609011773,-32.33897967833376,0 20.01186000368569,-32.33889519736935,0 20.01175720876461,-32.3388664266236,0 20.01163707676191,-32.3388811155068,0 20.01132599204502,-32.33891225320022,0 20.01110600051037,-32.33887555682577,0 20.01086939979036,-32.33883822907665,0 20.01067290424524,-32.3387350914124,0 20.01046916557752,-32.33862642263596,0 20.01030457286039,-32.33855933223332,0 20.01010733897896,-32.33854541620346,0 20.00996284282909,-32.33853350191566,0 20.00977603862015,-32.33851285510041,0 20.00966203511567,-32.33851677286421,0 20.0095919242025,-32.33856082811479,0 20.00959257855288,-32.33857383430666,0 20.00955805721948,-32.33863763171325,0 20.00946959801289,-32.33874076073715,0 20.00933689857788,-32.33883508152304,0 20.00932984644828,-32.33884115887274,0 20.00923247424262,-32.33893495716395,0 20.00915890031903,-32.33898545330536,0 20.00897602552976,-32.33901200459892,0 20.00881958208024,-32.33903132785264,0 20.00869083427235,-32.33907577859559,0 20.00858638044364,-32.33907051826554,0 20.00845370738031,-32.339033252127,0 20.0083542655473,-32.33899964444099,0 20.00835052137449,-32.33899956815216,0 20.00821199311676,-32.33899674663857,0 20.00812679312017,-32.33900760542048,0 20.00797546299489,-32.33900727137078,0 20.0077856785373,-32.33898376880463,0 20.00750151532145,-32.33897707192273,0 20.00734725776004,-32.33898958347241,0 20.00726318338672,-32.33902901418697,0 20.00718778048266,-32.33912473577893,0 20.00708770356632,-32.33917846428076,0 20.00699267422565,-32.33919805847152,0 20.00687006278667,-32.33916459387656,0 20.00677658363683,-32.33906267134783,0 20.00672066105144,-32.3389405100322,0 20.00658623093586,-32.33879903513981,0 20.00647799186182,-32.33873590836785,0 20.00631930169283,-32.33871933514846,0 20.00608502528918,-32.33868518398591,0 20.00576129801009,-32.33861153797719,0 20.00469197743523,-32.3383964298033,0 20.0032766994289,-32.33809598069131,0 20.00237393250272,-32.33791211368531,0 20.00208735462547,-32.33784596050982,0 20.00124635912923,-32.33766690912967,0 20.00096177601132,-32.3375842530835,0 20.00078213000245,-32.33754559967478,0 20.00054841684872,-32.33752205189558,0 19.99978710014866,-32.33741288619185,0 19.99925696160402,-32.33730691889394,0 19.9990503321832,-32.33725164347649,0 19.99895000267948,-32.33728609282343,0 19.99890534642425,-32.33733589136492,0 19.99881816307579,-32.3373548341806,0 19.9987561827436,-32.33735693693519,0 19.99869071272143,-32.33729231985765,0 19.99867607255348,-32.33719955909295,0 19.99861266131236,-32.33712839179576,0 19.9985407304712,-32.33714143780237,0 19.99849562344016,-32.33718859756647,0 19.99846155266237,-32.33724682468724,0 19.99836827793385,-32.33729363387378,0 19.99825489331191,-32.33731846266402,0 19.99812388512282,-32.33730207761143,0 19.99811864282222,-32.33729963163977,0 19.99797937526442,-32.3372447961281,0 19.99754041662366,-32.33712395128143,0 19.99714178971644,-32.33699703729967,0 19.99699865249542,-32.33693358600588,0 19.99659083389779,-32.33671670977125,0 19.99645179661908,-32.33661771790847,0 19.99627660073172,-32.33648837082433,0 19.99587211661194,-32.33621327817132,0 19.99565988248349,-32.33605190157994,0 19.99528369742437,-32.33584111454018,0 19.99512034438761,-32.33572547710154,0 19.99473015191458,-32.33551036219321,0 19.99442680245063,-32.33535891556418,0 19.99418655000343,-32.33529387453238,0 19.99403665527538,-32.3353081055258,0 19.99383799120509,-32.33537221235231,0 19.99332322767959,-32.33554671973977,0 19.99258728071825,-32.33583312484034,0 19.99214061216091,-32.33604621896109,0 19.99195444260956,-32.3360958515383,0 19.99167299535282,-32.33611886274629,0 19.99127078054392,-32.33615021174889,0 19.99083263349511,-32.33614639734545,0 19.9901351010871,-32.33612761551068,0 19.98973448963017,-32.33614726100069,0 19.98933602621721,-32.33614542344149,0 19.98902574149719,-32.33612491877234,0 19.98854669144742,-32.33606375845,0 19.98800740355502,-32.33600513117457,0 19.98686120873766,-32.33587591607908,0 19.98639936970011,-32.33584353379424,0 19.98597733010658,-32.33577759629745,0 19.9855330574092,-32.33570536632359,0 19.98490672964677,-32.33560128396159,0 19.98445793459535,-32.33553298155545,0 19.98414124679904,-32.33549019913406,0 19.98363508711524,-32.33547714627588,0 19.98208224546549,-32.33550177163531,0 19.98120094467057,-32.33549767279907,0 19.98060209750885,-32.33549528542461,0 19.97999080100385,-32.33550929459341,0 19.97944519288848,-32.33554937449884,0 19.9790715101166,-32.33558072799018,0 19.9784608760364,-32.33559425533166,0 19.97800093943641,-32.33557058692507,0 19.97754880617542,-32.33554729618997,0 19.97690022178169,-32.33550198128463,0 19.97687960882341,-32.33549628347701,0 19.97628500132155,-32.3354546025665,0 19.97556720835303,-32.33538956740348,0 19.97511636960108,-32.3353457230948,0 19.97481881612532,-32.33531729850726,0 19.97440030785005,-32.33532340054264,0 19.97379751527959,-32.33532716221396,0 19.9734499698109,-32.33533347973112,0 19.97285677974826,-32.33531876098734,0 19.97252161691737,-32.33532032398017,0 19.97231930590492,-32.33532362942958,0 19.97214996340266,-32.33533767785763,0 19.97196351175672,-32.33537021984314,0 19.97176459236598,-32.3354158269572,0 19.97175645827114,-32.33541785973716,0 19.9712335773793,-32.3355378493056,0 19.97091920512649,-32.33560369410857,0 19.97062941071736,-32.33564970678425,0 19.97030581455859,-32.33570317665571,0 19.96995162903278,-32.33573554530629,0 19.96966762122901,-32.33572399450505,0 19.96937847437181,-32.33571031662595,0</coordinates></LineString>
</Placemark></Folder></Folder><Folder><name>Gates</name><Placemark>
  <name>Entrance Gate Tankwa Guest house</name>
  
  <styleUrl>#style_GATES</styleUrl>
  <Point><coordinates>19.82168130818426,-32.41152061759855,0</coordinates></Point>
</Placemark></Folder><Folder><name>Picnic Spots</name></Folder><Folder><name>Bird Hides</name></Folder><Folder><name>Water Holes</name><Placemark>
  <name>Spring</name>
  
  <styleUrl>#style_WATER_HOLES</styleUrl>
  <Point><coordinates>19.77579442089316,-32.19614067318283,0</coordinates></Point>
</Placemark>
<Placemark>
  <name>Mieries Spring</name>
  
  <styleUrl>#style_WATER_HOLES</styleUrl>
  <Point><coordinates>19.96932600157842,-32.33586668343418,0</coordinates></Point>
</Placemark>
<Placemark>
  <name>Abrahams Waterhole</name>
  
  <styleUrl>#style_WATER_HOLES</styleUrl>
  <Point><coordinates>20.02414709349973,-32.23201089324576,0</coordinates></Point>
</Placemark></Folder><Folder><name>Dams</name><Placemark>
  <name>Oudebaaskraal Dam</name>
  
  <styleUrl>#style_DAMS</styleUrl>
  <Point><coordinates>19.91749054831673,-32.40122536473261,0</coordinates></Point>
</Placemark>
<Placemark>
  <name>Maansedam Dam</name>
  
  <styleUrl>#style_DAMS</styleUrl>
  <Point><coordinates>20.02447485365782,-32.18551514955476,0</coordinates></Point>
</Placemark></Folder><Folder><name>Waypoints</name></Folder><Folder><name>POI</name><Placemark>
  <name>Tankwa Infomation Office</name>
  
  <styleUrl>#style_POI</styleUrl>
  <Point><coordinates>20.09567742732205,-32.24107759661473,0</coordinates></Point>
</Placemark>
<Placemark>
  <name>Old school</name>
  
  <styleUrl>#style_POI</styleUrl>
  <Point><coordinates>20.03183769007732,-32.33826568287725,0</coordinates></Point>
</Placemark>
<Placemark>
  <name>Water pump</name>
  
  <styleUrl>#style_POI</styleUrl>
  <Point><coordinates>20.03087368796104,-32.33900954123789,0</coordinates></Point>
</Placemark>
<Placemark>
  <name>Sheep Dipping</name>
  
  <styleUrl>#style_POI</styleUrl>
  <Point><coordinates>19.87761424089905,-32.26729625093442,0</coordinates></Point>
</Placemark></Folder><Folder><name>Camps</name><Placemark>
  <name>De Zyfer</name>
  
  <styleUrl>#style_CAMPS</styleUrl>
  <Point><coordinates>20.10882694106029,-32.24709890452591,0</coordinates></Point>
</Placemark>
<Placemark>
  <name>Elandberg Cottages</name>
  
  <styleUrl>#style_CAMPS</styleUrl>
  <Point><coordinates>19.97370334981952,-32.17513787915454,0</coordinates></Point>
</Placemark>
<Placemark>
  <name>Gannaga Lodge</name>
  
  <styleUrl>#style_CAMPS</styleUrl>
  <Point><coordinates>20.12206692753003,-32.10996348502604,0</coordinates></Point>
</Placemark>
<Placemark>
  <name>Jaghut</name>
  
  <styleUrl>#style_CAMPS</styleUrl>
  <Point><coordinates>19.88643187005844,-32.3919325888043,0</coordinates></Point>
</Placemark>
<Placemark>
  <name>Maansedam</name>
  
  <styleUrl>#style_CAMPS</styleUrl>
  <Point><coordinates>20.032649912025,-32.19384296511264,0</coordinates></Point>
</Placemark>
<Placemark>
  <name>Paulshoek</name>
  
  <styleUrl>#style_CAMPS</styleUrl>
  <Point><coordinates>20.10984137297242,-32.27558047603463,0</coordinates></Point>
</Placemark>
<Placemark>
  <name>Tankwa Guest House</name>
  
  <styleUrl>#style_CAMPS</styleUrl>
  <Point><coordinates>19.84556153318368,-32.39895472353192,0</coordinates></Point>
</Placemark>
<Placemark>
  <name>Varschfontein</name>
  
  <styleUrl>#style_CAMPS</styleUrl>
  <Point><coordinates>19.79481288043562,-32.18904083247267,0</coordinates></Point>
</Placemark><Folder><name>Campsites</name><Placemark>
  <name>Biesjesfontein</name>
  
  <styleUrl>#style_CAMPS</styleUrl>
  <Point><coordinates>19.83979,-32.25414,0</coordinates></Point>
</Placemark>
<Placemark>
  <name>Langkloof 1</name>
  
  <styleUrl>#style_CAMPS</styleUrl>
  <Point><coordinates>20.159294,-32.161635,0</coordinates></Point>
</Placemark>
<Placemark>
  <name>Langkloof 2</name>
  
  <styleUrl>#style_CAMPS</styleUrl>
  <Point><coordinates>20.155215,-32.177108,0</coordinates></Point>
</Placemark>
<Placemark>
  <name>Perdekloof</name>
  
  <styleUrl>#style_CAMPS</styleUrl>
  <Point><coordinates>20.162799,-32.247594,0</coordinates></Point>
</Placemark>
<Placemark>
  <name>Pyper se Boom</name>
  
  <styleUrl>#style_CAMPS</styleUrl>
  <Point><coordinates>20.1257,-32.2075,0</coordinates></Point>
</Placemark>
<Placemark>
  <name>Skaapwagterspos</name>
  
  <styleUrl>#style_CAMPS</styleUrl>
  <Point><coordinates>20.0054,-32.1989,0</coordinates></Point>
</Placemark>
<Placemark>
  <name>Steenkampshoek</name>
  
  <styleUrl>#style_CAMPS</styleUrl>
  <Point><coordinates>20.16280345377688,-32.28398119095786,0</coordinates></Point>
</Placemark>
<Placemark>
  <name>Volmoersfontein</name>
  
  <styleUrl>#style_CAMPS</styleUrl>
  <Point><coordinates>19.8772,-32.267,0</coordinates></Point>
</Placemark></Folder></Folder><Folder><name>Other Features (Viewpoints, Lookouts, Pans, Trails - not in the requested category list, kept so no surveyed data is lost)</name><Placemark>
  <name>Tankwa National Park</name>
  
  <styleUrl>#style_OTHER</styleUrl>
  <Point><coordinates>19.96178711338181,-32.31038388089526,0</coordinates></Point>
</Placemark>
<Placemark>
  <name>Boundary</name>
  
  <styleUrl>#style_OTHER</styleUrl>
  <LineString><tessellate>1</tessellate><coordinates>19.82166297529842,-32.41152731405039,0 19.8024065849221,-32.39339152907942,0 19.81773336158417,-32.3603048695637,0 19.78289069399506,-32.35525267455304,0 19.75494325253048,-32.34806054850739,0 19.79241413906902,-32.31551339097253,0 19.77936105882366,-32.31359347458536,0 19.71813581061162,-32.30579837678028,0 19.6586671580893,-32.29417297340002,0 19.66538308212488,-32.27910890695807,0 19.68859565080298,-32.24418736216612,0 19.7005863431968,-32.22581833762048,0 19.69585989768397,-32.22301953145604,0 19.6981125584454,-32.22046818274055,0 19.68319801339789,-32.19177655424866,0 19.71384184731699,-32.18786104902125,0 19.78253221927555,-32.17938145578855,0 19.7968245192391,-32.17779081868336,0 19.80486782455394,-32.17688239405953,0 19.80558548278271,-32.17680040044162,0 19.80634827750475,-32.17677743391911,0 19.80700409626073,-32.17679573679523,0 19.80720605712219,-32.17683384451314,0 19.80751562646441,-32.17687009431855,0 19.80768238574915,-32.17688584761027,0 19.81315250783668,-32.17755504231558,0 19.8138098333517,-32.17765536752053,0 19.81420358722994,-32.17768088720177,0 19.81617539449815,-32.17797311401571,0 19.81678505417631,-32.17800548395993,0 19.82125000931201,-32.17858903219667,0 19.82181264672031,-32.17866936866025,0 19.82283068373162,-32.17879492432602,0 19.82301231215268,-32.17880742408417,0 19.82335702017417,-32.17887293087429,0 19.82390313526604,-32.17894923870887,0 19.82414820378586,-32.17897476106239,0 19.82542147900648,-32.17914829389265,0 19.82603616210086,-32.17924147606279,0 19.82618323573431,-32.17923771529518,0 19.82678635759167,-32.17930693124408,0 19.82756972679935,-32.17937707761671,0 19.82806189955025,-32.17943266476344,0 19.82815743338365,-32.17945810654072,0 19.82824431227971,-32.17948073601183,0 19.82977207200324,-32.17968760985396,0 19.83030497496684,-32.17975057090339,0 19.83393423289953,-32.18021591525658,0 19.8364877529345,-32.18054033511723,0 19.83730552331577,-32.18063977614632,0 19.83839894536055,-32.18078059154347,0 19.86421380774435,-32.18409379376525,0 19.87334299510122,-32.18032751260157,0 19.97134179388124,-32.14135817121188,0 19.9860413886033,-32.13595046272592,0 20.00052949324412,-32.13055280609171,0 20.00296241229392,-32.12965312128672,0 20.00928755181279,-32.12729406451216,0 20.01455245491861,-32.12545204484296,0 20.01704249567806,-32.12455192247022,0 20.02113836649605,-32.12305551554993,0 20.02243438202528,-32.12279411779714,0 20.02311442708794,-32.12255254869071,0 20.02355684834599,-32.12231431959237,0 20.02402173088834,-32.1221256514656,0 20.02443138453088,-32.12190621097185,0 20.02453444738649,-32.12180989409335,0 20.02491827346811,-32.12163501258792,0 20.02559241783188,-32.12147227180205,0 20.03169319999398,-32.12230035191661,0 20.0323995258762,-32.12239770029333,0 20.03405079474366,-32.12297081447551,0 20.03525208819516,-32.12394237842946,0 20.03642093758472,-32.12413905713549,0 20.03663885190626,-32.12410104746419,0 20.03843156180687,-32.12369165907077,0 20.03936529767903,-32.12325486757482,0 20.04121297955159,-32.12353850614078,0 20.05825708266321,-32.1153559875541,0 20.09626266039379,-32.10552657795756,0 20.11646652976541,-32.1025609317437,0 20.12105563025341,-32.10099658113962,0 20.13361297832182,-32.09492480555227,0 20.15021566157793,-32.08725254056719,0 20.15322870569853,-32.08516915904499,0 20.15360446922682,-32.08357467362353,0 20.15449020286324,-32.08316812746853,0 20.15580819622651,-32.0832358466102,0 20.15683829115342,-32.08353576187399,0 20.15757844865156,-32.08386203719225,0 20.16240866114703,-32.08166388291983,0 20.17289316113875,-32.09003998182325,0 20.17833776097606,-32.08988279847817,0 20.18567942152333,-32.09640712487322,0 20.18813760988439,-32.08809369129477,0 20.20940712172121,-32.08814313788389,0 20.21781116998859,-32.08814254185879,0 20.22060272182036,-32.08813338238262,0 20.22145467396901,-32.08820032522193,0 20.22278099363045,-32.08833131996465,0 20.22354544956241,-32.08836821168386,0 20.22864429858321,-32.08886027630004,0 20.2311627544468,-32.08905313219914,0 20.23488217316876,-32.08937384022875,0 20.24627289536111,-32.09030245788781,0 20.24590682097615,-32.09459137511546,0 20.25073258809104,-32.11287268424682,0 20.22848696990922,-32.1164860651196,0 20.22709036142388,-32.11660851883027,0 20.2237841959869,-32.11699948240091,0 20.21301748306292,-32.12314834635411,0 20.20455022330309,-32.12624410662605,0 20.1942957271876,-32.12809565307586,0 20.19416016431395,-32.12843272490533,0 20.19407062201542,-32.12872408472871,0 20.19398414405694,-32.12973859443587,0 20.1898786697387,-32.13054987404579,0 20.18808406404898,-32.13194034394024,0 20.18776738528527,-32.13236700463983,0 20.18305612834516,-32.13447271093897,0 20.17808395159359,-32.13505653907453,0 20.1771686104402,-32.13513603153213,0 20.17862854008785,-32.14836242967775,0 20.20951567971715,-32.15131844985443,0 20.21852575170851,-32.14442637244866,0 20.21945777800053,-32.15561456018022,0 20.24197577159683,-32.15405735835852,0 20.26608463170138,-32.17651215261849,0 20.3040514718504,-32.17753990892538,0 20.2736399356584,-32.21638898422673,0 20.31146188127174,-32.22803048399177,0 20.30225993209106,-32.236731233173,0 20.29858053153097,-32.23717425908773,0 20.29316486005877,-32.23585395672179,0 20.28387943418732,-32.23131710621207,0 20.28122231006031,-32.23267933545703,0 20.27738142417917,-32.23459713823504,0 20.27080542136912,-32.23791955126342,0 20.27700898618478,-32.2412211665273,0 20.27118020977255,-32.25174809318194,0 20.27121638049777,-32.2586123653835,0 20.26292497226529,-32.25630013363809,0 20.26270438689558,-32.25564033760955,0 20.25981215834011,-32.25541500246316,0 20.24559167194419,-32.25076227454695,0 20.25360003391455,-32.31065816527683,0 20.25347638791644,-32.34767102801994,0 20.22070574848381,-32.35316679023379,0 20.20226322955682,-32.36402114404766,0 20.17123300584477,-32.38036389321997,0 20.16380434346533,-32.35099721356937,0 20.14659275884657,-32.35089219352739,0 20.10501299513205,-32.3697459287316,0 20.08019104715643,-32.39749543029962,0 20.03310730890567,-32.39504755947146,0 20.03112898617987,-32.41941601772674,0 20.02631602754623,-32.43546602242471,0 20.01942098646384,-32.45856494557379,0 20.01376335561475,-32.47746463121029,0 19.97885571647232,-32.47767276544756,0 19.94858126448831,-32.47766471931568,0 19.89842122273963,-32.47750114052368,0 19.86749513251183,-32.45463546735701,0 19.82166297529842,-32.41152731405039,0</coordinates></LineString>
</Placemark></Folder>
</Document>
</kml>